ligand,receptor,n_sources,sources
ADCYAP1,ADCYAP1R1,8,COMMOT_CellChat; CellTalkDB; LARIS_neurotransmitter; LIANA_consensus; SPIDER_internal; SpaCcLink; connectomeDB2020_lit; stCASE
ADIPOQ,ADIPOR1,8,COMMOT_CellChat; CellTalkDB; LARIS_neurotransmitter; LIANA_consensus; SPIDER_internal; SpaCcLink; connectomeDB2020_lit; stCASE
ADIPOQ,ADIPOR2,8,COMMOT_CellChat; CellTalkDB; LARIS_neurotransmitter; LIANA_consensus; SPIDER_internal; SpaCcLink; connectomeDB2020_lit; stCASE
ADM,CALCR,8,COMMOT_CellChat; CellTalkDB; LARIS_neurotransmitter; LIANA_consensus; SPIDER_internal; SpaCcLink; connectomeDB2020_lit; stCASE
ADM,CALCRL,8,COMMOT_CellChat; CellTalkDB; LARIS_neurotransmitter; LIANA_consensus; SPIDER_internal; SpaCcLink; connectomeDB2020_lit; stCASE
AGT,AGTR1,8,COMMOT_CellChat; CellTalkDB; LARIS_neurotransmitter; LIANA_consensus; SPIDER_internal; SpaCcLink; connectomeDB2020_lit; stCASE
AMH,AMHR2,8,COMMOT_CellChat; CellTalkDB; LARIS_neurotransmitter; LIANA_consensus; SPIDER_internal; SpaCcLink; connectomeDB2020_lit; stCASE
ANGPT1,TEK,8,COMMOT_CellChat; CellTalkDB; LARIS_neurotransmitter; LIANA_consensus; SPIDER_internal; SpaCcLink; connectomeDB2020_lit; stCASE
ANGPT2,TEK,8,COMMOT_CellChat; CellTalkDB; LARIS_neurotransmitter; LIANA_consensus; SPIDER_internal; SpaCcLink; connectomeDB2020_lit; stCASE
ANGPTL3,ITGB3,8,COMMOT_CellChat; CellTalkDB; LARIS_neurotransmitter; LIANA_consensus; SPIDER_internal; SpaCcLink; connectomeDB2020_lit; stCASE
ANXA1,FPR1,8,COMMOT_CellChat; CellTalkDB; LARIS_neurotransmitter; LIANA_consensus; SPIDER_internal; SpaCcLink; connectomeDB2020_lit; stCASE
ANXA1,FPR3,8,COMMOT_CellChat; CellTalkDB; LARIS_neurotransmitter; LIANA_consensus; SPIDER_internal; SpaCcLink; connectomeDB2020_lit; stCASE
APELA,APLNR,8,COMMOT_CellChat; CellTalkDB; LARIS_neurotransmitter; LIANA_consensus; SPIDER_internal; SpaCcLink; connectomeDB2020_lit; stCASE
APLN,APLNR,8,COMMOT_CellChat; CellTalkDB; LARIS_neurotransmitter; LIANA_consensus; SPIDER_internal; SpaCcLink; connectomeDB2020_lit; stCASE
APP,CD74,8,COMMOT_CellChat; CellTalkDB; LARIS_neurotransmitter; LIANA_consensus; SPIDER_internal; SpaCcLink; connectomeDB2020_lit; stCASE
AREG,EGFR,8,COMMOT_CellChat; CellTalkDB; LARIS_neurotransmitter; LIANA_consensus; SPIDER_internal; SpaCcLink; connectomeDB2020_lit; stCASE
ARTN,RET,8,COMMOT_CellChat; CellTalkDB; LARIS_neurotransmitter; LIANA_consensus; SPIDER_internal; SpaCcLink; connectomeDB2020_lit; stCASE
AVP,AVPR1A,8,COMMOT_CellChat; CellTalkDB; LARIS_neurotransmitter; LIANA_consensus; SPIDER_internal; SpaCcLink; connectomeDB2020_lit; stCASE
AVP,AVPR1B,8,COMMOT_CellChat; CellTalkDB; LARIS_neurotransmitter; LIANA_consensus; SPIDER_internal; SpaCcLink; connectomeDB2020_lit; stCASE
AVP,AVPR2,8,COMMOT_CellChat; CellTalkDB; LARIS_neurotransmitter; LIANA_consensus; SPIDER_internal; SpaCcLink; connectomeDB2020_lit; stCASE
BDNF,NTRK2,8,COMMOT_CellChat; CellTalkDB; LARIS_neurotransmitter; LIANA_consensus; SPIDER_internal; SpaCcLink; connectomeDB2020_lit; stCASE
BMP10,ACVR2A,8,COMMOT_CellChat; CellTalkDB; LARIS_neurotransmitter; LIANA_consensus; SPIDER_internal; SpaCcLink; connectomeDB2020_lit; stCASE
BMP10,BMPR2,8,COMMOT_CellChat; CellTalkDB; LARIS_neurotransmitter; LIANA_consensus; SPIDER_internal; SpaCcLink; connectomeDB2020_lit; stCASE
BMP15,BMPR2,8,COMMOT_CellChat; CellTalkDB; LARIS_neurotransmitter; LIANA_consensus; SPIDER_internal; SpaCcLink; connectomeDB2020_lit; stCASE
BMP2,ACVR2A,8,COMMOT_CellChat; CellTalkDB; LARIS_neurotransmitter; LIANA_consensus; SPIDER_internal; SpaCcLink; connectomeDB2020_lit; stCASE
BMP2,ACVR2B,8,COMMOT_CellChat; CellTalkDB; LARIS_neurotransmitter; LIANA_consensus; SPIDER_internal; SpaCcLink; connectomeDB2020_lit; stCASE
BMP2,BMPR2,8,COMMOT_CellChat; CellTalkDB; LARIS_neurotransmitter; LIANA_consensus; SPIDER_internal; SpaCcLink; connectomeDB2020_lit; stCASE
BMP4,BMPR2,8,COMMOT_CellChat; CellTalkDB; LARIS_neurotransmitter; LIANA_consensus; SPIDER_internal; SpaCcLink; connectomeDB2020_lit; stCASE
BMP6,ACVR2A,8,COMMOT_CellChat; CellTalkDB; LARIS_neurotransmitter; LIANA_consensus; SPIDER_internal; SpaCcLink; connectomeDB2020_lit; stCASE
BMP6,BMPR2,8,COMMOT_CellChat; CellTalkDB; LARIS_neurotransmitter; LIANA_consensus; SPIDER_internal; SpaCcLink; connectomeDB2020_lit; stCASE
BMP7,ACVR2A,8,COMMOT_CellChat; CellTalkDB; LARIS_neurotransmitter; LIANA_consensus; SPIDER_internal; SpaCcLink; connectomeDB2020_lit; stCASE
BMP7,ACVR2B,8,COMMOT_CellChat; CellTalkDB; LARIS_neurotransmitter; LIANA_consensus; SPIDER_internal; SpaCcLink; connectomeDB2020_lit; stCASE
BMP7,BMPR2,8,COMMOT_CellChat; CellTalkDB; LARIS_neurotransmitter; LIANA_consensus; SPIDER_internal; SpaCcLink; connectomeDB2020_lit; stCASE
BMP8A,BMPR2,8,COMMOT_CellChat; CellTalkDB; LARIS_neurotransmitter; LIANA_consensus; SPIDER_internal; SpaCcLink; connectomeDB2020_lit; stCASE
BTC,EGFR,8,COMMOT_CellChat; CellTalkDB; LARIS_neurotransmitter; LIANA_consensus; SPIDER_internal; SpaCcLink; connectomeDB2020_lit; stCASE
BTC,ERBB2,8,COMMOT_CellChat; CellTalkDB; LARIS_neurotransmitter; LIANA_consensus; SPIDER_internal; SpaCcLink; connectomeDB2020_lit; stCASE
BTC,ERBB4,8,COMMOT_CellChat; CellTalkDB; LARIS_neurotransmitter; LIANA_consensus; SPIDER_internal; SpaCcLink; connectomeDB2020_lit; stCASE
BTLA,TNFRSF14,8,COMMOT_CellChat; CellTalkDB; LARIS_neurotransmitter; LIANA_consensus; SPIDER_internal; SpaCcLink; connectomeDB2020_lit; stCASE
C3,C3AR1,8,COMMOT_CellChat; CellTalkDB; LARIS_neurotransmitter; LIANA_consensus; SPIDER_internal; SpaCcLink; connectomeDB2020_lit; stCASE
C3,CR2,8,COMMOT_CellChat; CellTalkDB; LARIS_neurotransmitter; LIANA_consensus; SPIDER_internal; SpaCcLink; connectomeDB2020_lit; stCASE
C4A,C3AR1,8,COMMOT_CellChat; CellTalkDB; LARIS_neurotransmitter; LIANA_consensus; SPIDER_internal; SpaCcLink; connectomeDB2020_lit; stCASE
C5,C5AR1,8,COMMOT_CellChat; CellTalkDB; LARIS_neurotransmitter; LIANA_consensus; SPIDER_internal; SpaCcLink; connectomeDB2020_lit; stCASE
CALCA,CALCR,8,COMMOT_CellChat; CellTalkDB; LARIS_neurotransmitter; LIANA_consensus; SPIDER_internal; SpaCcLink; connectomeDB2020_lit; stCASE
CALCA,CALCRL,8,COMMOT_CellChat; CellTalkDB; LARIS_neurotransmitter; LIANA_consensus; SPIDER_internal; SpaCcLink; connectomeDB2020_lit; stCASE
CALCB,CALCR,8,COMMOT_CellChat; CellTalkDB; LARIS_neurotransmitter; LIANA_consensus; SPIDER_internal; SpaCcLink; connectomeDB2020_lit; stCASE
CALCB,CALCRL,8,COMMOT_CellChat; CellTalkDB; LARIS_neurotransmitter; LIANA_consensus; SPIDER_internal; SpaCcLink; connectomeDB2020_lit; stCASE
CCK,CCKAR,8,COMMOT_CellChat; CellTalkDB; LARIS_neurotransmitter; LIANA_consensus; SPIDER_internal; SpaCcLink; connectomeDB2020_lit; stCASE
CCK,CCKBR,8,COMMOT_CellChat; CellTalkDB; LARIS_neurotransmitter; LIANA_consensus; SPIDER_internal; SpaCcLink; connectomeDB2020_lit; stCASE
CCL1,CCR8,8,COMMOT_CellChat; CellTalkDB; LARIS_neurotransmitter; LIANA_consensus; SPIDER_internal; SpaCcLink; connectomeDB2020_lit; stCASE
CCL11,ACKR2,8,COMMOT_CellChat; CellTalkDB; LARIS_neurotransmitter; LIANA_consensus; SPIDER_internal; SpaCcLink; connectomeDB2020_lit; stCASE
CCL11,CCR3,8,COMMOT_CellChat; CellTalkDB; LARIS_neurotransmitter; LIANA_consensus; SPIDER_internal; SpaCcLink; connectomeDB2020_lit; stCASE
CCL13,ACKR2,8,COMMOT_CellChat; CellTalkDB; LARIS_neurotransmitter; LIANA_consensus; SPIDER_internal; SpaCcLink; connectomeDB2020_lit; stCASE
CCL14,ACKR2,8,COMMOT_CellChat; CellTalkDB; LARIS_neurotransmitter; LIANA_consensus; SPIDER_internal; SpaCcLink; connectomeDB2020_lit; stCASE
CCL14,CCR1,8,COMMOT_CellChat; CellTalkDB; LARIS_neurotransmitter; LIANA_consensus; SPIDER_internal; SpaCcLink; connectomeDB2020_lit; stCASE
CCL15,CCR1,8,COMMOT_CellChat; CellTalkDB; LARIS_neurotransmitter; LIANA_consensus; SPIDER_internal; SpaCcLink; connectomeDB2020_lit; stCASE
CCL16,CCR1,8,COMMOT_CellChat; CellTalkDB; LARIS_neurotransmitter; LIANA_consensus; SPIDER_internal; SpaCcLink; connectomeDB2020_lit; stCASE
CCL17,ACKR1,8,COMMOT_CellChat; CellTalkDB; LARIS_neurotransmitter; LIANA_consensus; SPIDER_internal; SpaCcLink; connectomeDB2020_lit; stCASE
CCL17,ACKR2,8,COMMOT_CellChat; CellTalkDB; LARIS_neurotransmitter; LIANA_consensus; SPIDER_internal; SpaCcLink; connectomeDB2020_lit; stCASE
CCL17,CCR4,8,COMMOT_CellChat; CellTalkDB; LARIS_neurotransmitter; LIANA_consensus; SPIDER_internal; SpaCcLink; connectomeDB2020_lit; stCASE
CCL19,CCR7,8,COMMOT_CellChat; CellTalkDB; LARIS_neurotransmitter; LIANA_consensus; SPIDER_internal; SpaCcLink; connectomeDB2020_lit; stCASE
CCL2,ACKR1,8,COMMOT_CellChat; CellTalkDB; LARIS_neurotransmitter; LIANA_consensus; SPIDER_internal; SpaCcLink; connectomeDB2020_lit; stCASE
CCL2,ACKR2,8,COMMOT_CellChat; CellTalkDB; LARIS_neurotransmitter; LIANA_consensus; SPIDER_internal; SpaCcLink; connectomeDB2020_lit; stCASE
CCL2,CCR2,8,COMMOT_CellChat; CellTalkDB; LARIS_neurotransmitter; LIANA_consensus; SPIDER_internal; SpaCcLink; connectomeDB2020_lit; stCASE
CCL20,CCR6,8,COMMOT_CellChat; CellTalkDB; LARIS_neurotransmitter; LIANA_consensus; SPIDER_internal; SpaCcLink; connectomeDB2020_lit; stCASE
CCL21,CCR7,8,COMMOT_CellChat; CellTalkDB; LARIS_neurotransmitter; LIANA_consensus; SPIDER_internal; SpaCcLink; connectomeDB2020_lit; stCASE
CCL22,ACKR2,8,COMMOT_CellChat; CellTalkDB; LARIS_neurotransmitter; LIANA_consensus; SPIDER_internal; SpaCcLink; connectomeDB2020_lit; stCASE
CCL22,CCR4,8,COMMOT_CellChat; CellTalkDB; LARIS_neurotransmitter; LIANA_consensus; SPIDER_internal; SpaCcLink; connectomeDB2020_lit; stCASE
CCL23,CCR1,8,COMMOT_CellChat; CellTalkDB; LARIS_neurotransmitter; LIANA_consensus; SPIDER_internal; SpaCcLink; connectomeDB2020_lit; stCASE
CCL24,CCR3,8,COMMOT_CellChat; CellTalkDB; LARIS_neurotransmitter; LIANA_consensus; SPIDER_internal; SpaCcLink; connectomeDB2020_lit; stCASE
CCL25,CCR9,8,COMMOT_CellChat; CellTalkDB; LARIS_neurotransmitter; LIANA_consensus; SPIDER_internal; SpaCcLink; connectomeDB2020_lit; stCASE
CCL26,CCR3,8,COMMOT_CellChat; CellTalkDB; LARIS_neurotransmitter; LIANA_consensus; SPIDER_internal; SpaCcLink; connectomeDB2020_lit; stCASE
CCL27,CCR10,8,COMMOT_CellChat; CellTalkDB; LARIS_neurotransmitter; LIANA_consensus; SPIDER_internal; SpaCcLink; connectomeDB2020_lit; stCASE
CCL28,CCR10,8,COMMOT_CellChat; CellTalkDB; LARIS_neurotransmitter; LIANA_consensus; SPIDER_internal; SpaCcLink; connectomeDB2020_lit; stCASE
CCL28,CCR3,8,COMMOT_CellChat; CellTalkDB; LARIS_neurotransmitter; LIANA_consensus; SPIDER_internal; SpaCcLink; connectomeDB2020_lit; stCASE
CCL3,ACKR2,8,COMMOT_CellChat; CellTalkDB; LARIS_neurotransmitter; LIANA_consensus; SPIDER_internal; SpaCcLink; connectomeDB2020_lit; stCASE
CCL3,CCR1,8,COMMOT_CellChat; CellTalkDB; LARIS_neurotransmitter; LIANA_consensus; SPIDER_internal; SpaCcLink; connectomeDB2020_lit; stCASE
CCL3,CCR5,8,COMMOT_CellChat; CellTalkDB; LARIS_neurotransmitter; LIANA_consensus; SPIDER_internal; SpaCcLink; connectomeDB2020_lit; stCASE
CCL4,ACKR2,8,COMMOT_CellChat; CellTalkDB; LARIS_neurotransmitter; LIANA_consensus; SPIDER_internal; SpaCcLink; connectomeDB2020_lit; stCASE
CCL4,CCR5,8,COMMOT_CellChat; CellTalkDB; LARIS_neurotransmitter; LIANA_consensus; SPIDER_internal; SpaCcLink; connectomeDB2020_lit; stCASE
CCL5,ACKR1,8,COMMOT_CellChat; CellTalkDB; LARIS_neurotransmitter; LIANA_consensus; SPIDER_internal; SpaCcLink; connectomeDB2020_lit; stCASE
CCL5,ACKR2,8,COMMOT_CellChat; CellTalkDB; LARIS_neurotransmitter; LIANA_consensus; SPIDER_internal; SpaCcLink; connectomeDB2020_lit; stCASE
CCL5,CCR1,8,COMMOT_CellChat; CellTalkDB; LARIS_neurotransmitter; LIANA_consensus; SPIDER_internal; SpaCcLink; connectomeDB2020_lit; stCASE
CCL5,CCR3,8,COMMOT_CellChat; CellTalkDB; LARIS_neurotransmitter; LIANA_consensus; SPIDER_internal; SpaCcLink; connectomeDB2020_lit; stCASE
CCL5,CCR4,8,COMMOT_CellChat; CellTalkDB; LARIS_neurotransmitter; LIANA_consensus; SPIDER_internal; SpaCcLink; connectomeDB2020_lit; stCASE
CCL5,CCR5,8,COMMOT_CellChat; CellTalkDB; LARIS_neurotransmitter; LIANA_consensus; SPIDER_internal; SpaCcLink; connectomeDB2020_lit; stCASE
CCL7,ACKR1,8,COMMOT_CellChat; CellTalkDB; LARIS_neurotransmitter; LIANA_consensus; SPIDER_internal; SpaCcLink; connectomeDB2020_lit; stCASE
CCL7,ACKR2,8,COMMOT_CellChat; CellTalkDB; LARIS_neurotransmitter; LIANA_consensus; SPIDER_internal; SpaCcLink; connectomeDB2020_lit; stCASE
CCL7,CCR1,8,COMMOT_CellChat; CellTalkDB; LARIS_neurotransmitter; LIANA_consensus; SPIDER_internal; SpaCcLink; connectomeDB2020_lit; stCASE
CCL7,CCR2,8,COMMOT_CellChat; CellTalkDB; LARIS_neurotransmitter; LIANA_consensus; SPIDER_internal; SpaCcLink; connectomeDB2020_lit; stCASE
CCL7,CCR3,8,COMMOT_CellChat; CellTalkDB; LARIS_neurotransmitter; LIANA_consensus; SPIDER_internal; SpaCcLink; connectomeDB2020_lit; stCASE
CCL8,ACKR1,8,COMMOT_CellChat; CellTalkDB; LARIS_neurotransmitter; LIANA_consensus; SPIDER_internal; SpaCcLink; connectomeDB2020_lit; stCASE
CCL8,ACKR2,8,COMMOT_CellChat; CellTalkDB; LARIS_neurotransmitter; LIANA_consensus; SPIDER_internal; SpaCcLink; connectomeDB2020_lit; stCASE
CCL8,CCR1,8,COMMOT_CellChat; CellTalkDB; LARIS_neurotransmitter; LIANA_consensus; SPIDER_internal; SpaCcLink; connectomeDB2020_lit; stCASE
CCL8,CCR2,8,COMMOT_CellChat; CellTalkDB; LARIS_neurotransmitter; LIANA_consensus; SPIDER_internal; SpaCcLink; connectomeDB2020_lit; stCASE
CD274,PDCD1,8,COMMOT_CellChat; CellTalkDB; LARIS_neurotransmitter; LIANA_consensus; SPIDER_internal; SpaCcLink; connectomeDB2020_lit; stCASE
CD40LG,CD40,8,COMMOT_CellChat; CellTalkDB; LARIS_neurotransmitter; LIANA_consensus; SPIDER_internal; SpaCcLink; connectomeDB2020_lit; stCASE
CD86,CD28,8,COMMOT_CellChat; CellTalkDB; LARIS_neurotransmitter; LIANA_consensus; SPIDER_internal; SpaCcLink; connectomeDB2020_lit; stCASE
CD86,CTLA4,8,COMMOT_CellChat; CellTalkDB; LARIS_neurotransmitter; LIANA_consensus; SPIDER_internal; SpaCcLink; connectomeDB2020_lit; stCASE
CD99,PILRA,8,COMMOT_CellChat; CellTalkDB; LARIS_neurotransmitter; LIANA_consensus; SPIDER_internal; SpaCcLink; connectomeDB2020_lit; stCASE
CDH1,ITGB7,8,COMMOT_CellChat; CellTalkDB; LARIS_neurotransmitter; LIANA_consensus; SPIDER_internal; SpaCcLink; connectomeDB2020_lit; stCASE
CDH1,KLRG1,8,COMMOT_CellChat; CellTalkDB; LARIS_neurotransmitter; LIANA_consensus; SPIDER_internal; SpaCcLink; connectomeDB2020_lit; stCASE
CGA,LHCGR,8,COMMOT_CellChat; CellTalkDB; LARIS_neurotransmitter; LIANA_consensus; SPIDER_internal; SpaCcLink; connectomeDB2020_lit; stCASE
CHAD,ITGB1,8,COMMOT_CellChat; CellTalkDB; LARIS_neurotransmitter; LIANA_consensus; SPIDER_internal; SpaCcLink; connectomeDB2020_lit; stCASE
CLCF1,LIFR,8,COMMOT_CellChat; CellTalkDB; LARIS_neurotransmitter; LIANA_consensus; SPIDER_internal; SpaCcLink; connectomeDB2020_lit; stCASE
CNTF,LIFR,8,COMMOT_CellChat; CellTalkDB; LARIS_neurotransmitter; LIANA_consensus; SPIDER_internal; SpaCcLink; connectomeDB2020_lit; stCASE
COL1A1,CD44,8,COMMOT_CellChat; CellTalkDB; LARIS_neurotransmitter; LIANA_consensus; SPIDER_internal; SpaCcLink; connectomeDB2020_lit; stCASE
COL1A1,ITGB1,8,COMMOT_CellChat; CellTalkDB; LARIS_neurotransmitter; LIANA_consensus; SPIDER_internal; SpaCcLink; connectomeDB2020_lit; stCASE
COL1A2,CD44,8,COMMOT_CellChat; CellTalkDB; LARIS_neurotransmitter; LIANA_consensus; SPIDER_internal; SpaCcLink; connectomeDB2020_lit; stCASE
COL1A2,ITGB1,8,COMMOT_CellChat; CellTalkDB; LARIS_neurotransmitter; LIANA_consensus; SPIDER_internal; SpaCcLink; connectomeDB2020_lit; stCASE
COL2A1,ITGB1,8,COMMOT_CellChat; CellTalkDB; LARIS_neurotransmitter; LIANA_consensus; SPIDER_internal; SpaCcLink; connectomeDB2020_lit; stCASE
COL4A1,ITGAV,8,COMMOT_CellChat; CellTalkDB; LARIS_neurotransmitter; LIANA_consensus; SPIDER_internal; SpaCcLink; connectomeDB2020_lit; stCASE
COL4A1,ITGB1,8,COMMOT_CellChat; CellTalkDB; LARIS_neurotransmitter; LIANA_consensus; SPIDER_internal; SpaCcLink; connectomeDB2020_lit; stCASE
COL4A1,ITGB8,8,COMMOT_CellChat; CellTalkDB; LARIS_neurotransmitter; LIANA_consensus; SPIDER_internal; SpaCcLink; connectomeDB2020_lit; stCASE
COMP,ITGB3,8,COMMOT_CellChat; CellTalkDB; LARIS_neurotransmitter; LIANA_consensus; SPIDER_internal; SpaCcLink; connectomeDB2020_lit; stCASE
CORT,SSTR1,8,COMMOT_CellChat; CellTalkDB; LARIS_neurotransmitter; LIANA_consensus; SPIDER_internal; SpaCcLink; connectomeDB2020_lit; stCASE
CORT,SSTR2,8,COMMOT_CellChat; CellTalkDB; LARIS_neurotransmitter; LIANA_consensus; SPIDER_internal; SpaCcLink; connectomeDB2020_lit; stCASE
CORT,SSTR3,8,COMMOT_CellChat; CellTalkDB; LARIS_neurotransmitter; LIANA_consensus; SPIDER_internal; SpaCcLink; connectomeDB2020_lit; stCASE
CORT,SSTR4,8,COMMOT_CellChat; CellTalkDB; LARIS_neurotransmitter; LIANA_consensus; SPIDER_internal; SpaCcLink; connectomeDB2020_lit; stCASE
CORT,SSTR5,8,COMMOT_CellChat; CellTalkDB; LARIS_neurotransmitter; LIANA_consensus; SPIDER_internal; SpaCcLink; connectomeDB2020_lit; stCASE
CRH,CRHR1,8,COMMOT_CellChat; CellTalkDB; LARIS_neurotransmitter; LIANA_consensus; SPIDER_internal; SpaCcLink; connectomeDB2020_lit; stCASE
CRH,CRHR2,8,COMMOT_CellChat; CellTalkDB; LARIS_neurotransmitter; LIANA_consensus; SPIDER_internal; SpaCcLink; connectomeDB2020_lit; stCASE
CSF1,CSF1R,8,COMMOT_CellChat; CellTalkDB; LARIS_neurotransmitter; LIANA_consensus; SPIDER_internal; SpaCcLink; connectomeDB2020_lit; stCASE
CSF2,CSF2RB,8,COMMOT_CellChat; CellTalkDB; LARIS_neurotransmitter; LIANA_consensus; SPIDER_internal; SpaCcLink; connectomeDB2020_lit; stCASE
CSF3,CSF3R,8,COMMOT_CellChat; CellTalkDB; LARIS_neurotransmitter; LIANA_consensus; SPIDER_internal; SpaCcLink; connectomeDB2020_lit; stCASE
CTF1,LIFR,8,COMMOT_CellChat; CellTalkDB; LARIS_neurotransmitter; LIANA_consensus; SPIDER_internal; SpaCcLink; connectomeDB2020_lit; stCASE
CX3CL1,CX3CR1,8,COMMOT_CellChat; CellTalkDB; LARIS_neurotransmitter; LIANA_consensus; SPIDER_internal; SpaCcLink; connectomeDB2020_lit; stCASE
CXCL1,ACKR1,8,COMMOT_CellChat; CellTalkDB; LARIS_neurotransmitter; LIANA_consensus; SPIDER_internal; SpaCcLink; connectomeDB2020_lit; stCASE
CXCL1,CXCR1,8,COMMOT_CellChat; CellTalkDB; LARIS_neurotransmitter; LIANA_consensus; SPIDER_internal; SpaCcLink; connectomeDB2020_lit; stCASE
CXCL1,CXCR2,8,COMMOT_CellChat; CellTalkDB; LARIS_neurotransmitter; LIANA_consensus; SPIDER_internal; SpaCcLink; connectomeDB2020_lit; stCASE
CXCL10,CXCR3,8,COMMOT_CellChat; CellTalkDB; LARIS_neurotransmitter; LIANA_consensus; SPIDER_internal; SpaCcLink; connectomeDB2020_lit; stCASE
CXCL11,ACKR3,8,COMMOT_CellChat; CellTalkDB; LARIS_neurotransmitter; LIANA_consensus; SPIDER_internal; SpaCcLink; connectomeDB2020_lit; stCASE
CXCL11,CXCR3,8,COMMOT_CellChat; CellTalkDB; LARIS_neurotransmitter; LIANA_consensus; SPIDER_internal; SpaCcLink; connectomeDB2020_lit; stCASE
CXCL12,ACKR3,8,COMMOT_CellChat; CellTalkDB; LARIS_neurotransmitter; LIANA_consensus; SPIDER_internal; SpaCcLink; connectomeDB2020_lit; stCASE
CXCL12,CXCR4,8,COMMOT_CellChat; CellTalkDB; LARIS_neurotransmitter; LIANA_consensus; SPIDER_internal; SpaCcLink; connectomeDB2020_lit; stCASE
CXCL13,CXCR3,8,COMMOT_CellChat; CellTalkDB; LARIS_neurotransmitter; LIANA_consensus; SPIDER_internal; SpaCcLink; connectomeDB2020_lit; stCASE
CXCL13,CXCR5,8,COMMOT_CellChat; CellTalkDB; LARIS_neurotransmitter; LIANA_consensus; SPIDER_internal; SpaCcLink; connectomeDB2020_lit; stCASE
CXCL16,CXCR6,8,COMMOT_CellChat; CellTalkDB; LARIS_neurotransmitter; LIANA_consensus; SPIDER_internal; SpaCcLink; connectomeDB2020_lit; stCASE
CXCL2,CXCR1,8,COMMOT_CellChat; CellTalkDB; LARIS_neurotransmitter; LIANA_consensus; SPIDER_internal; SpaCcLink; connectomeDB2020_lit; stCASE
CXCL2,CXCR2,8,COMMOT_CellChat; CellTalkDB; LARIS_neurotransmitter; LIANA_consensus; SPIDER_internal; SpaCcLink; connectomeDB2020_lit; stCASE
CXCL3,CXCR1,8,COMMOT_CellChat; CellTalkDB; LARIS_neurotransmitter; LIANA_consensus; SPIDER_internal; SpaCcLink; connectomeDB2020_lit; stCASE
CXCL3,CXCR2,8,COMMOT_CellChat; CellTalkDB; LARIS_neurotransmitter; LIANA_consensus; SPIDER_internal; SpaCcLink; connectomeDB2020_lit; stCASE
CXCL5,ACKR1,8,COMMOT_CellChat; CellTalkDB; LARIS_neurotransmitter; LIANA_consensus; SPIDER_internal; SpaCcLink; connectomeDB2020_lit; stCASE
CXCL5,CXCR1,8,COMMOT_CellChat; CellTalkDB; LARIS_neurotransmitter; LIANA_consensus; SPIDER_internal; SpaCcLink; connectomeDB2020_lit; stCASE
CXCL5,CXCR2,8,COMMOT_CellChat; CellTalkDB; LARIS_neurotransmitter; LIANA_consensus; SPIDER_internal; SpaCcLink; connectomeDB2020_lit; stCASE
CXCL6,CXCR1,8,COMMOT_CellChat; CellTalkDB; LARIS_neurotransmitter; LIANA_consensus; SPIDER_internal; SpaCcLink; connectomeDB2020_lit; stCASE
CXCL6,CXCR2,8,COMMOT_CellChat; CellTalkDB; LARIS_neurotransmitter; LIANA_consensus; SPIDER_internal; SpaCcLink; connectomeDB2020_lit; stCASE
CXCL8,ACKR1,8,COMMOT_CellChat; CellTalkDB; LARIS_neurotransmitter; LIANA_consensus; SPIDER_internal; SpaCcLink; connectomeDB2020_lit; stCASE
CXCL8,CXCR2,8,COMMOT_CellChat; CellTalkDB; LARIS_neurotransmitter; LIANA_consensus; SPIDER_internal; SpaCcLink; connectomeDB2020_lit; stCASE
CXCL9,CXCR3,8,COMMOT_CellChat; CellTalkDB; LARIS_neurotransmitter; LIANA_consensus; SPIDER_internal; SpaCcLink; connectomeDB2020_lit; stCASE
DLK1,NOTCH1,8,COMMOT_CellChat; CellTalkDB; LARIS_neurotransmitter; LIANA_consensus; SPIDER_internal; SpaCcLink; connectomeDB2020_lit; stCASE
DLK1,NOTCH2,8,COMMOT_CellChat; CellTalkDB; LARIS_neurotransmitter; LIANA_consensus; SPIDER_internal; SpaCcLink; connectomeDB2020_lit; stCASE
DLK1,NOTCH3,8,COMMOT_CellChat; CellTalkDB; LARIS_neurotransmitter; LIANA_consensus; SPIDER_internal; SpaCcLink; connectomeDB2020_lit; stCASE
DLL1,NOTCH1,8,COMMOT_CellChat; CellTalkDB; LARIS_neurotransmitter; LIANA_consensus; SPIDER_internal; SpaCcLink; connectomeDB2020_lit; stCASE
DLL1,NOTCH2,8,COMMOT_CellChat; CellTalkDB; LARIS_neurotransmitter; LIANA_consensus; SPIDER_internal; SpaCcLink; connectomeDB2020_lit; stCASE
DLL1,NOTCH3,8,COMMOT_CellChat; CellTalkDB; LARIS_neurotransmitter; LIANA_consensus; SPIDER_internal; SpaCcLink; connectomeDB2020_lit; stCASE
DLL1,NOTCH4,8,COMMOT_CellChat; CellTalkDB; LARIS_neurotransmitter; LIANA_consensus; SPIDER_internal; SpaCcLink; connectomeDB2020_lit; stCASE
DLL3,NOTCH1,8,COMMOT_CellChat; CellTalkDB; LARIS_neurotransmitter; LIANA_consensus; SPIDER_internal; SpaCcLink; connectomeDB2020_lit; stCASE
DLL3,NOTCH2,8,COMMOT_CellChat; CellTalkDB; LARIS_neurotransmitter; LIANA_consensus; SPIDER_internal; SpaCcLink; connectomeDB2020_lit; stCASE
DLL3,NOTCH3,8,COMMOT_CellChat; CellTalkDB; LARIS_neurotransmitter; LIANA_consensus; SPIDER_internal; SpaCcLink; connectomeDB2020_lit; stCASE
DLL3,NOTCH4,8,COMMOT_CellChat; CellTalkDB; LARIS_neurotransmitter; LIANA_consensus; SPIDER_internal; SpaCcLink; connectomeDB2020_lit; stCASE
DLL4,NOTCH1,8,COMMOT_CellChat; CellTalkDB; LARIS_neurotransmitter; LIANA_consensus; SPIDER_internal; SpaCcLink; connectomeDB2020_lit; stCASE
DLL4,NOTCH2,8,COMMOT_CellChat; CellTalkDB; LARIS_neurotransmitter; LIANA_consensus; SPIDER_internal; SpaCcLink; connectomeDB2020_lit; stCASE
DLL4,NOTCH3,8,COMMOT_CellChat; CellTalkDB; LARIS_neurotransmitter; LIANA_consensus; SPIDER_internal; SpaCcLink; connectomeDB2020_lit; stCASE
DLL4,NOTCH4,8,COMMOT_CellChat; CellTalkDB; LARIS_neurotransmitter; LIANA_consensus; SPIDER_internal; SpaCcLink; connectomeDB2020_lit; stCASE
EBI3,IL6ST,8,COMMOT_CellChat; CellTalkDB; LARIS_neurotransmitter; LIANA_consensus; SPIDER_internal; SpaCcLink; connectomeDB2020_lit; stCASE
EDA,EDA2R,8,COMMOT_CellChat; CellTalkDB; LARIS_neurotransmitter; LIANA_consensus; SPIDER_internal; SpaCcLink; connectomeDB2020_lit; stCASE
EDA,EDAR,8,COMMOT_CellChat; CellTalkDB; LARIS_neurotransmitter; LIANA_consensus; SPIDER_internal; SpaCcLink; connectomeDB2020_lit; stCASE
EDN1,EDNRA,8,COMMOT_CellChat; CellTalkDB; LARIS_neurotransmitter; LIANA_consensus; SPIDER_internal; SpaCcLink; connectomeDB2020_lit; stCASE
EDN1,EDNRB,8,COMMOT_CellChat; CellTalkDB; LARIS_neurotransmitter; LIANA_consensus; SPIDER_internal; SpaCcLink; connectomeDB2020_lit; stCASE
EDN2,EDNRA,8,COMMOT_CellChat; CellTalkDB; LARIS_neurotransmitter; LIANA_consensus; SPIDER_internal; SpaCcLink; connectomeDB2020_lit; stCASE
EDN2,EDNRB,8,COMMOT_CellChat; CellTalkDB; LARIS_neurotransmitter; LIANA_consensus; SPIDER_internal; SpaCcLink; connectomeDB2020_lit; stCASE
EDN3,EDNRA,8,COMMOT_CellChat; CellTalkDB; LARIS_neurotransmitter; LIANA_consensus; SPIDER_internal; SpaCcLink; connectomeDB2020_lit; stCASE
EDN3,EDNRB,8,COMMOT_CellChat; CellTalkDB; LARIS_neurotransmitter; LIANA_consensus; SPIDER_internal; SpaCcLink; connectomeDB2020_lit; stCASE
EFNA1,EPHA1,8,COMMOT_CellChat; CellTalkDB; LARIS_neurotransmitter; LIANA_consensus; SPIDER_internal; SpaCcLink; connectomeDB2020_lit; stCASE
EFNA1,EPHA2,8,COMMOT_CellChat; CellTalkDB; LARIS_neurotransmitter; LIANA_consensus; SPIDER_internal; SpaCcLink; connectomeDB2020_lit; stCASE
EFNA1,EPHA3,8,COMMOT_CellChat; CellTalkDB; LARIS_neurotransmitter; LIANA_consensus; SPIDER_internal; SpaCcLink; connectomeDB2020_lit; stCASE
EFNA1,EPHA4,8,COMMOT_CellChat; CellTalkDB; LARIS_neurotransmitter; LIANA_consensus; SPIDER_internal; SpaCcLink; connectomeDB2020_lit; stCASE
EFNA1,EPHA5,8,COMMOT_CellChat; CellTalkDB; LARIS_neurotransmitter; LIANA_consensus; SPIDER_internal; SpaCcLink; connectomeDB2020_lit; stCASE
EFNA1,EPHA7,8,COMMOT_CellChat; CellTalkDB; LARIS_neurotransmitter; LIANA_consensus; SPIDER_internal; SpaCcLink; connectomeDB2020_lit; stCASE
EFNA1,EPHA8,8,COMMOT_CellChat; CellTalkDB; LARIS_neurotransmitter; LIANA_consensus; SPIDER_internal; SpaCcLink; connectomeDB2020_lit; stCASE
EFNA2,EPHA1,8,COMMOT_CellChat; CellTalkDB; LARIS_neurotransmitter; LIANA_consensus; SPIDER_internal; SpaCcLink; connectomeDB2020_lit; stCASE
EFNA2,EPHA2,8,COMMOT_CellChat; CellTalkDB; LARIS_neurotransmitter; LIANA_consensus; SPIDER_internal; SpaCcLink; connectomeDB2020_lit; stCASE
EFNA2,EPHA3,8,COMMOT_CellChat; CellTalkDB; LARIS_neurotransmitter; LIANA_consensus; SPIDER_internal; SpaCcLink; connectomeDB2020_lit; stCASE
EFNA2,EPHA4,8,COMMOT_CellChat; CellTalkDB; LARIS_neurotransmitter; LIANA_consensus; SPIDER_internal; SpaCcLink; connectomeDB2020_lit; stCASE
EFNA2,EPHA5,8,COMMOT_CellChat; CellTalkDB; LARIS_neurotransmitter; LIANA_consensus; SPIDER_internal; SpaCcLink; connectomeDB2020_lit; stCASE
EFNA2,EPHA7,8,COMMOT_CellChat; CellTalkDB; LARIS_neurotransmitter; LIANA_consensus; SPIDER_internal; SpaCcLink; connectomeDB2020_lit; stCASE
EFNA2,EPHA8,8,COMMOT_CellChat; CellTalkDB; LARIS_neurotransmitter; LIANA_consensus; SPIDER_internal; SpaCcLink; connectomeDB2020_lit; stCASE
EFNA3,EPHA1,8,COMMOT_CellChat; CellTalkDB; LARIS_neurotransmitter; LIANA_consensus; SPIDER_internal; SpaCcLink; connectomeDB2020_lit; stCASE
EFNA3,EPHA2,8,COMMOT_CellChat; CellTalkDB; LARIS_neurotransmitter; LIANA_consensus; SPIDER_internal; SpaCcLink; connectomeDB2020_lit; stCASE
EFNA3,EPHA3,8,COMMOT_CellChat; CellTalkDB; LARIS_neurotransmitter; LIANA_consensus; SPIDER_internal; SpaCcLink; connectomeDB2020_lit; stCASE
EFNA3,EPHA4,8,COMMOT_CellChat; CellTalkDB; LARIS_neurotransmitter; LIANA_consensus; SPIDER_internal; SpaCcLink; connectomeDB2020_lit; stCASE
EFNA3,EPHA5,8,COMMOT_CellChat; CellTalkDB; LARIS_neurotransmitter; LIANA_consensus; SPIDER_internal; SpaCcLink; connectomeDB2020_lit; stCASE
EFNA3,EPHA7,8,COMMOT_CellChat; CellTalkDB; LARIS_neurotransmitter; LIANA_consensus; SPIDER_internal; SpaCcLink; connectomeDB2020_lit; stCASE
EFNA3,EPHA8,8,COMMOT_CellChat; CellTalkDB; LARIS_neurotransmitter; LIANA_consensus; SPIDER_internal; SpaCcLink; connectomeDB2020_lit; stCASE
EFNA4,EPHA1,8,COMMOT_CellChat; CellTalkDB; LARIS_neurotransmitter; LIANA_consensus; SPIDER_internal; SpaCcLink; connectomeDB2020_lit; stCASE
EFNA4,EPHA2,8,COMMOT_CellChat; CellTalkDB; LARIS_neurotransmitter; LIANA_consensus; SPIDER_internal; SpaCcLink; connectomeDB2020_lit; stCASE
EFNA4,EPHA3,8,COMMOT_CellChat; CellTalkDB; LARIS_neurotransmitter; LIANA_consensus; SPIDER_internal; SpaCcLink; connectomeDB2020_lit; stCASE
EFNA4,EPHA4,8,COMMOT_CellChat; CellTalkDB; LARIS_neurotransmitter; LIANA_consensus; SPIDER_internal; SpaCcLink; connectomeDB2020_lit; stCASE
EFNA4,EPHA5,8,COMMOT_CellChat; CellTalkDB; LARIS_neurotransmitter; LIANA_consensus; SPIDER_internal; SpaCcLink; connectomeDB2020_lit; stCASE
EFNA4,EPHA7,8,COMMOT_CellChat; CellTalkDB; LARIS_neurotransmitter; LIANA_consensus; SPIDER_internal; SpaCcLink; connectomeDB2020_lit; stCASE
EFNA4,EPHA8,8,COMMOT_CellChat; CellTalkDB; LARIS_neurotransmitter; LIANA_consensus; SPIDER_internal; SpaCcLink; connectomeDB2020_lit; stCASE
EFNA5,EPHA1,8,COMMOT_CellChat; CellTalkDB; LARIS_neurotransmitter; LIANA_consensus; SPIDER_internal; SpaCcLink; connectomeDB2020_lit; stCASE
EFNA5,EPHA2,8,COMMOT_CellChat; CellTalkDB; LARIS_neurotransmitter; LIANA_consensus; SPIDER_internal; SpaCcLink; connectomeDB2020_lit; stCASE
EFNA5,EPHA3,8,COMMOT_CellChat; CellTalkDB; LARIS_neurotransmitter; LIANA_consensus; SPIDER_internal; SpaCcLink; connectomeDB2020_lit; stCASE
EFNA5,EPHA4,8,COMMOT_CellChat; CellTalkDB; LARIS_neurotransmitter; LIANA_consensus; SPIDER_internal; SpaCcLink; connectomeDB2020_lit; stCASE
EFNA5,EPHA5,8,COMMOT_CellChat; CellTalkDB; LARIS_neurotransmitter; LIANA_consensus; SPIDER_internal; SpaCcLink; connectomeDB2020_lit; stCASE
EFNA5,EPHA7,8,COMMOT_CellChat; CellTalkDB; LARIS_neurotransmitter; LIANA_consensus; SPIDER_internal; SpaCcLink; connectomeDB2020_lit; stCASE
EFNA5,EPHA8,8,COMMOT_CellChat; CellTalkDB; LARIS_neurotransmitter; LIANA_consensus; SPIDER_internal; SpaCcLink; connectomeDB2020_lit; stCASE
EFNA5,EPHB2,8,COMMOT_CellChat; CellTalkDB; LARIS_neurotransmitter; LIANA_consensus; SPIDER_internal; SpaCcLink; connectomeDB2020_lit; stCASE
EFNB1,EPHA4,8,COMMOT_CellChat; CellTalkDB; LARIS_neurotransmitter; LIANA_consensus; SPIDER_internal; SpaCcLink; connectomeDB2020_lit; stCASE
EFNB1,EPHB1,8,COMMOT_CellChat; CellTalkDB; LARIS_neurotransmitter; LIANA_consensus; SPIDER_internal; SpaCcLink; connectomeDB2020_lit; stCASE
EFNB1,EPHB2,8,COMMOT_CellChat; CellTalkDB; LARIS_neurotransmitter; LIANA_consensus; SPIDER_internal; SpaCcLink; connectomeDB2020_lit; stCASE
EFNB1,EPHB3,8,COMMOT_CellChat; CellTalkDB; LARIS_neurotransmitter; LIANA_consensus; SPIDER_internal; SpaCcLink; connectomeDB2020_lit; stCASE
EFNB1,EPHB4,8,COMMOT_CellChat; CellTalkDB; LARIS_neurotransmitter; LIANA_consensus; SPIDER_internal; SpaCcLink; connectomeDB2020_lit; stCASE
EFNB2,EPHA4,8,COMMOT_CellChat; CellTalkDB; LARIS_neurotransmitter; LIANA_consensus; SPIDER_internal; SpaCcLink; connectomeDB2020_lit; stCASE
EFNB2,EPHB1,8,COMMOT_CellChat; CellTalkDB; LARIS_neurotransmitter; LIANA_consensus; SPIDER_internal; SpaCcLink; connectomeDB2020_lit; stCASE
EFNB2,EPHB2,8,COMMOT_CellChat; CellTalkDB; LARIS_neurotransmitter; LIANA_consensus; SPIDER_internal; SpaCcLink; connectomeDB2020_lit; stCASE
EFNB2,EPHB3,8,COMMOT_CellChat; CellTalkDB; LARIS_neurotransmitter; LIANA_consensus; SPIDER_internal; SpaCcLink; connectomeDB2020_lit; stCASE
EFNB2,EPHB4,8,COMMOT_CellChat; CellTalkDB; LARIS_neurotransmitter; LIANA_consensus; SPIDER_internal; SpaCcLink; connectomeDB2020_lit; stCASE
EFNB3,EPHA4,8,COMMOT_CellChat; CellTalkDB; LARIS_neurotransmitter; LIANA_consensus; SPIDER_internal; SpaCcLink; connectomeDB2020_lit; stCASE
EFNB3,EPHB1,8,COMMOT_CellChat; CellTalkDB; LARIS_neurotransmitter; LIANA_consensus; SPIDER_internal; SpaCcLink; connectomeDB2020_lit; stCASE
EFNB3,EPHB2,8,COMMOT_CellChat; CellTalkDB; LARIS_neurotransmitter; LIANA_consensus; SPIDER_internal; SpaCcLink; connectomeDB2020_lit; stCASE
EFNB3,EPHB3,8,COMMOT_CellChat; CellTalkDB; LARIS_neurotransmitter; LIANA_consensus; SPIDER_internal; SpaCcLink; connectomeDB2020_lit; stCASE
EFNB3,EPHB4,8,COMMOT_CellChat; CellTalkDB; LARIS_neurotransmitter; LIANA_consensus; SPIDER_internal; SpaCcLink; connectomeDB2020_lit; stCASE
EFNB3,EPHB6,8,COMMOT_CellChat; CellTalkDB; LARIS_neurotransmitter; LIANA_consensus; SPIDER_internal; SpaCcLink; connectomeDB2020_lit; stCASE
EGF,EGFR,8,COMMOT_CellChat; CellTalkDB; LARIS_neurotransmitter; LIANA_consensus; SPIDER_internal; SpaCcLink; connectomeDB2020_lit; stCASE
EGF,ERBB2,8,COMMOT_CellChat; CellTalkDB; LARIS_neurotransmitter; LIANA_consensus; SPIDER_internal; SpaCcLink; connectomeDB2020_lit; stCASE
EPGN,EGFR,8,COMMOT_CellChat; CellTalkDB; LARIS_neurotransmitter; LIANA_consensus; SPIDER_internal; SpaCcLink; connectomeDB2020_lit; stCASE
EPO,EPOR,8,COMMOT_CellChat; CellTalkDB; LARIS_neurotransmitter; LIANA_consensus; SPIDER_internal; SpaCcLink; connectomeDB2020_lit; stCASE
EREG,ERBB4,8,COMMOT_CellChat; CellTalkDB; LARIS_neurotransmitter; LIANA_consensus; SPIDER_internal; SpaCcLink; connectomeDB2020_lit; stCASE
F2,F2R,8,COMMOT_CellChat; CellTalkDB; LARIS_neurotransmitter; LIANA_consensus; SPIDER_internal; SpaCcLink; connectomeDB2020_lit; stCASE
F2,F2RL1,8,COMMOT_CellChat; CellTalkDB; LARIS_neurotransmitter; LIANA_consensus; SPIDER_internal; SpaCcLink; connectomeDB2020_lit; stCASE
F2,F2RL2,8,COMMOT_CellChat; CellTalkDB; LARIS_neurotransmitter; LIANA_consensus; SPIDER_internal; SpaCcLink; connectomeDB2020_lit; stCASE
F2,F2RL3,8,COMMOT_CellChat; CellTalkDB; LARIS_neurotransmitter; LIANA_consensus; SPIDER_internal; SpaCcLink; connectomeDB2020_lit; stCASE
FASLG,FAS,8,COMMOT_CellChat; CellTalkDB; LARIS_neurotransmitter; LIANA_consensus; SPIDER_internal; SpaCcLink; connectomeDB2020_lit; stCASE
FGF1,FGFR1,8,COMMOT_CellChat; CellTalkDB; LARIS_neurotransmitter; LIANA_consensus; SPIDER_internal; SpaCcLink; connectomeDB2020_lit; stCASE
FGF1,FGFR2,8,COMMOT_CellChat; CellTalkDB; LARIS_neurotransmitter; LIANA_consensus; SPIDER_internal; SpaCcLink; connectomeDB2020_lit; stCASE
FGF1,FGFR3,8,COMMOT_CellChat; CellTalkDB; LARIS_neurotransmitter; LIANA_consensus; SPIDER_internal; SpaCcLink; connectomeDB2020_lit; stCASE
FGF1,FGFR4,8,COMMOT_CellChat; CellTalkDB; LARIS_neurotransmitter; LIANA_consensus; SPIDER_internal; SpaCcLink; connectomeDB2020_lit; stCASE
FGF10,FGFR1,8,COMMOT_CellChat; CellTalkDB; LARIS_neurotransmitter; LIANA_consensus; SPIDER_internal; SpaCcLink; connectomeDB2020_lit; stCASE
FGF10,FGFR2,8,COMMOT_CellChat; CellTalkDB; LARIS_neurotransmitter; LIANA_consensus; SPIDER_internal; SpaCcLink; connectomeDB2020_lit; stCASE
FGF16,FGFR2,8,COMMOT_CellChat; CellTalkDB; LARIS_neurotransmitter; LIANA_consensus; SPIDER_internal; SpaCcLink; connectomeDB2020_lit; stCASE
FGF16,FGFR3,8,COMMOT_CellChat; CellTalkDB; LARIS_neurotransmitter; LIANA_consensus; SPIDER_internal; SpaCcLink; connectomeDB2020_lit; stCASE
FGF16,FGFR4,8,COMMOT_CellChat; CellTalkDB; LARIS_neurotransmitter; LIANA_consensus; SPIDER_internal; SpaCcLink; connectomeDB2020_lit; stCASE
FGF17,FGFR1,8,COMMOT_CellChat; CellTalkDB; LARIS_neurotransmitter; LIANA_consensus; SPIDER_internal; SpaCcLink; connectomeDB2020_lit; stCASE
FGF17,FGFR2,8,COMMOT_CellChat; CellTalkDB; LARIS_neurotransmitter; LIANA_consensus; SPIDER_internal; SpaCcLink; connectomeDB2020_lit; stCASE
FGF17,FGFR3,8,COMMOT_CellChat; CellTalkDB; LARIS_neurotransmitter; LIANA_consensus; SPIDER_internal; SpaCcLink; connectomeDB2020_lit; stCASE
FGF17,FGFR4,8,COMMOT_CellChat; CellTalkDB; LARIS_neurotransmitter; LIANA_consensus; SPIDER_internal; SpaCcLink; connectomeDB2020_lit; stCASE
FGF18,FGFR1,8,COMMOT_CellChat; CellTalkDB; LARIS_neurotransmitter; LIANA_consensus; SPIDER_internal; SpaCcLink; connectomeDB2020_lit; stCASE
FGF18,FGFR2,8,COMMOT_CellChat; CellTalkDB; LARIS_neurotransmitter; LIANA_consensus; SPIDER_internal; SpaCcLink; connectomeDB2020_lit; stCASE
FGF18,FGFR3,8,COMMOT_CellChat; CellTalkDB; LARIS_neurotransmitter; LIANA_consensus; SPIDER_internal; SpaCcLink; connectomeDB2020_lit; stCASE
FGF18,FGFR4,8,COMMOT_CellChat; CellTalkDB; LARIS_neurotransmitter; LIANA_consensus; SPIDER_internal; SpaCcLink; connectomeDB2020_lit; stCASE
FGF19,FGFR1,8,COMMOT_CellChat; CellTalkDB; LARIS_neurotransmitter; LIANA_consensus; SPIDER_internal; SpaCcLink; connectomeDB2020_lit; stCASE
FGF19,FGFR2,8,COMMOT_CellChat; CellTalkDB; LARIS_neurotransmitter; LIANA_consensus; SPIDER_internal; SpaCcLink; connectomeDB2020_lit; stCASE
FGF19,FGFR3,8,COMMOT_CellChat; CellTalkDB; LARIS_neurotransmitter; LIANA_consensus; SPIDER_internal; SpaCcLink; connectomeDB2020_lit; stCASE
FGF19,FGFR4,8,COMMOT_CellChat; CellTalkDB; LARIS_neurotransmitter; LIANA_consensus; SPIDER_internal; SpaCcLink; connectomeDB2020_lit; stCASE
FGF2,FGFR1,8,COMMOT_CellChat; CellTalkDB; LARIS_neurotransmitter; LIANA_consensus; SPIDER_internal; SpaCcLink; connectomeDB2020_lit; stCASE
FGF2,FGFR2,8,COMMOT_CellChat; CellTalkDB; LARIS_neurotransmitter; LIANA_consensus; SPIDER_internal; SpaCcLink; connectomeDB2020_lit; stCASE
FGF2,FGFR3,8,COMMOT_CellChat; CellTalkDB; LARIS_neurotransmitter; LIANA_consensus; SPIDER_internal; SpaCcLink; connectomeDB2020_lit; stCASE
FGF2,FGFR4,8,COMMOT_CellChat; CellTalkDB; LARIS_neurotransmitter; LIANA_consensus; SPIDER_internal; SpaCcLink; connectomeDB2020_lit; stCASE
FGF20,FGFR1,8,COMMOT_CellChat; CellTalkDB; LARIS_neurotransmitter; LIANA_consensus; SPIDER_internal; SpaCcLink; connectomeDB2020_lit; stCASE
FGF20,FGFR2,8,COMMOT_CellChat; CellTalkDB; LARIS_neurotransmitter; LIANA_consensus; SPIDER_internal; SpaCcLink; connectomeDB2020_lit; stCASE
FGF20,FGFR3,8,COMMOT_CellChat; CellTalkDB; LARIS_neurotransmitter; LIANA_consensus; SPIDER_internal; SpaCcLink; connectomeDB2020_lit; stCASE
FGF20,FGFR4,8,COMMOT_CellChat; CellTalkDB; LARIS_neurotransmitter; LIANA_consensus; SPIDER_internal; SpaCcLink; connectomeDB2020_lit; stCASE
FGF22,FGFR2,8,COMMOT_CellChat; CellTalkDB; LARIS_neurotransmitter; LIANA_consensus; SPIDER_internal; SpaCcLink; connectomeDB2020_lit; stCASE
FGF23,FGFR1,8,COMMOT_CellChat; CellTalkDB; LARIS_neurotransmitter; LIANA_consensus; SPIDER_internal; SpaCcLink; connectomeDB2020_lit; stCASE
FGF23,FGFR3,8,COMMOT_CellChat; CellTalkDB; LARIS_neurotransmitter; LIANA_consensus; SPIDER_internal; SpaCcLink; connectomeDB2020_lit; stCASE
FGF23,FGFR4,8,COMMOT_CellChat; CellTalkDB; LARIS_neurotransmitter; LIANA_consensus; SPIDER_internal; SpaCcLink; connectomeDB2020_lit; stCASE
FGF3,FGFR1,8,COMMOT_CellChat; CellTalkDB; LARIS_neurotransmitter; LIANA_consensus; SPIDER_internal; SpaCcLink; connectomeDB2020_lit; stCASE
FGF3,FGFR2,8,COMMOT_CellChat; CellTalkDB; LARIS_neurotransmitter; LIANA_consensus; SPIDER_internal; SpaCcLink; connectomeDB2020_lit; stCASE
FGF4,FGFR1,8,COMMOT_CellChat; CellTalkDB; LARIS_neurotransmitter; LIANA_consensus; SPIDER_internal; SpaCcLink; connectomeDB2020_lit; stCASE
FGF4,FGFR2,8,COMMOT_CellChat; CellTalkDB; LARIS_neurotransmitter; LIANA_consensus; SPIDER_internal; SpaCcLink; connectomeDB2020_lit; stCASE
FGF4,FGFR3,8,COMMOT_CellChat; CellTalkDB; LARIS_neurotransmitter; LIANA_consensus; SPIDER_internal; SpaCcLink; connectomeDB2020_lit; stCASE
FGF4,FGFR4,8,COMMOT_CellChat; CellTalkDB; LARIS_neurotransmitter; LIANA_consensus; SPIDER_internal; SpaCcLink; connectomeDB2020_lit; stCASE
FGF5,FGFR1,8,COMMOT_CellChat; CellTalkDB; LARIS_neurotransmitter; LIANA_consensus; SPIDER_internal; SpaCcLink; connectomeDB2020_lit; stCASE
FGF5,FGFR2,8,COMMOT_CellChat; CellTalkDB; LARIS_neurotransmitter; LIANA_consensus; SPIDER_internal; SpaCcLink; connectomeDB2020_lit; stCASE
FGF5,FGFR3,8,COMMOT_CellChat; CellTalkDB; LARIS_neurotransmitter; LIANA_consensus; SPIDER_internal; SpaCcLink; connectomeDB2020_lit; stCASE
FGF5,FGFR4,8,COMMOT_CellChat; CellTalkDB; LARIS_neurotransmitter; LIANA_consensus; SPIDER_internal; SpaCcLink; connectomeDB2020_lit; stCASE
FGF6,FGFR1,8,COMMOT_CellChat; CellTalkDB; LARIS_neurotransmitter; LIANA_consensus; SPIDER_internal; SpaCcLink; connectomeDB2020_lit; stCASE
FGF6,FGFR2,8,COMMOT_CellChat; CellTalkDB; LARIS_neurotransmitter; LIANA_consensus; SPIDER_internal; SpaCcLink; connectomeDB2020_lit; stCASE
FGF6,FGFR3,8,COMMOT_CellChat; CellTalkDB; LARIS_neurotransmitter; LIANA_consensus; SPIDER_internal; SpaCcLink; connectomeDB2020_lit; stCASE
FGF6,FGFR4,8,COMMOT_CellChat; CellTalkDB; LARIS_neurotransmitter; LIANA_consensus; SPIDER_internal; SpaCcLink; connectomeDB2020_lit; stCASE
FGF7,FGFR1,8,COMMOT_CellChat; CellTalkDB; LARIS_neurotransmitter; LIANA_consensus; SPIDER_internal; SpaCcLink; connectomeDB2020_lit; stCASE
FGF7,FGFR2,8,COMMOT_CellChat; CellTalkDB; LARIS_neurotransmitter; LIANA_consensus; SPIDER_internal; SpaCcLink; connectomeDB2020_lit; stCASE
FGF8,FGFR1,8,COMMOT_CellChat; CellTalkDB; LARIS_neurotransmitter; LIANA_consensus; SPIDER_internal; SpaCcLink; connectomeDB2020_lit; stCASE
FGF8,FGFR2,8,COMMOT_CellChat; CellTalkDB; LARIS_neurotransmitter; LIANA_consensus; SPIDER_internal; SpaCcLink; connectomeDB2020_lit; stCASE
FGF8,FGFR3,8,COMMOT_CellChat; CellTalkDB; LARIS_neurotransmitter; LIANA_consensus; SPIDER_internal; SpaCcLink; connectomeDB2020_lit; stCASE
FGF8,FGFR4,8,COMMOT_CellChat; CellTalkDB; LARIS_neurotransmitter; LIANA_consensus; SPIDER_internal; SpaCcLink; connectomeDB2020_lit; stCASE
FGF9,FGFR1,8,COMMOT_CellChat; CellTalkDB; LARIS_neurotransmitter; LIANA_consensus; SPIDER_internal; SpaCcLink; connectomeDB2020_lit; stCASE
FGF9,FGFR2,8,COMMOT_CellChat; CellTalkDB; LARIS_neurotransmitter; LIANA_consensus; SPIDER_internal; SpaCcLink; connectomeDB2020_lit; stCASE
FGF9,FGFR3,8,COMMOT_CellChat; CellTalkDB; LARIS_neurotransmitter; LIANA_consensus; SPIDER_internal; SpaCcLink; connectomeDB2020_lit; stCASE
FGF9,FGFR4,8,COMMOT_CellChat; CellTalkDB; LARIS_neurotransmitter; LIANA_consensus; SPIDER_internal; SpaCcLink; connectomeDB2020_lit; stCASE
FLT3LG,FLT3,8,COMMOT_CellChat; CellTalkDB; LARIS_neurotransmitter; LIANA_consensus; SPIDER_internal; SpaCcLink; connectomeDB2020_lit; stCASE
FN1,CD44,8,COMMOT_CellChat; CellTalkDB; LARIS_neurotransmitter; LIANA_consensus; SPIDER_internal; SpaCcLink; connectomeDB2020_lit; stCASE
FN1,ITGB1,8,COMMOT_CellChat; CellTalkDB; LARIS_neurotransmitter; LIANA_consensus; SPIDER_internal; SpaCcLink; connectomeDB2020_lit; stCASE
FN1,ITGB3,8,COMMOT_CellChat; CellTalkDB; LARIS_neurotransmitter; LIANA_consensus; SPIDER_internal; SpaCcLink; connectomeDB2020_lit; stCASE
FN1,ITGB6,8,COMMOT_CellChat; CellTalkDB; LARIS_neurotransmitter; LIANA_consensus; SPIDER_internal; SpaCcLink; connectomeDB2020_lit; stCASE
FN1,ITGB7,8,COMMOT_CellChat; CellTalkDB; LARIS_neurotransmitter; LIANA_consensus; SPIDER_internal; SpaCcLink; connectomeDB2020_lit; stCASE
FN1,ITGB8,8,COMMOT_CellChat; CellTalkDB; LARIS_neurotransmitter; LIANA_consensus; SPIDER_internal; SpaCcLink; connectomeDB2020_lit; stCASE
FSHB,FSHR,8,COMMOT_CellChat; CellTalkDB; LARIS_neurotransmitter; LIANA_consensus; SPIDER_internal; SpaCcLink; connectomeDB2020_lit; stCASE
GAL,GALR1,8,COMMOT_CellChat; CellTalkDB; LARIS_neurotransmitter; LIANA_consensus; SPIDER_internal; SpaCcLink; connectomeDB2020_lit; stCASE
GAL,GALR2,8,COMMOT_CellChat; CellTalkDB; LARIS_neurotransmitter; LIANA_consensus; SPIDER_internal; SpaCcLink; connectomeDB2020_lit; stCASE
GAL,GALR3,8,COMMOT_CellChat; CellTalkDB; LARIS_neurotransmitter; LIANA_consensus; SPIDER_internal; SpaCcLink; connectomeDB2020_lit; stCASE
GALP,GALR1,8,COMMOT_CellChat; CellTalkDB; LARIS_neurotransmitter; LIANA_consensus; SPIDER_internal; SpaCcLink; connectomeDB2020_lit; stCASE
GALP,GALR2,8,COMMOT_CellChat; CellTalkDB; LARIS_neurotransmitter; LIANA_consensus; SPIDER_internal; SpaCcLink; connectomeDB2020_lit; stCASE
GAS6,AXL,8,COMMOT_CellChat; CellTalkDB; LARIS_neurotransmitter; LIANA_consensus; SPIDER_internal; SpaCcLink; connectomeDB2020_lit; stCASE
GAS6,MERTK,8,COMMOT_CellChat; CellTalkDB; LARIS_neurotransmitter; LIANA_consensus; SPIDER_internal; SpaCcLink; connectomeDB2020_lit; stCASE
GCG,GCGR,8,COMMOT_CellChat; CellTalkDB; LARIS_neurotransmitter; LIANA_consensus; SPIDER_internal; SpaCcLink; connectomeDB2020_lit; stCASE
GCG,GLP1R,8,COMMOT_CellChat; CellTalkDB; LARIS_neurotransmitter; LIANA_consensus; SPIDER_internal; SpaCcLink; connectomeDB2020_lit; stCASE
GCG,GLP2R,8,COMMOT_CellChat; CellTalkDB; LARIS_neurotransmitter; LIANA_consensus; SPIDER_internal; SpaCcLink; connectomeDB2020_lit; stCASE
GDF11,ACVR2A,8,COMMOT_CellChat; CellTalkDB; LARIS_neurotransmitter; LIANA_consensus; SPIDER_internal; SpaCcLink; connectomeDB2020_lit; stCASE
GDF11,ACVR2B,8,COMMOT_CellChat; CellTalkDB; LARIS_neurotransmitter; LIANA_consensus; SPIDER_internal; SpaCcLink; connectomeDB2020_lit; stCASE
GDF2,ACVR2A,8,COMMOT_CellChat; CellTalkDB; LARIS_neurotransmitter; LIANA_consensus; SPIDER_internal; SpaCcLink; connectomeDB2020_lit; stCASE
GDF2,ACVRL1,8,COMMOT_CellChat; CellTalkDB; LARIS_neurotransmitter; LIANA_consensus; SPIDER_internal; SpaCcLink; connectomeDB2020_lit; stCASE
GDF2,BMPR2,8,COMMOT_CellChat; CellTalkDB; LARIS_neurotransmitter; LIANA_consensus; SPIDER_internal; SpaCcLink; connectomeDB2020_lit; stCASE
GDF5,ACVR2A,8,COMMOT_CellChat; CellTalkDB; LARIS_neurotransmitter; LIANA_consensus; SPIDER_internal; SpaCcLink; connectomeDB2020_lit; stCASE
GDF5,ACVR2B,8,COMMOT_CellChat; CellTalkDB; LARIS_neurotransmitter; LIANA_consensus; SPIDER_internal; SpaCcLink; connectomeDB2020_lit; stCASE
GDF5,BMPR2,8,COMMOT_CellChat; CellTalkDB; LARIS_neurotransmitter; LIANA_consensus; SPIDER_internal; SpaCcLink; connectomeDB2020_lit; stCASE
GDF6,BMPR2,8,COMMOT_CellChat; CellTalkDB; LARIS_neurotransmitter; LIANA_consensus; SPIDER_internal; SpaCcLink; connectomeDB2020_lit; stCASE
GDF7,ACVR2A,8,COMMOT_CellChat; CellTalkDB; LARIS_neurotransmitter; LIANA_consensus; SPIDER_internal; SpaCcLink; connectomeDB2020_lit; stCASE
GDF7,BMPR2,8,COMMOT_CellChat; CellTalkDB; LARIS_neurotransmitter; LIANA_consensus; SPIDER_internal; SpaCcLink; connectomeDB2020_lit; stCASE
GDF9,BMPR2,8,COMMOT_CellChat; CellTalkDB; LARIS_neurotransmitter; LIANA_consensus; SPIDER_internal; SpaCcLink; connectomeDB2020_lit; stCASE
GDNF,RET,8,COMMOT_CellChat; CellTalkDB; LARIS_neurotransmitter; LIANA_consensus; SPIDER_internal; SpaCcLink; connectomeDB2020_lit; stCASE
GH1,GHR,8,COMMOT_CellChat; CellTalkDB; LARIS_neurotransmitter; LIANA_consensus; SPIDER_internal; SpaCcLink; connectomeDB2020_lit; stCASE
GH1,PRLR,8,COMMOT_CellChat; CellTalkDB; LARIS_neurotransmitter; LIANA_consensus; SPIDER_internal; SpaCcLink; connectomeDB2020_lit; stCASE
GHRH,GHRHR,8,COMMOT_CellChat; CellTalkDB; LARIS_neurotransmitter; LIANA_consensus; SPIDER_internal; SpaCcLink; connectomeDB2020_lit; stCASE
GHRH,VIPR1,8,COMMOT_CellChat; CellTalkDB; LARIS_neurotransmitter; LIANA_consensus; SPIDER_internal; SpaCcLink; connectomeDB2020_lit; stCASE
GHRL,GHSR,8,COMMOT_CellChat; CellTalkDB; LARIS_neurotransmitter; LIANA_consensus; SPIDER_internal; SpaCcLink; connectomeDB2020_lit; stCASE
GIP,GIPR,8,COMMOT_CellChat; CellTalkDB; LARIS_neurotransmitter; LIANA_consensus; SPIDER_internal; SpaCcLink; connectomeDB2020_lit; stCASE
GNRH1,GNRHR,8,COMMOT_CellChat; CellTalkDB; LARIS_neurotransmitter; LIANA_consensus; SPIDER_internal; SpaCcLink; connectomeDB2020_lit; stCASE
GRN,SORT1,8,COMMOT_CellChat; CellTalkDB; LARIS_neurotransmitter; LIANA_consensus; SPIDER_internal; SpaCcLink; connectomeDB2020_lit; stCASE
GRP,GRPR,8,COMMOT_CellChat; CellTalkDB; LARIS_neurotransmitter; LIANA_consensus; SPIDER_internal; SpaCcLink; connectomeDB2020_lit; stCASE
GUCA2A,GUCY2C,8,COMMOT_CellChat; CellTalkDB; LARIS_neurotransmitter; LIANA_consensus; SPIDER_internal; SpaCcLink; connectomeDB2020_lit; stCASE
GUCA2B,GUCY2C,8,COMMOT_CellChat; CellTalkDB; LARIS_neurotransmitter; LIANA_consensus; SPIDER_internal; SpaCcLink; connectomeDB2020_lit; stCASE
HBEGF,ERBB2,8,COMMOT_CellChat; CellTalkDB; LARIS_neurotransmitter; LIANA_consensus; SPIDER_internal; SpaCcLink; connectomeDB2020_lit; stCASE
HBEGF,ERBB4,8,COMMOT_CellChat; CellTalkDB; LARIS_neurotransmitter; LIANA_consensus; SPIDER_internal; SpaCcLink; connectomeDB2020_lit; stCASE
HCRT,HCRTR1,8,COMMOT_CellChat; CellTalkDB; LARIS_neurotransmitter; LIANA_consensus; SPIDER_internal; SpaCcLink; connectomeDB2020_lit; stCASE
HCRT,HCRTR2,8,COMMOT_CellChat; CellTalkDB; LARIS_neurotransmitter; LIANA_consensus; SPIDER_internal; SpaCcLink; connectomeDB2020_lit; stCASE
HGF,MET,8,COMMOT_CellChat; CellTalkDB; LARIS_neurotransmitter; LIANA_consensus; SPIDER_internal; SpaCcLink; connectomeDB2020_lit; stCASE
HLA-A,KIR3DL1,8,COMMOT_CellChat; CellTalkDB; LARIS_neurotransmitter; LIANA_consensus; SPIDER_internal; SpaCcLink; connectomeDB2020_lit; stCASE
HLA-B,KIR3DL2,8,COMMOT_CellChat; CellTalkDB; LARIS_neurotransmitter; LIANA_consensus; SPIDER_internal; SpaCcLink; connectomeDB2020_lit; stCASE
HLA-C,KIR2DL1,8,COMMOT_CellChat; CellTalkDB; LARIS_neurotransmitter; LIANA_consensus; SPIDER_internal; SpaCcLink; connectomeDB2020_lit; stCASE
HLA-C,KIR2DL3,8,COMMOT_CellChat; CellTalkDB; LARIS_neurotransmitter; LIANA_consensus; SPIDER_internal; SpaCcLink; connectomeDB2020_lit; stCASE
HLA-E,KLRC1,8,COMMOT_CellChat; CellTalkDB; LARIS_neurotransmitter; LIANA_consensus; SPIDER_internal; SpaCcLink; connectomeDB2020_lit; stCASE
HLA-E,KLRC2,8,COMMOT_CellChat; CellTalkDB; LARIS_neurotransmitter; LIANA_consensus; SPIDER_internal; SpaCcLink; connectomeDB2020_lit; stCASE
HLA-E,KLRK1,8,COMMOT_CellChat; CellTalkDB; LARIS_neurotransmitter; LIANA_consensus; SPIDER_internal; SpaCcLink; connectomeDB2020_lit; stCASE
HLA-G,LILRB1,8,COMMOT_CellChat; CellTalkDB; LARIS_neurotransmitter; LIANA_consensus; SPIDER_internal; SpaCcLink; connectomeDB2020_lit; stCASE
HLA-G,LILRB2,8,COMMOT_CellChat; CellTalkDB; LARIS_neurotransmitter; LIANA_consensus; SPIDER_internal; SpaCcLink; connectomeDB2020_lit; stCASE
IAPP,CALCR,8,COMMOT_CellChat; CellTalkDB; LARIS_neurotransmitter; LIANA_consensus; SPIDER_internal; SpaCcLink; connectomeDB2020_lit; stCASE
ICAM1,ITGB2,8,COMMOT_CellChat; CellTalkDB; LARIS_neurotransmitter; LIANA_consensus; SPIDER_internal; SpaCcLink; connectomeDB2020_lit; stCASE
ICAM1,SPN,8,COMMOT_CellChat; CellTalkDB; LARIS_neurotransmitter; LIANA_consensus; SPIDER_internal; SpaCcLink; connectomeDB2020_lit; stCASE
ICAM2,ITGB2,8,COMMOT_CellChat; CellTalkDB; LARIS_neurotransmitter; LIANA_consensus; SPIDER_internal; SpaCcLink; connectomeDB2020_lit; stCASE
ICOSLG,ICOS,8,COMMOT_CellChat; CellTalkDB; LARIS_neurotransmitter; LIANA_consensus; SPIDER_internal; SpaCcLink; connectomeDB2020_lit; stCASE
IFNA1,IFNAR2,8,COMMOT_CellChat; CellTalkDB; LARIS_neurotransmitter; LIANA_consensus; SPIDER_internal; SpaCcLink; connectomeDB2020_lit; stCASE
IFNA10,IFNAR2,8,COMMOT_CellChat; CellTalkDB; LARIS_neurotransmitter; LIANA_consensus; SPIDER_internal; SpaCcLink; connectomeDB2020_lit; stCASE
IFNA14,IFNAR2,8,COMMOT_CellChat; CellTalkDB; LARIS_neurotransmitter; LIANA_consensus; SPIDER_internal; SpaCcLink; connectomeDB2020_lit; stCASE
IFNA16,IFNAR2,8,COMMOT_CellChat; CellTalkDB; LARIS_neurotransmitter; LIANA_consensus; SPIDER_internal; SpaCcLink; connectomeDB2020_lit; stCASE
IFNA17,IFNAR2,8,COMMOT_CellChat; CellTalkDB; LARIS_neurotransmitter; LIANA_consensus; SPIDER_internal; SpaCcLink; connectomeDB2020_lit; stCASE
IFNA2,IFNAR2,8,COMMOT_CellChat; CellTalkDB; LARIS_neurotransmitter; LIANA_consensus; SPIDER_internal; SpaCcLink; connectomeDB2020_lit; stCASE
IFNA21,IFNAR2,8,COMMOT_CellChat; CellTalkDB; LARIS_neurotransmitter; LIANA_consensus; SPIDER_internal; SpaCcLink; connectomeDB2020_lit; stCASE
IFNA4,IFNAR2,8,COMMOT_CellChat; CellTalkDB; LARIS_neurotransmitter; LIANA_consensus; SPIDER_internal; SpaCcLink; connectomeDB2020_lit; stCASE
IFNA5,IFNAR2,8,COMMOT_CellChat; CellTalkDB; LARIS_neurotransmitter; LIANA_consensus; SPIDER_internal; SpaCcLink; connectomeDB2020_lit; stCASE
IFNA6,IFNAR2,8,COMMOT_CellChat; CellTalkDB; LARIS_neurotransmitter; LIANA_consensus; SPIDER_internal; SpaCcLink; connectomeDB2020_lit; stCASE
IFNA7,IFNAR2,8,COMMOT_CellChat; CellTalkDB; LARIS_neurotransmitter; LIANA_consensus; SPIDER_internal; SpaCcLink; connectomeDB2020_lit; stCASE
IFNA8,IFNAR2,8,COMMOT_CellChat; CellTalkDB; LARIS_neurotransmitter; LIANA_consensus; SPIDER_internal; SpaCcLink; connectomeDB2020_lit; stCASE
IFNB1,IFNAR2,8,COMMOT_CellChat; CellTalkDB; LARIS_neurotransmitter; LIANA_consensus; SPIDER_internal; SpaCcLink; connectomeDB2020_lit; stCASE
IFNE,IFNAR2,8,COMMOT_CellChat; CellTalkDB; LARIS_neurotransmitter; LIANA_consensus; SPIDER_internal; SpaCcLink; connectomeDB2020_lit; stCASE
IFNG,IFNGR2,8,COMMOT_CellChat; CellTalkDB; LARIS_neurotransmitter; LIANA_consensus; SPIDER_internal; SpaCcLink; connectomeDB2020_lit; stCASE
IFNW1,IFNAR2,8,COMMOT_CellChat; CellTalkDB; LARIS_neurotransmitter; LIANA_consensus; SPIDER_internal; SpaCcLink; connectomeDB2020_lit; stCASE
IGF1,IGF1R,8,COMMOT_CellChat; CellTalkDB; LARIS_neurotransmitter; LIANA_consensus; SPIDER_internal; SpaCcLink; connectomeDB2020_lit; stCASE
IGF2,IGF1R,8,COMMOT_CellChat; CellTalkDB; LARIS_neurotransmitter; LIANA_consensus; SPIDER_internal; SpaCcLink; connectomeDB2020_lit; stCASE
IGF2,IGF2R,8,COMMOT_CellChat; CellTalkDB; LARIS_neurotransmitter; LIANA_consensus; SPIDER_internal; SpaCcLink; connectomeDB2020_lit; stCASE
IL10,IL10RB,8,COMMOT_CellChat; CellTalkDB; LARIS_neurotransmitter; LIANA_consensus; SPIDER_internal; SpaCcLink; connectomeDB2020_lit; stCASE
IL11,IL6ST,8,COMMOT_CellChat; CellTalkDB; LARIS_neurotransmitter; LIANA_consensus; SPIDER_internal; SpaCcLink; connectomeDB2020_lit; stCASE
IL12B,IL12RB2,8,COMMOT_CellChat; CellTalkDB; LARIS_neurotransmitter; LIANA_consensus; SPIDER_internal; SpaCcLink; connectomeDB2020_lit; stCASE
IL13,IL13RA1,8,COMMOT_CellChat; CellTalkDB; LARIS_neurotransmitter; LIANA_consensus; SPIDER_internal; SpaCcLink; connectomeDB2020_lit; stCASE
IL13,IL13RA2,8,COMMOT_CellChat; CellTalkDB; LARIS_neurotransmitter; LIANA_consensus; SPIDER_internal; SpaCcLink; connectomeDB2020_lit; stCASE
IL13,IL4R,8,COMMOT_CellChat; CellTalkDB; LARIS_neurotransmitter; LIANA_consensus; SPIDER_internal; SpaCcLink; connectomeDB2020_lit; stCASE
IL15,IL2RB,8,COMMOT_CellChat; CellTalkDB; LARIS_neurotransmitter; LIANA_consensus; SPIDER_internal; SpaCcLink; connectomeDB2020_lit; stCASE
IL15,IL2RG,8,COMMOT_CellChat; CellTalkDB; LARIS_neurotransmitter; LIANA_consensus; SPIDER_internal; SpaCcLink; connectomeDB2020_lit; stCASE
IL16,CD4,8,COMMOT_CellChat; CellTalkDB; LARIS_neurotransmitter; LIANA_consensus; SPIDER_internal; SpaCcLink; connectomeDB2020_lit; stCASE
IL17A,IL17RC,8,COMMOT_CellChat; CellTalkDB; LARIS_neurotransmitter; LIANA_consensus; SPIDER_internal; SpaCcLink; connectomeDB2020_lit; stCASE
IL17B,IL17RB,8,COMMOT_CellChat; CellTalkDB; LARIS_neurotransmitter; LIANA_consensus; SPIDER_internal; SpaCcLink; connectomeDB2020_lit; stCASE
IL17C,IL17RE,8,COMMOT_CellChat; CellTalkDB; LARIS_neurotransmitter; LIANA_consensus; SPIDER_internal; SpaCcLink; connectomeDB2020_lit; stCASE
IL18,IL18RAP,8,COMMOT_CellChat; CellTalkDB; LARIS_neurotransmitter; LIANA_consensus; SPIDER_internal; SpaCcLink; connectomeDB2020_lit; stCASE
IL19,IL20RB,8,COMMOT_CellChat; CellTalkDB; LARIS_neurotransmitter; LIANA_consensus; SPIDER_internal; SpaCcLink; connectomeDB2020_lit; stCASE
IL1A,IL1R2,8,COMMOT_CellChat; CellTalkDB; LARIS_neurotransmitter; LIANA_consensus; SPIDER_internal; SpaCcLink; connectomeDB2020_lit; stCASE
IL1A,IL1RAP,8,COMMOT_CellChat; CellTalkDB; LARIS_neurotransmitter; LIANA_consensus; SPIDER_internal; SpaCcLink; connectomeDB2020_lit; stCASE
IL1B,IL1R2,8,COMMOT_CellChat; CellTalkDB; LARIS_neurotransmitter; LIANA_consensus; SPIDER_internal; SpaCcLink; connectomeDB2020_lit; stCASE
IL1B,IL1RAP,8,COMMOT_CellChat; CellTalkDB; LARIS_neurotransmitter; LIANA_consensus; SPIDER_internal; SpaCcLink; connectomeDB2020_lit; stCASE
IL2,IL2RB,8,COMMOT_CellChat; CellTalkDB; LARIS_neurotransmitter; LIANA_consensus; SPIDER_internal; SpaCcLink; connectomeDB2020_lit; stCASE
IL2,IL2RG,8,COMMOT_CellChat; CellTalkDB; LARIS_neurotransmitter; LIANA_consensus; SPIDER_internal; SpaCcLink; connectomeDB2020_lit; stCASE
IL20,IL20RB,8,COMMOT_CellChat; CellTalkDB; LARIS_neurotransmitter; LIANA_consensus; SPIDER_internal; SpaCcLink; connectomeDB2020_lit; stCASE
IL20,IL22RA1,8,COMMOT_CellChat; CellTalkDB; LARIS_neurotransmitter; LIANA_consensus; SPIDER_internal; SpaCcLink; connectomeDB2020_lit; stCASE
IL21,IL2RG,8,COMMOT_CellChat; CellTalkDB; LARIS_neurotransmitter; LIANA_consensus; SPIDER_internal; SpaCcLink; connectomeDB2020_lit; stCASE
IL22,IL10RB,8,COMMOT_CellChat; CellTalkDB; LARIS_neurotransmitter; LIANA_consensus; SPIDER_internal; SpaCcLink; connectomeDB2020_lit; stCASE
IL22,IL22RA1,8,COMMOT_CellChat; CellTalkDB; LARIS_neurotransmitter; LIANA_consensus; SPIDER_internal; SpaCcLink; connectomeDB2020_lit; stCASE
IL23A,IL12RB1,8,COMMOT_CellChat; CellTalkDB; LARIS_neurotransmitter; LIANA_consensus; SPIDER_internal; SpaCcLink; connectomeDB2020_lit; stCASE
IL23A,IL23R,8,COMMOT_CellChat; CellTalkDB; LARIS_neurotransmitter; LIANA_consensus; SPIDER_internal; SpaCcLink; connectomeDB2020_lit; stCASE
IL24,IL20RB,8,COMMOT_CellChat; CellTalkDB; LARIS_neurotransmitter; LIANA_consensus; SPIDER_internal; SpaCcLink; connectomeDB2020_lit; stCASE
IL24,IL22RA1,8,COMMOT_CellChat; CellTalkDB; LARIS_neurotransmitter; LIANA_consensus; SPIDER_internal; SpaCcLink; connectomeDB2020_lit; stCASE
IL25,IL17RB,8,COMMOT_CellChat; CellTalkDB; LARIS_neurotransmitter; LIANA_consensus; SPIDER_internal; SpaCcLink; connectomeDB2020_lit; stCASE
IL26,IL20RA,8,COMMOT_CellChat; CellTalkDB; LARIS_neurotransmitter; LIANA_consensus; SPIDER_internal; SpaCcLink; connectomeDB2020_lit; stCASE
IL27,IL27RA,8,COMMOT_CellChat; CellTalkDB; LARIS_neurotransmitter; LIANA_consensus; SPIDER_internal; SpaCcLink; connectomeDB2020_lit; stCASE
IL3,CSF2RB,8,COMMOT_CellChat; CellTalkDB; LARIS_neurotransmitter; LIANA_consensus; SPIDER_internal; SpaCcLink; connectomeDB2020_lit; stCASE
IL3,IL3RA,8,COMMOT_CellChat; CellTalkDB; LARIS_neurotransmitter; LIANA_consensus; SPIDER_internal; SpaCcLink; connectomeDB2020_lit; stCASE
IL31,OSMR,8,COMMOT_CellChat; CellTalkDB; LARIS_neurotransmitter; LIANA_consensus; SPIDER_internal; SpaCcLink; connectomeDB2020_lit; stCASE
IL33,IL1RL1,8,COMMOT_CellChat; CellTalkDB; LARIS_neurotransmitter; LIANA_consensus; SPIDER_internal; SpaCcLink; connectomeDB2020_lit; stCASE
IL34,CSF1R,8,COMMOT_CellChat; CellTalkDB; LARIS_neurotransmitter; LIANA_consensus; SPIDER_internal; SpaCcLink; connectomeDB2020_lit; stCASE
IL36A,IL1RL2,8,COMMOT_CellChat; CellTalkDB; LARIS_neurotransmitter; LIANA_consensus; SPIDER_internal; SpaCcLink; connectomeDB2020_lit; stCASE
IL4,IL13RA1,8,COMMOT_CellChat; CellTalkDB; LARIS_neurotransmitter; LIANA_consensus; SPIDER_internal; SpaCcLink; connectomeDB2020_lit; stCASE
IL4,IL13RA2,8,COMMOT_CellChat; CellTalkDB; LARIS_neurotransmitter; LIANA_consensus; SPIDER_internal; SpaCcLink; connectomeDB2020_lit; stCASE
IL4,IL2RG,8,COMMOT_CellChat; CellTalkDB; LARIS_neurotransmitter; LIANA_consensus; SPIDER_internal; SpaCcLink; connectomeDB2020_lit; stCASE
IL4,IL4R,8,COMMOT_CellChat; CellTalkDB; LARIS_neurotransmitter; LIANA_consensus; SPIDER_internal; SpaCcLink; connectomeDB2020_lit; stCASE
IL5,CSF2RB,8,COMMOT_CellChat; CellTalkDB; LARIS_neurotransmitter; LIANA_consensus; SPIDER_internal; SpaCcLink; connectomeDB2020_lit; stCASE
IL5,IL5RA,8,COMMOT_CellChat; CellTalkDB; LARIS_neurotransmitter; LIANA_consensus; SPIDER_internal; SpaCcLink; connectomeDB2020_lit; stCASE
IL6,IL6ST,8,COMMOT_CellChat; CellTalkDB; LARIS_neurotransmitter; LIANA_consensus; SPIDER_internal; SpaCcLink; connectomeDB2020_lit; stCASE
IL7,IL2RG,8,COMMOT_CellChat; CellTalkDB; LARIS_neurotransmitter; LIANA_consensus; SPIDER_internal; SpaCcLink; connectomeDB2020_lit; stCASE
IL7,IL7R,8,COMMOT_CellChat; CellTalkDB; LARIS_neurotransmitter; LIANA_consensus; SPIDER_internal; SpaCcLink; connectomeDB2020_lit; stCASE
IL9,IL2RG,8,COMMOT_CellChat; CellTalkDB; LARIS_neurotransmitter; LIANA_consensus; SPIDER_internal; SpaCcLink; connectomeDB2020_lit; stCASE
IL9,IL9R,8,COMMOT_CellChat; CellTalkDB; LARIS_neurotransmitter; LIANA_consensus; SPIDER_internal; SpaCcLink; connectomeDB2020_lit; stCASE
INHBA,ACVR2A,8,COMMOT_CellChat; CellTalkDB; LARIS_neurotransmitter; LIANA_consensus; SPIDER_internal; SpaCcLink; connectomeDB2020_lit; stCASE
INHBA,ACVR2B,8,COMMOT_CellChat; CellTalkDB; LARIS_neurotransmitter; LIANA_consensus; SPIDER_internal; SpaCcLink; connectomeDB2020_lit; stCASE
INHBB,ACVR2A,8,COMMOT_CellChat; CellTalkDB; LARIS_neurotransmitter; LIANA_consensus; SPIDER_internal; SpaCcLink; connectomeDB2020_lit; stCASE
INHBB,ACVR2B,8,COMMOT_CellChat; CellTalkDB; LARIS_neurotransmitter; LIANA_consensus; SPIDER_internal; SpaCcLink; connectomeDB2020_lit; stCASE
INHBC,ACVR2A,8,COMMOT_CellChat; CellTalkDB; LARIS_neurotransmitter; LIANA_consensus; SPIDER_internal; SpaCcLink; connectomeDB2020_lit; stCASE
INHBC,ACVR2B,8,COMMOT_CellChat; CellTalkDB; LARIS_neurotransmitter; LIANA_consensus; SPIDER_internal; SpaCcLink; connectomeDB2020_lit; stCASE
INS,INSR,8,COMMOT_CellChat; CellTalkDB; LARIS_neurotransmitter; LIANA_consensus; SPIDER_internal; SpaCcLink; connectomeDB2020_lit; stCASE
INSL3,RXFP2,8,COMMOT_CellChat; CellTalkDB; LARIS_neurotransmitter; LIANA_consensus; SPIDER_internal; SpaCcLink; connectomeDB2020_lit; stCASE
INSL5,RXFP3,8,COMMOT_CellChat; CellTalkDB; LARIS_neurotransmitter; LIANA_consensus; SPIDER_internal; SpaCcLink; connectomeDB2020_lit; stCASE
INSL5,RXFP4,8,COMMOT_CellChat; CellTalkDB; LARIS_neurotransmitter; LIANA_consensus; SPIDER_internal; SpaCcLink; connectomeDB2020_lit; stCASE
JAG1,NOTCH1,8,COMMOT_CellChat; CellTalkDB; LARIS_neurotransmitter; LIANA_consensus; SPIDER_internal; SpaCcLink; connectomeDB2020_lit; stCASE
JAG1,NOTCH2,8,COMMOT_CellChat; CellTalkDB; LARIS_neurotransmitter; LIANA_consensus; SPIDER_internal; SpaCcLink; connectomeDB2020_lit; stCASE
JAG1,NOTCH3,8,COMMOT_CellChat; CellTalkDB; LARIS_neurotransmitter; LIANA_consensus; SPIDER_internal; SpaCcLink; connectomeDB2020_lit; stCASE
JAG1,NOTCH4,8,COMMOT_CellChat; CellTalkDB; LARIS_neurotransmitter; LIANA_consensus; SPIDER_internal; SpaCcLink; connectomeDB2020_lit; stCASE
JAG2,NOTCH1,8,COMMOT_CellChat; CellTalkDB; LARIS_neurotransmitter; LIANA_consensus; SPIDER_internal; SpaCcLink; connectomeDB2020_lit; stCASE
JAG2,NOTCH2,8,COMMOT_CellChat; CellTalkDB; LARIS_neurotransmitter; LIANA_consensus; SPIDER_internal; SpaCcLink; connectomeDB2020_lit; stCASE
JAG2,NOTCH3,8,COMMOT_CellChat; CellTalkDB; LARIS_neurotransmitter; LIANA_consensus; SPIDER_internal; SpaCcLink; connectomeDB2020_lit; stCASE
JAG2,NOTCH4,8,COMMOT_CellChat; CellTalkDB; LARIS_neurotransmitter; LIANA_consensus; SPIDER_internal; SpaCcLink; connectomeDB2020_lit; stCASE
KISS1,KISS1R,8,COMMOT_CellChat; CellTalkDB; LARIS_neurotransmitter; LIANA_consensus; SPIDER_internal; SpaCcLink; connectomeDB2020_lit; stCASE
KITLG,KIT,8,COMMOT_CellChat; CellTalkDB; LARIS_neurotransmitter; LIANA_consensus; SPIDER_internal; SpaCcLink; connectomeDB2020_lit; stCASE
KNG1,BDKRB1,8,COMMOT_CellChat; CellTalkDB; LARIS_neurotransmitter; LIANA_consensus; SPIDER_internal; SpaCcLink; connectomeDB2020_lit; stCASE
KNG1,BDKRB2,8,COMMOT_CellChat; CellTalkDB; LARIS_neurotransmitter; LIANA_consensus; SPIDER_internal; SpaCcLink; connectomeDB2020_lit; stCASE
LAMA1,ITGA1,8,COMMOT_CellChat; CellTalkDB; LARIS_neurotransmitter; LIANA_consensus; SPIDER_internal; SpaCcLink; connectomeDB2020_lit; stCASE
LAMA1,ITGA2,8,COMMOT_CellChat; CellTalkDB; LARIS_neurotransmitter; LIANA_consensus; SPIDER_internal; SpaCcLink; connectomeDB2020_lit; stCASE
LAMA1,ITGA7,8,COMMOT_CellChat; CellTalkDB; LARIS_neurotransmitter; LIANA_consensus; SPIDER_internal; SpaCcLink; connectomeDB2020_lit; stCASE
LAMA1,ITGB1,8,COMMOT_CellChat; CellTalkDB; LARIS_neurotransmitter; LIANA_consensus; SPIDER_internal; SpaCcLink; connectomeDB2020_lit; stCASE
LAMA1,ITGB8,8,COMMOT_CellChat; CellTalkDB; LARIS_neurotransmitter; LIANA_consensus; SPIDER_internal; SpaCcLink; connectomeDB2020_lit; stCASE
LAMA2,ITGA7,8,COMMOT_CellChat; CellTalkDB; LARIS_neurotransmitter; LIANA_consensus; SPIDER_internal; SpaCcLink; connectomeDB2020_lit; stCASE
LAMA2,ITGB1,8,COMMOT_CellChat; CellTalkDB; LARIS_neurotransmitter; LIANA_consensus; SPIDER_internal; SpaCcLink; connectomeDB2020_lit; stCASE
LAMB1,ITGB1,8,COMMOT_CellChat; CellTalkDB; LARIS_neurotransmitter; LIANA_consensus; SPIDER_internal; SpaCcLink; connectomeDB2020_lit; stCASE
LAMC2,ITGA3,8,COMMOT_CellChat; CellTalkDB; LARIS_neurotransmitter; LIANA_consensus; SPIDER_internal; SpaCcLink; connectomeDB2020_lit; stCASE
LAMC2,ITGA6,8,COMMOT_CellChat; CellTalkDB; LARIS_neurotransmitter; LIANA_consensus; SPIDER_internal; SpaCcLink; connectomeDB2020_lit; stCASE
LAMC2,ITGB1,8,COMMOT_CellChat; CellTalkDB; LARIS_neurotransmitter; LIANA_consensus; SPIDER_internal; SpaCcLink; connectomeDB2020_lit; stCASE
LAMC2,ITGB4,8,COMMOT_CellChat; CellTalkDB; LARIS_neurotransmitter; LIANA_consensus; SPIDER_internal; SpaCcLink; connectomeDB2020_lit; stCASE
LEP,LEPR,8,COMMOT_CellChat; CellTalkDB; LARIS_neurotransmitter; LIANA_consensus; SPIDER_internal; SpaCcLink; connectomeDB2020_lit; stCASE
LGALS9,CD44,8,COMMOT_CellChat; CellTalkDB; LARIS_neurotransmitter; LIANA_consensus; SPIDER_internal; SpaCcLink; connectomeDB2020_lit; stCASE
LHB,LHCGR,8,COMMOT_CellChat; CellTalkDB; LARIS_neurotransmitter; LIANA_consensus; SPIDER_internal; SpaCcLink; connectomeDB2020_lit; stCASE
LIF,LIFR,8,COMMOT_CellChat; CellTalkDB; LARIS_neurotransmitter; LIANA_consensus; SPIDER_internal; SpaCcLink; connectomeDB2020_lit; stCASE
LTA,TNFRSF14,8,COMMOT_CellChat; CellTalkDB; LARIS_neurotransmitter; LIANA_consensus; SPIDER_internal; SpaCcLink; connectomeDB2020_lit; stCASE
LTA,TNFRSF1A,8,COMMOT_CellChat; CellTalkDB; LARIS_neurotransmitter; LIANA_consensus; SPIDER_internal; SpaCcLink; connectomeDB2020_lit; stCASE
LTA,TNFRSF1B,8,COMMOT_CellChat; CellTalkDB; LARIS_neurotransmitter; LIANA_consensus; SPIDER_internal; SpaCcLink; connectomeDB2020_lit; stCASE
MADCAM1,ITGB7,8,COMMOT_CellChat; CellTalkDB; LARIS_neurotransmitter; LIANA_consensus; SPIDER_internal; SpaCcLink; connectomeDB2020_lit; stCASE
MDK,ALK,8,COMMOT_CellChat; CellTalkDB; LARIS_neurotransmitter; LIANA_consensus; SPIDER_internal; SpaCcLink; connectomeDB2020_lit; stCASE
MDK,ITGA6,8,COMMOT_CellChat; CellTalkDB; LARIS_neurotransmitter; LIANA_consensus; SPIDER_internal; SpaCcLink; connectomeDB2020_lit; stCASE
MDK,ITGB1,8,COMMOT_CellChat; CellTalkDB; LARIS_neurotransmitter; LIANA_consensus; SPIDER_internal; SpaCcLink; connectomeDB2020_lit; stCASE
MDK,LRP1,8,COMMOT_CellChat; CellTalkDB; LARIS_neurotransmitter; LIANA_consensus; SPIDER_internal; SpaCcLink; connectomeDB2020_lit; stCASE
MDK,PTPRZ1,8,COMMOT_CellChat; CellTalkDB; LARIS_neurotransmitter; LIANA_consensus; SPIDER_internal; SpaCcLink; connectomeDB2020_lit; stCASE
MDK,SDC1,8,COMMOT_CellChat; CellTalkDB; LARIS_neurotransmitter; LIANA_consensus; SPIDER_internal; SpaCcLink; connectomeDB2020_lit; stCASE
MDK,SDC4,8,COMMOT_CellChat; CellTalkDB; LARIS_neurotransmitter; LIANA_consensus; SPIDER_internal; SpaCcLink; connectomeDB2020_lit; stCASE
MIF,CD74,8,COMMOT_CellChat; CellTalkDB; LARIS_neurotransmitter; LIANA_consensus; SPIDER_internal; SpaCcLink; connectomeDB2020_lit; stCASE
MIF,CXCR2,8,COMMOT_CellChat; CellTalkDB; LARIS_neurotransmitter; LIANA_consensus; SPIDER_internal; SpaCcLink; connectomeDB2020_lit; stCASE
MIF,CXCR4,8,COMMOT_CellChat; CellTalkDB; LARIS_neurotransmitter; LIANA_consensus; SPIDER_internal; SpaCcLink; connectomeDB2020_lit; stCASE
MSTN,ACVR2B,8,COMMOT_CellChat; CellTalkDB; LARIS_neurotransmitter; LIANA_consensus; SPIDER_internal; SpaCcLink; connectomeDB2020_lit; stCASE
NCAM1,FGFR1,8,COMMOT_CellChat; CellTalkDB; LARIS_neurotransmitter; LIANA_consensus; SPIDER_internal; SpaCcLink; connectomeDB2020_lit; stCASE
NGF,NGFR,8,COMMOT_CellChat; CellTalkDB; LARIS_neurotransmitter; LIANA_consensus; SPIDER_internal; SpaCcLink; connectomeDB2020_lit; stCASE
NGF,NTRK1,8,COMMOT_CellChat; CellTalkDB; LARIS_neurotransmitter; LIANA_consensus; SPIDER_internal; SpaCcLink; connectomeDB2020_lit; stCASE
NMB,NMBR,8,COMMOT_CellChat; CellTalkDB; LARIS_neurotransmitter; LIANA_consensus; SPIDER_internal; SpaCcLink; connectomeDB2020_lit; stCASE
NMS,NMUR1,8,COMMOT_CellChat; CellTalkDB; LARIS_neurotransmitter; LIANA_consensus; SPIDER_internal; SpaCcLink; connectomeDB2020_lit; stCASE
NMS,NMUR2,8,COMMOT_CellChat; CellTalkDB; LARIS_neurotransmitter; LIANA_consensus; SPIDER_internal; SpaCcLink; connectomeDB2020_lit; stCASE
NMU,NMUR1,8,COMMOT_CellChat; CellTalkDB; LARIS_neurotransmitter; LIANA_consensus; SPIDER_internal; SpaCcLink; connectomeDB2020_lit; stCASE
NMU,NMUR2,8,COMMOT_CellChat; CellTalkDB; LARIS_neurotransmitter; LIANA_consensus; SPIDER_internal; SpaCcLink; connectomeDB2020_lit; stCASE
NODAL,ACVR2A,8,COMMOT_CellChat; CellTalkDB; LARIS_neurotransmitter; LIANA_consensus; SPIDER_internal; SpaCcLink; connectomeDB2020_lit; stCASE
NODAL,ACVR2B,8,COMMOT_CellChat; CellTalkDB; LARIS_neurotransmitter; LIANA_consensus; SPIDER_internal; SpaCcLink; connectomeDB2020_lit; stCASE
NPB,NPBWR1,8,COMMOT_CellChat; CellTalkDB; LARIS_neurotransmitter; LIANA_consensus; SPIDER_internal; SpaCcLink; connectomeDB2020_lit; stCASE
NPFF,NPFFR1,8,COMMOT_CellChat; CellTalkDB; LARIS_neurotransmitter; LIANA_consensus; SPIDER_internal; SpaCcLink; connectomeDB2020_lit; stCASE
NPFF,NPFFR2,8,COMMOT_CellChat; CellTalkDB; LARIS_neurotransmitter; LIANA_consensus; SPIDER_internal; SpaCcLink; connectomeDB2020_lit; stCASE
NPPA,NPR1,8,COMMOT_CellChat; CellTalkDB; LARIS_neurotransmitter; LIANA_consensus; SPIDER_internal; SpaCcLink; connectomeDB2020_lit; stCASE
NPPB,NPR1,8,COMMOT_CellChat; CellTalkDB; LARIS_neurotransmitter; LIANA_consensus; SPIDER_internal; SpaCcLink; connectomeDB2020_lit; stCASE
NPPC,NPR2,8,COMMOT_CellChat; CellTalkDB; LARIS_neurotransmitter; LIANA_consensus; SPIDER_internal; SpaCcLink; connectomeDB2020_lit; stCASE
NPS,NPSR1,8,COMMOT_CellChat; CellTalkDB; LARIS_neurotransmitter; LIANA_consensus; SPIDER_internal; SpaCcLink; connectomeDB2020_lit; stCASE
NPVF,NPFFR1,8,COMMOT_CellChat; CellTalkDB; LARIS_neurotransmitter; LIANA_consensus; SPIDER_internal; SpaCcLink; connectomeDB2020_lit; stCASE
NPVF,NPFFR2,8,COMMOT_CellChat; CellTalkDB; LARIS_neurotransmitter; LIANA_consensus; SPIDER_internal; SpaCcLink; connectomeDB2020_lit; stCASE
NPW,NPBWR1,8,COMMOT_CellChat; CellTalkDB; LARIS_neurotransmitter; LIANA_consensus; SPIDER_internal; SpaCcLink; connectomeDB2020_lit; stCASE
NPY,NPY1R,8,COMMOT_CellChat; CellTalkDB; LARIS_neurotransmitter; LIANA_consensus; SPIDER_internal; SpaCcLink; connectomeDB2020_lit; stCASE
NPY,NPY2R,8,COMMOT_CellChat; CellTalkDB; LARIS_neurotransmitter; LIANA_consensus; SPIDER_internal; SpaCcLink; connectomeDB2020_lit; stCASE
NPY,NPY4R,8,COMMOT_CellChat; CellTalkDB; LARIS_neurotransmitter; LIANA_consensus; SPIDER_internal; SpaCcLink; connectomeDB2020_lit; stCASE
NPY,NPY5R,8,COMMOT_CellChat; CellTalkDB; LARIS_neurotransmitter; LIANA_consensus; SPIDER_internal; SpaCcLink; connectomeDB2020_lit; stCASE
NRG1,ERBB3,8,COMMOT_CellChat; CellTalkDB; LARIS_neurotransmitter; LIANA_consensus; SPIDER_internal; SpaCcLink; connectomeDB2020_lit; stCASE
NRG1,ERBB4,8,COMMOT_CellChat; CellTalkDB; LARIS_neurotransmitter; LIANA_consensus; SPIDER_internal; SpaCcLink; connectomeDB2020_lit; stCASE
NRG2,ERBB3,8,COMMOT_CellChat; CellTalkDB; LARIS_neurotransmitter; LIANA_consensus; SPIDER_internal; SpaCcLink; connectomeDB2020_lit; stCASE
NRG2,ERBB4,8,COMMOT_CellChat; CellTalkDB; LARIS_neurotransmitter; LIANA_consensus; SPIDER_internal; SpaCcLink; connectomeDB2020_lit; stCASE
NRG3,ERBB4,8,COMMOT_CellChat; CellTalkDB; LARIS_neurotransmitter; LIANA_consensus; SPIDER_internal; SpaCcLink; connectomeDB2020_lit; stCASE
NRG4,ERBB4,8,COMMOT_CellChat; CellTalkDB; LARIS_neurotransmitter; LIANA_consensus; SPIDER_internal; SpaCcLink; connectomeDB2020_lit; stCASE
NRTN,RET,8,COMMOT_CellChat; CellTalkDB; LARIS_neurotransmitter; LIANA_consensus; SPIDER_internal; SpaCcLink; connectomeDB2020_lit; stCASE
NTF3,NTRK1,8,COMMOT_CellChat; CellTalkDB; LARIS_neurotransmitter; LIANA_consensus; SPIDER_internal; SpaCcLink; connectomeDB2020_lit; stCASE
NTF3,NTRK2,8,COMMOT_CellChat; CellTalkDB; LARIS_neurotransmitter; LIANA_consensus; SPIDER_internal; SpaCcLink; connectomeDB2020_lit; stCASE
NTF3,NTRK3,8,COMMOT_CellChat; CellTalkDB; LARIS_neurotransmitter; LIANA_consensus; SPIDER_internal; SpaCcLink; connectomeDB2020_lit; stCASE
NTF4,NTRK2,8,COMMOT_CellChat; CellTalkDB; LARIS_neurotransmitter; LIANA_consensus; SPIDER_internal; SpaCcLink; connectomeDB2020_lit; stCASE
NTS,NTSR1,8,COMMOT_CellChat; CellTalkDB; LARIS_neurotransmitter; LIANA_consensus; SPIDER_internal; SpaCcLink; connectomeDB2020_lit; stCASE
NTS,NTSR2,8,COMMOT_CellChat; CellTalkDB; LARIS_neurotransmitter; LIANA_consensus; SPIDER_internal; SpaCcLink; connectomeDB2020_lit; stCASE
OSM,LIFR,8,COMMOT_CellChat; CellTalkDB; LARIS_neurotransmitter; LIANA_consensus; SPIDER_internal; SpaCcLink; connectomeDB2020_lit; stCASE
OSM,OSMR,8,COMMOT_CellChat; CellTalkDB; LARIS_neurotransmitter; LIANA_consensus; SPIDER_internal; SpaCcLink; connectomeDB2020_lit; stCASE
OXT,OXTR,8,COMMOT_CellChat; CellTalkDB; LARIS_neurotransmitter; LIANA_consensus; SPIDER_internal; SpaCcLink; connectomeDB2020_lit; stCASE
PDCD1LG2,PDCD1,8,COMMOT_CellChat; CellTalkDB; LARIS_neurotransmitter; LIANA_consensus; SPIDER_internal; SpaCcLink; connectomeDB2020_lit; stCASE
PDGFA,PDGFRA,8,COMMOT_CellChat; CellTalkDB; LARIS_neurotransmitter; LIANA_consensus; SPIDER_internal; SpaCcLink; connectomeDB2020_lit; stCASE
PDGFB,PDGFRA,8,COMMOT_CellChat; CellTalkDB; LARIS_neurotransmitter; LIANA_consensus; SPIDER_internal; SpaCcLink; connectomeDB2020_lit; stCASE
PDGFB,PDGFRB,8,COMMOT_CellChat; CellTalkDB; LARIS_neurotransmitter; LIANA_consensus; SPIDER_internal; SpaCcLink; connectomeDB2020_lit; stCASE
PDGFC,PDGFRA,8,COMMOT_CellChat; CellTalkDB; LARIS_neurotransmitter; LIANA_consensus; SPIDER_internal; SpaCcLink; connectomeDB2020_lit; stCASE
PDGFD,PDGFRB,8,COMMOT_CellChat; CellTalkDB; LARIS_neurotransmitter; LIANA_consensus; SPIDER_internal; SpaCcLink; connectomeDB2020_lit; stCASE
PDYN,OPRD1,8,COMMOT_CellChat; CellTalkDB; LARIS_neurotransmitter; LIANA_consensus; SPIDER_internal; SpaCcLink; connectomeDB2020_lit; stCASE
PDYN,OPRK1,8,COMMOT_CellChat; CellTalkDB; LARIS_neurotransmitter; LIANA_consensus; SPIDER_internal; SpaCcLink; connectomeDB2020_lit; stCASE
PDYN,OPRM1,8,COMMOT_CellChat; CellTalkDB; LARIS_neurotransmitter; LIANA_consensus; SPIDER_internal; SpaCcLink; connectomeDB2020_lit; stCASE
PENK,OPRD1,8,COMMOT_CellChat; CellTalkDB; LARIS_neurotransmitter; LIANA_consensus; SPIDER_internal; SpaCcLink; connectomeDB2020_lit; stCASE
PENK,OPRM1,8,COMMOT_CellChat; CellTalkDB; LARIS_neurotransmitter; LIANA_consensus; SPIDER_internal; SpaCcLink; connectomeDB2020_lit; stCASE
PF4,CXCR3,8,COMMOT_CellChat; CellTalkDB; LARIS_neurotransmitter; LIANA_consensus; SPIDER_internal; SpaCcLink; connectomeDB2020_lit; stCASE
PGF,FLT1,8,COMMOT_CellChat; CellTalkDB; LARIS_neurotransmitter; LIANA_consensus; SPIDER_internal; SpaCcLink; connectomeDB2020_lit; stCASE
PLG,F2R,8,COMMOT_CellChat; CellTalkDB; LARIS_neurotransmitter; LIANA_consensus; SPIDER_internal; SpaCcLink; connectomeDB2020_lit; stCASE
PLG,F2RL1,8,COMMOT_CellChat; CellTalkDB; LARIS_neurotransmitter; LIANA_consensus; SPIDER_internal; SpaCcLink; connectomeDB2020_lit; stCASE
PMCH,MCHR1,8,COMMOT_CellChat; CellTalkDB; LARIS_neurotransmitter; LIANA_consensus; SPIDER_internal; SpaCcLink; connectomeDB2020_lit; stCASE
POMC,MC1R,8,COMMOT_CellChat; CellTalkDB; LARIS_neurotransmitter; LIANA_consensus; SPIDER_internal; SpaCcLink; connectomeDB2020_lit; stCASE
POMC,MC2R,8,COMMOT_CellChat; CellTalkDB; LARIS_neurotransmitter; LIANA_consensus; SPIDER_internal; SpaCcLink; connectomeDB2020_lit; stCASE
POMC,MC3R,8,COMMOT_CellChat; CellTalkDB; LARIS_neurotransmitter; LIANA_consensus; SPIDER_internal; SpaCcLink; connectomeDB2020_lit; stCASE
POMC,MC4R,8,COMMOT_CellChat; CellTalkDB; LARIS_neurotransmitter; LIANA_consensus; SPIDER_internal; SpaCcLink; connectomeDB2020_lit; stCASE
POMC,MC5R,8,COMMOT_CellChat; CellTalkDB; LARIS_neurotransmitter; LIANA_consensus; SPIDER_internal; SpaCcLink; connectomeDB2020_lit; stCASE
POMC,OPRD1,8,COMMOT_CellChat; CellTalkDB; LARIS_neurotransmitter; LIANA_consensus; SPIDER_internal; SpaCcLink; connectomeDB2020_lit; stCASE
POMC,OPRK1,8,COMMOT_CellChat; CellTalkDB; LARIS_neurotransmitter; LIANA_consensus; SPIDER_internal; SpaCcLink; connectomeDB2020_lit; stCASE
POMC,OPRM1,8,COMMOT_CellChat; CellTalkDB; LARIS_neurotransmitter; LIANA_consensus; SPIDER_internal; SpaCcLink; connectomeDB2020_lit; stCASE
PPBP,CXCR2,8,COMMOT_CellChat; CellTalkDB; LARIS_neurotransmitter; LIANA_consensus; SPIDER_internal; SpaCcLink; connectomeDB2020_lit; stCASE
PPY,NPY4R,8,COMMOT_CellChat; CellTalkDB; LARIS_neurotransmitter; LIANA_consensus; SPIDER_internal; SpaCcLink; connectomeDB2020_lit; stCASE
PPY,NPY5R,8,COMMOT_CellChat; CellTalkDB; LARIS_neurotransmitter; LIANA_consensus; SPIDER_internal; SpaCcLink; connectomeDB2020_lit; stCASE
PRL,PRLR,8,COMMOT_CellChat; CellTalkDB; LARIS_neurotransmitter; LIANA_consensus; SPIDER_internal; SpaCcLink; connectomeDB2020_lit; stCASE
PROK1,PROKR1,8,COMMOT_CellChat; CellTalkDB; LARIS_neurotransmitter; LIANA_consensus; SPIDER_internal; SpaCcLink; connectomeDB2020_lit; stCASE
PROK1,PROKR2,8,COMMOT_CellChat; CellTalkDB; LARIS_neurotransmitter; LIANA_consensus; SPIDER_internal; SpaCcLink; connectomeDB2020_lit; stCASE
PROK2,PROKR1,8,COMMOT_CellChat; CellTalkDB; LARIS_neurotransmitter; LIANA_consensus; SPIDER_internal; SpaCcLink; connectomeDB2020_lit; stCASE
PROK2,PROKR2,8,COMMOT_CellChat; CellTalkDB; LARIS_neurotransmitter; LIANA_consensus; SPIDER_internal; SpaCcLink; connectomeDB2020_lit; stCASE
PROS1,AXL,8,COMMOT_CellChat; CellTalkDB; LARIS_neurotransmitter; LIANA_consensus; SPIDER_internal; SpaCcLink; connectomeDB2020_lit; stCASE
PSAP,GPR37,8,COMMOT_CellChat; CellTalkDB; LARIS_neurotransmitter; LIANA_consensus; SPIDER_internal; SpaCcLink; connectomeDB2020_lit; stCASE
PSAP,GPR37L1,8,COMMOT_CellChat; CellTalkDB; LARIS_neurotransmitter; LIANA_consensus; SPIDER_internal; SpaCcLink; connectomeDB2020_lit; stCASE
PSPN,RET,8,COMMOT_CellChat; CellTalkDB; LARIS_neurotransmitter; LIANA_consensus; SPIDER_internal; SpaCcLink; connectomeDB2020_lit; stCASE
PTH,PTH1R,8,COMMOT_CellChat; CellTalkDB; LARIS_neurotransmitter; LIANA_consensus; SPIDER_internal; SpaCcLink; connectomeDB2020_lit; stCASE
PTH,PTH2R,8,COMMOT_CellChat; CellTalkDB; LARIS_neurotransmitter; LIANA_consensus; SPIDER_internal; SpaCcLink; connectomeDB2020_lit; stCASE
PTH2,PTH1R,8,COMMOT_CellChat; CellTalkDB; LARIS_neurotransmitter; LIANA_consensus; SPIDER_internal; SpaCcLink; connectomeDB2020_lit; stCASE
PTH2,PTH2R,8,COMMOT_CellChat; CellTalkDB; LARIS_neurotransmitter; LIANA_consensus; SPIDER_internal; SpaCcLink; connectomeDB2020_lit; stCASE
PTHLH,PTH1R,8,COMMOT_CellChat; CellTalkDB; LARIS_neurotransmitter; LIANA_consensus; SPIDER_internal; SpaCcLink; connectomeDB2020_lit; stCASE
PTN,ALK,8,COMMOT_CellChat; CellTalkDB; LARIS_neurotransmitter; LIANA_consensus; SPIDER_internal; SpaCcLink; connectomeDB2020_lit; stCASE
PTN,PTPRZ1,8,COMMOT_CellChat; CellTalkDB; LARIS_neurotransmitter; LIANA_consensus; SPIDER_internal; SpaCcLink; connectomeDB2020_lit; stCASE
PTN,SDC3,8,COMMOT_CellChat; CellTalkDB; LARIS_neurotransmitter; LIANA_consensus; SPIDER_internal; SpaCcLink; connectomeDB2020_lit; stCASE
PYY,NPY1R,8,COMMOT_CellChat; CellTalkDB; LARIS_neurotransmitter; LIANA_consensus; SPIDER_internal; SpaCcLink; connectomeDB2020_lit; stCASE
PYY,NPY2R,8,COMMOT_CellChat; CellTalkDB; LARIS_neurotransmitter; LIANA_consensus; SPIDER_internal; SpaCcLink; connectomeDB2020_lit; stCASE
PYY,NPY4R,8,COMMOT_CellChat; CellTalkDB; LARIS_neurotransmitter; LIANA_consensus; SPIDER_internal; SpaCcLink; connectomeDB2020_lit; stCASE
PYY,NPY5R,8,COMMOT_CellChat; CellTalkDB; LARIS_neurotransmitter; LIANA_consensus; SPIDER_internal; SpaCcLink; connectomeDB2020_lit; stCASE
QRFP,QRFPR,8,COMMOT_CellChat; CellTalkDB; LARIS_neurotransmitter; LIANA_consensus; SPIDER_internal; SpaCcLink; connectomeDB2020_lit; stCASE
RAET1E,KLRK1,8,COMMOT_CellChat; CellTalkDB; LARIS_neurotransmitter; LIANA_consensus; SPIDER_internal; SpaCcLink; connectomeDB2020_lit; stCASE
RAET1G,KLRK1,8,COMMOT_CellChat; CellTalkDB; LARIS_neurotransmitter; LIANA_consensus; SPIDER_internal; SpaCcLink; connectomeDB2020_lit; stCASE
RELN,ITGB1,8,COMMOT_CellChat; CellTalkDB; LARIS_neurotransmitter; LIANA_consensus; SPIDER_internal; SpaCcLink; connectomeDB2020_lit; stCASE
RLN1,RXFP1,8,COMMOT_CellChat; CellTalkDB; LARIS_neurotransmitter; LIANA_consensus; SPIDER_internal; SpaCcLink; connectomeDB2020_lit; stCASE
RLN1,RXFP2,8,COMMOT_CellChat; CellTalkDB; LARIS_neurotransmitter; LIANA_consensus; SPIDER_internal; SpaCcLink; connectomeDB2020_lit; stCASE
RLN3,RXFP1,8,COMMOT_CellChat; CellTalkDB; LARIS_neurotransmitter; LIANA_consensus; SPIDER_internal; SpaCcLink; connectomeDB2020_lit; stCASE
RLN3,RXFP2,8,COMMOT_CellChat; CellTalkDB; LARIS_neurotransmitter; LIANA_consensus; SPIDER_internal; SpaCcLink; connectomeDB2020_lit; stCASE
RLN3,RXFP3,8,COMMOT_CellChat; CellTalkDB; LARIS_neurotransmitter; LIANA_consensus; SPIDER_internal; SpaCcLink; connectomeDB2020_lit; stCASE
RLN3,RXFP4,8,COMMOT_CellChat; CellTalkDB; LARIS_neurotransmitter; LIANA_consensus; SPIDER_internal; SpaCcLink; connectomeDB2020_lit; stCASE
SAA1,FPR2,8,COMMOT_CellChat; CellTalkDB; LARIS_neurotransmitter; LIANA_consensus; SPIDER_internal; SpaCcLink; connectomeDB2020_lit; stCASE
SCT,SCTR,8,COMMOT_CellChat; CellTalkDB; LARIS_neurotransmitter; LIANA_consensus; SPIDER_internal; SpaCcLink; connectomeDB2020_lit; stCASE
SELPLG,SELL,8,COMMOT_CellChat; CellTalkDB; LARIS_neurotransmitter; LIANA_consensus; SPIDER_internal; SpaCcLink; connectomeDB2020_lit; stCASE
SEMA3A,PLXNA1,8,COMMOT_CellChat; CellTalkDB; LARIS_neurotransmitter; LIANA_consensus; SPIDER_internal; SpaCcLink; connectomeDB2020_lit; stCASE
SEMA3A,PLXNA2,8,COMMOT_CellChat; CellTalkDB; LARIS_neurotransmitter; LIANA_consensus; SPIDER_internal; SpaCcLink; connectomeDB2020_lit; stCASE
SEMA3A,PLXNA4,8,COMMOT_CellChat; CellTalkDB; LARIS_neurotransmitter; LIANA_consensus; SPIDER_internal; SpaCcLink; connectomeDB2020_lit; stCASE
SEMA3C,NRP1,8,COMMOT_CellChat; CellTalkDB; LARIS_neurotransmitter; LIANA_consensus; SPIDER_internal; SpaCcLink; connectomeDB2020_lit; stCASE
SEMA3C,NRP2,8,COMMOT_CellChat; CellTalkDB; LARIS_neurotransmitter; LIANA_consensus; SPIDER_internal; SpaCcLink; connectomeDB2020_lit; stCASE
SEMA3C,PLXND1,8,COMMOT_CellChat; CellTalkDB; LARIS_neurotransmitter; LIANA_consensus; SPIDER_internal; SpaCcLink; connectomeDB2020_lit; stCASE
SEMA3D,NRP1,8,COMMOT_CellChat; CellTalkDB; LARIS_neurotransmitter; LIANA_consensus; SPIDER_internal; SpaCcLink; connectomeDB2020_lit; stCASE
SEMA3E,PLXND1,8,COMMOT_CellChat; CellTalkDB; LARIS_neurotransmitter; LIANA_consensus; SPIDER_internal; SpaCcLink; connectomeDB2020_lit; stCASE
SEMA3F,PLXNA3,8,COMMOT_CellChat; CellTalkDB; LARIS_neurotransmitter; LIANA_consensus; SPIDER_internal; SpaCcLink; connectomeDB2020_lit; stCASE
SEMA4A,PLXNB1,8,COMMOT_CellChat; CellTalkDB; LARIS_neurotransmitter; LIANA_consensus; SPIDER_internal; SpaCcLink; connectomeDB2020_lit; stCASE
SEMA4A,PLXNB2,8,COMMOT_CellChat; CellTalkDB; LARIS_neurotransmitter; LIANA_consensus; SPIDER_internal; SpaCcLink; connectomeDB2020_lit; stCASE
SEMA4C,PLXNB2,8,COMMOT_CellChat; CellTalkDB; LARIS_neurotransmitter; LIANA_consensus; SPIDER_internal; SpaCcLink; connectomeDB2020_lit; stCASE
SEMA4D,PLXNB1,8,COMMOT_CellChat; CellTalkDB; LARIS_neurotransmitter; LIANA_consensus; SPIDER_internal; SpaCcLink; connectomeDB2020_lit; stCASE
SEMA4D,PLXNB2,8,COMMOT_CellChat; CellTalkDB; LARIS_neurotransmitter; LIANA_consensus; SPIDER_internal; SpaCcLink; connectomeDB2020_lit; stCASE
SEMA4G,PLXNB2,8,COMMOT_CellChat; CellTalkDB; LARIS_neurotransmitter; LIANA_consensus; SPIDER_internal; SpaCcLink; connectomeDB2020_lit; stCASE
SEMA5A,PLXNB3,8,COMMOT_CellChat; CellTalkDB; LARIS_neurotransmitter; LIANA_consensus; SPIDER_internal; SpaCcLink; connectomeDB2020_lit; stCASE
SEMA6A,PLXNA2,8,COMMOT_CellChat; CellTalkDB; LARIS_neurotransmitter; LIANA_consensus; SPIDER_internal; SpaCcLink; connectomeDB2020_lit; stCASE
SEMA6A,PLXNA4,8,COMMOT_CellChat; CellTalkDB; LARIS_neurotransmitter; LIANA_consensus; SPIDER_internal; SpaCcLink; connectomeDB2020_lit; stCASE
SEMA6D,PLXNA1,8,COMMOT_CellChat; CellTalkDB; LARIS_neurotransmitter; LIANA_consensus; SPIDER_internal; SpaCcLink; connectomeDB2020_lit; stCASE
SEMA6D,TREM2,8,COMMOT_CellChat; CellTalkDB; LARIS_neurotransmitter; LIANA_consensus; SPIDER_internal; SpaCcLink; connectomeDB2020_lit; stCASE
SEMA6D,TYROBP,8,COMMOT_CellChat; CellTalkDB; LARIS_neurotransmitter; LIANA_consensus; SPIDER_internal; SpaCcLink; connectomeDB2020_lit; stCASE
SEMA7A,ITGA1,8,COMMOT_CellChat; CellTalkDB; LARIS_neurotransmitter; LIANA_consensus; SPIDER_internal; SpaCcLink; connectomeDB2020_lit; stCASE
SHH,SMO,8,COMMOT_CellChat; CellTalkDB; LARIS_neurotransmitter; LIANA_consensus; SPIDER_internal; SpaCcLink; connectomeDB2020_lit; stCASE
SLURP1,CHRNA7,8,COMMOT_CellChat; CellTalkDB; LARIS_neurotransmitter; LIANA_consensus; SPIDER_internal; SpaCcLink; connectomeDB2020_lit; stCASE
SPP1,CD44,8,COMMOT_CellChat; CellTalkDB; LARIS_neurotransmitter; LIANA_consensus; SPIDER_internal; SpaCcLink; connectomeDB2020_lit; stCASE
SPP1,ITGB1,8,COMMOT_CellChat; CellTalkDB; LARIS_neurotransmitter; LIANA_consensus; SPIDER_internal; SpaCcLink; connectomeDB2020_lit; stCASE
SPP1,ITGB3,8,COMMOT_CellChat; CellTalkDB; LARIS_neurotransmitter; LIANA_consensus; SPIDER_internal; SpaCcLink; connectomeDB2020_lit; stCASE
SPP1,ITGB5,8,COMMOT_CellChat; CellTalkDB; LARIS_neurotransmitter; LIANA_consensus; SPIDER_internal; SpaCcLink; connectomeDB2020_lit; stCASE
SST,SSTR1,8,COMMOT_CellChat; CellTalkDB; LARIS_neurotransmitter; LIANA_consensus; SPIDER_internal; SpaCcLink; connectomeDB2020_lit; stCASE
SST,SSTR2,8,COMMOT_CellChat; CellTalkDB; LARIS_neurotransmitter; LIANA_consensus; SPIDER_internal; SpaCcLink; connectomeDB2020_lit; stCASE
SST,SSTR3,8,COMMOT_CellChat; CellTalkDB; LARIS_neurotransmitter; LIANA_consensus; SPIDER_internal; SpaCcLink; connectomeDB2020_lit; stCASE
SST,SSTR4,8,COMMOT_CellChat; CellTalkDB; LARIS_neurotransmitter; LIANA_consensus; SPIDER_internal; SpaCcLink; connectomeDB2020_lit; stCASE
SST,SSTR5,8,COMMOT_CellChat; CellTalkDB; LARIS_neurotransmitter; LIANA_consensus; SPIDER_internal; SpaCcLink; connectomeDB2020_lit; stCASE
TAC1,TACR1,8,COMMOT_CellChat; CellTalkDB; LARIS_neurotransmitter; LIANA_consensus; SPIDER_internal; SpaCcLink; connectomeDB2020_lit; stCASE
TAC1,TACR2,8,COMMOT_CellChat; CellTalkDB; LARIS_neurotransmitter; LIANA_consensus; SPIDER_internal; SpaCcLink; connectomeDB2020_lit; stCASE
TAC3,TACR3,8,COMMOT_CellChat; CellTalkDB; LARIS_neurotransmitter; LIANA_consensus; SPIDER_internal; SpaCcLink; connectomeDB2020_lit; stCASE
TAC4,TACR1,8,COMMOT_CellChat; CellTalkDB; LARIS_neurotransmitter; LIANA_consensus; SPIDER_internal; SpaCcLink; connectomeDB2020_lit; stCASE
TGFA,EGFR,8,COMMOT_CellChat; CellTalkDB; LARIS_neurotransmitter; LIANA_consensus; SPIDER_internal; SpaCcLink; connectomeDB2020_lit; stCASE
TGFA,ERBB2,8,COMMOT_CellChat; CellTalkDB; LARIS_neurotransmitter; LIANA_consensus; SPIDER_internal; SpaCcLink; connectomeDB2020_lit; stCASE
TGFB1,TGFBR2,8,COMMOT_CellChat; CellTalkDB; LARIS_neurotransmitter; LIANA_consensus; SPIDER_internal; SpaCcLink; connectomeDB2020_lit; stCASE
TGFB2,TGFBR2,8,COMMOT_CellChat; CellTalkDB; LARIS_neurotransmitter; LIANA_consensus; SPIDER_internal; SpaCcLink; connectomeDB2020_lit; stCASE
TGFB3,TGFBR1,8,COMMOT_CellChat; CellTalkDB; LARIS_neurotransmitter; LIANA_consensus; SPIDER_internal; SpaCcLink; connectomeDB2020_lit; stCASE
TGFB3,TGFBR2,8,COMMOT_CellChat; CellTalkDB; LARIS_neurotransmitter; LIANA_consensus; SPIDER_internal; SpaCcLink; connectomeDB2020_lit; stCASE
THBS1,CD36,8,COMMOT_CellChat; CellTalkDB; LARIS_neurotransmitter; LIANA_consensus; SPIDER_internal; SpaCcLink; connectomeDB2020_lit; stCASE
THBS1,CD47,8,COMMOT_CellChat; CellTalkDB; LARIS_neurotransmitter; LIANA_consensus; SPIDER_internal; SpaCcLink; connectomeDB2020_lit; stCASE
THBS1,ITGA3,8,COMMOT_CellChat; CellTalkDB; LARIS_neurotransmitter; LIANA_consensus; SPIDER_internal; SpaCcLink; connectomeDB2020_lit; stCASE
THBS1,ITGB1,8,COMMOT_CellChat; CellTalkDB; LARIS_neurotransmitter; LIANA_consensus; SPIDER_internal; SpaCcLink; connectomeDB2020_lit; stCASE
THBS1,ITGB3,8,COMMOT_CellChat; CellTalkDB; LARIS_neurotransmitter; LIANA_consensus; SPIDER_internal; SpaCcLink; connectomeDB2020_lit; stCASE
THBS1,SDC1,8,COMMOT_CellChat; CellTalkDB; LARIS_neurotransmitter; LIANA_consensus; SPIDER_internal; SpaCcLink; connectomeDB2020_lit; stCASE
THBS1,SDC4,8,COMMOT_CellChat; CellTalkDB; LARIS_neurotransmitter; LIANA_consensus; SPIDER_internal; SpaCcLink; connectomeDB2020_lit; stCASE
THBS2,CD47,8,COMMOT_CellChat; CellTalkDB; LARIS_neurotransmitter; LIANA_consensus; SPIDER_internal; SpaCcLink; connectomeDB2020_lit; stCASE
THBS2,ITGB1,8,COMMOT_CellChat; CellTalkDB; LARIS_neurotransmitter; LIANA_consensus; SPIDER_internal; SpaCcLink; connectomeDB2020_lit; stCASE
THPO,MPL,8,COMMOT_CellChat; CellTalkDB; LARIS_neurotransmitter; LIANA_consensus; SPIDER_internal; SpaCcLink; connectomeDB2020_lit; stCASE
TNC,ITGAV,8,COMMOT_CellChat; CellTalkDB; LARIS_neurotransmitter; LIANA_consensus; SPIDER_internal; SpaCcLink; connectomeDB2020_lit; stCASE
TNC,ITGB1,8,COMMOT_CellChat; CellTalkDB; LARIS_neurotransmitter; LIANA_consensus; SPIDER_internal; SpaCcLink; connectomeDB2020_lit; stCASE
TNC,ITGB3,8,COMMOT_CellChat; CellTalkDB; LARIS_neurotransmitter; LIANA_consensus; SPIDER_internal; SpaCcLink; connectomeDB2020_lit; stCASE
TNF,TNFRSF1A,8,COMMOT_CellChat; CellTalkDB; LARIS_neurotransmitter; LIANA_consensus; SPIDER_internal; SpaCcLink; connectomeDB2020_lit; stCASE
TNF,TNFRSF1B,8,COMMOT_CellChat; CellTalkDB; LARIS_neurotransmitter; LIANA_consensus; SPIDER_internal; SpaCcLink; connectomeDB2020_lit; stCASE
TNFSF10,TNFRSF10A,8,COMMOT_CellChat; CellTalkDB; LARIS_neurotransmitter; LIANA_consensus; SPIDER_internal; SpaCcLink; connectomeDB2020_lit; stCASE
TNFSF11,TNFRSF11A,8,COMMOT_CellChat; CellTalkDB; LARIS_neurotransmitter; LIANA_consensus; SPIDER_internal; SpaCcLink; connectomeDB2020_lit; stCASE
TNFSF11,TNFRSF11B,8,COMMOT_CellChat; CellTalkDB; LARIS_neurotransmitter; LIANA_consensus; SPIDER_internal; SpaCcLink; connectomeDB2020_lit; stCASE
TNFSF12,TNFRSF12A,8,COMMOT_CellChat; CellTalkDB; LARIS_neurotransmitter; LIANA_consensus; SPIDER_internal; SpaCcLink; connectomeDB2020_lit; stCASE
TNFSF13B,TNFRSF13C,8,COMMOT_CellChat; CellTalkDB; LARIS_neurotransmitter; LIANA_consensus; SPIDER_internal; SpaCcLink; connectomeDB2020_lit; stCASE
TNFSF14,LTBR,8,COMMOT_CellChat; CellTalkDB; LARIS_neurotransmitter; LIANA_consensus; SPIDER_internal; SpaCcLink; connectomeDB2020_lit; stCASE
TNFSF14,TNFRSF14,8,COMMOT_CellChat; CellTalkDB; LARIS_neurotransmitter; LIANA_consensus; SPIDER_internal; SpaCcLink; connectomeDB2020_lit; stCASE
TRH,TRHR,8,COMMOT_CellChat; CellTalkDB; LARIS_neurotransmitter; LIANA_consensus; SPIDER_internal; SpaCcLink; connectomeDB2020_lit; stCASE
TSHB,TSHR,8,COMMOT_CellChat; CellTalkDB; LARIS_neurotransmitter; LIANA_consensus; SPIDER_internal; SpaCcLink; connectomeDB2020_lit; stCASE
TSLP,IL7R,8,COMMOT_CellChat; CellTalkDB; LARIS_neurotransmitter; LIANA_consensus; SPIDER_internal; SpaCcLink; connectomeDB2020_lit; stCASE
UCN,CRHR1,8,COMMOT_CellChat; CellTalkDB; LARIS_neurotransmitter; LIANA_consensus; SPIDER_internal; SpaCcLink; connectomeDB2020_lit; stCASE
UCN,CRHR2,8,COMMOT_CellChat; CellTalkDB; LARIS_neurotransmitter; LIANA_consensus; SPIDER_internal; SpaCcLink; connectomeDB2020_lit; stCASE
UCN2,CRHR1,8,COMMOT_CellChat; CellTalkDB; LARIS_neurotransmitter; LIANA_consensus; SPIDER_internal; SpaCcLink; connectomeDB2020_lit; stCASE
UCN2,CRHR2,8,COMMOT_CellChat; CellTalkDB; LARIS_neurotransmitter; LIANA_consensus; SPIDER_internal; SpaCcLink; connectomeDB2020_lit; stCASE
UCN3,CRHR1,8,COMMOT_CellChat; CellTalkDB; LARIS_neurotransmitter; LIANA_consensus; SPIDER_internal; SpaCcLink; connectomeDB2020_lit; stCASE
UCN3,CRHR2,8,COMMOT_CellChat; CellTalkDB; LARIS_neurotransmitter; LIANA_consensus; SPIDER_internal; SpaCcLink; connectomeDB2020_lit; stCASE
ULBP1,KLRK1,8,COMMOT_CellChat; CellTalkDB; LARIS_neurotransmitter; LIANA_consensus; SPIDER_internal; SpaCcLink; connectomeDB2020_lit; stCASE
UTS2,UTS2R,8,COMMOT_CellChat; CellTalkDB; LARIS_neurotransmitter; LIANA_consensus; SPIDER_internal; SpaCcLink; connectomeDB2020_lit; stCASE
UTS2B,UTS2R,8,COMMOT_CellChat; CellTalkDB; LARIS_neurotransmitter; LIANA_consensus; SPIDER_internal; SpaCcLink; connectomeDB2020_lit; stCASE
VEGFA,FLT1,8,COMMOT_CellChat; CellTalkDB; LARIS_neurotransmitter; LIANA_consensus; SPIDER_internal; SpaCcLink; connectomeDB2020_lit; stCASE
VEGFA,KDR,8,COMMOT_CellChat; CellTalkDB; LARIS_neurotransmitter; LIANA_consensus; SPIDER_internal; SpaCcLink; connectomeDB2020_lit; stCASE
VEGFB,FLT1,8,COMMOT_CellChat; CellTalkDB; LARIS_neurotransmitter; LIANA_consensus; SPIDER_internal; SpaCcLink; connectomeDB2020_lit; stCASE
VEGFC,FLT4,8,COMMOT_CellChat; CellTalkDB; LARIS_neurotransmitter; LIANA_consensus; SPIDER_internal; SpaCcLink; connectomeDB2020_lit; stCASE
VEGFC,KDR,8,COMMOT_CellChat; CellTalkDB; LARIS_neurotransmitter; LIANA_consensus; SPIDER_internal; SpaCcLink; connectomeDB2020_lit; stCASE
VEGFD,FLT4,8,COMMOT_CellChat; CellTalkDB; LARIS_neurotransmitter; LIANA_consensus; SPIDER_internal; SpaCcLink; connectomeDB2020_lit; stCASE
VEGFD,KDR,8,COMMOT_CellChat; CellTalkDB; LARIS_neurotransmitter; LIANA_consensus; SPIDER_internal; SpaCcLink; connectomeDB2020_lit; stCASE
VIP,VIPR1,8,COMMOT_CellChat; CellTalkDB; LARIS_neurotransmitter; LIANA_consensus; SPIDER_internal; SpaCcLink; connectomeDB2020_lit; stCASE
VIP,VIPR2,8,COMMOT_CellChat; CellTalkDB; LARIS_neurotransmitter; LIANA_consensus; SPIDER_internal; SpaCcLink; connectomeDB2020_lit; stCASE
VTN,ITGB3,8,COMMOT_CellChat; CellTalkDB; LARIS_neurotransmitter; LIANA_consensus; SPIDER_internal; SpaCcLink; connectomeDB2020_lit; stCASE
VTN,ITGB8,8,COMMOT_CellChat; CellTalkDB; LARIS_neurotransmitter; LIANA_consensus; SPIDER_internal; SpaCcLink; connectomeDB2020_lit; stCASE
WNT1,FZD3,8,COMMOT_CellChat; CellTalkDB; LARIS_neurotransmitter; LIANA_consensus; SPIDER_internal; SpaCcLink; connectomeDB2020_lit; stCASE
WNT1,FZD8,8,COMMOT_CellChat; CellTalkDB; LARIS_neurotransmitter; LIANA_consensus; SPIDER_internal; SpaCcLink; connectomeDB2020_lit; stCASE
WNT1,FZD9,8,COMMOT_CellChat; CellTalkDB; LARIS_neurotransmitter; LIANA_consensus; SPIDER_internal; SpaCcLink; connectomeDB2020_lit; stCASE
WNT1,LRP6,8,COMMOT_CellChat; CellTalkDB; LARIS_neurotransmitter; LIANA_consensus; SPIDER_internal; SpaCcLink; connectomeDB2020_lit; stCASE
WNT11,FZD7,8,COMMOT_CellChat; CellTalkDB; LARIS_neurotransmitter; LIANA_consensus; SPIDER_internal; SpaCcLink; connectomeDB2020_lit; stCASE
WNT2,FZD2,8,COMMOT_CellChat; CellTalkDB; LARIS_neurotransmitter; LIANA_consensus; SPIDER_internal; SpaCcLink; connectomeDB2020_lit; stCASE
WNT2,FZD3,8,COMMOT_CellChat; CellTalkDB; LARIS_neurotransmitter; LIANA_consensus; SPIDER_internal; SpaCcLink; connectomeDB2020_lit; stCASE
WNT2,FZD4,8,COMMOT_CellChat; CellTalkDB; LARIS_neurotransmitter; LIANA_consensus; SPIDER_internal; SpaCcLink; connectomeDB2020_lit; stCASE
WNT2,FZD5,8,COMMOT_CellChat; CellTalkDB; LARIS_neurotransmitter; LIANA_consensus; SPIDER_internal; SpaCcLink; connectomeDB2020_lit; stCASE
WNT2,FZD7,8,COMMOT_CellChat; CellTalkDB; LARIS_neurotransmitter; LIANA_consensus; SPIDER_internal; SpaCcLink; connectomeDB2020_lit; stCASE
WNT2,FZD8,8,COMMOT_CellChat; CellTalkDB; LARIS_neurotransmitter; LIANA_consensus; SPIDER_internal; SpaCcLink; connectomeDB2020_lit; stCASE
WNT2,FZD9,8,COMMOT_CellChat; CellTalkDB; LARIS_neurotransmitter; LIANA_consensus; SPIDER_internal; SpaCcLink; connectomeDB2020_lit; stCASE
WNT2B,FZD4,8,COMMOT_CellChat; CellTalkDB; LARIS_neurotransmitter; LIANA_consensus; SPIDER_internal; SpaCcLink; connectomeDB2020_lit; stCASE
WNT3,FZD7,8,COMMOT_CellChat; CellTalkDB; LARIS_neurotransmitter; LIANA_consensus; SPIDER_internal; SpaCcLink; connectomeDB2020_lit; stCASE
WNT3,FZD8,8,COMMOT_CellChat; CellTalkDB; LARIS_neurotransmitter; LIANA_consensus; SPIDER_internal; SpaCcLink; connectomeDB2020_lit; stCASE
WNT3,LRP6,8,COMMOT_CellChat; CellTalkDB; LARIS_neurotransmitter; LIANA_consensus; SPIDER_internal; SpaCcLink; connectomeDB2020_lit; stCASE
WNT3A,FZD2,8,COMMOT_CellChat; CellTalkDB; LARIS_neurotransmitter; LIANA_consensus; SPIDER_internal; SpaCcLink; connectomeDB2020_lit; stCASE
WNT3A,FZD5,8,COMMOT_CellChat; CellTalkDB; LARIS_neurotransmitter; LIANA_consensus; SPIDER_internal; SpaCcLink; connectomeDB2020_lit; stCASE
WNT3A,FZD6,8,COMMOT_CellChat; CellTalkDB; LARIS_neurotransmitter; LIANA_consensus; SPIDER_internal; SpaCcLink; connectomeDB2020_lit; stCASE
WNT3A,FZD7,8,COMMOT_CellChat; CellTalkDB; LARIS_neurotransmitter; LIANA_consensus; SPIDER_internal; SpaCcLink; connectomeDB2020_lit; stCASE
WNT3A,FZD8,8,COMMOT_CellChat; CellTalkDB; LARIS_neurotransmitter; LIANA_consensus; SPIDER_internal; SpaCcLink; connectomeDB2020_lit; stCASE
WNT3A,LRP6,8,COMMOT_CellChat; CellTalkDB; LARIS_neurotransmitter; LIANA_consensus; SPIDER_internal; SpaCcLink; connectomeDB2020_lit; stCASE
WNT4,FZD2,8,COMMOT_CellChat; CellTalkDB; LARIS_neurotransmitter; LIANA_consensus; SPIDER_internal; SpaCcLink; connectomeDB2020_lit; stCASE
WNT4,FZD6,8,COMMOT_CellChat; CellTalkDB; LARIS_neurotransmitter; LIANA_consensus; SPIDER_internal; SpaCcLink; connectomeDB2020_lit; stCASE
WNT5A,FZD1,8,COMMOT_CellChat; CellTalkDB; LARIS_neurotransmitter; LIANA_consensus; SPIDER_internal; SpaCcLink; connectomeDB2020_lit; stCASE
WNT5A,FZD2,8,COMMOT_CellChat; CellTalkDB; LARIS_neurotransmitter; LIANA_consensus; SPIDER_internal; SpaCcLink; connectomeDB2020_lit; stCASE
WNT5A,FZD3,8,COMMOT_CellChat; CellTalkDB; LARIS_neurotransmitter; LIANA_consensus; SPIDER_internal; SpaCcLink; connectomeDB2020_lit; stCASE
WNT5A,FZD4,8,COMMOT_CellChat; CellTalkDB; LARIS_neurotransmitter; LIANA_consensus; SPIDER_internal; SpaCcLink; connectomeDB2020_lit; stCASE
WNT5A,FZD5,8,COMMOT_CellChat; CellTalkDB; LARIS_neurotransmitter; LIANA_consensus; SPIDER_internal; SpaCcLink; connectomeDB2020_lit; stCASE
WNT5A,FZD6,8,COMMOT_CellChat; CellTalkDB; LARIS_neurotransmitter; LIANA_consensus; SPIDER_internal; SpaCcLink; connectomeDB2020_lit; stCASE
WNT5A,FZD7,8,COMMOT_CellChat; CellTalkDB; LARIS_neurotransmitter; LIANA_consensus; SPIDER_internal; SpaCcLink; connectomeDB2020_lit; stCASE
WNT5A,FZD8,8,COMMOT_CellChat; CellTalkDB; LARIS_neurotransmitter; LIANA_consensus; SPIDER_internal; SpaCcLink; connectomeDB2020_lit; stCASE
WNT5A,MCAM,8,COMMOT_CellChat; CellTalkDB; LARIS_neurotransmitter; LIANA_consensus; SPIDER_internal; SpaCcLink; connectomeDB2020_lit; stCASE
WNT7A,FZD10,8,COMMOT_CellChat; CellTalkDB; LARIS_neurotransmitter; LIANA_consensus; SPIDER_internal; SpaCcLink; connectomeDB2020_lit; stCASE
WNT7A,FZD5,8,COMMOT_CellChat; CellTalkDB; LARIS_neurotransmitter; LIANA_consensus; SPIDER_internal; SpaCcLink; connectomeDB2020_lit; stCASE
WNT7A,FZD9,8,COMMOT_CellChat; CellTalkDB; LARIS_neurotransmitter; LIANA_consensus; SPIDER_internal; SpaCcLink; connectomeDB2020_lit; stCASE
WNT7B,FZD10,8,COMMOT_CellChat; CellTalkDB; LARIS_neurotransmitter; LIANA_consensus; SPIDER_internal; SpaCcLink; connectomeDB2020_lit; stCASE
WNT7B,FZD4,8,COMMOT_CellChat; CellTalkDB; LARIS_neurotransmitter; LIANA_consensus; SPIDER_internal; SpaCcLink; connectomeDB2020_lit; stCASE
WNT7B,LRP5,8,COMMOT_CellChat; CellTalkDB; LARIS_neurotransmitter; LIANA_consensus; SPIDER_internal; SpaCcLink; connectomeDB2020_lit; stCASE
XCL1,XCR1,8,COMMOT_CellChat; CellTalkDB; LARIS_neurotransmitter; LIANA_consensus; SPIDER_internal; SpaCcLink; connectomeDB2020_lit; stCASE
XCL2,XCR1,8,COMMOT_CellChat; CellTalkDB; LARIS_neurotransmitter; LIANA_consensus; SPIDER_internal; SpaCcLink; connectomeDB2020_lit; stCASE
ADM,RAMP2,7,CellTalkDB; LARIS_neurotransmitter; LIANA_consensus; SPIDER_internal; SpaCcLink; connectomeDB2020_lit; stCASE
ADM,RAMP3,7,CellTalkDB; LARIS_neurotransmitter; LIANA_consensus; SPIDER_internal; SpaCcLink; connectomeDB2020_lit; stCASE
AGT,AGTR2,7,CellTalkDB; LARIS_neurotransmitter; LIANA_consensus; SPIDER_internal; SpaCcLink; connectomeDB2020_lit; stCASE
AGT,MAS1,7,COMMOT_CellChat; CellTalkDB; LARIS_neurotransmitter; LIANA_consensus; SPIDER_internal; connectomeDB2020_lit; stCASE
AMH,ACVR1,7,COMMOT_CellChat; CellTalkDB; LARIS_neurotransmitter; LIANA_consensus; SPIDER_internal; SpaCcLink; connectomeDB2020_lit
ANGPTL3,ITGAV,7,COMMOT_CellChat; CellTalkDB; LARIS_neurotransmitter; LIANA_consensus; SPIDER_internal; SpaCcLink; connectomeDB2020_lit
ANXA1,FPR2,7,COMMOT_CellChat; CellTalkDB; LARIS_neurotransmitter; LIANA_consensus; SPIDER_internal; SpaCcLink; connectomeDB2020_lit
ARTN,GFRA1,7,COMMOT_CellChat; CellTalkDB; LARIS_neurotransmitter; LIANA_consensus; SPIDER_internal; SpaCcLink; connectomeDB2020_lit
ARTN,GFRA3,7,COMMOT_CellChat; CellTalkDB; LARIS_neurotransmitter; LIANA_consensus; SPIDER_internal; SpaCcLink; connectomeDB2020_lit
BDNF,NGFR,7,CellTalkDB; LARIS_neurotransmitter; LIANA_consensus; SPIDER_internal; SpaCcLink; connectomeDB2020_lit; stCASE
BDNF,SORT1,7,CellTalkDB; LARIS_neurotransmitter; LIANA_consensus; SPIDER_internal; SpaCcLink; connectomeDB2020_lit; stCASE
BMP10,ACVRL1,7,COMMOT_CellChat; CellTalkDB; LARIS_neurotransmitter; LIANA_consensus; SPIDER_internal; SpaCcLink; connectomeDB2020_lit
BMP15,BMPR1B,7,COMMOT_CellChat; CellTalkDB; LARIS_neurotransmitter; LIANA_consensus; SPIDER_internal; SpaCcLink; connectomeDB2020_lit
BMP2,BMPR1A,7,COMMOT_CellChat; CellTalkDB; LARIS_neurotransmitter; LIANA_consensus; SPIDER_internal; SpaCcLink; connectomeDB2020_lit
BMP2,BMPR1B,7,COMMOT_CellChat; CellTalkDB; LARIS_neurotransmitter; LIANA_consensus; SPIDER_internal; SpaCcLink; connectomeDB2020_lit
BMP4,BMPR1A,7,COMMOT_CellChat; CellTalkDB; LARIS_neurotransmitter; LIANA_consensus; SPIDER_internal; SpaCcLink; connectomeDB2020_lit
BMP4,BMPR1B,7,COMMOT_CellChat; CellTalkDB; LARIS_neurotransmitter; LIANA_consensus; SPIDER_internal; SpaCcLink; connectomeDB2020_lit
BMP5,BMPR2,7,COMMOT_CellChat; CellTalkDB; LARIS_neurotransmitter; LIANA_consensus; SPIDER_internal; SpaCcLink; stCASE
BMP6,ACVR1,7,COMMOT_CellChat; CellTalkDB; LARIS_neurotransmitter; LIANA_consensus; SPIDER_internal; SpaCcLink; connectomeDB2020_lit
BMP6,BMPR1A,7,COMMOT_CellChat; CellTalkDB; LARIS_neurotransmitter; LIANA_consensus; SPIDER_internal; SpaCcLink; connectomeDB2020_lit
BMP6,BMPR1B,7,COMMOT_CellChat; CellTalkDB; LARIS_neurotransmitter; LIANA_consensus; SPIDER_internal; SpaCcLink; connectomeDB2020_lit
BMP7,ACVR1,7,COMMOT_CellChat; CellTalkDB; LARIS_neurotransmitter; LIANA_consensus; SPIDER_internal; SpaCcLink; connectomeDB2020_lit
BMP7,BMPR1A,7,COMMOT_CellChat; CellTalkDB; LARIS_neurotransmitter; LIANA_consensus; SPIDER_internal; SpaCcLink; connectomeDB2020_lit
BMP7,BMPR1B,7,COMMOT_CellChat; CellTalkDB; LARIS_neurotransmitter; LIANA_consensus; SPIDER_internal; SpaCcLink; connectomeDB2020_lit
BMP8A,BMPR1A,7,COMMOT_CellChat; CellTalkDB; LARIS_neurotransmitter; LIANA_consensus; SPIDER_internal; SpaCcLink; connectomeDB2020_lit
BMP8B,BMPR2,7,COMMOT_CellChat; CellTalkDB; LARIS_neurotransmitter; LIANA_consensus; SPIDER_internal; SpaCcLink; stCASE
C3,ITGAM,7,COMMOT_CellChat; CellTalkDB; LARIS_neurotransmitter; LIANA_consensus; SPIDER_internal; SpaCcLink; connectomeDB2020_lit
C3,ITGAX,7,COMMOT_CellChat; CellTalkDB; LARIS_neurotransmitter; LIANA_consensus; SPIDER_internal; SpaCcLink; connectomeDB2020_lit
C3,ITGB2,7,COMMOT_CellChat; CellTalkDB; LARIS_neurotransmitter; SPIDER_internal; SpaCcLink; connectomeDB2020_lit; stCASE
CALCA,RAMP1,7,CellTalkDB; LARIS_neurotransmitter; LIANA_consensus; SPIDER_internal; SpaCcLink; connectomeDB2020_lit; stCASE
CALCA,RAMP2,7,CellTalkDB; LARIS_neurotransmitter; LIANA_consensus; SPIDER_internal; SpaCcLink; connectomeDB2020_lit; stCASE
CALCB,RAMP1,7,CellTalkDB; LARIS_neurotransmitter; LIANA_consensus; SPIDER_internal; SpaCcLink; connectomeDB2020_lit; stCASE
CCL11,ACKR1,7,COMMOT_CellChat; CellTalkDB; LARIS_neurotransmitter; LIANA_consensus; SPIDER_internal; SpaCcLink; stCASE
CCL13,ACKR1,7,COMMOT_CellChat; CellTalkDB; LARIS_neurotransmitter; LIANA_consensus; SPIDER_internal; SpaCcLink; stCASE
CCL13,ACKR4,7,COMMOT_CellChat; CellTalkDB; LARIS_neurotransmitter; LIANA_consensus; SPIDER_internal; connectomeDB2020_lit; stCASE
CCL13,CCR1,7,COMMOT_CellChat; CellTalkDB; LARIS_neurotransmitter; LIANA_consensus; SPIDER_internal; SpaCcLink; stCASE
CCL14,ACKR1,7,COMMOT_CellChat; CellTalkDB; LARIS_neurotransmitter; LIANA_consensus; SPIDER_internal; SpaCcLink; stCASE
CCL19,ACKR4,7,COMMOT_CellChat; CellTalkDB; LARIS_neurotransmitter; LIANA_consensus; SPIDER_internal; connectomeDB2020_lit; stCASE
CCL21,ACKR4,7,COMMOT_CellChat; CellTalkDB; LARIS_neurotransmitter; LIANA_consensus; SPIDER_internal; connectomeDB2020_lit; stCASE
CCL24,ACKR2,7,COMMOT_CellChat; CellTalkDB; LARIS_neurotransmitter; LIANA_consensus; SPIDER_internal; SpaCcLink; stCASE
CCL25,ACKR4,7,COMMOT_CellChat; CellTalkDB; LARIS_neurotransmitter; LIANA_consensus; SPIDER_internal; connectomeDB2020_lit; stCASE
CCL8,ACKR4,7,COMMOT_CellChat; CellTalkDB; LARIS_neurotransmitter; LIANA_consensus; SPIDER_internal; connectomeDB2020_lit; stCASE
CD34,SELP,7,COMMOT_CellChat; CellTalkDB; LARIS_neurotransmitter; LIANA_consensus; SPIDER_internal; connectomeDB2020_lit; stCASE
CD40LG,ITGB2,7,COMMOT_CellChat; CellTalkDB; LARIS_neurotransmitter; LIANA_consensus; SPIDER_internal; SpaCcLink; stCASE
CD70,CD27,7,COMMOT_CellChat; CellTalkDB; LARIS_neurotransmitter; LIANA_consensus; SPIDER_internal; connectomeDB2020_lit; stCASE
CDH1,ITGAE,7,COMMOT_CellChat; CellTalkDB; LARIS_neurotransmitter; LIANA_consensus; SPIDER_internal; SpaCcLink; connectomeDB2020_lit
CGA,FSHR,7,COMMOT_CellChat; CellTalkDB; LARIS_neurotransmitter; LIANA_consensus; SPIDER_internal; SpaCcLink; stCASE
CGA,TSHR,7,COMMOT_CellChat; CellTalkDB; LARIS_neurotransmitter; LIANA_consensus; SPIDER_internal; SpaCcLink; stCASE
CHAD,ITGA2,7,COMMOT_CellChat; CellTalkDB; LARIS_neurotransmitter; LIANA_consensus; SPIDER_internal; SpaCcLink; connectomeDB2020_lit
CLCF1,CNTFR,7,COMMOT_CellChat; CellTalkDB; LARIS_neurotransmitter; LIANA_consensus; SPIDER_internal; SpaCcLink; connectomeDB2020_lit
CLCF1,IL6ST,7,COMMOT_CellChat; CellTalkDB; LARIS_neurotransmitter; LIANA_consensus; SPIDER_internal; SpaCcLink; connectomeDB2020_lit
CLEC2D,KLRB1,7,COMMOT_CellChat; CellTalkDB; LARIS_neurotransmitter; LIANA_consensus; SPIDER_internal; connectomeDB2020_lit; stCASE
CNTF,CNTFR,7,COMMOT_CellChat; CellTalkDB; LARIS_neurotransmitter; LIANA_consensus; SPIDER_internal; SpaCcLink; connectomeDB2020_lit
CNTF,IL6ST,7,COMMOT_CellChat; CellTalkDB; LARIS_neurotransmitter; LIANA_consensus; SPIDER_internal; SpaCcLink; connectomeDB2020_lit
CNTN2,CNTNAP2,7,COMMOT_CellChat; CellTalkDB; LARIS_neurotransmitter; SPIDER_internal; SpaCcLink; connectomeDB2020_lit; stCASE
COL1A1,ITGA11,7,COMMOT_CellChat; CellTalkDB; LARIS_neurotransmitter; LIANA_consensus; SPIDER_internal; SpaCcLink; connectomeDB2020_lit
COL1A1,ITGA2,7,COMMOT_CellChat; CellTalkDB; LARIS_neurotransmitter; LIANA_consensus; SPIDER_internal; SpaCcLink; connectomeDB2020_lit
COL1A2,ITGA11,7,COMMOT_CellChat; CellTalkDB; LARIS_neurotransmitter; LIANA_consensus; SPIDER_internal; SpaCcLink; connectomeDB2020_lit
COL1A2,ITGA2,7,COMMOT_CellChat; CellTalkDB; LARIS_neurotransmitter; LIANA_consensus; SPIDER_internal; SpaCcLink; connectomeDB2020_lit
COL2A1,ITGA10,7,COMMOT_CellChat; CellTalkDB; LARIS_neurotransmitter; LIANA_consensus; SPIDER_internal; SpaCcLink; connectomeDB2020_lit
COL2A1,ITGA2,7,COMMOT_CellChat; CellTalkDB; LARIS_neurotransmitter; LIANA_consensus; SPIDER_internal; SpaCcLink; connectomeDB2020_lit
COL4A1,ITGA1,7,COMMOT_CellChat; CellTalkDB; LARIS_neurotransmitter; LIANA_consensus; SPIDER_internal; SpaCcLink; connectomeDB2020_lit
COL4A3,ITGAV,7,COMMOT_CellChat; CellTalkDB; LARIS_neurotransmitter; LIANA_consensus; SPIDER_internal; SpaCcLink; connectomeDB2020_lit
COL4A3,ITGB1,7,COMMOT_CellChat; CellTalkDB; LARIS_neurotransmitter; LIANA_consensus; SPIDER_internal; SpaCcLink; stCASE
COL4A4,ITGB1,7,COMMOT_CellChat; CellTalkDB; LARIS_neurotransmitter; LIANA_consensus; SPIDER_internal; SpaCcLink; stCASE
COL4A5,ITGB1,7,COMMOT_CellChat; CellTalkDB; LARIS_neurotransmitter; LIANA_consensus; SPIDER_internal; SpaCcLink; stCASE
COL4A6,ITGB1,7,COMMOT_CellChat; CellTalkDB; LARIS_neurotransmitter; LIANA_consensus; SPIDER_internal; SpaCcLink; stCASE
COL6A1,ITGB1,7,COMMOT_CellChat; CellTalkDB; LARIS_neurotransmitter; LIANA_consensus; SPIDER_internal; SpaCcLink; stCASE
COL6A2,ITGB1,7,COMMOT_CellChat; CellTalkDB; LARIS_neurotransmitter; LIANA_consensus; SPIDER_internal; SpaCcLink; stCASE
COL6A3,ITGB1,7,COMMOT_CellChat; CellTalkDB; LARIS_neurotransmitter; LIANA_consensus; SPIDER_internal; SpaCcLink; stCASE
COL9A1,ITGB1,7,COMMOT_CellChat; CellTalkDB; LARIS_neurotransmitter; LIANA_consensus; SPIDER_internal; SpaCcLink; stCASE
COL9A2,ITGB1,7,COMMOT_CellChat; CellTalkDB; LARIS_neurotransmitter; LIANA_consensus; SPIDER_internal; SpaCcLink; stCASE
COL9A3,ITGB1,7,COMMOT_CellChat; CellTalkDB; LARIS_neurotransmitter; LIANA_consensus; SPIDER_internal; SpaCcLink; stCASE
COMP,CD36,7,COMMOT_CellChat; CellTalkDB; LARIS_neurotransmitter; LIANA_consensus; SPIDER_internal; SpaCcLink; stCASE
COMP,ITGB1,7,COMMOT_CellChat; CellTalkDB; LARIS_neurotransmitter; LIANA_consensus; SPIDER_internal; SpaCcLink; stCASE
CSF2,CSF2RA,7,COMMOT_CellChat; CellTalkDB; LARIS_neurotransmitter; LIANA_consensus; SPIDER_internal; SpaCcLink; connectomeDB2020_lit
CTF1,IL6ST,7,COMMOT_CellChat; CellTalkDB; LARIS_neurotransmitter; LIANA_consensus; SPIDER_internal; SpaCcLink; connectomeDB2020_lit
CXCL11,ACKR1,7,COMMOT_CellChat; CellTalkDB; LARIS_neurotransmitter; LIANA_consensus; SPIDER_internal; SpaCcLink; stCASE
CXCL6,ACKR1,7,COMMOT_CellChat; CellTalkDB; LARIS_neurotransmitter; LIANA_consensus; SPIDER_internal; SpaCcLink; stCASE
CXCL8,CXCR1,7,COMMOT_CellChat; CellTalkDB; LIANA_consensus; SPIDER_internal; SpaCcLink; connectomeDB2020_lit; stCASE
DHH,PTCH1,7,COMMOT_CellChat; CellTalkDB; LARIS_neurotransmitter; LIANA_consensus; SPIDER_internal; SpaCcLink; connectomeDB2020_lit
DHH,PTCH2,7,COMMOT_CellChat; CellTalkDB; LARIS_neurotransmitter; LIANA_consensus; SPIDER_internal; SpaCcLink; connectomeDB2020_lit
DMP1,ITGB3,7,COMMOT_CellChat; CellTalkDB; LARIS_neurotransmitter; LIANA_consensus; SPIDER_internal; SpaCcLink; stCASE
DSC1,DSG1,7,COMMOT_CellChat; CellTalkDB; LARIS_neurotransmitter; SPIDER_internal; SpaCcLink; connectomeDB2020_lit; stCASE
DSC2,DSG1,7,COMMOT_CellChat; CellTalkDB; LARIS_neurotransmitter; SPIDER_internal; SpaCcLink; connectomeDB2020_lit; stCASE
DSPP,ITGB1,7,COMMOT_CellChat; CellTalkDB; LARIS_neurotransmitter; LIANA_consensus; SPIDER_internal; SpaCcLink; stCASE
EBI3,IL27RA,7,COMMOT_CellChat; CellTalkDB; LARIS_neurotransmitter; LIANA_consensus; SPIDER_internal; SpaCcLink; connectomeDB2020_lit
EREG,EGFR,7,COMMOT_CellChat; CellTalkDB; LARIS_neurotransmitter; LIANA_consensus; SPIDER_internal; SpaCcLink; connectomeDB2020_lit
EREG,ERBB2,7,COMMOT_CellChat; CellTalkDB; LARIS_neurotransmitter; LIANA_consensus; SPIDER_internal; SpaCcLink; stCASE
FGF16,FGFR1,7,COMMOT_CellChat; CellTalkDB; LARIS_neurotransmitter; LIANA_consensus; SPIDER_internal; SpaCcLink; stCASE
FGF21,FGFR1,7,COMMOT_CellChat; CellTalkDB; LARIS_neurotransmitter; LIANA_consensus; SPIDER_internal; SpaCcLink; stCASE
FGF21,FGFR3,7,COMMOT_CellChat; CellTalkDB; LARIS_neurotransmitter; LIANA_consensus; SPIDER_internal; SpaCcLink; stCASE
FN1,ITGA2B,7,COMMOT_CellChat; CellTalkDB; LARIS_neurotransmitter; LIANA_consensus; SPIDER_internal; SpaCcLink; connectomeDB2020_lit
FN1,ITGA4,7,COMMOT_CellChat; CellTalkDB; LARIS_neurotransmitter; LIANA_consensus; SPIDER_internal; SpaCcLink; connectomeDB2020_lit
FN1,ITGA5,7,COMMOT_CellChat; CellTalkDB; LARIS_neurotransmitter; LIANA_consensus; SPIDER_internal; SpaCcLink; connectomeDB2020_lit
FN1,ITGA8,7,COMMOT_CellChat; CellTalkDB; LARIS_neurotransmitter; LIANA_consensus; SPIDER_internal; SpaCcLink; connectomeDB2020_lit
FN1,ITGAV,7,COMMOT_CellChat; CellTalkDB; LARIS_neurotransmitter; LIANA_consensus; SPIDER_internal; SpaCcLink; connectomeDB2020_lit
GALP,GALR3,7,CellTalkDB; LARIS_neurotransmitter; LIANA_consensus; SPIDER_internal; SpaCcLink; connectomeDB2020_lit; stCASE
GAS6,TYRO3,7,COMMOT_CellChat; CellTalkDB; LARIS_neurotransmitter; LIANA_consensus; SPIDER_internal; connectomeDB2020_lit; stCASE
GDF1,ACVR2A,7,COMMOT_CellChat; CellTalkDB; LARIS_neurotransmitter; LIANA_consensus; SPIDER_internal; SpaCcLink; stCASE
GDF1,ACVR2B,7,COMMOT_CellChat; CellTalkDB; LARIS_neurotransmitter; LIANA_consensus; SPIDER_internal; SpaCcLink; stCASE
GDF11,ACVR1B,7,COMMOT_CellChat; CellTalkDB; LARIS_neurotransmitter; LIANA_consensus; SPIDER_internal; SpaCcLink; connectomeDB2020_lit
GDF5,BMPR1A,7,COMMOT_CellChat; CellTalkDB; LARIS_neurotransmitter; LIANA_consensus; SPIDER_internal; SpaCcLink; connectomeDB2020_lit
GDF5,BMPR1B,7,COMMOT_CellChat; CellTalkDB; LARIS_neurotransmitter; LIANA_consensus; SPIDER_internal; SpaCcLink; connectomeDB2020_lit
GDF6,BMPR1A,7,COMMOT_CellChat; CellTalkDB; LARIS_neurotransmitter; LIANA_consensus; SPIDER_internal; SpaCcLink; connectomeDB2020_lit
GDF6,BMPR1B,7,COMMOT_CellChat; CellTalkDB; LARIS_neurotransmitter; LIANA_consensus; SPIDER_internal; SpaCcLink; connectomeDB2020_lit
GDF7,BMPR1A,7,COMMOT_CellChat; CellTalkDB; LARIS_neurotransmitter; LIANA_consensus; SPIDER_internal; SpaCcLink; connectomeDB2020_lit
GDNF,GFRA1,7,COMMOT_CellChat; CellTalkDB; LARIS_neurotransmitter; LIANA_consensus; SPIDER_internal; SpaCcLink; connectomeDB2020_lit
GPHA2,TSHR,7,CellTalkDB; LARIS_neurotransmitter; LIANA_consensus; SPIDER_internal; SpaCcLink; connectomeDB2020_lit; stCASE
GRP,NMBR,7,CellTalkDB; LARIS_neurotransmitter; LIANA_consensus; SPIDER_internal; SpaCcLink; connectomeDB2020_lit; stCASE
HBEGF,EGFR,7,COMMOT_CellChat; CellTalkDB; LARIS_neurotransmitter; LIANA_consensus; SPIDER_internal; SpaCcLink; connectomeDB2020_lit
HLA-E,KLRD1,7,COMMOT_CellChat; CellTalkDB; LARIS_neurotransmitter; LIANA_consensus; SPIDER_internal; SpaCcLink; connectomeDB2020_lit
IAPP,RAMP1,7,CellTalkDB; LARIS_neurotransmitter; LIANA_consensus; SPIDER_internal; SpaCcLink; connectomeDB2020_lit; stCASE
IAPP,RAMP2,7,CellTalkDB; LARIS_neurotransmitter; LIANA_consensus; SPIDER_internal; SpaCcLink; connectomeDB2020_lit; stCASE
IBSP,ITGB3,7,COMMOT_CellChat; CellTalkDB; LARIS_neurotransmitter; LIANA_consensus; SPIDER_internal; SpaCcLink; stCASE
ICAM1,ITGAL,7,COMMOT_CellChat; CellTalkDB; LARIS_neurotransmitter; LIANA_consensus; SPIDER_internal; SpaCcLink; connectomeDB2020_lit
ICAM1,ITGAM,7,COMMOT_CellChat; CellTalkDB; LARIS_neurotransmitter; LIANA_consensus; SPIDER_internal; SpaCcLink; connectomeDB2020_lit
ICAM1,ITGAX,7,COMMOT_CellChat; CellTalkDB; LARIS_neurotransmitter; LIANA_consensus; SPIDER_internal; SpaCcLink; connectomeDB2020_lit
ICAM2,ITGAL,7,COMMOT_CellChat; CellTalkDB; LARIS_neurotransmitter; LIANA_consensus; SPIDER_internal; SpaCcLink; connectomeDB2020_lit
ICAM2,ITGAM,7,COMMOT_CellChat; CellTalkDB; LARIS_neurotransmitter; LIANA_consensus; SPIDER_internal; SpaCcLink; connectomeDB2020_lit
IFNA1,IFNAR1,7,COMMOT_CellChat; CellTalkDB; LARIS_neurotransmitter; LIANA_consensus; SPIDER_internal; SpaCcLink; connectomeDB2020_lit
IFNA10,IFNAR1,7,COMMOT_CellChat; CellTalkDB; LARIS_neurotransmitter; LIANA_consensus; SPIDER_internal; SpaCcLink; connectomeDB2020_lit
IFNA13,IFNAR2,7,COMMOT_CellChat; CellTalkDB; LARIS_neurotransmitter; SPIDER_internal; SpaCcLink; connectomeDB2020_lit; stCASE
IFNA14,IFNAR1,7,COMMOT_CellChat; CellTalkDB; LARIS_neurotransmitter; LIANA_consensus; SPIDER_internal; SpaCcLink; connectomeDB2020_lit
IFNA16,IFNAR1,7,COMMOT_CellChat; CellTalkDB; LARIS_neurotransmitter; LIANA_consensus; SPIDER_internal; SpaCcLink; connectomeDB2020_lit
IFNA17,IFNAR1,7,COMMOT_CellChat; CellTalkDB; LARIS_neurotransmitter; LIANA_consensus; SPIDER_internal; SpaCcLink; connectomeDB2020_lit
IFNA2,IFNAR1,7,COMMOT_CellChat; CellTalkDB; LARIS_neurotransmitter; LIANA_consensus; SPIDER_internal; SpaCcLink; connectomeDB2020_lit
IFNA21,IFNAR1,7,COMMOT_CellChat; CellTalkDB; LARIS_neurotransmitter; LIANA_consensus; SPIDER_internal; SpaCcLink; connectomeDB2020_lit
IFNA4,IFNAR1,7,COMMOT_CellChat; CellTalkDB; LARIS_neurotransmitter; LIANA_consensus; SPIDER_internal; SpaCcLink; connectomeDB2020_lit
IFNA5,IFNAR1,7,COMMOT_CellChat; CellTalkDB; LARIS_neurotransmitter; LIANA_consensus; SPIDER_internal; SpaCcLink; connectomeDB2020_lit
IFNA6,IFNAR1,7,COMMOT_CellChat; CellTalkDB; LARIS_neurotransmitter; LIANA_consensus; SPIDER_internal; SpaCcLink; connectomeDB2020_lit
IFNA7,IFNAR1,7,COMMOT_CellChat; CellTalkDB; LARIS_neurotransmitter; LIANA_consensus; SPIDER_internal; SpaCcLink; connectomeDB2020_lit
IFNA8,IFNAR1,7,COMMOT_CellChat; CellTalkDB; LARIS_neurotransmitter; LIANA_consensus; SPIDER_internal; SpaCcLink; connectomeDB2020_lit
IFNB1,IFNAR1,7,COMMOT_CellChat; CellTalkDB; LARIS_neurotransmitter; LIANA_consensus; SPIDER_internal; SpaCcLink; connectomeDB2020_lit
IFNE,IFNAR1,7,COMMOT_CellChat; CellTalkDB; LARIS_neurotransmitter; LIANA_consensus; SPIDER_internal; SpaCcLink; connectomeDB2020_lit
IFNG,IFNGR1,7,COMMOT_CellChat; CellTalkDB; LARIS_neurotransmitter; LIANA_consensus; SPIDER_internal; SpaCcLink; connectomeDB2020_lit
IFNW1,IFNAR1,7,COMMOT_CellChat; CellTalkDB; LARIS_neurotransmitter; LIANA_consensus; SPIDER_internal; SpaCcLink; connectomeDB2020_lit
IGFL3,IGFLR1,7,COMMOT_CellChat; CellTalkDB; LARIS_neurotransmitter; LIANA_consensus; SPIDER_internal; connectomeDB2020_lit; stCASE
IHH,PTCH1,7,COMMOT_CellChat; CellTalkDB; LARIS_neurotransmitter; LIANA_consensus; SPIDER_internal; SpaCcLink; connectomeDB2020_lit
IHH,PTCH2,7,COMMOT_CellChat; CellTalkDB; LARIS_neurotransmitter; LIANA_consensus; SPIDER_internal; SpaCcLink; connectomeDB2020_lit
IL10,IL10RA,7,COMMOT_CellChat; CellTalkDB; LARIS_neurotransmitter; LIANA_consensus; SPIDER_internal; SpaCcLink; connectomeDB2020_lit
IL11,IL11RA,7,COMMOT_CellChat; CellTalkDB; LARIS_neurotransmitter; LIANA_consensus; SPIDER_internal; SpaCcLink; connectomeDB2020_lit
IL12A,IL12RB1,7,COMMOT_CellChat; CellTalkDB; LARIS_neurotransmitter; LIANA_consensus; SPIDER_internal; SpaCcLink; connectomeDB2020_lit
IL12A,IL12RB2,7,COMMOT_CellChat; CellTalkDB; LARIS_neurotransmitter; LIANA_consensus; SPIDER_internal; SpaCcLink; connectomeDB2020_lit
IL12B,IL12RB1,7,COMMOT_CellChat; CellTalkDB; LARIS_neurotransmitter; LIANA_consensus; SPIDER_internal; SpaCcLink; connectomeDB2020_lit
IL12B,IL23R,7,COMMOT_CellChat; CellTalkDB; LARIS_neurotransmitter; LIANA_consensus; SPIDER_internal; SpaCcLink; connectomeDB2020_lit
IL15,IL15RA,7,COMMOT_CellChat; CellTalkDB; LARIS_neurotransmitter; LIANA_consensus; SPIDER_internal; SpaCcLink; connectomeDB2020_lit
IL17A,IL17RA,7,COMMOT_CellChat; CellTalkDB; LARIS_neurotransmitter; LIANA_consensus; SPIDER_internal; SpaCcLink; connectomeDB2020_lit
IL17F,IL17RA,7,COMMOT_CellChat; CellTalkDB; LARIS_neurotransmitter; LIANA_consensus; SPIDER_internal; SpaCcLink; connectomeDB2020_lit
IL17F,IL17RC,7,COMMOT_CellChat; CellTalkDB; LARIS_neurotransmitter; LIANA_consensus; SPIDER_internal; SpaCcLink; stCASE
IL18,IL18R1,7,COMMOT_CellChat; CellTalkDB; LARIS_neurotransmitter; LIANA_consensus; SPIDER_internal; SpaCcLink; connectomeDB2020_lit
IL19,IL20RA,7,COMMOT_CellChat; CellTalkDB; LARIS_neurotransmitter; LIANA_consensus; SPIDER_internal; SpaCcLink; connectomeDB2020_lit
IL1A,IL1R1,7,COMMOT_CellChat; CellTalkDB; LARIS_neurotransmitter; LIANA_consensus; SPIDER_internal; SpaCcLink; connectomeDB2020_lit
IL1B,IL1R1,7,COMMOT_CellChat; CellTalkDB; LARIS_neurotransmitter; LIANA_consensus; SPIDER_internal; SpaCcLink; connectomeDB2020_lit
IL1F10,IL1RL2,7,COMMOT_CellChat; CellTalkDB; LARIS_neurotransmitter; LIANA_consensus; SPIDER_internal; SpaCcLink; stCASE
IL20,IL20RA,7,COMMOT_CellChat; CellTalkDB; LARIS_neurotransmitter; LIANA_consensus; SPIDER_internal; SpaCcLink; connectomeDB2020_lit
IL21,IL21R,7,COMMOT_CellChat; CellTalkDB; LARIS_neurotransmitter; LIANA_consensus; SPIDER_internal; SpaCcLink; connectomeDB2020_lit
IL24,IL20RA,7,COMMOT_CellChat; CellTalkDB; LARIS_neurotransmitter; LIANA_consensus; SPIDER_internal; SpaCcLink; connectomeDB2020_lit
IL26,IL10RB,7,COMMOT_CellChat; CellTalkDB; LARIS_neurotransmitter; LIANA_consensus; SPIDER_internal; SpaCcLink; stCASE
IL31,IL31RA,7,COMMOT_CellChat; CellTalkDB; LARIS_neurotransmitter; LIANA_consensus; SPIDER_internal; SpaCcLink; connectomeDB2020_lit
IL36B,IL1RL2,7,COMMOT_CellChat; CellTalkDB; LARIS_neurotransmitter; LIANA_consensus; SPIDER_internal; SpaCcLink; stCASE
IL36G,IL1RL2,7,COMMOT_CellChat; CellTalkDB; LARIS_neurotransmitter; LIANA_consensus; SPIDER_internal; SpaCcLink; stCASE
IL6,IL6R,7,COMMOT_CellChat; CellTalkDB; LARIS_neurotransmitter; LIANA_consensus; SPIDER_internal; SpaCcLink; connectomeDB2020_lit
INHA,ACVR2A,7,COMMOT_CellChat; CellTalkDB; LARIS_neurotransmitter; LIANA_consensus; SPIDER_internal; SpaCcLink; connectomeDB2020_lit
INHBA,ACVR1B,7,COMMOT_CellChat; CellTalkDB; LARIS_neurotransmitter; LIANA_consensus; SPIDER_internal; SpaCcLink; connectomeDB2020_lit
INHBB,ACVR1B,7,COMMOT_CellChat; CellTalkDB; LARIS_neurotransmitter; LIANA_consensus; SPIDER_internal; SpaCcLink; connectomeDB2020_lit
INHBB,ACVR1C,7,COMMOT_CellChat; CellTalkDB; LARIS_neurotransmitter; LIANA_consensus; SPIDER_internal; SpaCcLink; connectomeDB2020_lit
INHBE,ACVR2A,7,COMMOT_CellChat; CellTalkDB; LARIS_neurotransmitter; LIANA_consensus; SPIDER_internal; SpaCcLink; stCASE
INHBE,ACVR2B,7,COMMOT_CellChat; CellTalkDB; LARIS_neurotransmitter; LIANA_consensus; SPIDER_internal; SpaCcLink; stCASE
INSL3,RXFP1,7,COMMOT_CellChat; CellTalkDB; LARIS_neurotransmitter; LIANA_consensus; SPIDER_internal; SpaCcLink; stCASE
JAM3,ITGB2,7,COMMOT_CellChat; CellTalkDB; LARIS_neurotransmitter; LIANA_consensus; SPIDER_internal; SpaCcLink; stCASE
L1CAM,ITGAV,7,COMMOT_CellChat; CellTalkDB; LARIS_neurotransmitter; LIANA_consensus; SPIDER_internal; SpaCcLink; connectomeDB2020_lit
LAMA1,ITGA6,7,COMMOT_CellChat; CellTalkDB; LARIS_neurotransmitter; LIANA_consensus; SPIDER_internal; SpaCcLink; stCASE
LAMA1,ITGB4,7,COMMOT_CellChat; CellTalkDB; LARIS_neurotransmitter; LIANA_consensus; SPIDER_internal; SpaCcLink; stCASE
LAMA2,ITGA6,7,COMMOT_CellChat; CellTalkDB; LARIS_neurotransmitter; LIANA_consensus; SPIDER_internal; SpaCcLink; stCASE
LAMA2,ITGB4,7,COMMOT_CellChat; CellTalkDB; LARIS_neurotransmitter; LIANA_consensus; SPIDER_internal; SpaCcLink; stCASE
LAMA3,ITGB1,7,COMMOT_CellChat; CellTalkDB; LARIS_neurotransmitter; LIANA_consensus; SPIDER_internal; SpaCcLink; stCASE
LAMA3,ITGB4,7,COMMOT_CellChat; CellTalkDB; LARIS_neurotransmitter; LIANA_consensus; SPIDER_internal; SpaCcLink; stCASE
LAMA4,ITGB1,7,COMMOT_CellChat; CellTalkDB; LARIS_neurotransmitter; LIANA_consensus; SPIDER_internal; SpaCcLink; stCASE
LAMA5,ITGA6,7,COMMOT_CellChat; CellTalkDB; LARIS_neurotransmitter; LIANA_consensus; SPIDER_internal; SpaCcLink; stCASE
LAMA5,ITGB1,7,COMMOT_CellChat; CellTalkDB; LARIS_neurotransmitter; LIANA_consensus; SPIDER_internal; SpaCcLink; stCASE
LAMA5,ITGB4,7,COMMOT_CellChat; CellTalkDB; LARIS_neurotransmitter; LIANA_consensus; SPIDER_internal; SpaCcLink; stCASE
LAMB1,ITGA6,7,COMMOT_CellChat; CellTalkDB; LARIS_neurotransmitter; LIANA_consensus; SPIDER_internal; SpaCcLink; connectomeDB2020_lit
LAMB1,ITGB4,7,COMMOT_CellChat; CellTalkDB; LARIS_neurotransmitter; LIANA_consensus; SPIDER_internal; SpaCcLink; stCASE
LAMB2,ITGB1,7,COMMOT_CellChat; CellTalkDB; LARIS_neurotransmitter; LIANA_consensus; SPIDER_internal; SpaCcLink; stCASE
LAMB2,ITGB4,7,COMMOT_CellChat; CellTalkDB; LARIS_neurotransmitter; LIANA_consensus; SPIDER_internal; SpaCcLink; stCASE
LAMB3,ITGA6,7,COMMOT_CellChat; CellTalkDB; LARIS_neurotransmitter; LIANA_consensus; SPIDER_internal; SpaCcLink; stCASE
LAMB3,ITGB1,7,COMMOT_CellChat; CellTalkDB; LARIS_neurotransmitter; LIANA_consensus; SPIDER_internal; SpaCcLink; stCASE
LAMB3,ITGB4,7,COMMOT_CellChat; CellTalkDB; LARIS_neurotransmitter; LIANA_consensus; SPIDER_internal; SpaCcLink; stCASE
LAMC1,ITGB1,7,COMMOT_CellChat; CellTalkDB; LARIS_neurotransmitter; LIANA_consensus; SPIDER_internal; SpaCcLink; stCASE
LAMC1,ITGB4,7,COMMOT_CellChat; CellTalkDB; LARIS_neurotransmitter; LIANA_consensus; SPIDER_internal; SpaCcLink; stCASE
LAMC3,ITGB1,7,COMMOT_CellChat; CellTalkDB; LARIS_neurotransmitter; LIANA_consensus; SPIDER_internal; SpaCcLink; stCASE
LAMC3,ITGB4,7,COMMOT_CellChat; CellTalkDB; LARIS_neurotransmitter; LIANA_consensus; SPIDER_internal; SpaCcLink; stCASE
LGALS9,HAVCR2,7,COMMOT_CellChat; CellTalkDB; LARIS_neurotransmitter; LIANA_consensus; SPIDER_internal; connectomeDB2020_lit; stCASE
LIF,IL6ST,7,COMMOT_CellChat; CellTalkDB; LARIS_neurotransmitter; LIANA_consensus; SPIDER_internal; SpaCcLink; connectomeDB2020_lit
LTA,LTBR,7,COMMOT_CellChat; CellTalkDB; LARIS_neurotransmitter; LIANA_consensus; SPIDER_internal; SpaCcLink; connectomeDB2020_lit
LTB,LTBR,7,COMMOT_CellChat; CellTalkDB; LARIS_neurotransmitter; LIANA_consensus; SPIDER_internal; SpaCcLink; connectomeDB2020_lit
MADCAM1,ITGA4,7,COMMOT_CellChat; CellTalkDB; LARIS_neurotransmitter; LIANA_consensus; SPIDER_internal; SpaCcLink; connectomeDB2020_lit
MDK,ITGA4,7,COMMOT_CellChat; CellTalkDB; LARIS_neurotransmitter; LIANA_consensus; SPIDER_internal; SpaCcLink; connectomeDB2020_lit
MICA,KLRK1,7,CellTalkDB; LARIS_neurotransmitter; LIANA_consensus; SPIDER_internal; SpaCcLink; connectomeDB2020_lit; stCASE
MICB,KLRK1,7,CellTalkDB; LARIS_neurotransmitter; LIANA_consensus; SPIDER_internal; SpaCcLink; connectomeDB2020_lit; stCASE
NODAL,ACVR1B,7,COMMOT_CellChat; CellTalkDB; LARIS_neurotransmitter; LIANA_consensus; SPIDER_internal; SpaCcLink; connectomeDB2020_lit
NODAL,ACVR1C,7,COMMOT_CellChat; CellTalkDB; LARIS_neurotransmitter; LIANA_consensus; SPIDER_internal; SpaCcLink; connectomeDB2020_lit
NPNT,ITGA8,7,COMMOT_CellChat; CellTalkDB; LARIS_neurotransmitter; LIANA_consensus; SPIDER_internal; SpaCcLink; connectomeDB2020_lit
NPNT,ITGB1,7,COMMOT_CellChat; CellTalkDB; LARIS_neurotransmitter; LIANA_consensus; SPIDER_internal; SpaCcLink; connectomeDB2020_lit
NRG1,ERBB2,7,COMMOT_CellChat; CellTalkDB; LARIS_neurotransmitter; LIANA_consensus; SPIDER_internal; SpaCcLink; connectomeDB2020_lit
NRTN,GFRA2,7,COMMOT_CellChat; CellTalkDB; LARIS_neurotransmitter; LIANA_consensus; SPIDER_internal; SpaCcLink; connectomeDB2020_lit
NTF3,NGFR,7,CellTalkDB; LARIS_neurotransmitter; LIANA_consensus; SPIDER_internal; SpaCcLink; connectomeDB2020_lit; stCASE
NTF4,NGFR,7,CellTalkDB; LARIS_neurotransmitter; LIANA_consensus; SPIDER_internal; SpaCcLink; connectomeDB2020_lit; stCASE
NTN1,DCC,7,CellTalkDB; LARIS_neurotransmitter; LIANA_consensus; SPIDER_internal; SpaCcLink; connectomeDB2020_lit; stCASE
NTN1,UNC5A,7,CellTalkDB; LARIS_neurotransmitter; LIANA_consensus; SPIDER_internal; SpaCcLink; connectomeDB2020_lit; stCASE
NTN1,UNC5B,7,CellTalkDB; LARIS_neurotransmitter; LIANA_consensus; SPIDER_internal; SpaCcLink; connectomeDB2020_lit; stCASE
NTN1,UNC5C,7,CellTalkDB; LARIS_neurotransmitter; LIANA_consensus; SPIDER_internal; SpaCcLink; connectomeDB2020_lit; stCASE
NTS,SORT1,7,CellTalkDB; LARIS_neurotransmitter; LIANA_consensus; SPIDER_internal; SpaCcLink; connectomeDB2020_lit; stCASE
OSM,IL6ST,7,COMMOT_CellChat; CellTalkDB; LARIS_neurotransmitter; LIANA_consensus; SPIDER_internal; SpaCcLink; connectomeDB2020_lit
OSTN,NPR3,7,COMMOT_CellChat; CellTalkDB; LARIS_neurotransmitter; LIANA_consensus; SPIDER_internal; connectomeDB2020_lit; stCASE
PDGFA,PDGFRB,7,COMMOT_CellChat; CellTalkDB; LARIS_neurotransmitter; LIANA_consensus; SPIDER_internal; SpaCcLink; stCASE
PENK,OPRK1,7,COMMOT_CellChat; CellTalkDB; LARIS_neurotransmitter; LIANA_consensus; SPIDER_internal; SpaCcLink; stCASE
PNOC,OPRL1,7,CellTalkDB; LARIS_neurotransmitter; LIANA_consensus; SPIDER_internal; SpaCcLink; connectomeDB2020_lit; stCASE
PPY,NPY1R,7,COMMOT_CellChat; CellTalkDB; LARIS_neurotransmitter; LIANA_consensus; SPIDER_internal; SpaCcLink; stCASE
PPY,NPY2R,7,COMMOT_CellChat; CellTalkDB; LARIS_neurotransmitter; LIANA_consensus; SPIDER_internal; SpaCcLink; stCASE
PRLH,PRLHR,7,COMMOT_CellChat; CellTalkDB; LARIS_neurotransmitter; LIANA_consensus; SPIDER_internal; connectomeDB2020_lit; stCASE
PROS1,TYRO3,7,COMMOT_CellChat; CellTalkDB; LARIS_neurotransmitter; LIANA_consensus; SPIDER_internal; connectomeDB2020_lit; stCASE
PSPN,GFRA4,7,COMMOT_CellChat; CellTalkDB; LARIS_neurotransmitter; LIANA_consensus; SPIDER_internal; SpaCcLink; connectomeDB2020_lit
PTN,SDC1,7,COMMOT_CellChat; CellTalkDB; LARIS_neurotransmitter; LIANA_consensus; SPIDER_internal; SpaCcLink; stCASE
RARRES2,CMKLR1,7,COMMOT_CellChat; CellTalkDB; LARIS_neurotransmitter; LIANA_consensus; SPIDER_internal; connectomeDB2020_lit; stCASE
RELN,ITGA3,7,COMMOT_CellChat; CellTalkDB; LARIS_neurotransmitter; LIANA_consensus; SPIDER_internal; SpaCcLink; connectomeDB2020_lit
RELN,LRP8,7,CellTalkDB; LARIS_neurotransmitter; LIANA_consensus; SPIDER_internal; SpaCcLink; connectomeDB2020_lit; stCASE
RELN,VLDLR,7,CellTalkDB; LARIS_neurotransmitter; LIANA_consensus; SPIDER_internal; SpaCcLink; connectomeDB2020_lit; stCASE
SCGB3A2,MARCO,7,COMMOT_CellChat; CellTalkDB; LARIS_neurotransmitter; LIANA_consensus; SPIDER_internal; connectomeDB2020_lit; stCASE
SELPLG,SELE,7,COMMOT_CellChat; CellTalkDB; LARIS_neurotransmitter; SPIDER_internal; SpaCcLink; connectomeDB2020_lit; stCASE
SELPLG,SELP,7,COMMOT_CellChat; CellTalkDB; LARIS_neurotransmitter; LIANA_consensus; SPIDER_internal; connectomeDB2020_lit; stCASE
SEMA3A,NRP1,7,COMMOT_CellChat; CellTalkDB; LARIS_neurotransmitter; LIANA_consensus; SPIDER_internal; SpaCcLink; connectomeDB2020_lit
SEMA3A,PLXNA3,7,COMMOT_CellChat; CellTalkDB; LARIS_neurotransmitter; LIANA_consensus; SPIDER_internal; SpaCcLink; stCASE
SEMA3B,NRP1,7,COMMOT_CellChat; CellTalkDB; LARIS_neurotransmitter; LIANA_consensus; SPIDER_internal; SpaCcLink; connectomeDB2020_lit
SEMA3B,NRP2,7,COMMOT_CellChat; CellTalkDB; LARIS_neurotransmitter; LIANA_consensus; SPIDER_internal; SpaCcLink; connectomeDB2020_lit
SEMA3F,NRP2,7,COMMOT_CellChat; CellTalkDB; LARIS_neurotransmitter; LIANA_consensus; SPIDER_internal; SpaCcLink; connectomeDB2020_lit
SEMA3F,PLXNA1,7,COMMOT_CellChat; CellTalkDB; LARIS_neurotransmitter; LIANA_consensus; SPIDER_internal; SpaCcLink; stCASE
SEMA3G,NRP2,7,COMMOT_CellChat; CellTalkDB; LARIS_neurotransmitter; LIANA_consensus; SPIDER_internal; SpaCcLink; connectomeDB2020_lit
SEMA4A,PLXNB3,7,COMMOT_CellChat; CellTalkDB; LARIS_neurotransmitter; LIANA_consensus; SPIDER_internal; SpaCcLink; stCASE
SEMA4D,CD72,7,COMMOT_CellChat; CellTalkDB; LARIS_neurotransmitter; LIANA_consensus; SPIDER_internal; connectomeDB2020_lit; stCASE
SEMA6D,KDR,7,COMMOT_CellChat; CellTalkDB; LARIS_neurotransmitter; LIANA_consensus; SPIDER_internal; SpaCcLink; connectomeDB2020_lit
SEMA7A,ITGB1,7,COMMOT_CellChat; CellTalkDB; LARIS_neurotransmitter; LIANA_consensus; SPIDER_internal; SpaCcLink; connectomeDB2020_lit
SEMA7A,PLXNC1,7,COMMOT_CellChat; CellTalkDB; LARIS_neurotransmitter; LIANA_consensus; SPIDER_internal; connectomeDB2020_lit; stCASE
SHH,PTCH1,7,COMMOT_CellChat; CellTalkDB; LARIS_neurotransmitter; LIANA_consensus; SPIDER_internal; SpaCcLink; connectomeDB2020_lit
SHH,PTCH2,7,COMMOT_CellChat; CellTalkDB; LARIS_neurotransmitter; LIANA_consensus; SPIDER_internal; SpaCcLink; connectomeDB2020_lit
SLIT1,ROBO1,7,CellTalkDB; LARIS_neurotransmitter; LIANA_consensus; SPIDER_internal; SpaCcLink; connectomeDB2020_lit; stCASE
SLIT2,ROBO1,7,CellTalkDB; LARIS_neurotransmitter; LIANA_consensus; SPIDER_internal; SpaCcLink; connectomeDB2020_lit; stCASE
SLIT2,ROBO2,7,CellTalkDB; LARIS_neurotransmitter; LIANA_consensus; SPIDER_internal; SpaCcLink; connectomeDB2020_lit; stCASE
SPP1,ITGA4,7,COMMOT_CellChat; CellTalkDB; LARIS_neurotransmitter; LIANA_consensus; SPIDER_internal; SpaCcLink; connectomeDB2020_lit
SPP1,ITGA9,7,COMMOT_CellChat; CellTalkDB; LARIS_neurotransmitter; LIANA_consensus; SPIDER_internal; SpaCcLink; connectomeDB2020_lit
SPP1,ITGAV,7,COMMOT_CellChat; CellTalkDB; LARIS_neurotransmitter; LIANA_consensus; SPIDER_internal; SpaCcLink; connectomeDB2020_lit
TGFB1,TGFBR1,7,COMMOT_CellChat; CellTalkDB; LARIS_neurotransmitter; LIANA_consensus; SPIDER_internal; SpaCcLink; connectomeDB2020_lit
TGFB2,ACVR1,7,COMMOT_CellChat; CellTalkDB; LARIS_neurotransmitter; LIANA_consensus; SPIDER_internal; SpaCcLink; connectomeDB2020_lit
TGFB2,TGFBR1,7,COMMOT_CellChat; CellTalkDB; LARIS_neurotransmitter; LIANA_consensus; SPIDER_internal; SpaCcLink; connectomeDB2020_lit
THBS2,CD36,7,COMMOT_CellChat; CellTalkDB; LARIS_neurotransmitter; LIANA_consensus; SPIDER_internal; SpaCcLink; stCASE
THBS2,ITGB3,7,COMMOT_CellChat; CellTalkDB; LARIS_neurotransmitter; LIANA_consensus; SPIDER_internal; SpaCcLink; stCASE
TNC,ITGB6,7,COMMOT_CellChat; CellTalkDB; LARIS_neurotransmitter; LIANA_consensus; SPIDER_internal; SpaCcLink; stCASE
TNC,SDC1,7,COMMOT_CellChat; CellTalkDB; LARIS_neurotransmitter; LIANA_consensus; SPIDER_internal; SpaCcLink; stCASE
TNC,SDC4,7,COMMOT_CellChat; CellTalkDB; LARIS_neurotransmitter; LIANA_consensus; SPIDER_internal; SpaCcLink; stCASE
TNFSF13,TNFRSF13B,7,COMMOT_CellChat; CellTalkDB; LARIS_neurotransmitter; LIANA_consensus; SPIDER_internal; connectomeDB2020_lit; stCASE
TNFSF13,TNFRSF17,7,COMMOT_CellChat; CellTalkDB; LARIS_neurotransmitter; LIANA_consensus; SPIDER_internal; connectomeDB2020_lit; stCASE
TNFSF13B,TNFRSF13B,7,COMMOT_CellChat; CellTalkDB; LARIS_neurotransmitter; LIANA_consensus; SPIDER_internal; connectomeDB2020_lit; stCASE
TNFSF13B,TNFRSF17,7,COMMOT_CellChat; CellTalkDB; LARIS_neurotransmitter; LIANA_consensus; SPIDER_internal; connectomeDB2020_lit; stCASE
TNFSF15,TNFRSF25,7,COMMOT_CellChat; CellTalkDB; LARIS_neurotransmitter; LIANA_consensus; SPIDER_internal; connectomeDB2020_lit; stCASE
TNFSF18,TNFRSF18,7,COMMOT_CellChat; CellTalkDB; LARIS_neurotransmitter; LIANA_consensus; SPIDER_internal; connectomeDB2020_lit; stCASE
TNFSF4,TNFRSF4,7,COMMOT_CellChat; CellTalkDB; LARIS_neurotransmitter; LIANA_consensus; SPIDER_internal; connectomeDB2020_lit; stCASE
TNFSF8,TNFRSF8,7,COMMOT_CellChat; CellTalkDB; LARIS_neurotransmitter; LIANA_consensus; SPIDER_internal; connectomeDB2020_lit; stCASE
TNFSF9,TNFRSF9,7,COMMOT_CellChat; CellTalkDB; LARIS_neurotransmitter; LIANA_consensus; SPIDER_internal; connectomeDB2020_lit; stCASE
ULBP2,KLRK1,7,CellTalkDB; LARIS_neurotransmitter; LIANA_consensus; SPIDER_internal; SpaCcLink; connectomeDB2020_lit; stCASE
ULBP3,KLRK1,7,CellTalkDB; LARIS_neurotransmitter; LIANA_consensus; SPIDER_internal; SpaCcLink; connectomeDB2020_lit; stCASE
VCAM1,ITGB2,7,CellTalkDB; LARIS_neurotransmitter; LIANA_consensus; SPIDER_internal; SpaCcLink; connectomeDB2020_lit; stCASE
VIP,SCTR,7,CellTalkDB; LARIS_neurotransmitter; LIANA_consensus; SPIDER_internal; SpaCcLink; connectomeDB2020_lit; stCASE
VTN,ITGA8,7,COMMOT_CellChat; CellTalkDB; LARIS_neurotransmitter; LIANA_consensus; SPIDER_internal; SpaCcLink; connectomeDB2020_lit
VTN,ITGAV,7,COMMOT_CellChat; CellTalkDB; LARIS_neurotransmitter; LIANA_consensus; SPIDER_internal; SpaCcLink; connectomeDB2020_lit
VTN,ITGB1,7,COMMOT_CellChat; CellTalkDB; LARIS_neurotransmitter; LIANA_consensus; SPIDER_internal; SpaCcLink; stCASE
VTN,ITGB5,7,COMMOT_CellChat; CellTalkDB; LARIS_neurotransmitter; LIANA_consensus; SPIDER_internal; SpaCcLink; stCASE
VTN,PLAUR,7,CellTalkDB; LARIS_neurotransmitter; LIANA_consensus; SPIDER_internal; SpaCcLink; connectomeDB2020_lit; stCASE
VWF,GP1BA,7,COMMOT_CellChat; CellTalkDB; LARIS_neurotransmitter; LIANA_consensus; SPIDER_internal; SpaCcLink; connectomeDB2020_lit
VWF,ITGA2B,7,COMMOT_CellChat; CellTalkDB; LARIS_neurotransmitter; LIANA_consensus; SPIDER_internal; SpaCcLink; connectomeDB2020_lit
VWF,ITGB3,7,COMMOT_CellChat; CellTalkDB; LARIS_neurotransmitter; LIANA_consensus; SPIDER_internal; SpaCcLink; stCASE
WNT1,FZD1,7,COMMOT_CellChat; CellTalkDB; LARIS_neurotransmitter; LIANA_consensus; SPIDER_internal; SpaCcLink; connectomeDB2020_lit
WNT1,LRP5,7,COMMOT_CellChat; CellTalkDB; LARIS_neurotransmitter; LIANA_consensus; SPIDER_internal; SpaCcLink; stCASE
WNT2,FZD1,7,COMMOT_CellChat; CellTalkDB; LARIS_neurotransmitter; LIANA_consensus; SPIDER_internal; SpaCcLink; connectomeDB2020_lit
WNT2,LRP6,7,COMMOT_CellChat; CellTalkDB; LARIS_neurotransmitter; LIANA_consensus; SPIDER_internal; SpaCcLink; stCASE
WNT3,FZD1,7,COMMOT_CellChat; CellTalkDB; LARIS_neurotransmitter; LIANA_consensus; SPIDER_internal; SpaCcLink; connectomeDB2020_lit
WNT3A,FZD1,7,COMMOT_CellChat; CellTalkDB; LARIS_neurotransmitter; LIANA_consensus; SPIDER_internal; SpaCcLink; connectomeDB2020_lit
WNT3A,FZD3,7,COMMOT_CellChat; CellTalkDB; LARIS_neurotransmitter; LIANA_consensus; SPIDER_internal; SpaCcLink; stCASE
WNT3A,LRP5,7,COMMOT_CellChat; CellTalkDB; LARIS_neurotransmitter; LIANA_consensus; SPIDER_internal; SpaCcLink; stCASE
WNT5A,FZD9,7,COMMOT_CellChat; CellTalkDB; LARIS_neurotransmitter; LIANA_consensus; SPIDER_internal; SpaCcLink; stCASE
WNT7A,LRP6,7,COMMOT_CellChat; CellTalkDB; LARIS_neurotransmitter; LIANA_consensus; SPIDER_internal; SpaCcLink; stCASE
WNT7B,FZD1,7,COMMOT_CellChat; CellTalkDB; LARIS_neurotransmitter; LIANA_consensus; SPIDER_internal; SpaCcLink; connectomeDB2020_lit
WNT8A,LRP5,7,COMMOT_CellChat; CellTalkDB; LARIS_neurotransmitter; LIANA_consensus; SPIDER_internal; SpaCcLink; stCASE
WNT8B,LRP5,7,COMMOT_CellChat; CellTalkDB; LARIS_neurotransmitter; LIANA_consensus; SPIDER_internal; SpaCcLink; stCASE
WNT9B,LRP6,7,COMMOT_CellChat; CellTalkDB; LARIS_neurotransmitter; LIANA_consensus; SPIDER_internal; SpaCcLink; stCASE
ACE,BDKRB2,6,CellTalkDB; LIANA_consensus; SPIDER_internal; SpaCcLink; connectomeDB2020_lit; stCASE
ADAM10,EPHA3,6,CellTalkDB; LIANA_consensus; SPIDER_internal; SpaCcLink; connectomeDB2020_lit; stCASE
ADAM12,ITGA9,6,CellTalkDB; LIANA_consensus; SPIDER_internal; SpaCcLink; connectomeDB2020_lit; stCASE
ADAM12,ITGB1,6,CellTalkDB; LIANA_consensus; SPIDER_internal; SpaCcLink; connectomeDB2020_lit; stCASE
ADAM12,SDC4,6,CellTalkDB; LIANA_consensus; SPIDER_internal; SpaCcLink; connectomeDB2020_lit; stCASE
ADAM15,ITGA5,6,CellTalkDB; LIANA_consensus; SPIDER_internal; SpaCcLink; connectomeDB2020_lit; stCASE
ADAM15,ITGA9,6,CellTalkDB; LIANA_consensus; SPIDER_internal; SpaCcLink; connectomeDB2020_lit; stCASE
ADAM15,ITGAV,6,CellTalkDB; LIANA_consensus; SPIDER_internal; SpaCcLink; connectomeDB2020_lit; stCASE
ADAM15,ITGB1,6,CellTalkDB; LIANA_consensus; SPIDER_internal; SpaCcLink; connectomeDB2020_lit; stCASE
ADAM15,ITGB3,6,CellTalkDB; LIANA_consensus; SPIDER_internal; SpaCcLink; connectomeDB2020_lit; stCASE
ADAM17,ITGA5,6,CellTalkDB; LIANA_consensus; SPIDER_internal; SpaCcLink; connectomeDB2020_lit; stCASE
ADAM17,ITGB1,6,CellTalkDB; LIANA_consensus; SPIDER_internal; SpaCcLink; connectomeDB2020_lit; stCASE
ADAM17,NOTCH1,6,CellTalkDB; LIANA_consensus; SPIDER_internal; SpaCcLink; connectomeDB2020_lit; stCASE
ADAM2,ITGA6,6,CellTalkDB; LIANA_consensus; SPIDER_internal; SpaCcLink; connectomeDB2020_lit; stCASE
ADAM2,ITGA9,6,CellTalkDB; LIANA_consensus; SPIDER_internal; SpaCcLink; connectomeDB2020_lit; stCASE
ADAM2,ITGB1,6,CellTalkDB; LIANA_consensus; SPIDER_internal; SpaCcLink; connectomeDB2020_lit; stCASE
ADAM2,ITGB7,6,CellTalkDB; LIANA_consensus; SPIDER_internal; SpaCcLink; connectomeDB2020_lit; stCASE
ADAM28,ITGA4,6,CellTalkDB; LIANA_consensus; SPIDER_internal; SpaCcLink; connectomeDB2020_lit; stCASE
ADAM9,ITGA3,6,CellTalkDB; LIANA_consensus; SPIDER_internal; SpaCcLink; connectomeDB2020_lit; stCASE
ADAM9,ITGA6,6,CellTalkDB; LIANA_consensus; SPIDER_internal; SpaCcLink; connectomeDB2020_lit; stCASE
ADAM9,ITGAV,6,CellTalkDB; LIANA_consensus; SPIDER_internal; SpaCcLink; connectomeDB2020_lit; stCASE
ADAM9,ITGB1,6,CellTalkDB; LIANA_consensus; SPIDER_internal; SpaCcLink; connectomeDB2020_lit; stCASE
ADAM9,ITGB5,6,CellTalkDB; LIANA_consensus; SPIDER_internal; SpaCcLink; connectomeDB2020_lit; stCASE
ADCYAP1,SCTR,6,CellTalkDB; LIANA_consensus; SPIDER_internal; SpaCcLink; connectomeDB2020_lit; stCASE
ADCYAP1,VIPR1,6,CellTalkDB; LIANA_consensus; SPIDER_internal; SpaCcLink; connectomeDB2020_lit; stCASE
ADCYAP1,VIPR2,6,CellTalkDB; LIANA_consensus; SPIDER_internal; SpaCcLink; connectomeDB2020_lit; stCASE
ADM,RAMP1,6,CellTalkDB; LARIS_neurotransmitter; LIANA_consensus; SPIDER_internal; SpaCcLink; stCASE
ADM2,CALCRL,6,CellTalkDB; LIANA_consensus; SPIDER_internal; SpaCcLink; connectomeDB2020_lit; stCASE
ADM2,RAMP1,6,CellTalkDB; LIANA_consensus; SPIDER_internal; SpaCcLink; connectomeDB2020_lit; stCASE
ADM2,RAMP2,6,CellTalkDB; LIANA_consensus; SPIDER_internal; SpaCcLink; connectomeDB2020_lit; stCASE
ADM2,RAMP3,6,CellTalkDB; LIANA_consensus; SPIDER_internal; SpaCcLink; connectomeDB2020_lit; stCASE
AGRN,ATP1A3,6,CellTalkDB; LIANA_consensus; SPIDER_internal; SpaCcLink; connectomeDB2020_lit; stCASE
AGRP,SDC3,6,CellTalkDB; LIANA_consensus; SPIDER_internal; SpaCcLink; connectomeDB2020_lit; stCASE
AGT,LRP2,6,CellTalkDB; LIANA_consensus; SPIDER_internal; SpaCcLink; connectomeDB2020_lit; stCASE
ALKAL1,ALK,6,CellTalkDB; LIANA_consensus; SPIDER_internal; SpaCcLink; connectomeDB2020_lit; stCASE
ALKAL2,ALK,6,CellTalkDB; LIANA_consensus; SPIDER_internal; SpaCcLink; connectomeDB2020_lit; stCASE
AMH,EGFR,6,CellTalkDB; LIANA_consensus; SPIDER_internal; SpaCcLink; connectomeDB2020_lit; stCASE
ANGPT4,TEK,6,CellTalkDB; LIANA_consensus; SPIDER_internal; SpaCcLink; connectomeDB2020_lit; stCASE
ANGPTL1,TEK,6,CellTalkDB; LIANA_consensus; SPIDER_internal; SpaCcLink; connectomeDB2020_lit; stCASE
ANGPTL2,LILRB2,6,CellTalkDB; LIANA_consensus; SPIDER_internal; SpaCcLink; connectomeDB2020_lit; stCASE
ANGPTL3,ITGA5,6,CellTalkDB; LIANA_consensus; SPIDER_internal; SpaCcLink; connectomeDB2020_lit; stCASE
ANOS1,FGFR1,6,CellTalkDB; LIANA_consensus; SPIDER_internal; SpaCcLink; connectomeDB2020_lit; stCASE
ANOS1,SDC2,6,CellTalkDB; LIANA_consensus; SPIDER_internal; SpaCcLink; connectomeDB2020_lit; stCASE
ANXA1,EGFR,6,CellTalkDB; LIANA_consensus; SPIDER_internal; SpaCcLink; connectomeDB2020_lit; stCASE
APOB,LDLR,6,CellTalkDB; LIANA_consensus; SPIDER_internal; SpaCcLink; connectomeDB2020_lit; stCASE
APOB,LRP2,6,CellTalkDB; LIANA_consensus; SPIDER_internal; SpaCcLink; connectomeDB2020_lit; stCASE
APOB,LSR,6,CellTalkDB; LIANA_consensus; SPIDER_internal; SpaCcLink; connectomeDB2020_lit; stCASE
APOB,OLR1,6,CellTalkDB; LIANA_consensus; SPIDER_internal; SpaCcLink; connectomeDB2020_lit; stCASE
APOD,LEPR,6,CellTalkDB; LIANA_consensus; SPIDER_internal; SpaCcLink; connectomeDB2020_lit; stCASE
APOE,LDLR,6,CellTalkDB; LIANA_consensus; SPIDER_internal; SpaCcLink; connectomeDB2020_lit; stCASE
APOE,LRP1,6,CellTalkDB; LIANA_consensus; SPIDER_internal; SpaCcLink; connectomeDB2020_lit; stCASE
APOE,LRP2,6,CellTalkDB; LIANA_consensus; SPIDER_internal; SpaCcLink; connectomeDB2020_lit; stCASE
APOE,LRP5,6,CellTalkDB; LIANA_consensus; SPIDER_internal; SpaCcLink; connectomeDB2020_lit; stCASE
APOE,LRP8,6,CellTalkDB; LIANA_consensus; SPIDER_internal; SpaCcLink; connectomeDB2020_lit; stCASE
APOE,TREM2,6,CellTalkDB; LARIS_neurotransmitter; LIANA_consensus; SPIDER_internal; SpaCcLink; stCASE
APOE,VLDLR,6,CellTalkDB; LIANA_consensus; SPIDER_internal; SpaCcLink; connectomeDB2020_lit; stCASE
APP,FPR2,6,CellTalkDB; LIANA_consensus; SPIDER_internal; SpaCcLink; connectomeDB2020_lit; stCASE
APP,GPC1,6,CellTalkDB; LIANA_consensus; SPIDER_internal; SpaCcLink; connectomeDB2020_lit; stCASE
APP,LRP1,6,CellTalkDB; LIANA_consensus; SPIDER_internal; SpaCcLink; connectomeDB2020_lit; stCASE
APP,NCSTN,6,CellTalkDB; LIANA_consensus; SPIDER_internal; SpaCcLink; connectomeDB2020_lit; stCASE
APP,TNFRSF21,6,CellTalkDB; LARIS_neurotransmitter; LIANA_consensus; SPIDER_internal; connectomeDB2020_lit; stCASE
AREG,ERBB3,6,CellTalkDB; LIANA_consensus; SPIDER_internal; SpaCcLink; connectomeDB2020_lit; stCASE
AVP,OXTR,6,CellTalkDB; LIANA_consensus; SPIDER_internal; SpaCcLink; connectomeDB2020_lit; stCASE
AZGP1,ITGAV,6,CellTalkDB; LIANA_consensus; SPIDER_internal; SpaCcLink; connectomeDB2020_lit; stCASE
B2M,CD1A,6,CellTalkDB; LIANA_consensus; SPIDER_internal; SpaCcLink; connectomeDB2020_lit; stCASE
B2M,CD1B,6,CellTalkDB; LIANA_consensus; SPIDER_internal; SpaCcLink; connectomeDB2020_lit; stCASE
BGN,TLR2,6,CellTalkDB; LIANA_consensus; SPIDER_internal; SpaCcLink; connectomeDB2020_lit; stCASE
BGN,TLR4,6,CellTalkDB; LIANA_consensus; SPIDER_internal; SpaCcLink; connectomeDB2020_lit; stCASE
BMP10,BMPR1A,6,CellTalkDB; LIANA_consensus; SPIDER_internal; SpaCcLink; connectomeDB2020_lit; stCASE
BMP10,BMPR1B,6,CellTalkDB; LIANA_consensus; SPIDER_internal; SpaCcLink; connectomeDB2020_lit; stCASE
BMP15,ACVR2A,6,CellTalkDB; LIANA_consensus; SPIDER_internal; SpaCcLink; connectomeDB2020_lit; stCASE
BMP15,BMPR1A,6,CellTalkDB; LIANA_consensus; SPIDER_internal; SpaCcLink; connectomeDB2020_lit; stCASE
BMP3,ACVR2B,6,CellTalkDB; LIANA_consensus; SPIDER_internal; SpaCcLink; connectomeDB2020_lit; stCASE
BMP5,BMPR1A,6,COMMOT_CellChat; CellTalkDB; LARIS_neurotransmitter; LIANA_consensus; SPIDER_internal; SpaCcLink
BMP5,BMPR1B,6,COMMOT_CellChat; CellTalkDB; LARIS_neurotransmitter; LIANA_consensus; SPIDER_internal; SpaCcLink
BMP8A,BMPR1B,6,COMMOT_CellChat; CellTalkDB; LARIS_neurotransmitter; LIANA_consensus; SPIDER_internal; SpaCcLink
BMP8B,BMPR1A,6,COMMOT_CellChat; CellTalkDB; LARIS_neurotransmitter; LIANA_consensus; SPIDER_internal; SpaCcLink
BMP8B,BMPR1B,6,COMMOT_CellChat; CellTalkDB; LARIS_neurotransmitter; LIANA_consensus; SPIDER_internal; SpaCcLink
BST2,LILRA4,6,CellTalkDB; LIANA_consensus; SPIDER_internal; SpaCcLink; connectomeDB2020_lit; stCASE
BTC,ERBB3,6,CellTalkDB; LIANA_consensus; SPIDER_internal; SpaCcLink; connectomeDB2020_lit; stCASE
BTLA,CD79A,6,CellTalkDB; LIANA_consensus; SPIDER_internal; SpaCcLink; connectomeDB2020_lit; stCASE
C1QTNF1,AVPR2,6,CellTalkDB; LIANA_consensus; SPIDER_internal; SpaCcLink; connectomeDB2020_lit; stCASE
C4B,CD46,6,CellTalkDB; LIANA_consensus; SPIDER_internal; SpaCcLink; connectomeDB2020_lit; stCASE
C4B,CR1,6,CellTalkDB; LIANA_consensus; SPIDER_internal; SpaCcLink; connectomeDB2020_lit; stCASE
CALCA,RAMP3,6,CellTalkDB; LARIS_neurotransmitter; LIANA_consensus; SPIDER_internal; SpaCcLink; stCASE
CALCB,RAMP2,6,CellTalkDB; LARIS_neurotransmitter; LIANA_consensus; SPIDER_internal; SpaCcLink; stCASE
CALCB,RAMP3,6,CellTalkDB; LARIS_neurotransmitter; LIANA_consensus; SPIDER_internal; SpaCcLink; stCASE
CALR,ITGA3,6,CellTalkDB; LIANA_consensus; SPIDER_internal; SpaCcLink; connectomeDB2020_lit; stCASE
CALR,ITGAV,6,CellTalkDB; LIANA_consensus; SPIDER_internal; SpaCcLink; connectomeDB2020_lit; stCASE
CALR,LRP1,6,CellTalkDB; LIANA_consensus; SPIDER_internal; SpaCcLink; connectomeDB2020_lit; stCASE
CALR,MTNR1A,6,CellTalkDB; LIANA_consensus; SPIDER_internal; SpaCcLink; connectomeDB2020_lit; stCASE
CALR,TSHR,6,CellTalkDB; LIANA_consensus; SPIDER_internal; SpaCcLink; connectomeDB2020_lit; stCASE
CCL11,CCR2,6,CellTalkDB; LIANA_consensus; SPIDER_internal; SpaCcLink; connectomeDB2020_lit; stCASE
CCL11,CCR5,6,CellTalkDB; LIANA_consensus; SPIDER_internal; SpaCcLink; connectomeDB2020_lit; stCASE
CCL13,CCR2,6,CellTalkDB; LIANA_consensus; SPIDER_internal; SpaCcLink; connectomeDB2020_lit; stCASE
CCL13,CCR3,6,CellTalkDB; LIANA_consensus; SPIDER_internal; SpaCcLink; connectomeDB2020_lit; stCASE
CCL13,CCR5,6,CellTalkDB; LIANA_consensus; SPIDER_internal; SpaCcLink; connectomeDB2020_lit; stCASE
CCL13,CXCR3,6,CellTalkDB; LIANA_consensus; SPIDER_internal; SpaCcLink; connectomeDB2020_lit; stCASE
CCL14,CCR3,6,CellTalkDB; LIANA_consensus; SPIDER_internal; SpaCcLink; connectomeDB2020_lit; stCASE
CCL14,CCR5,6,CellTalkDB; LIANA_consensus; SPIDER_internal; SpaCcLink; connectomeDB2020_lit; stCASE
CCL15,CCR3,6,CellTalkDB; LIANA_consensus; SPIDER_internal; SpaCcLink; connectomeDB2020_lit; stCASE
CCL16,CCR2,6,CellTalkDB; LIANA_consensus; SPIDER_internal; SpaCcLink; connectomeDB2020_lit; stCASE
CCL16,CCR5,6,CellTalkDB; LIANA_consensus; SPIDER_internal; SpaCcLink; connectomeDB2020_lit; stCASE
CCL16,CCR8,6,CellTalkDB; LIANA_consensus; SPIDER_internal; SpaCcLink; connectomeDB2020_lit; stCASE
CCL16,HRH4,6,CellTalkDB; LIANA_consensus; SPIDER_internal; SpaCcLink; connectomeDB2020_lit; stCASE
CCL17,CCR8,6,CellTalkDB; LIANA_consensus; SPIDER_internal; SpaCcLink; connectomeDB2020_lit; stCASE
CCL18,CCR8,6,CellTalkDB; LIANA_consensus; SPIDER_internal; SpaCcLink; connectomeDB2020_lit; stCASE
CCL19,ACKR2,6,CellTalkDB; LIANA_consensus; SPIDER_internal; SpaCcLink; connectomeDB2020_lit; stCASE
CCL19,CCR10,6,CellTalkDB; LIANA_consensus; SPIDER_internal; SpaCcLink; connectomeDB2020_lit; stCASE
CCL19,CXCR3,6,CellTalkDB; LIANA_consensus; SPIDER_internal; SpaCcLink; connectomeDB2020_lit; stCASE
CCL2,CCR1,6,CellTalkDB; LIANA_consensus; SPIDER_internal; SpaCcLink; connectomeDB2020_lit; stCASE
CCL2,CCR10,6,CellTalkDB; LIANA_consensus; SPIDER_internal; SpaCcLink; connectomeDB2020_lit; stCASE
CCL2,CCR3,6,CellTalkDB; LIANA_consensus; SPIDER_internal; SpaCcLink; connectomeDB2020_lit; stCASE
CCL2,CCR4,6,CellTalkDB; LIANA_consensus; SPIDER_internal; SpaCcLink; connectomeDB2020_lit; stCASE
CCL2,CCR5,6,CellTalkDB; LIANA_consensus; SPIDER_internal; SpaCcLink; connectomeDB2020_lit; stCASE
CCL20,CXCR3,6,CellTalkDB; LIANA_consensus; SPIDER_internal; SpaCcLink; connectomeDB2020_lit; stCASE
CCL21,ACKR2,6,CellTalkDB; LIANA_consensus; SPIDER_internal; SpaCcLink; connectomeDB2020_lit; stCASE
CCL21,CXCR3,6,CellTalkDB; LIANA_consensus; SPIDER_internal; SpaCcLink; connectomeDB2020_lit; stCASE
CCL25,ACKR2,6,CellTalkDB; LIANA_consensus; SPIDER_internal; SpaCcLink; connectomeDB2020_lit; stCASE
CCL25,CCR10,6,CellTalkDB; LIANA_consensus; SPIDER_internal; SpaCcLink; connectomeDB2020_lit; stCASE
CCL26,CCR1,6,CellTalkDB; LIANA_consensus; SPIDER_internal; SpaCcLink; connectomeDB2020_lit; stCASE
CCL27,ACKR2,6,CellTalkDB; LIANA_consensus; SPIDER_internal; SpaCcLink; connectomeDB2020_lit; stCASE
CCL28,ACKR2,6,CellTalkDB; LIANA_consensus; SPIDER_internal; SpaCcLink; connectomeDB2020_lit; stCASE
CCL3,CCR3,6,CellTalkDB; LIANA_consensus; SPIDER_internal; SpaCcLink; connectomeDB2020_lit; stCASE
CCL3,CCR4,6,CellTalkDB; LIANA_consensus; SPIDER_internal; SpaCcLink; connectomeDB2020_lit; stCASE
CCL3L1,CCR1,6,COMMOT_CellChat; LARIS_neurotransmitter; LIANA_consensus; SpaCcLink; connectomeDB2020_lit; stCASE
CCL4,CCR3,6,CellTalkDB; LIANA_consensus; SPIDER_internal; SpaCcLink; connectomeDB2020_lit; stCASE
CCL4,CCR8,6,CellTalkDB; LIANA_consensus; SPIDER_internal; SpaCcLink; connectomeDB2020_lit; stCASE
CCL5,CXCR3,6,CellTalkDB; LIANA_consensus; SPIDER_internal; SpaCcLink; connectomeDB2020_lit; stCASE
CCL5,SDC1,6,CellTalkDB; LIANA_consensus; SPIDER_internal; SpaCcLink; connectomeDB2020_lit; stCASE
CCL5,SDC4,6,CellTalkDB; LIANA_consensus; SPIDER_internal; SpaCcLink; connectomeDB2020_lit; stCASE
CCL7,CCR10,6,CellTalkDB; LIANA_consensus; SPIDER_internal; SpaCcLink; connectomeDB2020_lit; stCASE
CCL8,CCR3,6,CellTalkDB; LIANA_consensus; SPIDER_internal; SpaCcLink; connectomeDB2020_lit; stCASE
CCL8,CCR5,6,CellTalkDB; LIANA_consensus; SPIDER_internal; SpaCcLink; connectomeDB2020_lit; stCASE
CCN1,ITGA5,6,CellTalkDB; LIANA_consensus; SPIDER_internal; SpaCcLink; connectomeDB2020_lit; stCASE
CCN1,ITGAM,6,CellTalkDB; LIANA_consensus; SPIDER_internal; SpaCcLink; connectomeDB2020_lit; stCASE
CCN1,ITGAV,6,CellTalkDB; LIANA_consensus; SPIDER_internal; SpaCcLink; connectomeDB2020_lit; stCASE
CCN1,ITGB2,6,CellTalkDB; LIANA_consensus; SPIDER_internal; SpaCcLink; connectomeDB2020_lit; stCASE
CCN1,ITGB3,6,CellTalkDB; LIANA_consensus; SPIDER_internal; SpaCcLink; connectomeDB2020_lit; stCASE
CCN1,ITGB5,6,CellTalkDB; LIANA_consensus; SPIDER_internal; SpaCcLink; connectomeDB2020_lit; stCASE
CCN2,ITGA5,6,CellTalkDB; LIANA_consensus; SPIDER_internal; SpaCcLink; connectomeDB2020_lit; stCASE
CCN2,ITGAM,6,CellTalkDB; LIANA_consensus; SPIDER_internal; SpaCcLink; connectomeDB2020_lit; stCASE
CCN2,ITGB2,6,CellTalkDB; LIANA_consensus; SPIDER_internal; SpaCcLink; connectomeDB2020_lit; stCASE
CCN2,LRP1,6,CellTalkDB; LIANA_consensus; SPIDER_internal; SpaCcLink; connectomeDB2020_lit; stCASE
CCN2,LRP6,6,CellTalkDB; LIANA_consensus; SPIDER_internal; SpaCcLink; connectomeDB2020_lit; stCASE
CCN2,NTRK1,6,CellTalkDB; LIANA_consensus; SPIDER_internal; SpaCcLink; connectomeDB2020_lit; stCASE
CCN3,NOTCH1,6,CellTalkDB; LIANA_consensus; SPIDER_internal; SpaCcLink; connectomeDB2020_lit; stCASE
CD14,ITGA4,6,CellTalkDB; LIANA_consensus; SPIDER_internal; SpaCcLink; connectomeDB2020_lit; stCASE
CD14,ITGB1,6,CellTalkDB; LIANA_consensus; SPIDER_internal; SpaCcLink; connectomeDB2020_lit; stCASE
CD160,TNFRSF14,6,CellTalkDB; LARIS_neurotransmitter; SPIDER_internal; SpaCcLink; connectomeDB2020_lit; stCASE
CD200,CD200R1,6,CellTalkDB; LARIS_neurotransmitter; LIANA_consensus; SPIDER_internal; connectomeDB2020_lit; stCASE
CD274,CD80,6,CellTalkDB; LIANA_consensus; SPIDER_internal; SpaCcLink; connectomeDB2020_lit; stCASE
CD40LG,ITGAM,6,COMMOT_CellChat; CellTalkDB; LARIS_neurotransmitter; LIANA_consensus; SPIDER_internal; SpaCcLink
CD48,CD244,6,COMMOT_CellChat; LARIS_neurotransmitter; LIANA_consensus; SpaCcLink; connectomeDB2020_lit; stCASE
CD55,ADGRE5,6,CellTalkDB; LARIS_neurotransmitter; LIANA_consensus; SPIDER_internal; SpaCcLink; connectomeDB2020_lit
CD6,ALCAM,6,COMMOT_CellChat; CellTalkDB; LARIS_neurotransmitter; SPIDER_internal; connectomeDB2020_lit; stCASE
CD80,CD28,6,COMMOT_CellChat; LARIS_neurotransmitter; LIANA_consensus; SpaCcLink; connectomeDB2020_lit; stCASE
CD80,CTLA4,6,COMMOT_CellChat; LARIS_neurotransmitter; LIANA_consensus; SpaCcLink; connectomeDB2020_lit; stCASE
CDH1,EGFR,6,CellTalkDB; LIANA_consensus; SPIDER_internal; SpaCcLink; connectomeDB2020_lit; stCASE
CDH1,PTPRM,6,CellTalkDB; LIANA_consensus; SPIDER_internal; SpaCcLink; connectomeDB2020_lit; stCASE
CNTN2,CNTN1,6,CellTalkDB; LIANA_consensus; SPIDER_internal; SpaCcLink; connectomeDB2020_lit; stCASE
CNTN2,NRCAM,6,CellTalkDB; LIANA_consensus; SPIDER_internal; SpaCcLink; connectomeDB2020_lit; stCASE
COL14A1,CD44,6,CellTalkDB; LIANA_consensus; SPIDER_internal; SpaCcLink; connectomeDB2020_lit; stCASE
COL18A1,GPC1,6,CellTalkDB; LIANA_consensus; SPIDER_internal; SpaCcLink; connectomeDB2020_lit; stCASE
COL18A1,GPC4,6,CellTalkDB; LIANA_consensus; SPIDER_internal; SpaCcLink; connectomeDB2020_lit; stCASE
COL18A1,ITGA5,6,CellTalkDB; LIANA_consensus; SPIDER_internal; SpaCcLink; connectomeDB2020_lit; stCASE
COL18A1,ITGB1,6,CellTalkDB; LIANA_consensus; SPIDER_internal; SpaCcLink; connectomeDB2020_lit; stCASE
COL18A1,KDR,6,CellTalkDB; LIANA_consensus; SPIDER_internal; SpaCcLink; connectomeDB2020_lit; stCASE
COL1A1,CD36,6,CellTalkDB; LIANA_consensus; SPIDER_internal; SpaCcLink; connectomeDB2020_lit; stCASE
COL1A1,ITGA1,6,COMMOT_CellChat; CellTalkDB; LARIS_neurotransmitter; LIANA_consensus; SPIDER_internal; SpaCcLink
COL1A1,ITGA5,6,CellTalkDB; LIANA_consensus; SPIDER_internal; SpaCcLink; connectomeDB2020_lit; stCASE
COL1A1,ITGAV,6,COMMOT_CellChat; CellTalkDB; LARIS_neurotransmitter; LIANA_consensus; SPIDER_internal; SpaCcLink
COL1A2,ITGA1,6,COMMOT_CellChat; CellTalkDB; LARIS_neurotransmitter; LIANA_consensus; SPIDER_internal; SpaCcLink
COL1A2,ITGAV,6,COMMOT_CellChat; CellTalkDB; LARIS_neurotransmitter; LIANA_consensus; SPIDER_internal; SpaCcLink
COL1A2,ITGB3,6,CellTalkDB; LIANA_consensus; SPIDER_internal; SpaCcLink; connectomeDB2020_lit; stCASE
COL2A1,ITGA1,6,COMMOT_CellChat; CellTalkDB; LARIS_neurotransmitter; LIANA_consensus; SPIDER_internal; SpaCcLink
COL2A1,MAG,6,CellTalkDB; LIANA_consensus; SPIDER_internal; SpaCcLink; connectomeDB2020_lit; stCASE
COL2A1,TNFRSF10A,6,CellTalkDB; LIANA_consensus; SPIDER_internal; SpaCcLink; connectomeDB2020_lit; stCASE
COL3A1,MAG,6,CellTalkDB; LIANA_consensus; SPIDER_internal; SpaCcLink; connectomeDB2020_lit; stCASE
COL4A1,ITGA2,6,COMMOT_CellChat; CellTalkDB; LARIS_neurotransmitter; LIANA_consensus; SPIDER_internal; SpaCcLink
COL4A3,CD47,6,CellTalkDB; LIANA_consensus; SPIDER_internal; SpaCcLink; connectomeDB2020_lit; stCASE
COL4A3,ITGA1,6,COMMOT_CellChat; CellTalkDB; LARIS_neurotransmitter; LIANA_consensus; SPIDER_internal; SpaCcLink
COL4A3,ITGA2,6,COMMOT_CellChat; CellTalkDB; LARIS_neurotransmitter; LIANA_consensus; SPIDER_internal; SpaCcLink
COL4A3,ITGA3,6,COMMOT_CellChat; CellTalkDB; LARIS_neurotransmitter; LIANA_consensus; SPIDER_internal; SpaCcLink
COL4A4,ITGA1,6,COMMOT_CellChat; CellTalkDB; LARIS_neurotransmitter; LIANA_consensus; SPIDER_internal; SpaCcLink
COL4A4,ITGA2,6,COMMOT_CellChat; CellTalkDB; LARIS_neurotransmitter; LIANA_consensus; SPIDER_internal; SpaCcLink
COL4A4,ITGAV,6,COMMOT_CellChat; CellTalkDB; LARIS_neurotransmitter; LIANA_consensus; SPIDER_internal; SpaCcLink
COL4A5,ITGA1,6,COMMOT_CellChat; CellTalkDB; LARIS_neurotransmitter; LIANA_consensus; SPIDER_internal; SpaCcLink
COL4A5,ITGA2,6,COMMOT_CellChat; CellTalkDB; LARIS_neurotransmitter; LIANA_consensus; SPIDER_internal; SpaCcLink
COL4A5,ITGAV,6,COMMOT_CellChat; CellTalkDB; LARIS_neurotransmitter; LIANA_consensus; SPIDER_internal; SpaCcLink
COL4A6,ITGA1,6,COMMOT_CellChat; CellTalkDB; LARIS_neurotransmitter; LIANA_consensus; SPIDER_internal; SpaCcLink
COL4A6,ITGA2,6,COMMOT_CellChat; CellTalkDB; LARIS_neurotransmitter; LIANA_consensus; SPIDER_internal; SpaCcLink
COL4A6,ITGAV,6,COMMOT_CellChat; CellTalkDB; LARIS_neurotransmitter; LIANA_consensus; SPIDER_internal; SpaCcLink
COL5A1,SDC3,6,CellTalkDB; LIANA_consensus; SPIDER_internal; SpaCcLink; connectomeDB2020_lit; stCASE
COL6A1,ITGA1,6,COMMOT_CellChat; CellTalkDB; LARIS_neurotransmitter; LIANA_consensus; SPIDER_internal; SpaCcLink
COL6A1,ITGA2,6,COMMOT_CellChat; CellTalkDB; LARIS_neurotransmitter; LIANA_consensus; SPIDER_internal; SpaCcLink
COL6A2,ITGA1,6,COMMOT_CellChat; CellTalkDB; LARIS_neurotransmitter; LIANA_consensus; SPIDER_internal; SpaCcLink
COL6A2,ITGA2,6,COMMOT_CellChat; CellTalkDB; LARIS_neurotransmitter; LIANA_consensus; SPIDER_internal; SpaCcLink
COL6A3,ITGA1,6,COMMOT_CellChat; CellTalkDB; LARIS_neurotransmitter; LIANA_consensus; SPIDER_internal; SpaCcLink
COL6A3,ITGA2,6,COMMOT_CellChat; CellTalkDB; LARIS_neurotransmitter; LIANA_consensus; SPIDER_internal; SpaCcLink
COL9A1,MAG,6,CellTalkDB; LIANA_consensus; SPIDER_internal; SpaCcLink; connectomeDB2020_lit; stCASE
COL9A2,MAG,6,CellTalkDB; LIANA_consensus; SPIDER_internal; SpaCcLink; connectomeDB2020_lit; stCASE
COL9A3,MAG,6,CellTalkDB; LIANA_consensus; SPIDER_internal; SpaCcLink; connectomeDB2020_lit; stCASE
CORT,GHSR,6,CellTalkDB; LIANA_consensus; SPIDER_internal; SpaCcLink; connectomeDB2020_lit; stCASE
CPAMD8,SCTR,6,CellTalkDB; LIANA_consensus; SPIDER_internal; SpaCcLink; connectomeDB2020_lit; stCASE
CSF2,CSF3R,6,CellTalkDB; LIANA_consensus; SPIDER_internal; SpaCcLink; connectomeDB2020_lit; stCASE
CSF2,IL3RA,6,CellTalkDB; LIANA_consensus; SPIDER_internal; SpaCcLink; connectomeDB2020_lit; stCASE
CSF2,SDC2,6,CellTalkDB; LIANA_consensus; SPIDER_internal; SpaCcLink; connectomeDB2020_lit; stCASE
CSH1,PRLR,6,CellTalkDB; LIANA_consensus; SPIDER_internal; SpaCcLink; connectomeDB2020_lit; stCASE
CTHRC1,FZD3,6,CellTalkDB; LIANA_consensus; SPIDER_internal; SpaCcLink; connectomeDB2020_lit; stCASE
CTHRC1,FZD5,6,CellTalkDB; LIANA_consensus; SPIDER_internal; SpaCcLink; connectomeDB2020_lit; stCASE
CTHRC1,FZD6,6,CellTalkDB; LIANA_consensus; SPIDER_internal; SpaCcLink; connectomeDB2020_lit; stCASE
CXCL10,SDC4,6,CellTalkDB; LIANA_consensus; SPIDER_internal; SpaCcLink; connectomeDB2020_lit; stCASE
CXCL12,CD4,6,CellTalkDB; LIANA_consensus; SPIDER_internal; SpaCcLink; connectomeDB2020_lit; stCASE
CXCL12,CXCR3,6,CellTalkDB; LIANA_consensus; SPIDER_internal; SpaCcLink; connectomeDB2020_lit; stCASE
CXCL12,ITGB1,6,CellTalkDB; LIANA_consensus; SPIDER_internal; SpaCcLink; connectomeDB2020_lit; stCASE
CXCL13,CCR10,6,CellTalkDB; LIANA_consensus; SPIDER_internal; SpaCcLink; connectomeDB2020_lit; stCASE
CXCL14,CXCR4,6,CellTalkDB; LIANA_consensus; SPIDER_internal; SpaCcLink; connectomeDB2020_lit; stCASE
CXCL2,XCR1,6,CellTalkDB; LIANA_consensus; SPIDER_internal; SpaCcLink; connectomeDB2020_lit; stCASE
CXCL8,SDC1,6,CellTalkDB; LIANA_consensus; SPIDER_internal; SpaCcLink; connectomeDB2020_lit; stCASE
CXCL8,SDC2,6,CellTalkDB; LIANA_consensus; SPIDER_internal; SpaCcLink; connectomeDB2020_lit; stCASE
DCN,ERBB4,6,CellTalkDB; LIANA_consensus; SPIDER_internal; SpaCcLink; connectomeDB2020_lit; stCASE
DCN,MET,6,CellTalkDB; LIANA_consensus; SPIDER_internal; SpaCcLink; connectomeDB2020_lit; stCASE
DEFB1,CCR6,6,CellTalkDB; LIANA_consensus; SPIDER_internal; SpaCcLink; connectomeDB2020_lit; stCASE
DEFB103A,CCR6,6,CellTalkDB; LIANA_consensus; SPIDER_internal; SpaCcLink; connectomeDB2020_lit; stCASE
DEFB4B,CCR6,6,CellTalkDB; LIANA_consensus; SPIDER_internal; SpaCcLink; connectomeDB2020_lit; stCASE
DHH,BOC,6,CellTalkDB; LIANA_consensus; SPIDER_internal; SpaCcLink; connectomeDB2020_lit; stCASE
DHH,CDON,6,CellTalkDB; LIANA_consensus; SPIDER_internal; SpaCcLink; connectomeDB2020_lit; stCASE
DKK1,KREMEN1,6,CellTalkDB; LIANA_consensus; SPIDER_internal; SpaCcLink; connectomeDB2020_lit; stCASE
DKK1,KREMEN2,6,CellTalkDB; LIANA_consensus; SPIDER_internal; SpaCcLink; connectomeDB2020_lit; stCASE
DKK2,KREMEN2,6,CellTalkDB; LIANA_consensus; SPIDER_internal; SpaCcLink; connectomeDB2020_lit; stCASE
DKK2,LRP6,6,CellTalkDB; LIANA_consensus; SPIDER_internal; SpaCcLink; connectomeDB2020_lit; stCASE
DSC1,DSG2,6,COMMOT_CellChat; CellTalkDB; LARIS_neurotransmitter; SPIDER_internal; connectomeDB2020_lit; stCASE
DSC1,DSG3,6,CellTalkDB; LARIS_neurotransmitter; LIANA_consensus; SPIDER_internal; connectomeDB2020_lit; stCASE
DSC2,DSG2,6,COMMOT_CellChat; CellTalkDB; LARIS_neurotransmitter; SPIDER_internal; connectomeDB2020_lit; stCASE
DSC3,DSG1,6,CellTalkDB; LARIS_neurotransmitter; SPIDER_internal; SpaCcLink; connectomeDB2020_lit; stCASE
DSC3,DSG3,6,CellTalkDB; LARIS_neurotransmitter; LIANA_consensus; SPIDER_internal; connectomeDB2020_lit; stCASE
EFEMP1,EGFR,6,CellTalkDB; LIANA_consensus; SPIDER_internal; SpaCcLink; connectomeDB2020_lit; stCASE
EFNA1,EPHA6,6,CellTalkDB; LIANA_consensus; SPIDER_internal; SpaCcLink; connectomeDB2020_lit; stCASE
EFNA4,EPHA6,6,CellTalkDB; LIANA_consensus; SPIDER_internal; SpaCcLink; connectomeDB2020_lit; stCASE
EFNA5,EPHA6,6,CellTalkDB; LIANA_consensus; SPIDER_internal; SpaCcLink; connectomeDB2020_lit; stCASE
EFNA5,EPHB1,6,CellTalkDB; LIANA_consensus; SPIDER_internal; SpaCcLink; connectomeDB2020_lit; stCASE
EFNA5,EPHB6,6,CellTalkDB; LIANA_consensus; SPIDER_internal; SpaCcLink; connectomeDB2020_lit; stCASE
EFNB1,EPHB6,6,CellTalkDB; LIANA_consensus; SPIDER_internal; SpaCcLink; connectomeDB2020_lit; stCASE
EFNB1,ERBB2,6,CellTalkDB; LIANA_consensus; SPIDER_internal; SpaCcLink; connectomeDB2020_lit; stCASE
EFNB2,EPHA3,6,CellTalkDB; LIANA_consensus; SPIDER_internal; SpaCcLink; connectomeDB2020_lit; stCASE
EFNB2,EPHA6,6,CellTalkDB; LIANA_consensus; SPIDER_internal; SpaCcLink; connectomeDB2020_lit; stCASE
EFNB2,EPHB6,6,CellTalkDB; LIANA_consensus; SPIDER_internal; SpaCcLink; connectomeDB2020_lit; stCASE
EFNB2,GRM1,6,CellTalkDB; LIANA_consensus; SPIDER_internal; SpaCcLink; connectomeDB2020_lit; stCASE
EFNB2,GRM5,6,CellTalkDB; LIANA_consensus; SPIDER_internal; SpaCcLink; connectomeDB2020_lit; stCASE
EFNB2,PECAM1,6,CellTalkDB; LIANA_consensus; SPIDER_internal; SpaCcLink; connectomeDB2020_lit; stCASE
EGF,ERBB3,6,CellTalkDB; LIANA_consensus; SPIDER_internal; SpaCcLink; connectomeDB2020_lit; stCASE
EGF,ERBB4,6,CellTalkDB; LIANA_consensus; SPIDER_internal; SpaCcLink; connectomeDB2020_lit; stCASE
EPO,EPHB4,6,CellTalkDB; LIANA_consensus; SPIDER_internal; SpaCcLink; connectomeDB2020_lit; stCASE
FAT4,DCHS1,6,CellTalkDB; LIANA_consensus; SPIDER_internal; SpaCcLink; connectomeDB2020_lit; stCASE
FBLN1,ITGB1,6,CellTalkDB; LIANA_consensus; SPIDER_internal; SpaCcLink; connectomeDB2020_lit; stCASE
FBN1,ITGA5,6,CellTalkDB; LIANA_consensus; SPIDER_internal; SpaCcLink; connectomeDB2020_lit; stCASE
FBN1,ITGB1,6,CellTalkDB; LIANA_consensus; SPIDER_internal; SpaCcLink; connectomeDB2020_lit; stCASE
FBN1,ITGB3,6,CellTalkDB; LIANA_consensus; SPIDER_internal; SpaCcLink; connectomeDB2020_lit; stCASE
FCN2,LRP1,6,CellTalkDB; LIANA_consensus; SPIDER_internal; SpaCcLink; connectomeDB2020_lit; stCASE
FGF1,CD44,6,CellTalkDB; LIANA_consensus; SPIDER_internal; SpaCcLink; connectomeDB2020_lit; stCASE
FGF1,NRP1,6,CellTalkDB; LIANA_consensus; SPIDER_internal; SpaCcLink; connectomeDB2020_lit; stCASE
FGF10,FGFRL1,6,CellTalkDB; LIANA_consensus; SPIDER_internal; SpaCcLink; connectomeDB2020_lit; stCASE
FGF19,KLB,6,CellTalkDB; LIANA_consensus; SPIDER_internal; SpaCcLink; connectomeDB2020_lit; stCASE
FGF2,CD44,6,CellTalkDB; LIANA_consensus; SPIDER_internal; SpaCcLink; connectomeDB2020_lit; stCASE
FGF2,FGFRL1,6,CellTalkDB; LIANA_consensus; SPIDER_internal; SpaCcLink; connectomeDB2020_lit; stCASE
FGF2,GPC4,6,CellTalkDB; LIANA_consensus; SPIDER_internal; SpaCcLink; connectomeDB2020_lit; stCASE
FGF2,NRP1,6,CellTalkDB; LIANA_consensus; SPIDER_internal; SpaCcLink; connectomeDB2020_lit; stCASE
FGF2,SDC1,6,CellTalkDB; LIANA_consensus; SPIDER_internal; SpaCcLink; connectomeDB2020_lit; stCASE
FGF2,SDC2,6,CellTalkDB; LIANA_consensus; SPIDER_internal; SpaCcLink; connectomeDB2020_lit; stCASE
FGF2,SDC3,6,CellTalkDB; LIANA_consensus; SPIDER_internal; SpaCcLink; connectomeDB2020_lit; stCASE
FGF2,SDC4,6,CellTalkDB; LIANA_consensus; SPIDER_internal; SpaCcLink; connectomeDB2020_lit; stCASE
FGF21,FGFR4,6,CellTalkDB; LIANA_consensus; SPIDER_internal; SpaCcLink; connectomeDB2020_lit; stCASE
FGF22,FGFR1,6,CellTalkDB; LIANA_consensus; SPIDER_internal; SpaCcLink; connectomeDB2020_lit; stCASE
FGF23,FGFR2,6,CellTalkDB; LIANA_consensus; SPIDER_internal; SpaCcLink; connectomeDB2020_lit; stCASE
FGF3,FGFR3,6,CellTalkDB; LIANA_consensus; SPIDER_internal; SpaCcLink; connectomeDB2020_lit; stCASE
FGF3,FGFR4,6,CellTalkDB; LIANA_consensus; SPIDER_internal; SpaCcLink; connectomeDB2020_lit; stCASE
FGF4,NRP1,6,CellTalkDB; LIANA_consensus; SPIDER_internal; SpaCcLink; connectomeDB2020_lit; stCASE
FGF7,FGFR3,6,CellTalkDB; LIANA_consensus; SPIDER_internal; SpaCcLink; connectomeDB2020_lit; stCASE
FGF7,NRP1,6,CellTalkDB; LIANA_consensus; SPIDER_internal; SpaCcLink; connectomeDB2020_lit; stCASE
FGF8,FGFRL1,6,CellTalkDB; LIANA_consensus; SPIDER_internal; SpaCcLink; connectomeDB2020_lit; stCASE
FGL1,EGFR,6,CellTalkDB; LIANA_consensus; SPIDER_internal; SpaCcLink; connectomeDB2020_lit; stCASE
FN1,ITGA2,6,CellTalkDB; LIANA_consensus; SPIDER_internal; SpaCcLink; connectomeDB2020_lit; stCASE
FN1,ITGA3,6,COMMOT_CellChat; CellTalkDB; LARIS_neurotransmitter; LIANA_consensus; SPIDER_internal; SpaCcLink
FN1,ITGA9,6,CellTalkDB; LIANA_consensus; SPIDER_internal; SpaCcLink; connectomeDB2020_lit; stCASE
FN1,MAG,6,CellTalkDB; LIANA_consensus; SPIDER_internal; SpaCcLink; connectomeDB2020_lit; stCASE
FN1,NT5E,6,CellTalkDB; LIANA_consensus; SPIDER_internal; SpaCcLink; connectomeDB2020_lit; stCASE
FN1,PLAUR,6,CellTalkDB; LIANA_consensus; SPIDER_internal; SpaCcLink; connectomeDB2020_lit; stCASE
FN1,SDC2,6,CellTalkDB; LIANA_consensus; SPIDER_internal; SpaCcLink; connectomeDB2020_lit; stCASE
FN1,TNFRSF11B,6,CellTalkDB; LIANA_consensus; SPIDER_internal; SpaCcLink; connectomeDB2020_lit; stCASE
FN1,TSHR,6,CellTalkDB; LIANA_consensus; SPIDER_internal; SpaCcLink; connectomeDB2020_lit; stCASE
GAST,CCKBR,6,CellTalkDB; LIANA_consensus; SPIDER_internal; SpaCcLink; connectomeDB2020_lit; stCASE
GDF1,ACVR1B,6,COMMOT_CellChat; CellTalkDB; LARIS_neurotransmitter; LIANA_consensus; SPIDER_internal; SpaCcLink
GDF10,ACVR1B,6,COMMOT_CellChat; CellTalkDB; LARIS_neurotransmitter; LIANA_consensus; SPIDER_internal; SpaCcLink
GDF2,ACVR1,6,CellTalkDB; LIANA_consensus; SPIDER_internal; SpaCcLink; connectomeDB2020_lit; stCASE
GDF9,ACVR2A,6,CellTalkDB; LIANA_consensus; SPIDER_internal; SpaCcLink; connectomeDB2020_lit; stCASE
GDF9,BMPR1A,6,CellTalkDB; LIANA_consensus; SPIDER_internal; SpaCcLink; connectomeDB2020_lit; stCASE
GDF9,BMPR1B,6,CellTalkDB; LIANA_consensus; SPIDER_internal; SpaCcLink; connectomeDB2020_lit; stCASE
GDF9,TGFBR1,6,CellTalkDB; LIANA_consensus; SPIDER_internal; SpaCcLink; connectomeDB2020_lit; stCASE
GH2,GHR,6,CellTalkDB; LIANA_consensus; SPIDER_internal; SpaCcLink; connectomeDB2020_lit; stCASE
GHRL,GPR39,6,CellTalkDB; LIANA_consensus; SPIDER_internal; SpaCcLink; connectomeDB2020_lit; stCASE
GHRL,MLNR,6,CellTalkDB; LIANA_consensus; SPIDER_internal; SpaCcLink; connectomeDB2020_lit; stCASE
GNAS,AVPR2,6,CellTalkDB; LIANA_consensus; SPIDER_internal; SpaCcLink; connectomeDB2020_lit; stCASE
GNAS,CRHR1,6,CellTalkDB; LIANA_consensus; SPIDER_internal; SpaCcLink; connectomeDB2020_lit; stCASE
GNAS,GCGR,6,CellTalkDB; LIANA_consensus; SPIDER_internal; SpaCcLink; connectomeDB2020_lit; stCASE
GNAS,LHCGR,6,CellTalkDB; LIANA_consensus; SPIDER_internal; SpaCcLink; connectomeDB2020_lit; stCASE
GNAS,PTGDR,6,CellTalkDB; LIANA_consensus; SPIDER_internal; SpaCcLink; connectomeDB2020_lit; stCASE
GNAS,TSHR,6,CellTalkDB; LIANA_consensus; SPIDER_internal; SpaCcLink; connectomeDB2020_lit; stCASE
GNAS,VIPR1,6,CellTalkDB; LIANA_consensus; SPIDER_internal; SpaCcLink; connectomeDB2020_lit; stCASE
GPI,AMFR,6,CellTalkDB; LIANA_consensus; SPIDER_internal; SpaCcLink; connectomeDB2020_lit; stCASE
GREM1,KDR,6,CellTalkDB; LIANA_consensus; SPIDER_internal; SpaCcLink; connectomeDB2020_lit; stCASE
GRN,TNFRSF1B,6,CellTalkDB; LIANA_consensus; SPIDER_internal; SpaCcLink; connectomeDB2020_lit; stCASE
GRP,BRS3,6,CellTalkDB; LIANA_consensus; SPIDER_internal; SpaCcLink; connectomeDB2020_lit; stCASE
GUCA2B,GUCY2D,6,CellTalkDB; LIANA_consensus; SPIDER_internal; SpaCcLink; connectomeDB2020_lit; stCASE
HBEGF,CD44,6,CellTalkDB; LIANA_consensus; SPIDER_internal; SpaCcLink; connectomeDB2020_lit; stCASE
HCRT,NPFFR2,6,CellTalkDB; LIANA_consensus; SPIDER_internal; SpaCcLink; connectomeDB2020_lit; stCASE
HGF,CD44,6,CellTalkDB; LIANA_consensus; SPIDER_internal; SpaCcLink; connectomeDB2020_lit; stCASE
HGF,SDC1,6,CellTalkDB; LIANA_consensus; SPIDER_internal; SpaCcLink; connectomeDB2020_lit; stCASE
HGF,SDC2,6,CellTalkDB; LIANA_consensus; SPIDER_internal; SpaCcLink; connectomeDB2020_lit; stCASE
HLA-A,APLP2,6,CellTalkDB; LIANA_consensus; SPIDER_internal; SpaCcLink; connectomeDB2020_lit; stCASE
HLA-A,ERBB2,6,CellTalkDB; LIANA_consensus; SPIDER_internal; SpaCcLink; connectomeDB2020_lit; stCASE
HLA-A,KIR3DL2,6,CellTalkDB; LIANA_consensus; SPIDER_internal; SpaCcLink; connectomeDB2020_lit; stCASE
HLA-A,LILRB1,6,CellTalkDB; LIANA_consensus; SPIDER_internal; SpaCcLink; connectomeDB2020_lit; stCASE
HLA-A,LILRB2,6,CellTalkDB; LIANA_consensus; SPIDER_internal; SpaCcLink; connectomeDB2020_lit; stCASE
HLA-B,KIR2DL3,6,CellTalkDB; LIANA_consensus; SPIDER_internal; SpaCcLink; connectomeDB2020_lit; stCASE
HLA-B,KIR3DL1,6,CellTalkDB; LIANA_consensus; SPIDER_internal; SpaCcLink; connectomeDB2020_lit; stCASE
HLA-B,KLRD1,6,CellTalkDB; LIANA_consensus; SPIDER_internal; SpaCcLink; connectomeDB2020_lit; stCASE
HLA-B,LILRB1,6,CellTalkDB; LIANA_consensus; SPIDER_internal; SpaCcLink; connectomeDB2020_lit; stCASE
HLA-B,LILRB2,6,CellTalkDB; LIANA_consensus; SPIDER_internal; SpaCcLink; connectomeDB2020_lit; stCASE
HLA-C,KIR2DS4,6,COMMOT_CellChat; LARIS_neurotransmitter; LIANA_consensus; SpaCcLink; connectomeDB2020_lit; stCASE
HLA-C,LILRB1,6,CellTalkDB; LIANA_consensus; SPIDER_internal; SpaCcLink; connectomeDB2020_lit; stCASE
HLA-C,LILRB2,6,CellTalkDB; LIANA_consensus; SPIDER_internal; SpaCcLink; connectomeDB2020_lit; stCASE
HLA-G,KIR2DL4,6,CellTalkDB; LIANA_consensus; SPIDER_internal; SpaCcLink; connectomeDB2020_lit; stCASE
HLA-G,KLRC1,6,CellTalkDB; LIANA_consensus; SPIDER_internal; SpaCcLink; connectomeDB2020_lit; stCASE
HLA-G,KLRD1,6,CellTalkDB; LIANA_consensus; SPIDER_internal; SpaCcLink; connectomeDB2020_lit; stCASE
HP,CD163,6,CellTalkDB; LIANA_consensus; SPIDER_internal; SpaCcLink; connectomeDB2020_lit; stCASE
HP,ITGAM,6,CellTalkDB; LIANA_consensus; SPIDER_internal; SpaCcLink; connectomeDB2020_lit; stCASE
HP,ITGB2,6,CellTalkDB; LIANA_consensus; SPIDER_internal; SpaCcLink; connectomeDB2020_lit; stCASE
HSPG2,ITGA2,6,CellTalkDB; LIANA_consensus; SPIDER_internal; SpaCcLink; connectomeDB2020_lit; stCASE
HSPG2,ITGB1,6,CellTalkDB; LIANA_consensus; SPIDER_internal; SpaCcLink; connectomeDB2020_lit; stCASE
HSPG2,PTPRS,6,CellTalkDB; LIANA_consensus; SPIDER_internal; SpaCcLink; connectomeDB2020_lit; stCASE
IAPP,RAMP3,6,CellTalkDB; LARIS_neurotransmitter; LIANA_consensus; SPIDER_internal; SpaCcLink; stCASE
IBSP,ITGAV,6,COMMOT_CellChat; CellTalkDB; LARIS_neurotransmitter; LIANA_consensus; SPIDER_internal; SpaCcLink
ICAM1,IL2RA,6,CellTalkDB; LIANA_consensus; SPIDER_internal; SpaCcLink; connectomeDB2020_lit; stCASE
ICAM3,CLEC4M,6,CellTalkDB; LIANA_consensus; SPIDER_internal; SpaCcLink; connectomeDB2020_lit; stCASE
ICAM3,ITGAD,6,CellTalkDB; LIANA_consensus; SPIDER_internal; SpaCcLink; connectomeDB2020_lit; stCASE
ICAM3,ITGAL,6,CellTalkDB; LIANA_consensus; SPIDER_internal; SpaCcLink; connectomeDB2020_lit; stCASE
ICAM3,ITGB2,6,CellTalkDB; LIANA_consensus; SPIDER_internal; SpaCcLink; connectomeDB2020_lit; stCASE
ICAM4,ITGA2B,6,CellTalkDB; LIANA_consensus; SPIDER_internal; SpaCcLink; connectomeDB2020_lit; stCASE
ICAM4,ITGA4,6,CellTalkDB; LIANA_consensus; SPIDER_internal; SpaCcLink; connectomeDB2020_lit; stCASE
ICAM4,ITGAL,6,CellTalkDB; LIANA_consensus; SPIDER_internal; SpaCcLink; connectomeDB2020_lit; stCASE
ICAM4,ITGAM,6,CellTalkDB; LIANA_consensus; SPIDER_internal; SpaCcLink; connectomeDB2020_lit; stCASE
ICAM4,ITGAV,6,CellTalkDB; LIANA_consensus; SPIDER_internal; SpaCcLink; connectomeDB2020_lit; stCASE
ICAM4,ITGB1,6,CellTalkDB; LIANA_consensus; SPIDER_internal; SpaCcLink; connectomeDB2020_lit; stCASE
ICAM4,ITGB2,6,CellTalkDB; LIANA_consensus; SPIDER_internal; SpaCcLink; connectomeDB2020_lit; stCASE
ICAM4,ITGB3,6,CellTalkDB; LIANA_consensus; SPIDER_internal; SpaCcLink; connectomeDB2020_lit; stCASE
ICAM5,ITGAL,6,CellTalkDB; LIANA_consensus; SPIDER_internal; SpaCcLink; connectomeDB2020_lit; stCASE
ICAM5,ITGB2,6,CellTalkDB; LIANA_consensus; SPIDER_internal; SpaCcLink; connectomeDB2020_lit; stCASE
ICOSLG,CD28,6,COMMOT_CellChat; LARIS_neurotransmitter; LIANA_consensus; SpaCcLink; connectomeDB2020_lit; stCASE
ICOSLG,CTLA4,6,COMMOT_CellChat; LARIS_neurotransmitter; LIANA_consensus; SpaCcLink; connectomeDB2020_lit; stCASE
IFNA13,IFNAR1,6,COMMOT_CellChat; CellTalkDB; LARIS_neurotransmitter; SPIDER_internal; SpaCcLink; connectomeDB2020_lit
IFNL1,IL10RB,6,CellTalkDB; LIANA_consensus; SPIDER_internal; SpaCcLink; connectomeDB2020_lit; stCASE
IFNL2,IFNLR1,6,CellTalkDB; LIANA_consensus; SPIDER_internal; SpaCcLink; connectomeDB2020_lit; stCASE
IFNL2,IL10RB,6,CellTalkDB; LIANA_consensus; SPIDER_internal; SpaCcLink; connectomeDB2020_lit; stCASE
IFNL3,IL10RB,6,CellTalkDB; LIANA_consensus; SPIDER_internal; SpaCcLink; connectomeDB2020_lit; stCASE
IGF2,INSR,6,CellTalkDB; LIANA_consensus; SPIDER_internal; SpaCcLink; connectomeDB2020_lit; stCASE
IHH,BOC,6,CellTalkDB; LIANA_consensus; SPIDER_internal; SpaCcLink; connectomeDB2020_lit; stCASE
IHH,CDON,6,CellTalkDB; LIANA_consensus; SPIDER_internal; SpaCcLink; connectomeDB2020_lit; stCASE
IL13,IL2RG,6,CellTalkDB; LIANA_consensus; SPIDER_internal; SpaCcLink; connectomeDB2020_lit; stCASE
IL18,IL1RAPL1,6,CellTalkDB; LIANA_consensus; SPIDER_internal; SpaCcLink; connectomeDB2020_lit; stCASE
IL1F10,IL1R1,6,CellTalkDB; LIANA_consensus; SPIDER_internal; SpaCcLink; connectomeDB2020_lit; stCASE
IL2,IL2RA,6,CellTalkDB; LARIS_neurotransmitter; LIANA_consensus; SPIDER_internal; SpaCcLink; connectomeDB2020_lit
INHA,ACVR2B,6,COMMOT_CellChat; CellTalkDB; LARIS_neurotransmitter; LIANA_consensus; SPIDER_internal; SpaCcLink
INHBA,ACVR1,6,CellTalkDB; LIANA_consensus; SPIDER_internal; SpaCcLink; connectomeDB2020_lit; stCASE
INHBA,BAMBI,6,CellTalkDB; LIANA_consensus; SPIDER_internal; SpaCcLink; connectomeDB2020_lit; stCASE
INHBB,ACVR1,6,CellTalkDB; LIANA_consensus; SPIDER_internal; SpaCcLink; connectomeDB2020_lit; stCASE
INHBC,ACVR1B,6,COMMOT_CellChat; CellTalkDB; LARIS_neurotransmitter; LIANA_consensus; SPIDER_internal; SpaCcLink
INS,IGF1R,6,CellTalkDB; LIANA_consensus; SPIDER_internal; SpaCcLink; connectomeDB2020_lit; stCASE
INS,LRP2,6,CellTalkDB; LIANA_consensus; SPIDER_internal; SpaCcLink; connectomeDB2020_lit; stCASE
KNG1,GP1BA,6,CellTalkDB; LIANA_consensus; SPIDER_internal; SpaCcLink; connectomeDB2020_lit; stCASE
KNG1,ITGB2,6,CellTalkDB; LIANA_consensus; SPIDER_internal; SpaCcLink; connectomeDB2020_lit; stCASE
KNG1,PLAUR,6,CellTalkDB; LIANA_consensus; SPIDER_internal; SpaCcLink; connectomeDB2020_lit; stCASE
KNG1,RXFP4,6,CellTalkDB; LIANA_consensus; SPIDER_internal; SpaCcLink; connectomeDB2020_lit; stCASE
L1CAM,CNTN1,6,CellTalkDB; LIANA_consensus; SPIDER_internal; SpaCcLink; connectomeDB2020_lit; stCASE
L1CAM,EGFR,6,CellTalkDB; LIANA_consensus; SPIDER_internal; SpaCcLink; connectomeDB2020_lit; stCASE
L1CAM,EPHB2,6,CellTalkDB; LIANA_consensus; SPIDER_internal; SpaCcLink; connectomeDB2020_lit; stCASE
L1CAM,ERBB2,6,CellTalkDB; LIANA_consensus; SPIDER_internal; SpaCcLink; connectomeDB2020_lit; stCASE
L1CAM,ERBB3,6,CellTalkDB; LIANA_consensus; SPIDER_internal; SpaCcLink; connectomeDB2020_lit; stCASE
LACRT,SDC1,6,CellTalkDB; LIANA_consensus; SPIDER_internal; SpaCcLink; connectomeDB2020_lit; stCASE
LAMA1,ITGA3,6,COMMOT_CellChat; CellTalkDB; LARIS_neurotransmitter; LIANA_consensus; SPIDER_internal; SpaCcLink
LAMA1,RPSA,6,CellTalkDB; LIANA_consensus; SPIDER_internal; SpaCcLink; connectomeDB2020_lit; stCASE
LAMA2,ITGA1,6,COMMOT_CellChat; CellTalkDB; LARIS_neurotransmitter; LIANA_consensus; SPIDER_internal; SpaCcLink
LAMA2,ITGA2,6,COMMOT_CellChat; CellTalkDB; LARIS_neurotransmitter; LIANA_consensus; SPIDER_internal; SpaCcLink
LAMA2,ITGA3,6,COMMOT_CellChat; CellTalkDB; LARIS_neurotransmitter; LIANA_consensus; SPIDER_internal; SpaCcLink
LAMA2,RPSA,6,CellTalkDB; LIANA_consensus; SPIDER_internal; SpaCcLink; connectomeDB2020_lit; stCASE
LAMA3,ITGA3,6,COMMOT_CellChat; CellTalkDB; LARIS_neurotransmitter; LIANA_consensus; SPIDER_internal; SpaCcLink
LAMA3,SDC2,6,CellTalkDB; LIANA_consensus; SPIDER_internal; SpaCcLink; connectomeDB2020_lit; stCASE
LAMA4,ITGA3,6,COMMOT_CellChat; CellTalkDB; LARIS_neurotransmitter; LIANA_consensus; SPIDER_internal; SpaCcLink
LAMA4,ITGA6,6,COMMOT_CellChat; CellTalkDB; LARIS_neurotransmitter; LIANA_consensus; SPIDER_internal; SpaCcLink
LAMA4,ITGAV,6,COMMOT_CellChat; CellTalkDB; LARIS_neurotransmitter; LIANA_consensus; SPIDER_internal; SpaCcLink
LAMA5,ITGA2,6,COMMOT_CellChat; CellTalkDB; LARIS_neurotransmitter; LIANA_consensus; SPIDER_internal; SpaCcLink
LAMA5,ITGA3,6,COMMOT_CellChat; CellTalkDB; LARIS_neurotransmitter; LIANA_consensus; SPIDER_internal; SpaCcLink
LAMB1,ITGA1,6,COMMOT_CellChat; CellTalkDB; LARIS_neurotransmitter; LIANA_consensus; SPIDER_internal; SpaCcLink
LAMB1,ITGA2,6,COMMOT_CellChat; CellTalkDB; LARIS_neurotransmitter; LIANA_consensus; SPIDER_internal; SpaCcLink
LAMB1,ITGA3,6,COMMOT_CellChat; CellTalkDB; LARIS_neurotransmitter; LIANA_consensus; SPIDER_internal; SpaCcLink
LAMB1,ITGA7,6,COMMOT_CellChat; CellTalkDB; LARIS_neurotransmitter; LIANA_consensus; SPIDER_internal; SpaCcLink
LAMB1,ITGAV,6,COMMOT_CellChat; CellTalkDB; LARIS_neurotransmitter; LIANA_consensus; SPIDER_internal; SpaCcLink
LAMB2,ITGA3,6,COMMOT_CellChat; CellTalkDB; LARIS_neurotransmitter; LIANA_consensus; SPIDER_internal; SpaCcLink
LAMB2,RPSA,6,CellTalkDB; LIANA_consensus; SPIDER_internal; SpaCcLink; connectomeDB2020_lit; stCASE
LAMB3,ITGA2,6,COMMOT_CellChat; CellTalkDB; LARIS_neurotransmitter; LIANA_consensus; SPIDER_internal; SpaCcLink
LAMB3,ITGA3,6,COMMOT_CellChat; CellTalkDB; LARIS_neurotransmitter; LIANA_consensus; SPIDER_internal; SpaCcLink
LAMC1,ITGA1,6,COMMOT_CellChat; CellTalkDB; LARIS_neurotransmitter; LIANA_consensus; SPIDER_internal; SpaCcLink
LAMC1,ITGA2,6,COMMOT_CellChat; CellTalkDB; LARIS_neurotransmitter; LIANA_consensus; SPIDER_internal; SpaCcLink
LAMC1,ITGA3,6,COMMOT_CellChat; CellTalkDB; LARIS_neurotransmitter; LIANA_consensus; SPIDER_internal; SpaCcLink
LAMC1,ITGA6,6,COMMOT_CellChat; CellTalkDB; LARIS_neurotransmitter; LIANA_consensus; SPIDER_internal; SpaCcLink
LAMC1,ITGA7,6,COMMOT_CellChat; CellTalkDB; LARIS_neurotransmitter; LIANA_consensus; SPIDER_internal; SpaCcLink
LAMC1,ITGAV,6,COMMOT_CellChat; CellTalkDB; LARIS_neurotransmitter; LIANA_consensus; SPIDER_internal; SpaCcLink
LAMC2,ITGA2,6,COMMOT_CellChat; CellTalkDB; LARIS_neurotransmitter; LIANA_consensus; SPIDER_internal; SpaCcLink
LAMC3,ITGA2,6,COMMOT_CellChat; CellTalkDB; LARIS_neurotransmitter; LIANA_consensus; SPIDER_internal; SpaCcLink
LAMC3,ITGA3,6,COMMOT_CellChat; CellTalkDB; LARIS_neurotransmitter; LIANA_consensus; SPIDER_internal; SpaCcLink
LAMC3,ITGA6,6,COMMOT_CellChat; CellTalkDB; LARIS_neurotransmitter; LIANA_consensus; SPIDER_internal; SpaCcLink
LEFTY2,ACVR2B,6,CellTalkDB; LIANA_consensus; SPIDER_internal; SpaCcLink; connectomeDB2020_lit; stCASE
LGALS1,ITGB1,6,CellTalkDB; LIANA_consensus; SPIDER_internal; SpaCcLink; connectomeDB2020_lit; stCASE
LGALS3BP,ITGB1,6,CellTalkDB; LIANA_consensus; SPIDER_internal; SpaCcLink; connectomeDB2020_lit; stCASE
LIN7C,HTR2C,6,CellTalkDB; LIANA_consensus; SPIDER_internal; SpaCcLink; connectomeDB2020_lit; stCASE
LIPH,LPAR1,6,CellTalkDB; LIANA_consensus; SPIDER_internal; SpaCcLink; connectomeDB2020_lit; stCASE
LIPH,LPAR2,6,CellTalkDB; LIANA_consensus; SPIDER_internal; SpaCcLink; connectomeDB2020_lit; stCASE
LIPH,LPAR4,6,CellTalkDB; LIANA_consensus; SPIDER_internal; SpaCcLink; connectomeDB2020_lit; stCASE
LPA,LRP2,6,CellTalkDB; LIANA_consensus; SPIDER_internal; SpaCcLink; connectomeDB2020_lit; stCASE
LPL,LRP1,6,CellTalkDB; LIANA_consensus; SPIDER_internal; SpaCcLink; connectomeDB2020_lit; stCASE
LPL,LRP2,6,CellTalkDB; LIANA_consensus; SPIDER_internal; SpaCcLink; connectomeDB2020_lit; stCASE
LPL,SDC1,6,CellTalkDB; LIANA_consensus; SPIDER_internal; SpaCcLink; connectomeDB2020_lit; stCASE
LPL,VLDLR,6,CellTalkDB; LIANA_consensus; SPIDER_internal; SpaCcLink; connectomeDB2020_lit; stCASE
LTBP1,ITGB5,6,CellTalkDB; LIANA_consensus; SPIDER_internal; SpaCcLink; connectomeDB2020_lit; stCASE
LTBP3,ITGB5,6,CellTalkDB; LIANA_consensus; SPIDER_internal; SpaCcLink; connectomeDB2020_lit; stCASE
MADCAM1,CD44,6,CellTalkDB; LIANA_consensus; SPIDER_internal; SpaCcLink; connectomeDB2020_lit; stCASE
MATN1,ITGA1,6,CellTalkDB; LIANA_consensus; SPIDER_internal; SpaCcLink; connectomeDB2020_lit; stCASE
MDK,SDC3,6,CellTalkDB; LIANA_consensus; SPIDER_internal; SpaCcLink; connectomeDB2020_lit; stCASE
MFGE8,ITGB3,6,CellTalkDB; LIANA_consensus; SPIDER_internal; SpaCcLink; connectomeDB2020_lit; stCASE
MFGE8,PDGFRB,6,CellTalkDB; LIANA_consensus; SPIDER_internal; SpaCcLink; connectomeDB2020_lit; stCASE
MIF,CD44,6,COMMOT_CellChat; CellTalkDB; LARIS_neurotransmitter; LIANA_consensus; SPIDER_internal; SpaCcLink
MLN,MLNR,6,CellTalkDB; LIANA_consensus; SPIDER_internal; SpaCcLink; connectomeDB2020_lit; stCASE
MMP13,LRP1,6,CellTalkDB; LIANA_consensus; SPIDER_internal; SpaCcLink; connectomeDB2020_lit; stCASE
MMP7,CD44,6,CellTalkDB; LIANA_consensus; SPIDER_internal; SpaCcLink; connectomeDB2020_lit; stCASE
MMP7,ERBB4,6,CellTalkDB; LIANA_consensus; SPIDER_internal; SpaCcLink; connectomeDB2020_lit; stCASE
MMP9,CD44,6,CellTalkDB; LIANA_consensus; SPIDER_internal; SpaCcLink; connectomeDB2020_lit; stCASE
MMP9,EPHB2,6,CellTalkDB; LIANA_consensus; SPIDER_internal; SpaCcLink; connectomeDB2020_lit; stCASE
MMP9,LRP1,6,CellTalkDB; LIANA_consensus; SPIDER_internal; SpaCcLink; connectomeDB2020_lit; stCASE
MST1,MST1R,6,CellTalkDB; LIANA_consensus; SPIDER_internal; SpaCcLink; connectomeDB2020_lit; stCASE
NCAM1,GFRA1,6,CellTalkDB; LIANA_consensus; SPIDER_internal; SpaCcLink; connectomeDB2020_lit; stCASE
NCAM1,ROBO1,6,CellTalkDB; LIANA_consensus; SPIDER_internal; SpaCcLink; connectomeDB2020_lit; stCASE
NCR3LG1,NCR3,6,CellTalkDB; LIANA_consensus; SPIDER_internal; SpaCcLink; connectomeDB2020_lit; stCASE
NDP,FZD4,6,CellTalkDB; LIANA_consensus; SPIDER_internal; SpaCcLink; connectomeDB2020_lit; stCASE
NECTIN2,CD226,6,COMMOT_CellChat; LARIS_neurotransmitter; LIANA_consensus; SpaCcLink; connectomeDB2020_lit; stCASE
NGF,SORT1,6,CellTalkDB; LIANA_consensus; SPIDER_internal; SpaCcLink; connectomeDB2020_lit; stCASE
NID1,ITGAV,6,CellTalkDB; LIANA_consensus; SPIDER_internal; SpaCcLink; connectomeDB2020_lit; stCASE
NID1,ITGB3,6,CellTalkDB; LIANA_consensus; SPIDER_internal; SpaCcLink; connectomeDB2020_lit; stCASE
NID1,PTPRF,6,CellTalkDB; LIANA_consensus; SPIDER_internal; SpaCcLink; connectomeDB2020_lit; stCASE
NMB,BRS3,6,CellTalkDB; LIANA_consensus; SPIDER_internal; SpaCcLink; connectomeDB2020_lit; stCASE
NMB,GRPR,6,CellTalkDB; LIANA_consensus; SPIDER_internal; SpaCcLink; connectomeDB2020_lit; stCASE
NPB,NPBWR2,6,CellTalkDB; LIANA_consensus; SPIDER_internal; SpaCcLink; connectomeDB2020_lit; stCASE
NPPA,NPR2,6,CellTalkDB; LIANA_consensus; SPIDER_internal; SpaCcLink; connectomeDB2020_lit; stCASE
NPPB,NPR2,6,CellTalkDB; LIANA_consensus; SPIDER_internal; SpaCcLink; connectomeDB2020_lit; stCASE
NPW,NPBWR2,6,CellTalkDB; LIANA_consensus; SPIDER_internal; SpaCcLink; connectomeDB2020_lit; stCASE
NPY,NPFFR2,6,CellTalkDB; LIANA_consensus; SPIDER_internal; SpaCcLink; connectomeDB2020_lit; stCASE
NRG2,ERBB2,6,COMMOT_CellChat; CellTalkDB; LARIS_neurotransmitter; LIANA_consensus; SPIDER_internal; SpaCcLink
NRG3,ERBB2,6,COMMOT_CellChat; CellTalkDB; LARIS_neurotransmitter; LIANA_consensus; SPIDER_internal; SpaCcLink
NRG4,ERBB2,6,COMMOT_CellChat; CellTalkDB; LARIS_neurotransmitter; LIANA_consensus; SPIDER_internal; SpaCcLink
NTF4,NTRK1,6,CellTalkDB; LIANA_consensus; SPIDER_internal; SpaCcLink; connectomeDB2020_lit; stCASE
NTN1,ADORA2B,6,CellTalkDB; LIANA_consensus; SPIDER_internal; SpaCcLink; connectomeDB2020_lit; stCASE
NTN1,NEO1,6,CellTalkDB; LIANA_consensus; SPIDER_internal; SpaCcLink; connectomeDB2020_lit; stCASE
NTN1,UNC5D,6,CellTalkDB; LIANA_consensus; SPIDER_internal; SpaCcLink; connectomeDB2020_lit; stCASE
NTN3,CDON,6,CellTalkDB; LIANA_consensus; SPIDER_internal; SpaCcLink; connectomeDB2020_lit; stCASE
NTN3,NEO1,6,CellTalkDB; LIANA_consensus; SPIDER_internal; SpaCcLink; connectomeDB2020_lit; stCASE
NTN4,DCC,6,CellTalkDB; LIANA_consensus; SPIDER_internal; SpaCcLink; connectomeDB2020_lit; stCASE
NTN4,UNC5A,6,CellTalkDB; LIANA_consensus; SPIDER_internal; SpaCcLink; connectomeDB2020_lit; stCASE
ORM1,CCR5,6,CellTalkDB; LIANA_consensus; SPIDER_internal; SpaCcLink; connectomeDB2020_lit; stCASE
OXT,AVPR1A,6,CellTalkDB; LIANA_consensus; SPIDER_internal; SpaCcLink; connectomeDB2020_lit; stCASE
OXT,AVPR1B,6,CellTalkDB; LIANA_consensus; SPIDER_internal; SpaCcLink; connectomeDB2020_lit; stCASE
OXT,AVPR2,6,CellTalkDB; LIANA_consensus; SPIDER_internal; SpaCcLink; connectomeDB2020_lit; stCASE
PCSK9,VLDLR,6,CellTalkDB; LIANA_consensus; SPIDER_internal; SpaCcLink; connectomeDB2020_lit; stCASE
PDGFB,LRP1,6,CellTalkDB; LIANA_consensus; SPIDER_internal; SpaCcLink; connectomeDB2020_lit; stCASE
PDGFC,PDGFRB,6,CellTalkDB; LIANA_consensus; SPIDER_internal; SpaCcLink; connectomeDB2020_lit; stCASE
PF4,FGFR2,6,CellTalkDB; LIANA_consensus; SPIDER_internal; SpaCcLink; connectomeDB2020_lit; stCASE
PF4,LDLR,6,CellTalkDB; LIANA_consensus; SPIDER_internal; SpaCcLink; connectomeDB2020_lit; stCASE
PF4,PROCR,6,CellTalkDB; LIANA_consensus; SPIDER_internal; SpaCcLink; connectomeDB2020_lit; stCASE
PF4,SDC2,6,CellTalkDB; LIANA_consensus; SPIDER_internal; SpaCcLink; connectomeDB2020_lit; stCASE
PF4,THBD,6,CellTalkDB; LIANA_consensus; SPIDER_internal; SpaCcLink; connectomeDB2020_lit; stCASE
PGF,NRP1,6,CellTalkDB; LIANA_consensus; SPIDER_internal; SpaCcLink; connectomeDB2020_lit; stCASE
PGF,NRP2,6,CellTalkDB; LIANA_consensus; SPIDER_internal; SpaCcLink; connectomeDB2020_lit; stCASE
PIP,CD4,6,CellTalkDB; LIANA_consensus; SPIDER_internal; SpaCcLink; connectomeDB2020_lit; stCASE
PLAU,PLAUR,6,CellTalkDB; LARIS_neurotransmitter; LIANA_consensus; SPIDER_internal; SpaCcLink; connectomeDB2020_lit
PMCH,MCHR2,6,CellTalkDB; LIANA_consensus; SPIDER_internal; SpaCcLink; connectomeDB2020_lit; stCASE
PPBP,CXCR1,6,CellTalkDB; LIANA_consensus; SPIDER_internal; SpaCcLink; connectomeDB2020_lit; stCASE
PROC,PROCR,6,CellTalkDB; LARIS_neurotransmitter; LIANA_consensus; SPIDER_internal; SpaCcLink; connectomeDB2020_lit
PROS1,MERTK,6,CellTalkDB; LARIS_neurotransmitter; LIANA_consensus; SPIDER_internal; SpaCcLink; connectomeDB2020_lit
PSPN,GFRA1,6,CellTalkDB; LIANA_consensus; SPIDER_internal; SpaCcLink; connectomeDB2020_lit; stCASE
PTHLH,PTH2R,6,CellTalkDB; LIANA_consensus; SPIDER_internal; SpaCcLink; connectomeDB2020_lit; stCASE
PTN,PTPRB,6,CellTalkDB; LIANA_consensus; SPIDER_internal; SpaCcLink; connectomeDB2020_lit; stCASE
PTN,PTPRS,6,CellTalkDB; LIANA_consensus; SPIDER_internal; SpaCcLink; connectomeDB2020_lit; stCASE
RAET1L,KLRK1,6,CellTalkDB; LARIS_neurotransmitter; LIANA_consensus; SPIDER_internal; SpaCcLink; connectomeDB2020_lit
RBP3,NOTCH1,6,CellTalkDB; LIANA_consensus; SPIDER_internal; SpaCcLink; connectomeDB2020_lit; stCASE
RLN2,RXFP1,6,CellTalkDB; LIANA_consensus; SPIDER_internal; SpaCcLink; connectomeDB2020_lit; stCASE
RLN2,RXFP2,6,CellTalkDB; LIANA_consensus; SPIDER_internal; SpaCcLink; connectomeDB2020_lit; stCASE
RLN2,RXFP3,6,CellTalkDB; LIANA_consensus; SPIDER_internal; SpaCcLink; connectomeDB2020_lit; stCASE
RSPO1,LRP6,6,CellTalkDB; LIANA_consensus; SPIDER_internal; SpaCcLink; connectomeDB2020_lit; stCASE
RSPO3,FZD8,6,CellTalkDB; LIANA_consensus; SPIDER_internal; SpaCcLink; connectomeDB2020_lit; stCASE
RSPO3,LRP6,6,CellTalkDB; LIANA_consensus; SPIDER_internal; SpaCcLink; connectomeDB2020_lit; stCASE
RSPO3,SDC4,6,CellTalkDB; LIANA_consensus; SPIDER_internal; SpaCcLink; connectomeDB2020_lit; stCASE
S100A9,TLR4,6,CellTalkDB; LIANA_consensus; SPIDER_internal; SpaCcLink; connectomeDB2020_lit; stCASE
SCGB1A1,LRP2,6,CellTalkDB; LIANA_consensus; SPIDER_internal; SpaCcLink; connectomeDB2020_lit; stCASE
SCT,VIPR1,6,CellTalkDB; LIANA_consensus; SPIDER_internal; SpaCcLink; connectomeDB2020_lit; stCASE
SCT,VIPR2,6,CellTalkDB; LIANA_consensus; SPIDER_internal; SpaCcLink; connectomeDB2020_lit; stCASE
SEMA3A,NRP2,6,CellTalkDB; LIANA_consensus; SPIDER_internal; SpaCcLink; connectomeDB2020_lit; stCASE
SEMA4A,NRP1,6,COMMOT_CellChat; CellTalkDB; LARIS_neurotransmitter; LIANA_consensus; SPIDER_internal; SpaCcLink
SEMA4A,PLXND1,6,CellTalkDB; LIANA_consensus; SPIDER_internal; SpaCcLink; connectomeDB2020_lit; stCASE
SEMA4D,ERBB2,6,CellTalkDB; LIANA_consensus; SPIDER_internal; SpaCcLink; connectomeDB2020_lit; stCASE
SFTPA1,TLR2,6,CellTalkDB; LIANA_consensus; SPIDER_internal; SpaCcLink; connectomeDB2020_lit; stCASE
SFTPD,SIRPA,6,CellTalkDB; LIANA_consensus; SPIDER_internal; SpaCcLink; connectomeDB2020_lit; stCASE
SHH,BOC,6,CellTalkDB; LIANA_consensus; SPIDER_internal; SpaCcLink; connectomeDB2020_lit; stCASE
SHH,CDON,6,CellTalkDB; LIANA_consensus; SPIDER_internal; SpaCcLink; connectomeDB2020_lit; stCASE
SHH,LRP2,6,CellTalkDB; LIANA_consensus; SPIDER_internal; SpaCcLink; connectomeDB2020_lit; stCASE
SLIT1,GPC1,6,CellTalkDB; LIANA_consensus; SPIDER_internal; SpaCcLink; connectomeDB2020_lit; stCASE
SLIT2,GPC1,6,CellTalkDB; LIANA_consensus; SPIDER_internal; SpaCcLink; connectomeDB2020_lit; stCASE
SLIT2,SDC1,6,CellTalkDB; LIANA_consensus; SPIDER_internal; SpaCcLink; connectomeDB2020_lit; stCASE
SLIT3,ROBO1,6,CellTalkDB; LIANA_consensus; SPIDER_internal; SpaCcLink; connectomeDB2020_lit; stCASE
SLIT3,ROBO2,6,CellTalkDB; LIANA_consensus; SPIDER_internal; SpaCcLink; connectomeDB2020_lit; stCASE
SOST,LRP5,6,CellTalkDB; LIANA_consensus; SPIDER_internal; SpaCcLink; connectomeDB2020_lit; stCASE
SPON2,ITGAM,6,CellTalkDB; LIANA_consensus; SPIDER_internal; SpaCcLink; connectomeDB2020_lit; stCASE
SPON2,ITGB2,6,CellTalkDB; LIANA_consensus; SPIDER_internal; SpaCcLink; connectomeDB2020_lit; stCASE
SPP1,ITGA5,6,COMMOT_CellChat; CellTalkDB; LARIS_neurotransmitter; LIANA_consensus; SPIDER_internal; SpaCcLink
SPX,GALR2,6,CellTalkDB; LIANA_consensus; SPIDER_internal; SpaCcLink; connectomeDB2020_lit; stCASE
TAC3,TACR2,6,CellTalkDB; LIANA_consensus; SPIDER_internal; SpaCcLink; connectomeDB2020_lit; stCASE
TAC4,TACR2,6,CellTalkDB; LIANA_consensus; SPIDER_internal; SpaCcLink; connectomeDB2020_lit; stCASE
TDGF1,ACVR1B,6,CellTalkDB; LIANA_consensus; SPIDER_internal; SpaCcLink; connectomeDB2020_lit; stCASE
TF,TFR2,6,CellTalkDB; LIANA_consensus; SPIDER_internal; SpaCcLink; connectomeDB2020_lit; stCASE
TF,TFRC,6,CellTalkDB; LIANA_consensus; SPIDER_internal; SpaCcLink; connectomeDB2020_lit; stCASE
TG,LRP2,6,CellTalkDB; LIANA_consensus; SPIDER_internal; SpaCcLink; connectomeDB2020_lit; stCASE
TGFA,ERBB4,6,CellTalkDB; LIANA_consensus; SPIDER_internal; SpaCcLink; connectomeDB2020_lit; stCASE
TGFB1,ACVRL1,6,CellTalkDB; LIANA_consensus; SPIDER_internal; SpaCcLink; connectomeDB2020_lit; stCASE
TGFB1,ITGAV,6,CellTalkDB; LIANA_consensus; SPIDER_internal; SpaCcLink; connectomeDB2020_lit; stCASE
TGFB1,ITGB6,6,CellTalkDB; LIANA_consensus; SPIDER_internal; SpaCcLink; connectomeDB2020_lit; stCASE
TGFB1,ITGB8,6,CellTalkDB; LIANA_consensus; SPIDER_internal; SpaCcLink; connectomeDB2020_lit; stCASE
TGFB1,SDC2,6,CellTalkDB; LIANA_consensus; SPIDER_internal; SpaCcLink; connectomeDB2020_lit; stCASE
TGFB3,ACVRL1,6,CellTalkDB; LIANA_consensus; SPIDER_internal; SpaCcLink; connectomeDB2020_lit; stCASE
THBS1,ITGA2B,6,CellTalkDB; LIANA_consensus; SPIDER_internal; SpaCcLink; connectomeDB2020_lit; stCASE
THBS1,ITGA4,6,CellTalkDB; LIANA_consensus; SPIDER_internal; SpaCcLink; connectomeDB2020_lit; stCASE
THBS1,ITGA6,6,CellTalkDB; LIANA_consensus; SPIDER_internal; SpaCcLink; connectomeDB2020_lit; stCASE
THBS1,LRP1,6,CellTalkDB; LIANA_consensus; SPIDER_internal; SpaCcLink; connectomeDB2020_lit; stCASE
THBS1,TNFRSF11B,6,CellTalkDB; LIANA_consensus; SPIDER_internal; SpaCcLink; connectomeDB2020_lit; stCASE
THBS2,ITGA4,6,CellTalkDB; LIANA_consensus; SPIDER_internal; SpaCcLink; connectomeDB2020_lit; stCASE
THBS2,ITGA6,6,CellTalkDB; LIANA_consensus; SPIDER_internal; SpaCcLink; connectomeDB2020_lit; stCASE
THBS2,NOTCH3,6,CellTalkDB; LIANA_consensus; SPIDER_internal; SpaCcLink; connectomeDB2020_lit; stCASE
TNC,CNTN1,6,CellTalkDB; LIANA_consensus; SPIDER_internal; SpaCcLink; connectomeDB2020_lit; stCASE
TNC,EGFR,6,CellTalkDB; LIANA_consensus; SPIDER_internal; SpaCcLink; connectomeDB2020_lit; stCASE
TNC,ITGA7,6,CellTalkDB; LIANA_consensus; SPIDER_internal; SpaCcLink; connectomeDB2020_lit; stCASE
TNC,ITGA8,6,COMMOT_CellChat; CellTalkDB; LARIS_neurotransmitter; LIANA_consensus; SPIDER_internal; SpaCcLink
TNC,ITGA9,6,COMMOT_CellChat; CellTalkDB; LARIS_neurotransmitter; LIANA_consensus; SPIDER_internal; SpaCcLink
TNC,PTPRB,6,CellTalkDB; LIANA_consensus; SPIDER_internal; SpaCcLink; connectomeDB2020_lit; stCASE
TNFSF10,TNFRSF10B,6,CellTalkDB; LIANA_consensus; SPIDER_internal; SpaCcLink; connectomeDB2020_lit; stCASE
TNFSF10,TNFRSF11B,6,CellTalkDB; LIANA_consensus; SPIDER_internal; SpaCcLink; connectomeDB2020_lit; stCASE
TNFSF13,FAS,6,CellTalkDB; LIANA_consensus; SPIDER_internal; SpaCcLink; connectomeDB2020_lit; stCASE
TNFSF13,SDC2,6,CellTalkDB; LIANA_consensus; SPIDER_internal; SpaCcLink; connectomeDB2020_lit; stCASE
TNFSF13,TNFRSF11B,6,CellTalkDB; LIANA_consensus; SPIDER_internal; SpaCcLink; connectomeDB2020_lit; stCASE
TNFSF13,TNFRSF14,6,CellTalkDB; LIANA_consensus; SPIDER_internal; SpaCcLink; connectomeDB2020_lit; stCASE
TNFSF13,TNFRSF1A,6,CellTalkDB; LIANA_consensus; SPIDER_internal; SpaCcLink; connectomeDB2020_lit; stCASE
UCN2,IL10RB,6,CellTalkDB; LIANA_consensus; SPIDER_internal; SpaCcLink; connectomeDB2020_lit; stCASE
UCN3,IL10RB,6,CellTalkDB; LIANA_consensus; SPIDER_internal; SpaCcLink; connectomeDB2020_lit; stCASE
VCAM1,ITGAD,6,CellTalkDB; LARIS_neurotransmitter; LIANA_consensus; SPIDER_internal; SpaCcLink; connectomeDB2020_lit
VCAM1,ITGB1,6,CellTalkDB; LIANA_consensus; SPIDER_internal; SpaCcLink; connectomeDB2020_lit; stCASE
VCAM1,ITGB7,6,CellTalkDB; LIANA_consensus; SPIDER_internal; SpaCcLink; connectomeDB2020_lit; stCASE
VCAN,CD44,6,CellTalkDB; LIANA_consensus; SPIDER_internal; SpaCcLink; connectomeDB2020_lit; stCASE
VCAN,EGFR,6,CellTalkDB; LIANA_consensus; SPIDER_internal; SpaCcLink; connectomeDB2020_lit; stCASE
VCAN,ITGB1,6,CellTalkDB; LIANA_consensus; SPIDER_internal; SpaCcLink; connectomeDB2020_lit; stCASE
VCAN,TLR2,6,CellTalkDB; LIANA_consensus; SPIDER_internal; SpaCcLink; connectomeDB2020_lit; stCASE
VEGFA,GPC1,6,CellTalkDB; LIANA_consensus; SPIDER_internal; SpaCcLink; connectomeDB2020_lit; stCASE
VEGFA,NRP1,6,CellTalkDB; LIANA_consensus; SPIDER_internal; SpaCcLink; connectomeDB2020_lit; stCASE
VEGFA,NRP2,6,CellTalkDB; LIANA_consensus; SPIDER_internal; SpaCcLink; connectomeDB2020_lit; stCASE
VEGFB,NRP1,6,CellTalkDB; LIANA_consensus; SPIDER_internal; SpaCcLink; connectomeDB2020_lit; stCASE
VEGFC,NRP2,6,CellTalkDB; LIANA_consensus; SPIDER_internal; SpaCcLink; connectomeDB2020_lit; stCASE
VEGFD,ITGA9,6,CellTalkDB; LIANA_consensus; SPIDER_internal; SpaCcLink; connectomeDB2020_lit; stCASE
VEGFD,NRP2,6,CellTalkDB; LIANA_consensus; SPIDER_internal; SpaCcLink; connectomeDB2020_lit; stCASE
VIP,ADCYAP1R1,6,CellTalkDB; LIANA_consensus; SPIDER_internal; SpaCcLink; connectomeDB2020_lit; stCASE
VTN,ITGA2B,6,COMMOT_CellChat; CellTalkDB; LARIS_neurotransmitter; LIANA_consensus; SPIDER_internal; SpaCcLink
VTN,ITGA5,6,CellTalkDB; LIANA_consensus; SPIDER_internal; SpaCcLink; connectomeDB2020_lit; stCASE
VTN,ITGB6,6,CellTalkDB; LIANA_consensus; SPIDER_internal; SpaCcLink; connectomeDB2020_lit; stCASE
VTN,PVR,6,CellTalkDB; LIANA_consensus; SPIDER_internal; SpaCcLink; connectomeDB2020_lit; stCASE
VTN,TNFRSF11B,6,CellTalkDB; LIANA_consensus; SPIDER_internal; SpaCcLink; connectomeDB2020_lit; stCASE
VWF,TNFRSF11B,6,CellTalkDB; LIANA_consensus; SPIDER_internal; SpaCcLink; connectomeDB2020_lit; stCASE
WNT1,FZD5,6,COMMOT_CellChat; CellTalkDB; LARIS_neurotransmitter; LIANA_consensus; SPIDER_internal; SpaCcLink
WNT1,FZD7,6,COMMOT_CellChat; CellTalkDB; LARIS_neurotransmitter; LIANA_consensus; SPIDER_internal; SpaCcLink
WNT1,ROR2,6,CellTalkDB; LIANA_consensus; SPIDER_internal; SpaCcLink; connectomeDB2020_lit; stCASE
WNT1,RYK,6,CellTalkDB; LIANA_consensus; SPIDER_internal; SpaCcLink; connectomeDB2020_lit; stCASE
WNT16,FZD6,6,COMMOT_CellChat; CellTalkDB; LARIS_neurotransmitter; LIANA_consensus; SPIDER_internal; SpaCcLink
WNT3,FZD5,6,COMMOT_CellChat; CellTalkDB; LARIS_neurotransmitter; LIANA_consensus; SPIDER_internal; SpaCcLink
WNT3,RYK,6,CellTalkDB; LIANA_consensus; SPIDER_internal; SpaCcLink; connectomeDB2020_lit; stCASE
WNT3A,LRP1,6,CellTalkDB; LIANA_consensus; SPIDER_internal; SpaCcLink; connectomeDB2020_lit; stCASE
WNT3A,RYK,6,CellTalkDB; LIANA_consensus; SPIDER_internal; SpaCcLink; connectomeDB2020_lit; stCASE
WNT4,FZD1,6,COMMOT_CellChat; CellTalkDB; LARIS_neurotransmitter; LIANA_consensus; SPIDER_internal; SpaCcLink
WNT4,FZD8,6,COMMOT_CellChat; CellTalkDB; LARIS_neurotransmitter; LIANA_consensus; SPIDER_internal; SpaCcLink
WNT5A,LRP5,6,CellTalkDB; LIANA_consensus; SPIDER_internal; SpaCcLink; connectomeDB2020_lit; stCASE
WNT5A,ROR1,6,CellTalkDB; LIANA_consensus; SPIDER_internal; SpaCcLink; connectomeDB2020_lit; stCASE
WNT5A,ROR2,6,CellTalkDB; LIANA_consensus; SPIDER_internal; SpaCcLink; connectomeDB2020_lit; stCASE
WNT5A,RYK,6,CellTalkDB; LIANA_consensus; SPIDER_internal; SpaCcLink; connectomeDB2020_lit; stCASE
WNT6,FZD4,6,COMMOT_CellChat; CellTalkDB; LARIS_neurotransmitter; LIANA_consensus; SPIDER_internal; SpaCcLink
ZP3,EGFR,6,CellTalkDB; LIANA_consensus; SPIDER_internal; SpaCcLink; connectomeDB2020_lit; stCASE
A2M,LRP1,5,CellTalkDB; LIANA_consensus; SPIDER_internal; SpaCcLink; connectomeDB2020_lit
AANAT,MTNR1A,5,CellTalkDB; LIANA_consensus; SPIDER_internal; SpaCcLink; connectomeDB2020_lit
AANAT,MTNR1B,5,CellTalkDB; LIANA_consensus; SPIDER_internal; SpaCcLink; connectomeDB2020_lit
ACE,AGTR2,5,CellTalkDB; LIANA_consensus; SPIDER_internal; SpaCcLink; stCASE
ADAM10,AXL,5,CellTalkDB; LIANA_consensus; SPIDER_internal; SpaCcLink; stCASE
ADAM10,CD44,5,CellTalkDB; LIANA_consensus; SPIDER_internal; SpaCcLink; stCASE
ADAM10,NOTCH1,5,CellTalkDB; LIANA_consensus; SPIDER_internal; SpaCcLink; stCASE
ADAM10,NOTCH2,5,CellTalkDB; LIANA_consensus; SPIDER_internal; SpaCcLink; stCASE
ADAM10,TSPAN14,5,CellTalkDB; LIANA_consensus; SPIDER_internal; SpaCcLink; stCASE
ADAM10,TSPAN15,5,CellTalkDB; LIANA_consensus; SPIDER_internal; SpaCcLink; stCASE
ADAM10,TSPAN5,5,CellTalkDB; LIANA_consensus; SPIDER_internal; SpaCcLink; stCASE
ADAM17,ERBB4,5,CellTalkDB; LIANA_consensus; SPIDER_internal; SpaCcLink; stCASE
ADAM17,IL6R,5,CellTalkDB; LIANA_consensus; SPIDER_internal; SpaCcLink; stCASE
ADM2,CALCR,5,CellTalkDB; LIANA_consensus; SPIDER_internal; SpaCcLink; connectomeDB2020_lit
AFDN,EPHA7,5,CellTalkDB; LIANA_consensus; SPIDER_internal; SpaCcLink; connectomeDB2020_lit
AFDN,EPHB2,5,CellTalkDB; LIANA_consensus; SPIDER_internal; SpaCcLink; connectomeDB2020_lit
AFDN,EPHB3,5,CellTalkDB; LIANA_consensus; SPIDER_internal; SpaCcLink; connectomeDB2020_lit
AFDN,EPHB6,5,CellTalkDB; LIANA_consensus; SPIDER_internal; SpaCcLink; connectomeDB2020_lit
AGRN,DAG1,5,COMMOT_CellChat; LARIS_neurotransmitter; LIANA_consensus; connectomeDB2020_lit; stCASE
AGRN,LRP4,5,CellTalkDB; LIANA_consensus; SPIDER_internal; connectomeDB2020_lit; stCASE
AGRN,MUSK,5,CellTalkDB; LIANA_consensus; SPIDER_internal; connectomeDB2020_lit; stCASE
AGRP,MC3R,5,CellTalkDB; LIANA_consensus; SPIDER_internal; SpaCcLink; connectomeDB2020_lit
AGRP,MC4R,5,CellTalkDB; LIANA_consensus; SPIDER_internal; SpaCcLink; connectomeDB2020_lit
AGRP,MC5R,5,CellTalkDB; LIANA_consensus; SPIDER_internal; SpaCcLink; connectomeDB2020_lit
AHSG,INSR,5,CellTalkDB; LIANA_consensus; SPIDER_internal; SpaCcLink; connectomeDB2020_lit
ALB,LRP2,5,CellTalkDB; LIANA_consensus; SPIDER_internal; SpaCcLink; connectomeDB2020_lit
AMELX,LAMP1,5,CellTalkDB; LIANA_consensus; SPIDER_internal; connectomeDB2020_lit; stCASE
ANG,EGFR,5,CellTalkDB; LIANA_consensus; SPIDER_internal; SpaCcLink; stCASE
ANGPT1,ITGA5,5,CellTalkDB; LIANA_consensus; SPIDER_internal; SpaCcLink; connectomeDB2020_lit
ANGPT1,ITGB1,5,CellTalkDB; LIANA_consensus; SPIDER_internal; SpaCcLink; connectomeDB2020_lit
ANGPT1,TIE1,5,CellTalkDB; LIANA_consensus; SPIDER_internal; connectomeDB2020_lit; stCASE
ANGPT2,TIE1,5,CellTalkDB; LIANA_consensus; SPIDER_internal; connectomeDB2020_lit; stCASE
ANGPTL2,ITGB1,5,COMMOT_CellChat; LARIS_neurotransmitter; LIANA_consensus; connectomeDB2020_lit; stCASE
ANXA1,DYSF,5,CellTalkDB; LIANA_consensus; SPIDER_internal; SpaCcLink; connectomeDB2020_lit
APLN,GRM7,5,CellTalkDB; LIANA_consensus; SPIDER_internal; SpaCcLink; stCASE
APOA1,ABCA1,5,CellTalkDB; LARIS_neurotransmitter; LIANA_consensus; SPIDER_internal; SpaCcLink
APOE,LSR,5,CellTalkDB; LIANA_consensus; SPIDER_internal; SpaCcLink; stCASE
APOE,SCARB1,5,CellTalkDB; LIANA_consensus; SPIDER_internal; connectomeDB2020_lit; stCASE
APOE,SDC2,5,CellTalkDB; LIANA_consensus; SPIDER_internal; SpaCcLink; stCASE
APOE,SORL1,5,CellTalkDB; LIANA_consensus; SPIDER_internal; connectomeDB2020_lit; stCASE
APP,NGFR,5,CellTalkDB; LIANA_consensus; SPIDER_internal; SpaCcLink; stCASE
ARF1,CHRM3,5,CellTalkDB; LIANA_consensus; SPIDER_internal; SpaCcLink; connectomeDB2020_lit
ARF1,INSR,5,CellTalkDB; LIANA_consensus; SPIDER_internal; SpaCcLink; connectomeDB2020_lit
ARF1,PLD2,5,CellTalkDB; LIANA_consensus; SPIDER_internal; SpaCcLink; connectomeDB2020_lit
ASIP,MC1R,5,CellTalkDB; LIANA_consensus; SPIDER_internal; SpaCcLink; connectomeDB2020_lit
ASIP,MC2R,5,CellTalkDB; LIANA_consensus; SPIDER_internal; SpaCcLink; connectomeDB2020_lit
ASIP,MC3R,5,CellTalkDB; LIANA_consensus; SPIDER_internal; SpaCcLink; connectomeDB2020_lit
ASIP,MC4R,5,CellTalkDB; LIANA_consensus; SPIDER_internal; SpaCcLink; connectomeDB2020_lit
ASIP,MC5R,5,CellTalkDB; LIANA_consensus; SPIDER_internal; SpaCcLink; connectomeDB2020_lit
B2M,KLRC1,5,CellTalkDB; LIANA_consensus; SPIDER_internal; SpaCcLink; stCASE
B2M,KLRD1,5,CellTalkDB; LIANA_consensus; SPIDER_internal; SpaCcLink; stCASE
B2M,LILRB1,5,CellTalkDB; SPIDER_internal; SpaCcLink; connectomeDB2020_lit; stCASE
B2M,TFRC,5,CellTalkDB; LIANA_consensus; SPIDER_internal; SpaCcLink; stCASE
BAG6,NCR3,5,COMMOT_CellChat; LARIS_neurotransmitter; LIANA_consensus; connectomeDB2020_lit; stCASE
BMP10,ENG,5,CellTalkDB; LIANA_consensus; SPIDER_internal; connectomeDB2020_lit; stCASE
BMP2,ACVR1,5,CellTalkDB; LIANA_consensus; SPIDER_internal; SpaCcLink; stCASE
BMP2,ENG,5,CellTalkDB; LIANA_consensus; SPIDER_internal; connectomeDB2020_lit; stCASE
BMP2,HJV,5,CellTalkDB; LIANA_consensus; SPIDER_internal; SpaCcLink; connectomeDB2020_lit
BMP5,HJV,5,CellTalkDB; LIANA_consensus; SPIDER_internal; SpaCcLink; connectomeDB2020_lit
BMP6,HJV,5,CellTalkDB; LIANA_consensus; SPIDER_internal; SpaCcLink; connectomeDB2020_lit
BMP7,ENG,5,CellTalkDB; LIANA_consensus; SPIDER_internal; connectomeDB2020_lit; stCASE
BMP8A,ACVR2A,5,COMMOT_CellChat; LARIS_neurotransmitter; LIANA_consensus; connectomeDB2020_lit; stCASE
BMP8A,ACVR2B,5,COMMOT_CellChat; LARIS_neurotransmitter; LIANA_consensus; connectomeDB2020_lit; stCASE
C1QB,LRP1,5,CellTalkDB; LIANA_consensus; SPIDER_internal; SpaCcLink; connectomeDB2020_lit
C3,C5AR2,5,CellTalkDB; LIANA_consensus; SPIDER_internal; SpaCcLink; connectomeDB2020_lit
C3,CD19,5,CellTalkDB; LIANA_consensus; SPIDER_internal; SpaCcLink; connectomeDB2020_lit
C3,CD46,5,CellTalkDB; LIANA_consensus; SPIDER_internal; SpaCcLink; connectomeDB2020_lit
C3,CR1,5,CellTalkDB; LIANA_consensus; SPIDER_internal; SpaCcLink; connectomeDB2020_lit
C3,LRP1,5,CellTalkDB; LIANA_consensus; SPIDER_internal; SpaCcLink; connectomeDB2020_lit
C4A,C5AR2,5,CellTalkDB; LIANA_consensus; SPIDER_internal; SpaCcLink; connectomeDB2020_lit
C4A,CR1,5,CellTalkDB; LIANA_consensus; SPIDER_internal; SpaCcLink; connectomeDB2020_lit
C4BPA,BMPR2,5,CellTalkDB; LIANA_consensus; SPIDER_internal; SpaCcLink; connectomeDB2020_lit
C4BPA,CD40,5,CellTalkDB; LIANA_consensus; SPIDER_internal; SpaCcLink; connectomeDB2020_lit
C4BPA,LRP1,5,CellTalkDB; LIANA_consensus; SPIDER_internal; SpaCcLink; connectomeDB2020_lit
C5,C5AR2,5,CellTalkDB; LIANA_consensus; SPIDER_internal; SpaCcLink; connectomeDB2020_lit
CALR,ITGA2B,5,CellTalkDB; LIANA_consensus; SPIDER_internal; SpaCcLink; stCASE
CALR,MPL,5,CellTalkDB; LIANA_consensus; SPIDER_internal; SpaCcLink; stCASE
CALR,SCARF1,5,CellTalkDB; LIANA_consensus; SPIDER_internal; connectomeDB2020_lit; stCASE
CAMP,FPR2,5,CellTalkDB; LIANA_consensus; SPIDER_internal; SpaCcLink; connectomeDB2020_lit
CCL11,ACKR4,5,CellTalkDB; LIANA_consensus; SPIDER_internal; connectomeDB2020_lit; stCASE
CCL11,CXCR3,5,CellTalkDB; LIANA_consensus; SPIDER_internal; SpaCcLink; connectomeDB2020_lit
CCL18,CCR3,5,CellTalkDB; LIANA_consensus; SPIDER_internal; SpaCcLink; connectomeDB2020_lit
CCL19,CCRL2,5,CellTalkDB; LIANA_consensus; SPIDER_internal; connectomeDB2020_lit; stCASE
CCL2,ACKR4,5,CellTalkDB; LIANA_consensus; SPIDER_internal; connectomeDB2020_lit; stCASE
CCL23,ACKR2,5,CellTalkDB; LIANA_consensus; SPIDER_internal; SpaCcLink; stCASE
CCL24,CCR2,5,CellTalkDB; LIANA_consensus; SPIDER_internal; SpaCcLink; connectomeDB2020_lit
CCL26,CCR2,5,CellTalkDB; LIANA_consensus; SPIDER_internal; SpaCcLink; connectomeDB2020_lit
CCL3L1,ACKR2,5,COMMOT_CellChat; LARIS_neurotransmitter; LIANA_consensus; connectomeDB2020_lit; stCASE
CCL3L3,ACKR2,5,CellTalkDB; SPIDER_internal; SpaCcLink; connectomeDB2020_lit; stCASE
CCL3L3,CCR5,5,CellTalkDB; SPIDER_internal; SpaCcLink; connectomeDB2020_lit; stCASE
CCL4,CCR1,5,CellTalkDB; LIANA_consensus; SPIDER_internal; SpaCcLink; connectomeDB2020_lit
CCL5,GPR75,5,CellTalkDB; LIANA_consensus; SPIDER_internal; connectomeDB2020_lit; stCASE
CCL7,ACKR4,5,CellTalkDB; LIANA_consensus; SPIDER_internal; connectomeDB2020_lit; stCASE
CCL7,CCR5,5,CellTalkDB; LIANA_consensus; SPIDER_internal; SpaCcLink; connectomeDB2020_lit
CCL7,CXCR3,5,CellTalkDB; LIANA_consensus; SPIDER_internal; SpaCcLink; connectomeDB2020_lit
CCN2,ERBB4,5,CellTalkDB; LIANA_consensus; SPIDER_internal; SpaCcLink; stCASE
CD14,ITGB2,5,CellTalkDB; LIANA_consensus; SPIDER_internal; SpaCcLink; stCASE
CD14,TLR4,5,CellTalkDB; LIANA_consensus; SPIDER_internal; SpaCcLink; stCASE
CD14,TLR6,5,CellTalkDB; LIANA_consensus; SPIDER_internal; SpaCcLink; stCASE
CD14,TLR9,5,CellTalkDB; LIANA_consensus; SPIDER_internal; SpaCcLink; stCASE
CD34,SELL,5,CellTalkDB; LIANA_consensus; SPIDER_internal; SpaCcLink; connectomeDB2020_lit
CD55,CR1,5,CellTalkDB; LIANA_consensus; SPIDER_internal; SpaCcLink; stCASE
CD5L,CD5,5,CellTalkDB; LIANA_consensus; SPIDER_internal; connectomeDB2020_lit; stCASE
CD96,NECTIN1,5,COMMOT_CellChat; LARIS_neurotransmitter; LIANA_consensus; connectomeDB2020_lit; stCASE
CD96,PVR,5,COMMOT_CellChat; LARIS_neurotransmitter; LIANA_consensus; connectomeDB2020_lit; stCASE
CDH1,IGF1R,5,CellTalkDB; LIANA_consensus; SPIDER_internal; SpaCcLink; connectomeDB2020_lit
CDH1,PTPRF,5,CellTalkDB; LIANA_consensus; SPIDER_internal; SpaCcLink; stCASE
CEACAM1,EGFR,5,CellTalkDB; LIANA_consensus; SPIDER_internal; SpaCcLink; stCASE
CEL,CXCR4,5,CellTalkDB; LIANA_consensus; SPIDER_internal; SpaCcLink; connectomeDB2020_lit
CFH,ITGAM,5,CellTalkDB; LIANA_consensus; SPIDER_internal; SpaCcLink; connectomeDB2020_lit
CKLF,CCR4,5,CellTalkDB; LIANA_consensus; SPIDER_internal; SpaCcLink; stCASE
CLCF1,CRLF1,5,CellTalkDB; LIANA_consensus; SPIDER_internal; SpaCcLink; connectomeDB2020_lit
CNTF,IL6R,5,CellTalkDB; LIANA_consensus; SPIDER_internal; SpaCcLink; connectomeDB2020_lit
CNTN4,PTPRG,5,CellTalkDB; LIANA_consensus; SPIDER_internal; connectomeDB2020_lit; stCASE
COL11A1,DDR1,5,CellTalkDB; LIANA_consensus; SPIDER_internal; connectomeDB2020_lit; stCASE
COL11A1,ITGB1,5,CellTalkDB; LIANA_consensus; SPIDER_internal; SpaCcLink; stCASE
COL16A1,ITGB1,5,CellTalkDB; LIANA_consensus; SPIDER_internal; SpaCcLink; stCASE
COL1A1,CD93,5,CellTalkDB; LIANA_consensus; SPIDER_internal; connectomeDB2020_lit; stCASE
COL1A1,DDR1,5,CellTalkDB; LIANA_consensus; SPIDER_internal; connectomeDB2020_lit; stCASE
COL1A1,DDR2,5,CellTalkDB; LIANA_consensus; SPIDER_internal; connectomeDB2020_lit; stCASE
COL1A1,GP6,5,COMMOT_CellChat; LARIS_neurotransmitter; LIANA_consensus; connectomeDB2020_lit; stCASE
COL1A2,CD36,5,CellTalkDB; LIANA_consensus; SPIDER_internal; SpaCcLink; stCASE
COL1A2,CD93,5,CellTalkDB; LIANA_consensus; SPIDER_internal; connectomeDB2020_lit; stCASE
COL1A2,GP6,5,COMMOT_CellChat; LARIS_neurotransmitter; LIANA_consensus; connectomeDB2020_lit; stCASE
COL1A2,ITGA2B,5,CellTalkDB; LIANA_consensus; SPIDER_internal; SpaCcLink; stCASE
COL2A1,DDR1,5,CellTalkDB; LIANA_consensus; SPIDER_internal; connectomeDB2020_lit; stCASE
COL2A1,ITGA2B,5,CellTalkDB; LIANA_consensus; SPIDER_internal; SpaCcLink; stCASE
COL3A1,DDR1,5,CellTalkDB; LIANA_consensus; SPIDER_internal; connectomeDB2020_lit; stCASE
COL3A1,DDR2,5,CellTalkDB; LIANA_consensus; SPIDER_internal; connectomeDB2020_lit; stCASE
COL3A1,ITGB1,5,CellTalkDB; LIANA_consensus; SPIDER_internal; SpaCcLink; stCASE
COL4A1,CD93,5,CellTalkDB; LIANA_consensus; SPIDER_internal; connectomeDB2020_lit; stCASE
COL4A2,CD93,5,CellTalkDB; LIANA_consensus; SPIDER_internal; connectomeDB2020_lit; stCASE
COL4A3,CD93,5,CellTalkDB; LIANA_consensus; SPIDER_internal; connectomeDB2020_lit; stCASE
COL4A3,ITGB3,5,CellTalkDB; LIANA_consensus; SPIDER_internal; SpaCcLink; stCASE
COL4A5,CD93,5,CellTalkDB; LIANA_consensus; SPIDER_internal; connectomeDB2020_lit; stCASE
COL4A6,CD93,5,CellTalkDB; LIANA_consensus; SPIDER_internal; connectomeDB2020_lit; stCASE
COL5A1,ITGB1,5,CellTalkDB; LIANA_consensus; SPIDER_internal; SpaCcLink; stCASE
COL5A2,DDR1,5,CellTalkDB; LIANA_consensus; SPIDER_internal; connectomeDB2020_lit; stCASE
COL5A2,ITGB1,5,CellTalkDB; LIANA_consensus; SPIDER_internal; SpaCcLink; stCASE
COL7A1,ITGB1,5,CellTalkDB; LIANA_consensus; SPIDER_internal; SpaCcLink; stCASE
COL8A1,ITGA1,5,CellTalkDB; LIANA_consensus; SPIDER_internal; SpaCcLink; connectomeDB2020_lit
COL8A1,ITGA2,5,CellTalkDB; LIANA_consensus; SPIDER_internal; SpaCcLink; connectomeDB2020_lit
COLQ,MUSK,5,CellTalkDB; LIANA_consensus; SPIDER_internal; connectomeDB2020_lit; stCASE
COMP,CD47,5,COMMOT_CellChat; LARIS_neurotransmitter; LIANA_consensus; connectomeDB2020_lit; stCASE
CORT,MRGPRX2,5,CellTalkDB; LIANA_consensus; SPIDER_internal; connectomeDB2020_lit; stCASE
CP,SLC40A1,5,CellTalkDB; LIANA_consensus; SPIDER_internal; SpaCcLink; connectomeDB2020_lit
CRP,OLR1,5,CellTalkDB; LIANA_consensus; SPIDER_internal; SpaCcLink; connectomeDB2020_lit
CXCL10,CCR3,5,CellTalkDB; LIANA_consensus; SPIDER_internal; SpaCcLink; connectomeDB2020_lit
CXCL11,CCR3,5,CellTalkDB; LIANA_consensus; SPIDER_internal; SpaCcLink; connectomeDB2020_lit
CXCL12,SDC4,5,CellTalkDB; LIANA_consensus; SPIDER_internal; SpaCcLink; stCASE
CXCL13,ACKR4,5,CellTalkDB; LIANA_consensus; SPIDER_internal; connectomeDB2020_lit; stCASE
CXCL9,CCR3,5,CellTalkDB; LIANA_consensus; SPIDER_internal; SpaCcLink; connectomeDB2020_lit
DCN,EGFR,5,CellTalkDB; LIANA_consensus; SPIDER_internal; SpaCcLink; connectomeDB2020_lit
DEFB103A,CCR2,5,CellTalkDB; LIANA_consensus; SPIDER_internal; SpaCcLink; stCASE
DEFB106A,CCR2,5,CellTalkDB; SPIDER_internal; SpaCcLink; connectomeDB2020_lit; stCASE
DHH,HHIP,5,CellTalkDB; LIANA_consensus; SPIDER_internal; SpaCcLink; connectomeDB2020_lit
DKK1,LRP5,5,CellTalkDB; LIANA_consensus; SPIDER_internal; SpaCcLink; connectomeDB2020_lit
DKK1,LRP6,5,CellTalkDB; LIANA_consensus; SPIDER_internal; SpaCcLink; connectomeDB2020_lit
DKK4,LRP6,5,CellTalkDB; LIANA_consensus; SPIDER_internal; SpaCcLink; connectomeDB2020_lit
DLK1,NOTCH4,5,COMMOT_CellChat; LARIS_neurotransmitter; LIANA_consensus; connectomeDB2020_lit; stCASE
DLK2,NOTCH1,5,CellTalkDB; LIANA_consensus; SPIDER_internal; SpaCcLink; connectomeDB2020_lit
DSC3,DSG2,5,CellTalkDB; LARIS_neurotransmitter; SPIDER_internal; connectomeDB2020_lit; stCASE
DSPP,ITGB6,5,COMMOT_CellChat; LARIS_neurotransmitter; LIANA_consensus; connectomeDB2020_lit; stCASE
EDN1,KEL,5,CellTalkDB; LIANA_consensus; SPIDER_internal; SpaCcLink; connectomeDB2020_lit
EDN2,KEL,5,CellTalkDB; LIANA_consensus; SPIDER_internal; SpaCcLink; connectomeDB2020_lit
EDN3,KEL,5,CellTalkDB; LIANA_consensus; SPIDER_internal; SpaCcLink; connectomeDB2020_lit
EFNA1,EPHA10,5,CellTalkDB; LIANA_consensus; SPIDER_internal; SpaCcLink; stCASE
EFNA1,EPHB1,5,CellTalkDB; LIANA_consensus; SPIDER_internal; SpaCcLink; stCASE
EFNA2,EPHA6,5,CellTalkDB; LIANA_consensus; SPIDER_internal; SpaCcLink; connectomeDB2020_lit
EFNA3,EPHA6,5,CellTalkDB; LIANA_consensus; SPIDER_internal; SpaCcLink; connectomeDB2020_lit
EFNA3,EPHB1,5,CellTalkDB; LIANA_consensus; SPIDER_internal; SpaCcLink; connectomeDB2020_lit
EFNA4,EPHA10,5,CellTalkDB; LIANA_consensus; SPIDER_internal; SpaCcLink; stCASE
EFNA5,EPHA10,5,CellTalkDB; LIANA_consensus; SPIDER_internal; SpaCcLink; stCASE
ENHO,GPR19,5,COMMOT_CellChat; LARIS_neurotransmitter; LIANA_consensus; connectomeDB2020_lit; stCASE
EREG,ERBB3,5,CellTalkDB; LIANA_consensus; SPIDER_internal; SpaCcLink; stCASE
F10,F3,5,CellTalkDB; LIANA_consensus; SPIDER_internal; SpaCcLink; connectomeDB2020_lit
F13A1,ITGA4,5,CellTalkDB; LIANA_consensus; SPIDER_internal; SpaCcLink; connectomeDB2020_lit
F13A1,ITGA9,5,CellTalkDB; LIANA_consensus; SPIDER_internal; SpaCcLink; connectomeDB2020_lit
F13A1,ITGB1,5,CellTalkDB; LIANA_consensus; SPIDER_internal; SpaCcLink; connectomeDB2020_lit
F2,GP9,5,CellTalkDB; LIANA_consensus; SPIDER_internal; SpaCcLink; connectomeDB2020_lit
F2,ITGA2B,5,CellTalkDB; LIANA_consensus; SPIDER_internal; SpaCcLink; connectomeDB2020_lit
F2,THBD,5,CellTalkDB; LIANA_consensus; SPIDER_internal; SpaCcLink; connectomeDB2020_lit
F7,F3,5,CellTalkDB; LIANA_consensus; SPIDER_internal; SpaCcLink; connectomeDB2020_lit
F8,LDLR,5,CellTalkDB; LIANA_consensus; SPIDER_internal; SpaCcLink; connectomeDB2020_lit
F8,LRP1,5,CellTalkDB; LIANA_consensus; SPIDER_internal; SpaCcLink; connectomeDB2020_lit
F9,LRP1,5,CellTalkDB; LIANA_consensus; SPIDER_internal; SpaCcLink; connectomeDB2020_lit
FASLG,TNFRSF6B,5,CellTalkDB; LIANA_consensus; SPIDER_internal; connectomeDB2020_lit; stCASE
FBLN2,ITGB3,5,CellTalkDB; LIANA_consensus; SPIDER_internal; SpaCcLink; stCASE
FBN1,ITGAV,5,CellTalkDB; SPIDER_internal; SpaCcLink; connectomeDB2020_lit; stCASE
FCER2,CR2,5,COMMOT_CellChat; LARIS_neurotransmitter; LIANA_consensus; connectomeDB2020_lit; stCASE
FGA,ITGA2B,5,CellTalkDB; LIANA_consensus; SPIDER_internal; SpaCcLink; connectomeDB2020_lit
FGA,ITGA5,5,CellTalkDB; LIANA_consensus; SPIDER_internal; SpaCcLink; connectomeDB2020_lit
FGA,ITGAM,5,CellTalkDB; LIANA_consensus; SPIDER_internal; SpaCcLink; connectomeDB2020_lit
FGA,ITGAX,5,CellTalkDB; LIANA_consensus; SPIDER_internal; SpaCcLink; connectomeDB2020_lit
FGA,ITGB1,5,CellTalkDB; LIANA_consensus; SPIDER_internal; SpaCcLink; connectomeDB2020_lit
FGA,ITGB3,5,CellTalkDB; LIANA_consensus; SPIDER_internal; SpaCcLink; connectomeDB2020_lit
FGA,TLR4,5,CellTalkDB; LIANA_consensus; SPIDER_internal; SpaCcLink; connectomeDB2020_lit
FGB,ITGA2B,5,CellTalkDB; LIANA_consensus; SPIDER_internal; SpaCcLink; connectomeDB2020_lit
FGB,ITGA5,5,CellTalkDB; LIANA_consensus; SPIDER_internal; SpaCcLink; connectomeDB2020_lit
FGB,ITGAM,5,CellTalkDB; LIANA_consensus; SPIDER_internal; SpaCcLink; connectomeDB2020_lit
FGB,ITGB1,5,CellTalkDB; LIANA_consensus; SPIDER_internal; SpaCcLink; connectomeDB2020_lit
FGB,TLR4,5,CellTalkDB; LIANA_consensus; SPIDER_internal; SpaCcLink; connectomeDB2020_lit
FGF13,FGFR1,5,CellTalkDB; LIANA_consensus; SPIDER_internal; SpaCcLink; stCASE
FGF13,FGFR2,5,CellTalkDB; LIANA_consensus; SPIDER_internal; SpaCcLink; stCASE
FGF13,FGFR3,5,CellTalkDB; LIANA_consensus; SPIDER_internal; SpaCcLink; stCASE
FGF13,FGFR4,5,CellTalkDB; LIANA_consensus; SPIDER_internal; SpaCcLink; stCASE
FGF13,SCN5A,5,CellTalkDB; LIANA_consensus; SPIDER_internal; SpaCcLink; connectomeDB2020_lit
FGF13,SCN8A,5,CellTalkDB; LIANA_consensus; SPIDER_internal; SpaCcLink; connectomeDB2020_lit
FGF21,FGFR2,5,CellTalkDB; LIANA_consensus; SPIDER_internal; SpaCcLink; stCASE
FGF21,KLB,5,CellTalkDB; LIANA_consensus; SPIDER_internal; SpaCcLink; stCASE
FGF23,KL,5,CellTalkDB; SPIDER_internal; SpaCcLink; connectomeDB2020_lit; stCASE
FGF7,FGFR4,5,CellTalkDB; LIANA_consensus; SPIDER_internal; SpaCcLink; stCASE
FGG,ITGA2B,5,CellTalkDB; LIANA_consensus; SPIDER_internal; SpaCcLink; connectomeDB2020_lit
FGG,ITGA5,5,CellTalkDB; LIANA_consensus; SPIDER_internal; SpaCcLink; connectomeDB2020_lit
FGG,ITGB1,5,CellTalkDB; LIANA_consensus; SPIDER_internal; SpaCcLink; connectomeDB2020_lit
FGG,TLR4,5,CellTalkDB; LIANA_consensus; SPIDER_internal; SpaCcLink; connectomeDB2020_lit
FN1,CD79A,5,CellTalkDB; LIANA_consensus; SPIDER_internal; SpaCcLink; stCASE
GAL,GPR151,5,CellTalkDB; LIANA_consensus; SPIDER_internal; connectomeDB2020_lit; stCASE
GDF15,GFRAL,5,CellTalkDB; LIANA_consensus; SPIDER_internal; connectomeDB2020_lit; stCASE
GDF2,ACVR2B,5,CellTalkDB; LIANA_consensus; SPIDER_internal; SpaCcLink; connectomeDB2020_lit
GDF2,ENG,5,CellTalkDB; LIANA_consensus; SPIDER_internal; connectomeDB2020_lit; stCASE
GDF5,ACVR1,5,CellTalkDB; LIANA_consensus; SPIDER_internal; SpaCcLink; connectomeDB2020_lit
GDF5,ROR2,5,CellTalkDB; LIANA_consensus; SPIDER_internal; SpaCcLink; connectomeDB2020_lit
GDNF,GFRA2,5,CellTalkDB; LIANA_consensus; SPIDER_internal; SpaCcLink; connectomeDB2020_lit
GHRL,GHRHR,5,CellTalkDB; LIANA_consensus; SPIDER_internal; SpaCcLink; stCASE
GHRL,PTGER3,5,CellTalkDB; LIANA_consensus; SPIDER_internal; SpaCcLink; stCASE
GHRL,TBXA2R,5,CellTalkDB; LIANA_consensus; SPIDER_internal; SpaCcLink; stCASE
GIP,DPP4,5,CellTalkDB; LIANA_consensus; SPIDER_internal; SpaCcLink; connectomeDB2020_lit
GNAI2,ADCY1,5,CellTalkDB; LIANA_consensus; SPIDER_internal; SpaCcLink; connectomeDB2020_lit
GNAI2,ADORA1,5,CellTalkDB; LIANA_consensus; SPIDER_internal; SpaCcLink; connectomeDB2020_lit
GNAI2,ADRA2A,5,CellTalkDB; LIANA_consensus; SPIDER_internal; SpaCcLink; connectomeDB2020_lit
GNAI2,ADRA2B,5,CellTalkDB; LIANA_consensus; SPIDER_internal; SpaCcLink; connectomeDB2020_lit
GNAI2,AGTR2,5,CellTalkDB; LIANA_consensus; SPIDER_internal; SpaCcLink; connectomeDB2020_lit
GNAI2,C5AR1,5,CellTalkDB; LIANA_consensus; SPIDER_internal; SpaCcLink; connectomeDB2020_lit
GNAI2,CAV1,5,CellTalkDB; LIANA_consensus; SPIDER_internal; SpaCcLink; connectomeDB2020_lit
GNAI2,CCR5,5,CellTalkDB; LIANA_consensus; SPIDER_internal; SpaCcLink; connectomeDB2020_lit
GNAI2,CNR1,5,CellTalkDB; LIANA_consensus; SPIDER_internal; SpaCcLink; connectomeDB2020_lit
GNAI2,CXCR1,5,CellTalkDB; LIANA_consensus; SPIDER_internal; SpaCcLink; connectomeDB2020_lit
GNAI2,CXCR2,5,CellTalkDB; LIANA_consensus; SPIDER_internal; SpaCcLink; connectomeDB2020_lit
GNAI2,EDNRA,5,CellTalkDB; LIANA_consensus; SPIDER_internal; SpaCcLink; connectomeDB2020_lit
GNAI2,EGFR,5,CellTalkDB; LIANA_consensus; SPIDER_internal; SpaCcLink; connectomeDB2020_lit
GNAI2,F2R,5,CellTalkDB; LIANA_consensus; SPIDER_internal; SpaCcLink; connectomeDB2020_lit
GNAI2,FPR1,5,CellTalkDB; LIANA_consensus; SPIDER_internal; SpaCcLink; connectomeDB2020_lit
GNAI2,IGF1R,5,CellTalkDB; LIANA_consensus; SPIDER_internal; SpaCcLink; connectomeDB2020_lit
GNAI2,LHCGR,5,CellTalkDB; LIANA_consensus; SPIDER_internal; SpaCcLink; connectomeDB2020_lit
GNAI2,LPAR3,5,CellTalkDB; LIANA_consensus; SPIDER_internal; SpaCcLink; connectomeDB2020_lit
GNAI2,MTNR1A,5,CellTalkDB; LIANA_consensus; SPIDER_internal; SpaCcLink; connectomeDB2020_lit
GNAI2,MTNR1B,5,CellTalkDB; LIANA_consensus; SPIDER_internal; SpaCcLink; connectomeDB2020_lit
GNAI2,OPRD1,5,CellTalkDB; LIANA_consensus; SPIDER_internal; SpaCcLink; connectomeDB2020_lit
GNAI2,OPRM1,5,CellTalkDB; LIANA_consensus; SPIDER_internal; SpaCcLink; connectomeDB2020_lit
GNAI2,P2RY12,5,CellTalkDB; LIANA_consensus; SPIDER_internal; SpaCcLink; connectomeDB2020_lit
GNAI2,TBXA2R,5,CellTalkDB; LIANA_consensus; SPIDER_internal; SpaCcLink; connectomeDB2020_lit
GNAI2,TSHR,5,CellTalkDB; LIANA_consensus; SPIDER_internal; SpaCcLink; connectomeDB2020_lit
GNAS,ADORA1,5,CellTalkDB; LIANA_consensus; SPIDER_internal; SpaCcLink; stCASE
GNAS,ADRB3,5,CellTalkDB; LIANA_consensus; SPIDER_internal; SpaCcLink; stCASE
GNAS,HTR6,5,CellTalkDB; LIANA_consensus; SPIDER_internal; SpaCcLink; stCASE
GNRH2,GNRHR,5,CellTalkDB; LIANA_consensus; SPIDER_internal; SpaCcLink; connectomeDB2020_lit
GPC3,CD81,5,CellTalkDB; LIANA_consensus; SPIDER_internal; SpaCcLink; connectomeDB2020_lit
GPC3,IGF1R,5,CellTalkDB; LIANA_consensus; SPIDER_internal; SpaCcLink; connectomeDB2020_lit
GRN,TNFRSF1A,5,CellTalkDB; LIANA_consensus; SPIDER_internal; SpaCcLink; connectomeDB2020_lit
GZMB,CHRM3,5,CellTalkDB; LIANA_consensus; SPIDER_internal; SpaCcLink; connectomeDB2020_lit
GZMB,IGF2R,5,CellTalkDB; LIANA_consensus; SPIDER_internal; SpaCcLink; connectomeDB2020_lit
HAS2,CD44,5,CellTalkDB; LIANA_consensus; SPIDER_internal; SpaCcLink; connectomeDB2020_lit
HAS2,HMMR,5,CellTalkDB; LIANA_consensus; SPIDER_internal; SpaCcLink; connectomeDB2020_lit
HBEGF,CD82,5,CellTalkDB; LIANA_consensus; SPIDER_internal; connectomeDB2020_lit; stCASE
HBEGF,CD9,5,CellTalkDB; LIANA_consensus; SPIDER_internal; connectomeDB2020_lit; stCASE
HDC,HRH1,5,CellTalkDB; LARIS_neurotransmitter; LIANA_consensus; SPIDER_internal; SpaCcLink
HDC,HRH2,5,CellTalkDB; LARIS_neurotransmitter; LIANA_consensus; SPIDER_internal; SpaCcLink
HDC,HRH4,5,CellTalkDB; LARIS_neurotransmitter; LIANA_consensus; SPIDER_internal; SpaCcLink
HEBP1,FPR3,5,CellTalkDB; LIANA_consensus; SPIDER_internal; SpaCcLink; connectomeDB2020_lit
HLA-C,LILRA1,5,CellTalkDB; LIANA_consensus; SPIDER_internal; SpaCcLink; stCASE
HLA-F,KIR3DL1,5,COMMOT_CellChat; LARIS_neurotransmitter; LIANA_consensus; connectomeDB2020_lit; stCASE
HLA-F,KIR3DL2,5,COMMOT_CellChat; LARIS_neurotransmitter; LIANA_consensus; connectomeDB2020_lit; stCASE
HLA-F,LILRB1,5,COMMOT_CellChat; LARIS_neurotransmitter; LIANA_consensus; connectomeDB2020_lit; stCASE
HLA-G,KIR3DL1,5,CellTalkDB; LIANA_consensus; SPIDER_internal; SpaCcLink; stCASE
HMGB1,SDC1,5,CellTalkDB; LIANA_consensus; SPIDER_internal; SpaCcLink; connectomeDB2020_lit
HMGB1,THBD,5,CellTalkDB; LIANA_consensus; SPIDER_internal; SpaCcLink; connectomeDB2020_lit
HP,CD22,5,CellTalkDB; LIANA_consensus; SPIDER_internal; SpaCcLink; stCASE
HRAS,AGTR1,5,CellTalkDB; LIANA_consensus; SPIDER_internal; SpaCcLink; connectomeDB2020_lit
HRAS,CAV1,5,CellTalkDB; LIANA_consensus; SPIDER_internal; SpaCcLink; connectomeDB2020_lit
HRAS,INSR,5,CellTalkDB; LIANA_consensus; SPIDER_internal; SpaCcLink; connectomeDB2020_lit
HRG,FCGR1A,5,CellTalkDB; LIANA_consensus; SPIDER_internal; SpaCcLink; connectomeDB2020_lit
HSP90AA1,EGFR,5,CellTalkDB; SPIDER_internal; SpaCcLink; connectomeDB2020_lit; stCASE
HSP90AA1,FGFR3,5,CellTalkDB; SPIDER_internal; SpaCcLink; connectomeDB2020_lit; stCASE
HSPG2,FGFR1,5,CellTalkDB; LIANA_consensus; SPIDER_internal; SpaCcLink; stCASE
HSPG2,SDC1,5,CellTalkDB; LIANA_consensus; SPIDER_internal; SpaCcLink; stCASE
ICAM1,EGFR,5,CellTalkDB; LIANA_consensus; SPIDER_internal; SpaCcLink; stCASE
ICAM1,IL2RG,5,CellTalkDB; LIANA_consensus; SPIDER_internal; SpaCcLink; stCASE
IFNK,IFNAR2,5,COMMOT_CellChat; LARIS_neurotransmitter; LIANA_consensus; connectomeDB2020_lit; stCASE
IFNL1,IFNLR1,5,CellTalkDB; LIANA_consensus; SPIDER_internal; SpaCcLink; connectomeDB2020_lit
IFNL3,IFNLR1,5,CellTalkDB; LIANA_consensus; SPIDER_internal; SpaCcLink; connectomeDB2020_lit
IGF1,INSR,5,CellTalkDB; LIANA_consensus; SPIDER_internal; SpaCcLink; stCASE
IGFBP4,FZD8,5,CellTalkDB; LIANA_consensus; SPIDER_internal; SpaCcLink; connectomeDB2020_lit
IGFBP4,LRP6,5,CellTalkDB; LIANA_consensus; SPIDER_internal; SpaCcLink; connectomeDB2020_lit
IGFL1,IGFLR1,5,CellTalkDB; LIANA_consensus; SPIDER_internal; connectomeDB2020_lit; stCASE
IGFL2,IGFLR1,5,CellTalkDB; LIANA_consensus; SPIDER_internal; connectomeDB2020_lit; stCASE
IHH,HHIP,5,CellTalkDB; LIANA_consensus; SPIDER_internal; SpaCcLink; connectomeDB2020_lit
IL12A,CD28,5,CellTalkDB; LIANA_consensus; SPIDER_internal; SpaCcLink; stCASE
IL15,IL2RA,5,CellTalkDB; LIANA_consensus; SPIDER_internal; SpaCcLink; connectomeDB2020_lit
IL16,GRIN2D,5,CellTalkDB; LIANA_consensus; SPIDER_internal; SpaCcLink; connectomeDB2020_lit
IL16,KCNA3,5,CellTalkDB; LIANA_consensus; SPIDER_internal; SpaCcLink; stCASE
IL16,KCNJ10,5,CellTalkDB; LIANA_consensus; SPIDER_internal; SpaCcLink; connectomeDB2020_lit
IL16,KCNJ15,5,CellTalkDB; LIANA_consensus; SPIDER_internal; SpaCcLink; connectomeDB2020_lit
IL18,IL1RL2,5,CellTalkDB; LIANA_consensus; SPIDER_internal; SpaCcLink; stCASE
IL1B,ADRB2,5,CellTalkDB; LIANA_consensus; SPIDER_internal; SpaCcLink; stCASE
IL1RN,IL1R2,5,CellTalkDB; SPIDER_internal; SpaCcLink; connectomeDB2020_lit; stCASE
IL2,CD53,5,CellTalkDB; LIANA_consensus; SPIDER_internal; connectomeDB2020_lit; stCASE
IL2,NGFR,5,CellTalkDB; LIANA_consensus; SPIDER_internal; SpaCcLink; stCASE
IL22,IL10RA,5,CellTalkDB; LIANA_consensus; SPIDER_internal; SpaCcLink; connectomeDB2020_lit
IL22,IL22RA2,5,CellTalkDB; LIANA_consensus; SPIDER_internal; SpaCcLink; connectomeDB2020_lit
IL37,IL1RAPL1,5,CellTalkDB; LIANA_consensus; SPIDER_internal; SpaCcLink; stCASE
IL4,CD53,5,CellTalkDB; LIANA_consensus; SPIDER_internal; connectomeDB2020_lit; stCASE
INHBA,ENG,5,CellTalkDB; LIANA_consensus; SPIDER_internal; connectomeDB2020_lit; stCASE
INHBA,TGFBR3,5,CellTalkDB; LIANA_consensus; SPIDER_internal; connectomeDB2020_lit; stCASE
JAG1,CD46,5,CellTalkDB; LIANA_consensus; SPIDER_internal; SpaCcLink; connectomeDB2020_lit
KISS1,MMP24,5,CellTalkDB; LIANA_consensus; SPIDER_internal; SpaCcLink; connectomeDB2020_lit
KITLG,EPOR,5,CellTalkDB; LIANA_consensus; SPIDER_internal; SpaCcLink; stCASE
KNG1,SDC2,5,CellTalkDB; LIANA_consensus; SPIDER_internal; SpaCcLink; stCASE
L1CAM,ITGA5,5,CellTalkDB; LIANA_consensus; SPIDER_internal; SpaCcLink; connectomeDB2020_lit
LAMA1,NT5E,5,CellTalkDB; LIANA_consensus; SPIDER_internal; SpaCcLink; stCASE
LAMA2,DAG1,5,COMMOT_CellChat; LARIS_neurotransmitter; LIANA_consensus; connectomeDB2020_lit; stCASE
LAMA5,BCAM,5,CellTalkDB; LIANA_consensus; SPIDER_internal; connectomeDB2020_lit; stCASE
LCN2,LRP2,5,CellTalkDB; LIANA_consensus; SPIDER_internal; SpaCcLink; connectomeDB2020_lit
LEFTY2,ACVR2A,5,CellTalkDB; LIANA_consensus; SPIDER_internal; SpaCcLink; stCASE
LGALS1,PTPRC,5,CellTalkDB; LIANA_consensus; SPIDER_internal; SpaCcLink; connectomeDB2020_lit
LIPC,LRP1,5,CellTalkDB; LIANA_consensus; SPIDER_internal; SpaCcLink; connectomeDB2020_lit
LPL,GPIHBP1,5,CellTalkDB; LIANA_consensus; SPIDER_internal; SpaCcLink; connectomeDB2020_lit
LRIG1,MET,5,CellTalkDB; LIANA_consensus; SPIDER_internal; SpaCcLink; stCASE
LRPAP1,LDLR,5,CellTalkDB; LIANA_consensus; SPIDER_internal; SpaCcLink; connectomeDB2020_lit
LRPAP1,LRP1,5,CellTalkDB; LIANA_consensus; SPIDER_internal; SpaCcLink; connectomeDB2020_lit
LRPAP1,LRP2,5,CellTalkDB; LIANA_consensus; SPIDER_internal; SpaCcLink; connectomeDB2020_lit
LRPAP1,LRP8,5,CellTalkDB; LIANA_consensus; SPIDER_internal; SpaCcLink; connectomeDB2020_lit
LRPAP1,SORT1,5,CellTalkDB; LIANA_consensus; SPIDER_internal; SpaCcLink; connectomeDB2020_lit
LRPAP1,VLDLR,5,CellTalkDB; LIANA_consensus; SPIDER_internal; SpaCcLink; connectomeDB2020_lit
LRRC4B,PTPRF,5,COMMOT_CellChat; LARIS_neurotransmitter; LIANA_consensus; connectomeDB2020_lit; stCASE
LTB,CD40,5,CellTalkDB; LIANA_consensus; SPIDER_internal; SpaCcLink; connectomeDB2020_lit
LTB,TNFRSF1A,5,CellTalkDB; LIANA_consensus; SPIDER_internal; SpaCcLink; connectomeDB2020_lit
LTF,LRP1,5,CellTalkDB; LIANA_consensus; SPIDER_internal; SpaCcLink; connectomeDB2020_lit
MDK,LRP2,5,CellTalkDB; LIANA_consensus; SPIDER_internal; SpaCcLink; stCASE
MDK,TSPAN1,5,CellTalkDB; LIANA_consensus; SPIDER_internal; connectomeDB2020_lit; stCASE
MFAP2,NOTCH1,5,CellTalkDB; LIANA_consensus; SPIDER_internal; SpaCcLink; stCASE
MFGE8,ITGAV,5,CellTalkDB; LIANA_consensus; SPIDER_internal; SpaCcLink; connectomeDB2020_lit
MFNG,NOTCH1,5,CellTalkDB; LIANA_consensus; SPIDER_internal; SpaCcLink; connectomeDB2020_lit
MFNG,NOTCH2,5,CellTalkDB; LIANA_consensus; SPIDER_internal; SpaCcLink; connectomeDB2020_lit
MIA,CDH7,5,CellTalkDB; LIANA_consensus; SPIDER_internal; connectomeDB2020_lit; stCASE
MIF,EGFR,5,CellTalkDB; LIANA_consensus; SPIDER_internal; SpaCcLink; stCASE
MMP1,ITGA2,5,CellTalkDB; LIANA_consensus; SPIDER_internal; SpaCcLink; connectomeDB2020_lit
MMP12,PLAUR,5,CellTalkDB; LIANA_consensus; SPIDER_internal; SpaCcLink; connectomeDB2020_lit
MMP2,FGFR1,5,CellTalkDB; LIANA_consensus; SPIDER_internal; SpaCcLink; stCASE
MMP2,SDC2,5,CellTalkDB; SPIDER_internal; SpaCcLink; connectomeDB2020_lit; stCASE
MMP7,CD151,5,CellTalkDB; LIANA_consensus; SPIDER_internal; connectomeDB2020_lit; stCASE
MMP9,RECK,5,CellTalkDB; LIANA_consensus; SPIDER_internal; SpaCcLink; stCASE
NAMPT,INSR,5,COMMOT_CellChat; LIANA_consensus; SpaCcLink; connectomeDB2020_lit; stCASE
NCAM1,FGFR2,5,CellTalkDB; LIANA_consensus; SPIDER_internal; SpaCcLink; stCASE
NDP,LGR4,5,CellTalkDB; LIANA_consensus; SPIDER_internal; connectomeDB2020_lit; stCASE
NECTIN1,NECTIN4,5,COMMOT_CellChat; LARIS_neurotransmitter; LIANA_consensus; connectomeDB2020_lit; stCASE
NECTIN2,TIGIT,5,COMMOT_CellChat; LARIS_neurotransmitter; LIANA_consensus; connectomeDB2020_lit; stCASE
NECTIN3,NECTIN2,5,COMMOT_CellChat; LARIS_neurotransmitter; LIANA_consensus; connectomeDB2020_lit; stCASE
NECTIN3,PVR,5,COMMOT_CellChat; LARIS_neurotransmitter; LIANA_consensus; connectomeDB2020_lit; stCASE
NLGN1,NRXN1,5,CellTalkDB; LIANA_consensus; SPIDER_internal; SpaCcLink; connectomeDB2020_lit
NLGN1,NRXN2,5,CellTalkDB; LIANA_consensus; SPIDER_internal; SpaCcLink; connectomeDB2020_lit
NLGN1,NRXN3,5,CellTalkDB; LIANA_consensus; SPIDER_internal; SpaCcLink; connectomeDB2020_lit
NLGN2,NRXN1,5,CellTalkDB; LIANA_consensus; SPIDER_internal; SpaCcLink; connectomeDB2020_lit
NLGN2,NRXN2,5,CellTalkDB; LIANA_consensus; SPIDER_internal; SpaCcLink; connectomeDB2020_lit
NLGN2,NRXN3,5,CellTalkDB; LIANA_consensus; SPIDER_internal; SpaCcLink; connectomeDB2020_lit
NLGN3,NRXN1,5,CellTalkDB; LIANA_consensus; SPIDER_internal; SpaCcLink; connectomeDB2020_lit
NLGN3,NRXN2,5,CellTalkDB; LIANA_consensus; SPIDER_internal; SpaCcLink; connectomeDB2020_lit
NLGN3,NRXN3,5,CellTalkDB; LIANA_consensus; SPIDER_internal; SpaCcLink; connectomeDB2020_lit
NODAL,CFC1,5,COMMOT_CellChat; LARIS_neurotransmitter; LIANA_consensus; connectomeDB2020_lit; stCASE
NPPA,NPR3,5,CellTalkDB; LIANA_consensus; SPIDER_internal; connectomeDB2020_lit; stCASE
NPPB,NPR3,5,CellTalkDB; LIANA_consensus; SPIDER_internal; connectomeDB2020_lit; stCASE
NPPC,NPR3,5,CellTalkDB; LIANA_consensus; SPIDER_internal; connectomeDB2020_lit; stCASE
NPY,MC4R,5,CellTalkDB; LIANA_consensus; SPIDER_internal; SpaCcLink; stCASE
NRTN,GFRA1,5,CellTalkDB; LIANA_consensus; SPIDER_internal; SpaCcLink; connectomeDB2020_lit
NTF4,BEX3,5,CellTalkDB; LIANA_consensus; SPIDER_internal; SpaCcLink; connectomeDB2020_lit
NXPH1,NRXN1,5,CellTalkDB; LIANA_consensus; SPIDER_internal; SpaCcLink; connectomeDB2020_lit
NXPH1,NRXN2,5,CellTalkDB; LIANA_consensus; SPIDER_internal; SpaCcLink; connectomeDB2020_lit
NXPH1,NRXN3,5,CellTalkDB; LIANA_consensus; SPIDER_internal; SpaCcLink; connectomeDB2020_lit
NXPH2,NRXN1,5,CellTalkDB; LIANA_consensus; SPIDER_internal; SpaCcLink; connectomeDB2020_lit
NXPH3,NRXN1,5,CellTalkDB; LIANA_consensus; SPIDER_internal; SpaCcLink; connectomeDB2020_lit
NXPH3,NRXN2,5,CellTalkDB; LIANA_consensus; SPIDER_internal; SpaCcLink; connectomeDB2020_lit
NXPH3,NRXN3,5,CellTalkDB; LIANA_consensus; SPIDER_internal; SpaCcLink; connectomeDB2020_lit
OBP2A,OR1G1,5,CellTalkDB; LIANA_consensus; SPIDER_internal; SpaCcLink; stCASE
OLFM2,ROBO2,5,CellTalkDB; LIANA_consensus; SPIDER_internal; SpaCcLink; stCASE
OMG,LINGO1,5,CellTalkDB; LIANA_consensus; SPIDER_internal; SpaCcLink; connectomeDB2020_lit
OMG,RTN4RL1,5,CellTalkDB; LIANA_consensus; SPIDER_internal; SpaCcLink; connectomeDB2020_lit
PDGFB,ART1,5,CellTalkDB; LIANA_consensus; SPIDER_internal; SpaCcLink; connectomeDB2020_lit
PENK,MRGPRX1,5,CellTalkDB; LIANA_consensus; SPIDER_internal; connectomeDB2020_lit; stCASE
PENK,OGFR,5,CellTalkDB; LIANA_consensus; SPIDER_internal; connectomeDB2020_lit; stCASE
PF4,ACKR1,5,CellTalkDB; LIANA_consensus; SPIDER_internal; SpaCcLink; stCASE
PF4V1,CXCR3,5,COMMOT_CellChat; LARIS_neurotransmitter; LIANA_consensus; connectomeDB2020_lit; stCASE
PLA2G10,PLA2R1,5,CellTalkDB; LIANA_consensus; SPIDER_internal; SpaCcLink; connectomeDB2020_lit
PLAT,LRP1,5,CellTalkDB; LIANA_consensus; SPIDER_internal; SpaCcLink; connectomeDB2020_lit
PLAU,IGF2R,5,CellTalkDB; LIANA_consensus; SPIDER_internal; SpaCcLink; connectomeDB2020_lit
PLAU,LRP1,5,CellTalkDB; LIANA_consensus; SPIDER_internal; SpaCcLink; connectomeDB2020_lit
PLAU,LRP2,5,CellTalkDB; LIANA_consensus; SPIDER_internal; SpaCcLink; connectomeDB2020_lit
PLG,F3,5,CellTalkDB; LIANA_consensus; SPIDER_internal; SpaCcLink; connectomeDB2020_lit
PLG,ITGA9,5,CellTalkDB; LIANA_consensus; SPIDER_internal; SpaCcLink; connectomeDB2020_lit
PLG,ITGB1,5,CellTalkDB; LIANA_consensus; SPIDER_internal; SpaCcLink; connectomeDB2020_lit
PLTP,ABCA1,5,CellTalkDB; LIANA_consensus; SPIDER_internal; SpaCcLink; connectomeDB2020_lit
PODXL,SELL,5,CellTalkDB; LIANA_consensus; SPIDER_internal; SpaCcLink; connectomeDB2020_lit
PODXL2,SELL,5,CellTalkDB; LIANA_consensus; SPIDER_internal; SpaCcLink; connectomeDB2020_lit
PPBP,ACKR1,5,CellTalkDB; LIANA_consensus; SPIDER_internal; SpaCcLink; stCASE
PRND,RPSA,5,CellTalkDB; LIANA_consensus; SPIDER_internal; SpaCcLink; connectomeDB2020_lit
PROC,THBD,5,CellTalkDB; LIANA_consensus; SPIDER_internal; SpaCcLink; connectomeDB2020_lit
PSAP,CD1B,5,CellTalkDB; LIANA_consensus; SPIDER_internal; SpaCcLink; connectomeDB2020_lit
PSAP,LRP1,5,CellTalkDB; LIANA_consensus; SPIDER_internal; SpaCcLink; connectomeDB2020_lit
PSEN1,NCSTN,5,CellTalkDB; LIANA_consensus; SPIDER_internal; SpaCcLink; connectomeDB2020_lit
PSEN1,NOTCH1,5,CellTalkDB; LIANA_consensus; SPIDER_internal; SpaCcLink; connectomeDB2020_lit
PSEN1,NOTCH2,5,CellTalkDB; LIANA_consensus; SPIDER_internal; SpaCcLink; connectomeDB2020_lit
PSEN1,NOTCH3,5,CellTalkDB; LIANA_consensus; SPIDER_internal; SpaCcLink; connectomeDB2020_lit
PSEN1,NOTCH4,5,CellTalkDB; LIANA_consensus; SPIDER_internal; SpaCcLink; connectomeDB2020_lit
PTGS2,CAV1,5,CellTalkDB; LIANA_consensus; SPIDER_internal; SpaCcLink; connectomeDB2020_lit
PTGS2,PTGDR2,5,CellTalkDB; LIANA_consensus; SPIDER_internal; SpaCcLink; connectomeDB2020_lit
PTH,LRP6,5,CellTalkDB; LIANA_consensus; SPIDER_internal; SpaCcLink; stCASE
PVR,CD226,5,COMMOT_CellChat; LARIS_neurotransmitter; SpaCcLink; connectomeDB2020_lit; stCASE
RARRES2,CCRL2,5,CellTalkDB; LIANA_consensus; SPIDER_internal; connectomeDB2020_lit; stCASE
RARRES2,GPR1,5,COMMOT_CellChat; CellTalkDB; LARIS_neurotransmitter; connectomeDB2020_lit; stCASE
RBP4,STRA6,5,CellTalkDB; LARIS_neurotransmitter; LIANA_consensus; SPIDER_internal; connectomeDB2020_lit
REN,ATP6AP2,5,CellTalkDB; LIANA_consensus; SPIDER_internal; SpaCcLink; connectomeDB2020_lit
RGMA,NEO1,5,CellTalkDB; LIANA_consensus; SPIDER_internal; SpaCcLink; connectomeDB2020_lit
RGMB,NEO1,5,CellTalkDB; LIANA_consensus; SPIDER_internal; SpaCcLink; connectomeDB2020_lit
RNASE2,TLR2,5,CellTalkDB; LIANA_consensus; SPIDER_internal; SpaCcLink; connectomeDB2020_lit
RSPO1,FZD8,5,CellTalkDB; LIANA_consensus; SPIDER_internal; SpaCcLink; stCASE
RSPO1,LGR4,5,CellTalkDB; LIANA_consensus; SPIDER_internal; connectomeDB2020_lit; stCASE
RSPO1,LGR5,5,CellTalkDB; LIANA_consensus; SPIDER_internal; connectomeDB2020_lit; stCASE
RSPO1,LGR6,5,CellTalkDB; LIANA_consensus; SPIDER_internal; connectomeDB2020_lit; stCASE
RSPO1,ZNRF3,5,CellTalkDB; LIANA_consensus; SPIDER_internal; SpaCcLink; connectomeDB2020_lit
RSPO2,LGR4,5,CellTalkDB; LIANA_consensus; SPIDER_internal; connectomeDB2020_lit; stCASE
RSPO2,LGR5,5,CellTalkDB; LIANA_consensus; SPIDER_internal; connectomeDB2020_lit; stCASE
RSPO2,LGR6,5,CellTalkDB; LIANA_consensus; SPIDER_internal; connectomeDB2020_lit; stCASE
RSPO2,ZNRF3,5,CellTalkDB; LIANA_consensus; SPIDER_internal; SpaCcLink; connectomeDB2020_lit
RSPO3,LGR4,5,CellTalkDB; LIANA_consensus; SPIDER_internal; connectomeDB2020_lit; stCASE
RSPO3,LGR5,5,CellTalkDB; LIANA_consensus; SPIDER_internal; connectomeDB2020_lit; stCASE
RSPO3,LGR6,5,CellTalkDB; LIANA_consensus; SPIDER_internal; connectomeDB2020_lit; stCASE
RSPO4,LGR4,5,CellTalkDB; LIANA_consensus; SPIDER_internal; connectomeDB2020_lit; stCASE
RSPO4,LGR6,5,CellTalkDB; LIANA_consensus; SPIDER_internal; connectomeDB2020_lit; stCASE
RTN4,LINGO1,5,CellTalkDB; LIANA_consensus; SPIDER_internal; SpaCcLink; connectomeDB2020_lit
RTN4,RTN4RL1,5,CellTalkDB; LIANA_consensus; SPIDER_internal; SpaCcLink; connectomeDB2020_lit
S100A4,EGFR,5,CellTalkDB; LIANA_consensus; SPIDER_internal; SpaCcLink; stCASE
S100A8,AGER,5,CellTalkDB; LIANA_consensus; SPIDER_internal; SpaCcLink; stCASE
S100A8,TLR4,5,CellTalkDB; LIANA_consensus; SPIDER_internal; SpaCcLink; connectomeDB2020_lit
S100A9,AGER,5,CellTalkDB; LIANA_consensus; SPIDER_internal; SpaCcLink; stCASE
SAA1,FPR1,5,CellTalkDB; LIANA_consensus; SPIDER_internal; SpaCcLink; stCASE
SELE,CD44,5,COMMOT_CellChat; LARIS_neurotransmitter; LIANA_consensus; connectomeDB2020_lit; stCASE
SEMA3E,NRP1,5,CellTalkDB; LIANA_consensus; SPIDER_internal; SpaCcLink; stCASE
SEMA3F,NRP1,5,CellTalkDB; LIANA_consensus; SPIDER_internal; SpaCcLink; connectomeDB2020_lit
SEMA4B,DCBLD2,5,CellTalkDB; LIANA_consensus; SPIDER_internal; connectomeDB2020_lit; stCASE
SEMA4D,MET,5,CellTalkDB; LIANA_consensus; SPIDER_internal; SpaCcLink; connectomeDB2020_lit
SEMA4F,NRP2,5,CellTalkDB; LIANA_consensus; SPIDER_internal; SpaCcLink; stCASE
SEMA5A,MET,5,CellTalkDB; LIANA_consensus; SPIDER_internal; SpaCcLink; connectomeDB2020_lit
SEMA6B,PLXNA2,5,COMMOT_CellChat; LARIS_neurotransmitter; LIANA_consensus; connectomeDB2020_lit; stCASE
SERPINA1,LRP1,5,CellTalkDB; LIANA_consensus; SPIDER_internal; SpaCcLink; connectomeDB2020_lit
SERPINE1,LRP1,5,CellTalkDB; LIANA_consensus; SPIDER_internal; SpaCcLink; connectomeDB2020_lit
SERPINE1,LRP2,5,CellTalkDB; LIANA_consensus; SPIDER_internal; SpaCcLink; connectomeDB2020_lit
SERPINE2,LRP1,5,CellTalkDB; LIANA_consensus; SPIDER_internal; SpaCcLink; connectomeDB2020_lit
SFRP1,FZD2,5,CellTalkDB; LIANA_consensus; SPIDER_internal; SpaCcLink; connectomeDB2020_lit
SFRP1,FZD6,5,CellTalkDB; LIANA_consensus; SPIDER_internal; SpaCcLink; connectomeDB2020_lit
SFRP2,FZD5,5,CellTalkDB; LIANA_consensus; SPIDER_internal; SpaCcLink; connectomeDB2020_lit
SFTPA2,CD93,5,CellTalkDB; LIANA_consensus; SPIDER_internal; connectomeDB2020_lit; stCASE
SFTPD,TLR4,5,CellTalkDB; LIANA_consensus; SPIDER_internal; SpaCcLink; stCASE
SHANK1,SSTR2,5,CellTalkDB; LIANA_consensus; SPIDER_internal; SpaCcLink; connectomeDB2020_lit
SHH,GAS1,5,CellTalkDB; LIANA_consensus; SPIDER_internal; SpaCcLink; connectomeDB2020_lit
SHH,GPC5,5,CellTalkDB; LIANA_consensus; SPIDER_internal; SpaCcLink; connectomeDB2020_lit
SHH,HHIP,5,CellTalkDB; LIANA_consensus; SPIDER_internal; SpaCcLink; connectomeDB2020_lit
SLIT2,ROBO4,5,CellTalkDB; LIANA_consensus; SPIDER_internal; connectomeDB2020_lit; stCASE
SOST,LRP6,5,CellTalkDB; LIANA_consensus; SPIDER_internal; SpaCcLink; connectomeDB2020_lit
SOSTDC1,LRP6,5,CellTalkDB; LIANA_consensus; SPIDER_internal; SpaCcLink; connectomeDB2020_lit
SPINK1,EGFR,5,CellTalkDB; LIANA_consensus; SPIDER_internal; SpaCcLink; connectomeDB2020_lit
ST6GAL1,CD22,5,CellTalkDB; LIANA_consensus; SPIDER_internal; SpaCcLink; connectomeDB2020_lit
TAC1,TACR3,5,CellTalkDB; LIANA_consensus; SPIDER_internal; SpaCcLink; connectomeDB2020_lit
TAC3,TACR1,5,CellTalkDB; LIANA_consensus; SPIDER_internal; SpaCcLink; connectomeDB2020_lit
TAC4,TACR3,5,CellTalkDB; LIANA_consensus; SPIDER_internal; SpaCcLink; connectomeDB2020_lit
TCTN1,TMEM67,5,CellTalkDB; LIANA_consensus; SPIDER_internal; SpaCcLink; connectomeDB2020_lit
TDGF1,ACVR1C,5,CellTalkDB; LIANA_consensus; SPIDER_internal; SpaCcLink; stCASE
TDGF1,ACVR2A,5,CellTalkDB; LIANA_consensus; SPIDER_internal; SpaCcLink; connectomeDB2020_lit
TDGF1,GPC1,5,CellTalkDB; LIANA_consensus; SPIDER_internal; SpaCcLink; stCASE
TFPI,LRP1,5,CellTalkDB; LIANA_consensus; SPIDER_internal; SpaCcLink; connectomeDB2020_lit
TFPI,VLDLR,5,CellTalkDB; LIANA_consensus; SPIDER_internal; SpaCcLink; connectomeDB2020_lit
TG,ASGR1,5,CellTalkDB; LIANA_consensus; SPIDER_internal; connectomeDB2020_lit; stCASE
TGFB1,CXCR4,5,CellTalkDB; LIANA_consensus; SPIDER_internal; SpaCcLink; stCASE
TGFB1,EGFR,5,CellTalkDB; LIANA_consensus; SPIDER_internal; SpaCcLink; stCASE
TGFB1,ENG,5,CellTalkDB; LIANA_consensus; SPIDER_internal; connectomeDB2020_lit; stCASE
TGFB1,ITGB1,5,CellTalkDB; LIANA_consensus; SPIDER_internal; SpaCcLink; stCASE
TGFB1,ITGB3,5,CellTalkDB; LIANA_consensus; SPIDER_internal; SpaCcLink; stCASE
TGFB1,TGFBR3,5,CellTalkDB; LIANA_consensus; SPIDER_internal; connectomeDB2020_lit; stCASE
TGFB2,ENG,5,CellTalkDB; LIANA_consensus; SPIDER_internal; connectomeDB2020_lit; stCASE
TGFB2,TGFBR3,5,CellTalkDB; LIANA_consensus; SPIDER_internal; connectomeDB2020_lit; stCASE
TGFB3,ENG,5,CellTalkDB; LIANA_consensus; SPIDER_internal; connectomeDB2020_lit; stCASE
TGFB3,ITGB3,5,CellTalkDB; LIANA_consensus; SPIDER_internal; SpaCcLink; stCASE
TGFB3,ITGB6,5,CellTalkDB; LIANA_consensus; SPIDER_internal; SpaCcLink; stCASE
TGFB3,TGFBR3,5,CellTalkDB; LIANA_consensus; SPIDER_internal; connectomeDB2020_lit; stCASE
TGM2,ADGRG1,5,CellTalkDB; LARIS_neurotransmitter; LIANA_consensus; SPIDER_internal; connectomeDB2020_lit
TGM2,ITGB1,5,CellTalkDB; LIANA_consensus; SPIDER_internal; SpaCcLink; connectomeDB2020_lit
TGM2,ITGB3,5,CellTalkDB; LIANA_consensus; SPIDER_internal; SpaCcLink; connectomeDB2020_lit
TGM2,SDC4,5,CellTalkDB; LIANA_consensus; SPIDER_internal; SpaCcLink; connectomeDB2020_lit
THBS1,LRP5,5,CellTalkDB; LIANA_consensus; SPIDER_internal; SpaCcLink; stCASE
TIMP2,ITGA3,5,CellTalkDB; LIANA_consensus; SPIDER_internal; SpaCcLink; connectomeDB2020_lit
TIMP2,ITGB1,5,CellTalkDB; LIANA_consensus; SPIDER_internal; SpaCcLink; connectomeDB2020_lit
TIMP3,AGTR2,5,CellTalkDB; LIANA_consensus; SPIDER_internal; SpaCcLink; connectomeDB2020_lit
TIMP3,KDR,5,CellTalkDB; LIANA_consensus; SPIDER_internal; SpaCcLink; connectomeDB2020_lit
TNC,ITGA5,5,CellTalkDB; LIANA_consensus; SPIDER_internal; SpaCcLink; stCASE
TNF,TNFRSF21,5,CellTalkDB; LIANA_consensus; SPIDER_internal; connectomeDB2020_lit; stCASE
TNF,TRAF2,5,CellTalkDB; LIANA_consensus; SPIDER_internal; SpaCcLink; stCASE
TNFSF10,TNFRSF10D,5,CellTalkDB; LIANA_consensus; SPIDER_internal; connectomeDB2020_lit; stCASE
TNFSF14,TNFRSF6B,5,CellTalkDB; LIANA_consensus; SPIDER_internal; connectomeDB2020_lit; stCASE
TNFSF15,TNFRSF6B,5,CellTalkDB; LIANA_consensus; SPIDER_internal; connectomeDB2020_lit; stCASE
TNFSF9,TRAF2,5,CellTalkDB; LIANA_consensus; SPIDER_internal; SpaCcLink; stCASE
TPH1,HTR1A,5,CellTalkDB; LARIS_neurotransmitter; LIANA_consensus; SPIDER_internal; SpaCcLink
TPH1,HTR1B,5,CellTalkDB; LARIS_neurotransmitter; LIANA_consensus; SPIDER_internal; SpaCcLink
TPH1,HTR1D,5,CellTalkDB; LARIS_neurotransmitter; LIANA_consensus; SPIDER_internal; SpaCcLink
TPH1,HTR1E,5,CellTalkDB; LARIS_neurotransmitter; LIANA_consensus; SPIDER_internal; SpaCcLink
TPH1,HTR1F,5,CellTalkDB; LARIS_neurotransmitter; LIANA_consensus; SPIDER_internal; SpaCcLink
TPH1,HTR2A,5,CellTalkDB; LARIS_neurotransmitter; LIANA_consensus; SPIDER_internal; SpaCcLink
TPH1,HTR2B,5,CellTalkDB; LARIS_neurotransmitter; LIANA_consensus; SPIDER_internal; SpaCcLink
TPH1,HTR2C,5,CellTalkDB; LARIS_neurotransmitter; LIANA_consensus; SPIDER_internal; SpaCcLink
TPH1,HTR4,5,CellTalkDB; LARIS_neurotransmitter; LIANA_consensus; SPIDER_internal; SpaCcLink
TPH1,HTR5A,5,CellTalkDB; LARIS_neurotransmitter; LIANA_consensus; SPIDER_internal; SpaCcLink
TPH1,HTR6,5,CellTalkDB; LARIS_neurotransmitter; LIANA_consensus; SPIDER_internal; SpaCcLink
TPH1,HTR7,5,CellTalkDB; LARIS_neurotransmitter; LIANA_consensus; SPIDER_internal; SpaCcLink
TSLP,CRLF2,5,COMMOT_CellChat; LARIS_neurotransmitter; LIANA_consensus; connectomeDB2020_lit; stCASE
VASP,CXCR2,5,CellTalkDB; LIANA_consensus; SPIDER_internal; SpaCcLink; connectomeDB2020_lit
VCAM1,ITGA4,5,CellTalkDB; LIANA_consensus; SPIDER_internal; SpaCcLink; connectomeDB2020_lit
VCAM1,ITGA9,5,CellTalkDB; LIANA_consensus; SPIDER_internal; SpaCcLink; connectomeDB2020_lit
VCAN,ITGA4,5,CellTalkDB; LIANA_consensus; SPIDER_internal; SpaCcLink; stCASE
VCAN,SELL,5,CellTalkDB; LIANA_consensus; SPIDER_internal; SpaCcLink; stCASE
VCAN,SELP,5,CellTalkDB; LIANA_consensus; SPIDER_internal; connectomeDB2020_lit; stCASE
VEGFA,EPHB2,5,CellTalkDB; LIANA_consensus; SPIDER_internal; SpaCcLink; stCASE
VIM,CD44,5,CellTalkDB; LIANA_consensus; SPIDER_internal; SpaCcLink; connectomeDB2020_lit
WNT11,FZD8,5,COMMOT_CellChat; LARIS_neurotransmitter; LIANA_consensus; connectomeDB2020_lit; stCASE
WNT16,LRP5,5,COMMOT_CellChat; LARIS_neurotransmitter; LIANA_consensus; connectomeDB2020_lit; stCASE
WNT3,ROR2,5,CellTalkDB; LIANA_consensus; SPIDER_internal; SpaCcLink; stCASE
WNT3A,APCDD1,5,CellTalkDB; LIANA_consensus; SPIDER_internal; connectomeDB2020_lit; stCASE
WNT5A,LRP6,5,CellTalkDB; LIANA_consensus; SPIDER_internal; SpaCcLink; stCASE
WNT5B,FZD2,5,COMMOT_CellChat; LARIS_neurotransmitter; LIANA_consensus; connectomeDB2020_lit; stCASE
WNT5B,FZD8,5,COMMOT_CellChat; LARIS_neurotransmitter; LIANA_consensus; connectomeDB2020_lit; stCASE
WNT8A,FZD8,5,COMMOT_CellChat; LARIS_neurotransmitter; LIANA_consensus; connectomeDB2020_lit; stCASE
WNT9B,FZD5,5,COMMOT_CellChat; LARIS_neurotransmitter; LIANA_consensus; connectomeDB2020_lit; stCASE
ZG16B,CXCR4,5,CellTalkDB; LIANA_consensus; SPIDER_internal; SpaCcLink; connectomeDB2020_lit
ZG16B,TLR2,5,CellTalkDB; LIANA_consensus; SPIDER_internal; SpaCcLink; connectomeDB2020_lit
ZG16B,TLR4,5,CellTalkDB; LIANA_consensus; SPIDER_internal; SpaCcLink; connectomeDB2020_lit
ZG16B,TLR5,5,CellTalkDB; LIANA_consensus; SPIDER_internal; SpaCcLink; connectomeDB2020_lit
ACTR2,ADRB2,4,CellTalkDB; LIANA_consensus; SPIDER_internal; SpaCcLink
ACTR2,LDLR,4,CellTalkDB; LIANA_consensus; SPIDER_internal; SpaCcLink
ACTR2,LRP2,4,CellTalkDB; LIANA_consensus; SPIDER_internal; SpaCcLink
ADA,DPP4,4,CellTalkDB; LIANA_consensus; SPIDER_internal; SpaCcLink
ADAM10,GPNMB,4,CellTalkDB; LIANA_consensus; SPIDER_internal; SpaCcLink
ADAM10,IL6R,4,CellTalkDB; LIANA_consensus; SPIDER_internal; SpaCcLink
ADAM10,MET,4,CellTalkDB; LIANA_consensus; SPIDER_internal; SpaCcLink
ADAM10,NRCAM,4,CellTalkDB; LIANA_consensus; SPIDER_internal; SpaCcLink
ADAM10,TREM2,4,CellTalkDB; LIANA_consensus; SPIDER_internal; SpaCcLink
ADAM10,TSPAN10,4,CellTalkDB; LIANA_consensus; SPIDER_internal; stCASE
ADAM10,TSPAN17,4,CellTalkDB; LIANA_consensus; SPIDER_internal; stCASE
ADAM17,MET,4,CellTalkDB; LIANA_consensus; SPIDER_internal; SpaCcLink
ADAM17,MUC1,4,CellTalkDB; LIANA_consensus; SPIDER_internal; SpaCcLink
ADAM17,RHBDF2,4,CellTalkDB; LIANA_consensus; SPIDER_internal; SpaCcLink
ADAM2,CD9,4,CellTalkDB; LIANA_consensus; SPIDER_internal; stCASE
ADAM23,ITGA5,4,LIANA_consensus; SpaCcLink; connectomeDB2020_lit; stCASE
ADAM23,ITGB3,4,LIANA_consensus; SpaCcLink; connectomeDB2020_lit; stCASE
ADCYAP1,ADRB2,4,CellTalkDB; LIANA_consensus; SPIDER_internal; SpaCcLink
ADCYAP1,ADRB3,4,CellTalkDB; LIANA_consensus; SPIDER_internal; SpaCcLink
ADCYAP1,DPP4,4,CellTalkDB; LIANA_consensus; SPIDER_internal; SpaCcLink
ADCYAP1,GPR20,4,CellTalkDB; LIANA_consensus; SPIDER_internal; SpaCcLink
ADCYAP1,GPR84,4,CellTalkDB; LIANA_consensus; SPIDER_internal; SpaCcLink
ADCYAP1,PTH1R,4,CellTalkDB; LIANA_consensus; SPIDER_internal; SpaCcLink
ADCYAP1,RAMP2,4,CellTalkDB; LIANA_consensus; SPIDER_internal; SpaCcLink
ADCYAP1,RAMP3,4,CellTalkDB; LIANA_consensus; SPIDER_internal; SpaCcLink
ADCYAP1,TSHR,4,CellTalkDB; LIANA_consensus; SPIDER_internal; SpaCcLink
ADIPOQ,CNR2,4,CellTalkDB; LIANA_consensus; SPIDER_internal; SpaCcLink
ADM,ADCYAP1R1,4,CellTalkDB; LIANA_consensus; SPIDER_internal; SpaCcLink
ADM,ADRB2,4,CellTalkDB; LIANA_consensus; SPIDER_internal; SpaCcLink
ADM,ADRB3,4,CellTalkDB; LIANA_consensus; SPIDER_internal; SpaCcLink
ADM,GPR182,4,CellTalkDB; LIANA_consensus; SPIDER_internal; stCASE
ADM,GPR20,4,CellTalkDB; LIANA_consensus; SPIDER_internal; SpaCcLink
ADM,GPR84,4,CellTalkDB; LIANA_consensus; SPIDER_internal; SpaCcLink
ADM,PTH1R,4,CellTalkDB; LIANA_consensus; SPIDER_internal; SpaCcLink
ADM,TSHR,4,CellTalkDB; LIANA_consensus; SPIDER_internal; SpaCcLink
ADM,VIPR1,4,CellTalkDB; LIANA_consensus; SPIDER_internal; SpaCcLink
ADM2,ADCYAP1R1,4,CellTalkDB; LIANA_consensus; SPIDER_internal; SpaCcLink
ADM2,ADRB2,4,CellTalkDB; LIANA_consensus; SPIDER_internal; SpaCcLink
ADM2,ADRB3,4,CellTalkDB; LIANA_consensus; SPIDER_internal; SpaCcLink
ADM2,GPR20,4,CellTalkDB; LIANA_consensus; SPIDER_internal; SpaCcLink
ADM2,GPR84,4,CellTalkDB; LIANA_consensus; SPIDER_internal; SpaCcLink
ADM2,PTH1R,4,CellTalkDB; LIANA_consensus; SPIDER_internal; SpaCcLink
ADM2,TSHR,4,CellTalkDB; LIANA_consensus; SPIDER_internal; SpaCcLink
ADM2,VIPR1,4,CellTalkDB; LIANA_consensus; SPIDER_internal; SpaCcLink
AFDN,F11R,4,CellTalkDB; SPIDER_internal; SpaCcLink; connectomeDB2020_lit
AFDN,NECTIN1,4,CellTalkDB; SPIDER_internal; SpaCcLink; connectomeDB2020_lit
AFDN,NECTIN2,4,CellTalkDB; SPIDER_internal; SpaCcLink; connectomeDB2020_lit
AFDN,NECTIN3,4,CellTalkDB; SPIDER_internal; SpaCcLink; connectomeDB2020_lit
AFDN,NECTIN4,4,CellTalkDB; SPIDER_internal; SpaCcLink; connectomeDB2020_lit
AGRN,ITGB1,4,CellTalkDB; LIANA_consensus; SPIDER_internal; SpaCcLink
AGRN,LRP1,4,CellTalkDB; LIANA_consensus; SPIDER_internal; SpaCcLink
AGRN,LRP2,4,CellTalkDB; LIANA_consensus; SPIDER_internal; SpaCcLink
AGT,ADRA2A,4,CellTalkDB; LIANA_consensus; SPIDER_internal; SpaCcLink
AGT,ENPEP,4,CellTalkDB; LIANA_consensus; SPIDER_internal; SpaCcLink
AGT,GRM7,4,CellTalkDB; LIANA_consensus; SPIDER_internal; SpaCcLink
AGT,MTNR1A,4,CellTalkDB; LIANA_consensus; SPIDER_internal; SpaCcLink
AGTRAP,RACK1,4,CellTalkDB; LIANA_consensus; SPIDER_internal; SpaCcLink
ALCAM,CD6,4,COMMOT_CellChat; LIANA_consensus; connectomeDB2020_lit; stCASE
AMH,BMPR1A,4,COMMOT_CellChat; LARIS_neurotransmitter; LIANA_consensus; stCASE
ANGPT2,ITGB1,4,COMMOT_CellChat; LARIS_neurotransmitter; LIANA_consensus; stCASE
ANGPT4,TIE1,4,CellTalkDB; LIANA_consensus; SPIDER_internal; stCASE
ANGPTL1,ITGB1,4,COMMOT_CellChat; LARIS_neurotransmitter; LIANA_consensus; stCASE
ANGPTL1,LILRB3,4,COMMOT_CellChat; LARIS_neurotransmitter; LIANA_consensus; stCASE
ANGPTL2,ITGA5,4,COMMOT_CellChat; LARIS_neurotransmitter; LIANA_consensus; connectomeDB2020_lit
ANGPTL2,TLR4,4,COMMOT_CellChat; LARIS_neurotransmitter; LIANA_consensus; stCASE
ANGPTL4,CDH11,4,COMMOT_CellChat; LARIS_neurotransmitter; LIANA_consensus; stCASE
ANGPTL4,CDH5,4,COMMOT_CellChat; LARIS_neurotransmitter; LIANA_consensus; stCASE
ANGPTL4,GPIHBP1,4,CellTalkDB; LIANA_consensus; SPIDER_internal; SpaCcLink
ANGPTL4,ITGB1,4,COMMOT_CellChat; LARIS_neurotransmitter; LIANA_consensus; stCASE
ANGPTL4,ITGB3,4,COMMOT_CellChat; LARIS_neurotransmitter; LIANA_consensus; stCASE
ANGPTL4,SDC1,4,COMMOT_CellChat; LARIS_neurotransmitter; LIANA_consensus; stCASE
ANGPTL4,SDC2,4,COMMOT_CellChat; LARIS_neurotransmitter; LIANA_consensus; stCASE
ANGPTL4,SDC3,4,COMMOT_CellChat; LARIS_neurotransmitter; LIANA_consensus; stCASE
ANGPTL4,SDC4,4,COMMOT_CellChat; LARIS_neurotransmitter; LIANA_consensus; stCASE
ANGPTL7,LILRB3,4,COMMOT_CellChat; LARIS_neurotransmitter; LIANA_consensus; stCASE
ANXA1,ADRA2A,4,CellTalkDB; LIANA_consensus; SPIDER_internal; SpaCcLink
ANXA1,GRM7,4,CellTalkDB; LIANA_consensus; SPIDER_internal; SpaCcLink
ANXA1,MTNR1A,4,CellTalkDB; LIANA_consensus; SPIDER_internal; SpaCcLink
APLN,ADRA2A,4,CellTalkDB; LIANA_consensus; SPIDER_internal; SpaCcLink
APLN,MTNR1A,4,CellTalkDB; LIANA_consensus; SPIDER_internal; SpaCcLink
APOA1,LDLR,4,CellTalkDB; LIANA_consensus; SPIDER_internal; SpaCcLink
APOA1,LRP1,4,CellTalkDB; LIANA_consensus; SPIDER_internal; SpaCcLink
APOA1,LRP2,4,CellTalkDB; LIANA_consensus; SPIDER_internal; SpaCcLink
APOA2,LDLR,4,CellTalkDB; LIANA_consensus; SPIDER_internal; SpaCcLink
APOA2,LRP1,4,CellTalkDB; LIANA_consensus; SPIDER_internal; SpaCcLink
APOA2,LRP2,4,CellTalkDB; LIANA_consensus; SPIDER_internal; SpaCcLink
APOA4,LDLR,4,CellTalkDB; LIANA_consensus; SPIDER_internal; SpaCcLink
APOA4,LRP1,4,CellTalkDB; LIANA_consensus; SPIDER_internal; SpaCcLink
APOA4,LRP2,4,CellTalkDB; LIANA_consensus; SPIDER_internal; SpaCcLink
APOB,ADRB2,4,CellTalkDB; LIANA_consensus; SPIDER_internal; SpaCcLink
APOB,CALCR,4,CellTalkDB; LIANA_consensus; SPIDER_internal; SpaCcLink
APOB,ITGAM,4,CellTalkDB; LIANA_consensus; SPIDER_internal; SpaCcLink
APOB,ITGB2,4,CellTalkDB; LIANA_consensus; SPIDER_internal; SpaCcLink
APOB,LRP1,4,CellTalkDB; LIANA_consensus; SPIDER_internal; SpaCcLink
APOB,LRP6,4,CellTalkDB; LIANA_consensus; SPIDER_internal; SpaCcLink
APOB,LRP8,4,CellTalkDB; LIANA_consensus; SPIDER_internal; SpaCcLink
APOB,MTTP,4,CellTalkDB; LIANA_consensus; SPIDER_internal; SpaCcLink
APOB,TLR4,4,CellTalkDB; LIANA_consensus; SPIDER_internal; SpaCcLink
APOB,TLR6,4,CellTalkDB; LIANA_consensus; SPIDER_internal; SpaCcLink
APOB,VLDLR,4,CellTalkDB; LIANA_consensus; SPIDER_internal; SpaCcLink
APOC1,VLDLR,4,CellTalkDB; LIANA_consensus; SPIDER_internal; SpaCcLink
APOC2,LDLR,4,CellTalkDB; LIANA_consensus; SPIDER_internal; SpaCcLink
APOC2,LRP1,4,CellTalkDB; LIANA_consensus; SPIDER_internal; SpaCcLink
APOC2,LRP2,4,CellTalkDB; LIANA_consensus; SPIDER_internal; SpaCcLink
APOC3,LDLR,4,CellTalkDB; LIANA_consensus; SPIDER_internal; SpaCcLink
APOC3,LRP1,4,CellTalkDB; LIANA_consensus; SPIDER_internal; SpaCcLink
APOC3,LRP2,4,CellTalkDB; LIANA_consensus; SPIDER_internal; SpaCcLink
APOC3,SDC2,4,CellTalkDB; LIANA_consensus; SPIDER_internal; SpaCcLink
APOC3,TLR2,4,CellTalkDB; LIANA_consensus; SPIDER_internal; SpaCcLink
APOC4,VLDLR,4,CellTalkDB; LIANA_consensus; SPIDER_internal; SpaCcLink
APOE,ABCA1,4,CellTalkDB; LIANA_consensus; SPIDER_internal; SpaCcLink
APOE,CHRNA4,4,CellTalkDB; LIANA_consensus; SPIDER_internal; SpaCcLink
APOE,LRP6,4,CellTalkDB; LIANA_consensus; SPIDER_internal; SpaCcLink
APP,ADRA2A,4,CellTalkDB; LIANA_consensus; SPIDER_internal; SpaCcLink
APP,AGER,4,CellTalkDB; LIANA_consensus; SPIDER_internal; SpaCcLink
APP,CAV1,4,CellTalkDB; SPIDER_internal; SpaCcLink; connectomeDB2020_lit
APP,DCC,4,CellTalkDB; LIANA_consensus; SPIDER_internal; SpaCcLink
APP,LRP10,4,CellTalkDB; LIANA_consensus; SPIDER_internal; SpaCcLink
APP,LRP6,4,CellTalkDB; LIANA_consensus; SPIDER_internal; SpaCcLink
APP,MTNR1A,4,CellTalkDB; LIANA_consensus; SPIDER_internal; SpaCcLink
APP,NOTCH2,4,CellTalkDB; LIANA_consensus; SPIDER_internal; SpaCcLink
APP,PTGER2,4,CellTalkDB; LIANA_consensus; SPIDER_internal; SpaCcLink
APP,SORL1,4,CellTalkDB; LARIS_neurotransmitter; SPIDER_internal; stCASE
APP,TSPAN15,4,CellTalkDB; LIANA_consensus; SPIDER_internal; SpaCcLink
AREG,ERBB2,4,COMMOT_CellChat; LARIS_neurotransmitter; LIANA_consensus; stCASE
ARF6,PLD1,4,CellTalkDB; LIANA_consensus; SPIDER_internal; SpaCcLink
ARPC5,ADRB2,4,CellTalkDB; LIANA_consensus; SPIDER_internal; SpaCcLink
ARPC5,LDLR,4,CellTalkDB; LIANA_consensus; SPIDER_internal; SpaCcLink
ARPC5,LRP2,4,CellTalkDB; LIANA_consensus; SPIDER_internal; SpaCcLink
ARTN,GFRA2,4,CellTalkDB; LIANA_consensus; SPIDER_internal; SpaCcLink
ASIP,ATRN,4,CellTalkDB; LIANA_consensus; SPIDER_internal; connectomeDB2020_lit
ASIP,F11R,4,CellTalkDB; SPIDER_internal; SpaCcLink; connectomeDB2020_lit
ASIP,MGRN1,4,CellTalkDB; LIANA_consensus; SPIDER_internal; SpaCcLink
AVP,ADCYAP1R1,4,CellTalkDB; LIANA_consensus; SPIDER_internal; SpaCcLink
AVP,ADRB2,4,CellTalkDB; LIANA_consensus; SPIDER_internal; SpaCcLink
AVP,ADRB3,4,CellTalkDB; LIANA_consensus; SPIDER_internal; SpaCcLink
AVP,GPR20,4,CellTalkDB; LIANA_consensus; SPIDER_internal; SpaCcLink
AVP,GPR84,4,CellTalkDB; LIANA_consensus; SPIDER_internal; SpaCcLink
AVP,LDLR,4,CellTalkDB; LIANA_consensus; SPIDER_internal; SpaCcLink
AVP,LRP2,4,CellTalkDB; LIANA_consensus; SPIDER_internal; SpaCcLink
AVP,PTH1R,4,CellTalkDB; LIANA_consensus; SPIDER_internal; SpaCcLink
AVP,RAMP2,4,CellTalkDB; LIANA_consensus; SPIDER_internal; SpaCcLink
AVP,RAMP3,4,CellTalkDB; LIANA_consensus; SPIDER_internal; SpaCcLink
AVP,TSHR,4,CellTalkDB; LIANA_consensus; SPIDER_internal; SpaCcLink
AVP,VIPR1,4,CellTalkDB; LIANA_consensus; SPIDER_internal; SpaCcLink
B2M,HFE,4,CellTalkDB; LIANA_consensus; SPIDER_internal; SpaCcLink
B2M,HLA-F,4,CellTalkDB; SPIDER_internal; SpaCcLink; connectomeDB2020_lit
B2M,KIR2DL1,4,CellTalkDB; LIANA_consensus; SPIDER_internal; SpaCcLink
B2M,KIR2DL3,4,CellTalkDB; LIANA_consensus; SPIDER_internal; SpaCcLink
B2M,KIR3DL1,4,CellTalkDB; LIANA_consensus; SPIDER_internal; SpaCcLink
B2M,KLRC2,4,CellTalkDB; LIANA_consensus; SPIDER_internal; SpaCcLink
BCAN,EGFR,4,CellTalkDB; LIANA_consensus; SPIDER_internal; SpaCcLink
BCAN,NRCAM,4,CellTalkDB; LIANA_consensus; SPIDER_internal; SpaCcLink
BDNF,BEX3,4,CellTalkDB; LIANA_consensus; SPIDER_internal; SpaCcLink
BDNF,DRD4,4,CellTalkDB; LIANA_consensus; SPIDER_internal; SpaCcLink
BGN,LY96,4,CellTalkDB; LIANA_consensus; SPIDER_internal; SpaCcLink
BGN,TLR1,4,CellTalkDB; LIANA_consensus; SPIDER_internal; SpaCcLink
BMP1,BMPR1A,4,CellTalkDB; LIANA_consensus; SPIDER_internal; SpaCcLink
BMP1,BMPR1B,4,CellTalkDB; LIANA_consensus; SPIDER_internal; SpaCcLink
BMP1,BMPR2,4,CellTalkDB; LIANA_consensus; SPIDER_internal; SpaCcLink
BMP2,GPC1,4,CellTalkDB; LIANA_consensus; SPIDER_internal; SpaCcLink
BMP2,SMO,4,CellTalkDB; LIANA_consensus; SPIDER_internal; SpaCcLink
BMP3,BMPR1A,4,CellTalkDB; LIANA_consensus; SPIDER_internal; SpaCcLink
BMP3,BMPR1B,4,CellTalkDB; LIANA_consensus; SPIDER_internal; SpaCcLink
BMP3,BMPR2,4,CellTalkDB; LIANA_consensus; SPIDER_internal; SpaCcLink
BMP4,ACVR2A,4,COMMOT_CellChat; LARIS_neurotransmitter; LIANA_consensus; stCASE
BMP4,ACVR2B,4,COMMOT_CellChat; LARIS_neurotransmitter; LIANA_consensus; stCASE
BMP4,HJV,4,CellTalkDB; LIANA_consensus; SPIDER_internal; SpaCcLink
BMP4,LRP6,4,CellTalkDB; LIANA_consensus; SPIDER_internal; SpaCcLink
BMP5,ACVR2A,4,COMMOT_CellChat; LARIS_neurotransmitter; LIANA_consensus; stCASE
BMP5,ACVR2B,4,COMMOT_CellChat; LARIS_neurotransmitter; LIANA_consensus; stCASE
BMP6,ACVR2B,4,COMMOT_CellChat; LARIS_neurotransmitter; LIANA_consensus; stCASE
BMP8B,ACVR2A,4,COMMOT_CellChat; LARIS_neurotransmitter; LIANA_consensus; stCASE
BMP8B,ACVR2B,4,COMMOT_CellChat; LARIS_neurotransmitter; LIANA_consensus; stCASE
BMP8B,PLAUR,4,CellTalkDB; LIANA_consensus; SPIDER_internal; SpaCcLink
BSG,SELE,4,CellTalkDB; SPIDER_internal; SpaCcLink; connectomeDB2020_lit
BST1,CAV1,4,CellTalkDB; LIANA_consensus; SPIDER_internal; SpaCcLink
BTLA,CD247,4,CellTalkDB; LIANA_consensus; SPIDER_internal; SpaCcLink
BTLA,VTCN1,4,CellTalkDB; SPIDER_internal; connectomeDB2020_lit; stCASE
C1QA,CD93,4,CellTalkDB; LIANA_consensus; SPIDER_internal; connectomeDB2020_lit
C1QA,CR1,4,CellTalkDB; LIANA_consensus; SPIDER_internal; SpaCcLink
C1QA,CSPG4,4,CellTalkDB; SPIDER_internal; SpaCcLink; connectomeDB2020_lit
C1QB,C1QBP,4,CellTalkDB; LIANA_consensus; SPIDER_internal; SpaCcLink
C3,ADRA2A,4,CellTalkDB; LIANA_consensus; SPIDER_internal; SpaCcLink
C3,CD81,4,CellTalkDB; LIANA_consensus; SPIDER_internal; SpaCcLink
C3,GRM7,4,CellTalkDB; LIANA_consensus; SPIDER_internal; SpaCcLink
C3,IFITM1,4,CellTalkDB; LIANA_consensus; SPIDER_internal; SpaCcLink
C3,MTNR1A,4,CellTalkDB; LIANA_consensus; SPIDER_internal; SpaCcLink
C4A,CR2,4,COMMOT_CellChat; LARIS_neurotransmitter; LIANA_consensus; stCASE
C5,ADRA2A,4,CellTalkDB; LIANA_consensus; SPIDER_internal; SpaCcLink
C5,GRM7,4,CellTalkDB; LIANA_consensus; SPIDER_internal; SpaCcLink
C5,MTNR1A,4,CellTalkDB; LIANA_consensus; SPIDER_internal; SpaCcLink
CADM3,CADM1,4,LARIS_neurotransmitter; LIANA_consensus; connectomeDB2020_lit; stCASE
CALCA,ADCYAP1R1,4,CellTalkDB; LIANA_consensus; SPIDER_internal; SpaCcLink
CALCA,ADRB2,4,CellTalkDB; LIANA_consensus; SPIDER_internal; SpaCcLink
CALCA,ADRB3,4,CellTalkDB; LIANA_consensus; SPIDER_internal; SpaCcLink
CALCA,GPR20,4,CellTalkDB; LIANA_consensus; SPIDER_internal; SpaCcLink
CALCA,GPR84,4,CellTalkDB; LIANA_consensus; SPIDER_internal; SpaCcLink
CALCA,PTH1R,4,CellTalkDB; LIANA_consensus; SPIDER_internal; SpaCcLink
CALCA,TSHR,4,CellTalkDB; LIANA_consensus; SPIDER_internal; SpaCcLink
CALCA,VIPR1,4,CellTalkDB; LIANA_consensus; SPIDER_internal; SpaCcLink
CALCB,ADCYAP1R1,4,CellTalkDB; LIANA_consensus; SPIDER_internal; SpaCcLink
CALCB,ADRB2,4,CellTalkDB; LIANA_consensus; SPIDER_internal; SpaCcLink
CALCB,ADRB3,4,CellTalkDB; LIANA_consensus; SPIDER_internal; SpaCcLink
CALCB,GPR20,4,CellTalkDB; LIANA_consensus; SPIDER_internal; SpaCcLink
CALCB,GPR84,4,CellTalkDB; LIANA_consensus; SPIDER_internal; SpaCcLink
CALCB,PTH1R,4,CellTalkDB; LIANA_consensus; SPIDER_internal; SpaCcLink
CALCB,TSHR,4,CellTalkDB; LIANA_consensus; SPIDER_internal; SpaCcLink
CALCB,VIPR1,4,CellTalkDB; LIANA_consensus; SPIDER_internal; SpaCcLink
CALM1,ADCYAP1R1,4,CellTalkDB; LIANA_consensus; SPIDER_internal; SpaCcLink
CALM1,AQP1,4,CellTalkDB; LIANA_consensus; SPIDER_internal; SpaCcLink
CALM1,AQP6,4,CellTalkDB; LIANA_consensus; SPIDER_internal; SpaCcLink
CALM1,CACNA1C,4,CellTalkDB; LIANA_consensus; SPIDER_internal; SpaCcLink
CALM1,CALCR,4,CellTalkDB; LIANA_consensus; SPIDER_internal; SpaCcLink
CALM1,CNGA2,4,CellTalkDB; LIANA_consensus; SPIDER_internal; SpaCcLink
CALM1,CRHR1,4,CellTalkDB; LIANA_consensus; SPIDER_internal; SpaCcLink
CALM1,FAS,4,CellTalkDB; LIANA_consensus; SPIDER_internal; SpaCcLink
CALM1,GLP1R,4,CellTalkDB; LIANA_consensus; SPIDER_internal; SpaCcLink
CALM1,GLP2R,4,CellTalkDB; LIANA_consensus; SPIDER_internal; SpaCcLink
CALM1,GP6,4,CellTalkDB; LIANA_consensus; SPIDER_internal; SpaCcLink
CALM1,GRM3,4,CellTalkDB; LIANA_consensus; SPIDER_internal; SpaCcLink
CALM1,GRM4,4,CellTalkDB; LIANA_consensus; SPIDER_internal; SpaCcLink
CALM1,GRM5,4,CellTalkDB; LIANA_consensus; SPIDER_internal; SpaCcLink
CALM1,GRM7,4,CellTalkDB; LIANA_consensus; SPIDER_internal; SpaCcLink
CALM1,HMMR,4,CellTalkDB; LIANA_consensus; SPIDER_internal; SpaCcLink
CALM1,HTR2C,4,CellTalkDB; LIANA_consensus; SPIDER_internal; SpaCcLink
CALM1,INSR,4,CellTalkDB; LIANA_consensus; SPIDER_internal; SpaCcLink
CALM1,KCNN4,4,CellTalkDB; LIANA_consensus; SPIDER_internal; SpaCcLink
CALM1,KCNQ1,4,CellTalkDB; LIANA_consensus; SPIDER_internal; SpaCcLink
CALM1,KCNQ3,4,CellTalkDB; LIANA_consensus; SPIDER_internal; SpaCcLink
CALM1,KCNQ5,4,CellTalkDB; LIANA_consensus; SPIDER_internal; SpaCcLink
CALM1,MIP,4,CellTalkDB; LIANA_consensus; SPIDER_internal; SpaCcLink
CALM1,OPRM1,4,CellTalkDB; LIANA_consensus; SPIDER_internal; SpaCcLink
CALM1,PDE1A,4,CellTalkDB; LIANA_consensus; SPIDER_internal; SpaCcLink
CALM1,PDE1B,4,CellTalkDB; LIANA_consensus; SPIDER_internal; SpaCcLink
CALM1,PDE1C,4,CellTalkDB; LIANA_consensus; SPIDER_internal; SpaCcLink
CALM1,PTH2R,4,CellTalkDB; LIANA_consensus; SPIDER_internal; SpaCcLink
CALM1,PTPRA,4,CellTalkDB; LIANA_consensus; SPIDER_internal; SpaCcLink
CALM1,RYR2,4,CellTalkDB; LIANA_consensus; SPIDER_internal; SpaCcLink
CALM1,SCN10A,4,CellTalkDB; LIANA_consensus; SPIDER_internal; SpaCcLink
CALM1,SCN4A,4,CellTalkDB; LIANA_consensus; SPIDER_internal; SpaCcLink
CALM1,SCTR,4,CellTalkDB; LIANA_consensus; SPIDER_internal; SpaCcLink
CALM1,TRPC3,4,CellTalkDB; LIANA_consensus; SPIDER_internal; SpaCcLink
CALM1,TRPC5,4,CellTalkDB; LIANA_consensus; SPIDER_internal; SpaCcLink
CALM1,VIPR1,4,CellTalkDB; LIANA_consensus; SPIDER_internal; SpaCcLink
CALM3,ADCY8,4,CellTalkDB; LIANA_consensus; SPIDER_internal; SpaCcLink
CALM3,AQP1,4,CellTalkDB; LIANA_consensus; SPIDER_internal; SpaCcLink
CALM3,AQP6,4,CellTalkDB; LIANA_consensus; SPIDER_internal; SpaCcLink
CALM3,AR,4,CellTalkDB; LIANA_consensus; SPIDER_internal; SpaCcLink
CALM3,CACNA1C,4,CellTalkDB; LIANA_consensus; SPIDER_internal; SpaCcLink
CALM3,EGFR,4,CellTalkDB; LIANA_consensus; SPIDER_internal; SpaCcLink
CALM3,ESR1,4,CellTalkDB; LIANA_consensus; SPIDER_internal; SpaCcLink
CALM3,GP6,4,CellTalkDB; LIANA_consensus; SPIDER_internal; SpaCcLink
CALM3,GRM5,4,CellTalkDB; LIANA_consensus; SPIDER_internal; SpaCcLink
CALM3,GRM7,4,CellTalkDB; LIANA_consensus; SPIDER_internal; SpaCcLink
CALM3,INSR,4,CellTalkDB; LIANA_consensus; SPIDER_internal; SpaCcLink
CALM3,KCNQ1,4,CellTalkDB; LIANA_consensus; SPIDER_internal; SpaCcLink
CALM3,KCNQ3,4,CellTalkDB; LIANA_consensus; SPIDER_internal; SpaCcLink
CALM3,KCNQ5,4,CellTalkDB; LIANA_consensus; SPIDER_internal; SpaCcLink
CALM3,PDE1A,4,CellTalkDB; LIANA_consensus; SPIDER_internal; SpaCcLink
CALM3,PDE1B,4,CellTalkDB; LIANA_consensus; SPIDER_internal; SpaCcLink
CALM3,PDE1C,4,CellTalkDB; LIANA_consensus; SPIDER_internal; SpaCcLink
CALM3,RYR2,4,CellTalkDB; LIANA_consensus; SPIDER_internal; SpaCcLink
CALM3,SCN10A,4,CellTalkDB; LIANA_consensus; SPIDER_internal; SpaCcLink
CALM3,SCN4A,4,CellTalkDB; LIANA_consensus; SPIDER_internal; SpaCcLink
CALM3,TRPC5,4,CellTalkDB; LIANA_consensus; SPIDER_internal; SpaCcLink
CALML3,KCNQ1,4,CellTalkDB; LIANA_consensus; SPIDER_internal; SpaCcLink
CAMP,EGFR,4,CellTalkDB; LIANA_consensus; SPIDER_internal; SpaCcLink
CAMP,IGF1R,4,CellTalkDB; LIANA_consensus; SPIDER_internal; SpaCcLink
CAMP,P2RX7,4,CellTalkDB; LIANA_consensus; SPIDER_internal; SpaCcLink
CCL1,ACKR1,4,COMMOT_CellChat; LARIS_neurotransmitter; LIANA_consensus; stCASE
CCL1,ACKR4,4,COMMOT_CellChat; LARIS_neurotransmitter; LIANA_consensus; stCASE
CCL11,DPP4,4,CellTalkDB; LIANA_consensus; SPIDER_internal; SpaCcLink
CCL13,CCR9,4,CellTalkDB; LIANA_consensus; SPIDER_internal; SpaCcLink
CCL16,ACKR1,4,COMMOT_CellChat; LARIS_neurotransmitter; LIANA_consensus; stCASE
CCL16,ADRA2A,4,CellTalkDB; LIANA_consensus; SPIDER_internal; SpaCcLink
CCL16,GRM7,4,CellTalkDB; LIANA_consensus; SPIDER_internal; SpaCcLink
CCL16,MTNR1A,4,CellTalkDB; LIANA_consensus; SPIDER_internal; SpaCcLink
CCL18,ACKR1,4,COMMOT_CellChat; LARIS_neurotransmitter; LIANA_consensus; stCASE
CCL18,CCR1,4,CellTalkDB; LIANA_consensus; SPIDER_internal; SpaCcLink
CCL19,ADRA2A,4,CellTalkDB; LIANA_consensus; SPIDER_internal; SpaCcLink
CCL19,GRM7,4,CellTalkDB; LIANA_consensus; SPIDER_internal; SpaCcLink
CCL19,MTNR1A,4,CellTalkDB; LIANA_consensus; SPIDER_internal; SpaCcLink
CCL20,ADRA2A,4,CellTalkDB; LIANA_consensus; SPIDER_internal; SpaCcLink
CCL20,GRM7,4,CellTalkDB; LIANA_consensus; SPIDER_internal; SpaCcLink
CCL20,MTNR1A,4,CellTalkDB; LIANA_consensus; SPIDER_internal; SpaCcLink
CCL21,ADRA2A,4,CellTalkDB; LIANA_consensus; SPIDER_internal; SpaCcLink
CCL21,GRM7,4,CellTalkDB; LIANA_consensus; SPIDER_internal; SpaCcLink
CCL21,MTNR1A,4,CellTalkDB; LIANA_consensus; SPIDER_internal; SpaCcLink
CCL22,DPP4,4,CellTalkDB; LIANA_consensus; SPIDER_internal; SpaCcLink
CCL25,ADRA2A,4,CellTalkDB; LIANA_consensus; SPIDER_internal; SpaCcLink
CCL25,GRM7,4,CellTalkDB; LIANA_consensus; SPIDER_internal; SpaCcLink
CCL25,MTNR1A,4,CellTalkDB; LIANA_consensus; SPIDER_internal; SpaCcLink
CCL26,ACKR2,4,COMMOT_CellChat; LARIS_neurotransmitter; LIANA_consensus; stCASE
CCL27,ADRA2A,4,CellTalkDB; LIANA_consensus; SPIDER_internal; SpaCcLink
CCL27,CCR2,4,COMMOT_CellChat; LARIS_neurotransmitter; LIANA_consensus; stCASE
CCL27,CCR3,4,COMMOT_CellChat; LARIS_neurotransmitter; LIANA_consensus; stCASE
CCL27,GRM7,4,CellTalkDB; LIANA_consensus; SPIDER_internal; SpaCcLink
CCL27,MTNR1A,4,CellTalkDB; LIANA_consensus; SPIDER_internal; SpaCcLink
CCL28,ADRA2A,4,CellTalkDB; LIANA_consensus; SPIDER_internal; SpaCcLink
CCL28,GRM7,4,CellTalkDB; LIANA_consensus; SPIDER_internal; SpaCcLink
CCL28,MTNR1A,4,CellTalkDB; LIANA_consensus; SPIDER_internal; SpaCcLink
CCL4,CNR2,4,CellTalkDB; LIANA_consensus; SPIDER_internal; SpaCcLink
CCL5,ACKR4,4,CellTalkDB; LIANA_consensus; SPIDER_internal; stCASE
CCL5,ADRA2A,4,CellTalkDB; LIANA_consensus; SPIDER_internal; SpaCcLink
CCL5,GRM7,4,CellTalkDB; LIANA_consensus; SPIDER_internal; SpaCcLink
CCL5,MTNR1A,4,CellTalkDB; LIANA_consensus; SPIDER_internal; SpaCcLink
CCN1,CAV1,4,CellTalkDB; LIANA_consensus; SPIDER_internal; SpaCcLink
CCN1,TLR2,4,CellTalkDB; LIANA_consensus; SPIDER_internal; SpaCcLink
CCN1,TLR4,4,CellTalkDB; LIANA_consensus; SPIDER_internal; SpaCcLink
CCN2,EGFR,4,CellTalkDB; LIANA_consensus; SPIDER_internal; SpaCcLink
CCN3,PLXNA1,4,CellTalkDB; LIANA_consensus; SPIDER_internal; SpaCcLink
CD14,RIPK1,4,CellTalkDB; LIANA_consensus; SPIDER_internal; SpaCcLink
CD14,TLR1,4,CellTalkDB; LIANA_consensus; SPIDER_internal; SpaCcLink
CD1D,CEACAM5,4,COMMOT_CellChat; LARIS_neurotransmitter; LIANA_consensus; stCASE
CD209,CEACAM1,4,COMMOT_CellChat; LARIS_neurotransmitter; LIANA_consensus; stCASE
CD22,PTPRC,4,COMMOT_CellChat; LIANA_consensus; connectomeDB2020_lit; stCASE
CD24,SELP,4,CellTalkDB; LIANA_consensus; SPIDER_internal; connectomeDB2020_lit
CD40LG,ITGB1,4,COMMOT_CellChat; LARIS_neurotransmitter; LIANA_consensus; stCASE
CD40LG,ITGB3,4,COMMOT_CellChat; LARIS_neurotransmitter; LIANA_consensus; stCASE
CD40LG,TRAF3,4,CellTalkDB; LIANA_consensus; SPIDER_internal; SpaCcLink
CD58,CD2,4,CellTalkDB; LIANA_consensus; SPIDER_internal; connectomeDB2020_lit
CD59,CD2,4,CellTalkDB; LIANA_consensus; SPIDER_internal; connectomeDB2020_lit
CD80,CD274,4,COMMOT_CellChat; LARIS_neurotransmitter; connectomeDB2020_lit; stCASE
CD99,CD81,4,CellTalkDB; LIANA_consensus; SPIDER_internal; SpaCcLink
CD99,CD99L2,4,COMMOT_CellChat; LARIS_neurotransmitter; LIANA_consensus; stCASE
CD99,PILRB,4,LARIS_neurotransmitter; LIANA_consensus; connectomeDB2020_lit; stCASE
CDH1,CDH2,4,CellTalkDB; LIANA_consensus; SPIDER_internal; SpaCcLink
CDH1,ITGB1,4,COMMOT_CellChat; LARIS_neurotransmitter; LIANA_consensus; stCASE
CDH1,LRP5,4,CellTalkDB; LIANA_consensus; SPIDER_internal; SpaCcLink
CEACAM1,CD209,4,CellTalkDB; SPIDER_internal; SpaCcLink; connectomeDB2020_lit
CEACAM1,SELE,4,CellTalkDB; SPIDER_internal; SpaCcLink; connectomeDB2020_lit
CEACAM16,TECTA,4,CellTalkDB; LIANA_consensus; SPIDER_internal; SpaCcLink
CEACAM16,TECTB,4,CellTalkDB; LIANA_consensus; SPIDER_internal; SpaCcLink
CEACAM5,CD1D,4,CellTalkDB; SPIDER_internal; SpaCcLink; connectomeDB2020_lit
CEACAM6,EGFR,4,CellTalkDB; LIANA_consensus; SPIDER_internal; SpaCcLink
CER1,MRC2,4,CellTalkDB; LIANA_consensus; SPIDER_internal; SpaCcLink
CFC1,ACVR1B,4,CellTalkDB; LIANA_consensus; SPIDER_internal; SpaCcLink
CFC1,ACVR2A,4,CellTalkDB; LIANA_consensus; SPIDER_internal; SpaCcLink
CFH,SELL,4,CellTalkDB; SPIDER_internal; SpaCcLink; connectomeDB2020_lit
CGA,ADCYAP1R1,4,CellTalkDB; LIANA_consensus; SPIDER_internal; SpaCcLink
CGA,ADRB2,4,CellTalkDB; LIANA_consensus; SPIDER_internal; SpaCcLink
CGA,ADRB3,4,CellTalkDB; LIANA_consensus; SPIDER_internal; SpaCcLink
CGA,GPR20,4,CellTalkDB; LIANA_consensus; SPIDER_internal; SpaCcLink
CGA,GPR84,4,CellTalkDB; LIANA_consensus; SPIDER_internal; SpaCcLink
CGA,PTH1R,4,CellTalkDB; LIANA_consensus; SPIDER_internal; SpaCcLink
CGA,RAMP2,4,CellTalkDB; LIANA_consensus; SPIDER_internal; SpaCcLink
CGA,RAMP3,4,CellTalkDB; LIANA_consensus; SPIDER_internal; SpaCcLink
CGA,VIPR1,4,CellTalkDB; LIANA_consensus; SPIDER_internal; SpaCcLink
CGB3,LHCGR,4,CellTalkDB; SPIDER_internal; SpaCcLink; connectomeDB2020_lit
CGB5,LHCGR,4,CellTalkDB; SPIDER_internal; SpaCcLink; stCASE
CGN,F11R,4,CellTalkDB; SPIDER_internal; SpaCcLink; connectomeDB2020_lit
CGN,OCLN,4,CellTalkDB; LIANA_consensus; SPIDER_internal; SpaCcLink
CGN,TGFBR1,4,CellTalkDB; LIANA_consensus; SPIDER_internal; SpaCcLink
CGN,TGFBR2,4,CellTalkDB; LIANA_consensus; SPIDER_internal; SpaCcLink
CKLF,LRP6,4,CellTalkDB; LIANA_consensus; SPIDER_internal; SpaCcLink
CLEC1B,KLRB1,4,COMMOT_CellChat; LARIS_neurotransmitter; LIANA_consensus; stCASE
CLEC2A,KLRF2,4,CellTalkDB; LIANA_consensus; SPIDER_internal; connectomeDB2020_lit
CLEC2B,KLRF1,4,CellTalkDB; LIANA_consensus; SPIDER_internal; connectomeDB2020_lit
CLEC3A,CLEC10A,4,CellTalkDB; LIANA_consensus; SPIDER_internal; SpaCcLink
CNTF,EGFR,4,CellTalkDB; LIANA_consensus; SPIDER_internal; SpaCcLink
CNTN1,NOTCH1,4,LARIS_neurotransmitter; LIANA_consensus; connectomeDB2020_lit; stCASE
CNTN1,NOTCH2,4,LARIS_neurotransmitter; LIANA_consensus; connectomeDB2020_lit; stCASE
CNTN1,NRCAM,4,COMMOT_CellChat; LARIS_neurotransmitter; LIANA_consensus; stCASE
CNTN2,NRP1,4,CellTalkDB; LIANA_consensus; SPIDER_internal; SpaCcLink
CNTN3,PTPRG,4,CellTalkDB; LIANA_consensus; SPIDER_internal; stCASE
COL11A1,ITGA2,4,CellTalkDB; LIANA_consensus; SPIDER_internal; SpaCcLink
COL18A1,ITGA3,4,CellTalkDB; LIANA_consensus; SPIDER_internal; SpaCcLink
COL18A1,ITGB3,4,CellTalkDB; LIANA_consensus; SPIDER_internal; SpaCcLink
COL18A1,ITGB5,4,CellTalkDB; LIANA_consensus; SPIDER_internal; SpaCcLink
COL1A1,FLT4,4,CellTalkDB; LIANA_consensus; SPIDER_internal; SpaCcLink
COL1A1,ITGB8,4,COMMOT_CellChat; LARIS_neurotransmitter; LIANA_consensus; stCASE
COL1A1,SDC1,4,COMMOT_CellChat; LARIS_neurotransmitter; LIANA_consensus; stCASE
COL1A2,FLT4,4,CellTalkDB; LIANA_consensus; SPIDER_internal; SpaCcLink
COL1A2,ITGB8,4,COMMOT_CellChat; LARIS_neurotransmitter; LIANA_consensus; stCASE
COL1A2,SDC1,4,COMMOT_CellChat; LARIS_neurotransmitter; LIANA_consensus; stCASE
COL2A1,CD44,4,COMMOT_CellChat; LARIS_neurotransmitter; LIANA_consensus; stCASE
COL2A1,GP6,4,COMMOT_CellChat; LARIS_neurotransmitter; LIANA_consensus; stCASE
COL2A1,ITGB8,4,COMMOT_CellChat; LARIS_neurotransmitter; LIANA_consensus; stCASE
COL2A1,SDC1,4,COMMOT_CellChat; LARIS_neurotransmitter; LIANA_consensus; stCASE
COL3A1,ITGA2,4,CellTalkDB; LIANA_consensus; SPIDER_internal; SpaCcLink
COL4A1,CD44,4,COMMOT_CellChat; LARIS_neurotransmitter; LIANA_consensus; stCASE
COL4A1,CD47,4,CellTalkDB; LIANA_consensus; SPIDER_internal; SpaCcLink
COL4A1,GP6,4,COMMOT_CellChat; LARIS_neurotransmitter; LIANA_consensus; stCASE
COL4A1,SDC1,4,COMMOT_CellChat; LARIS_neurotransmitter; LIANA_consensus; stCASE
COL4A2,CD44,4,COMMOT_CellChat; LARIS_neurotransmitter; LIANA_consensus; stCASE
COL4A2,GP6,4,COMMOT_CellChat; LARIS_neurotransmitter; LIANA_consensus; stCASE
COL4A2,ITGB1,4,COMMOT_CellChat; LARIS_neurotransmitter; LIANA_consensus; stCASE
COL4A2,ITGB3,4,CellTalkDB; LIANA_consensus; SPIDER_internal; SpaCcLink
COL4A2,ITGB5,4,CellTalkDB; LIANA_consensus; SPIDER_internal; SpaCcLink
COL4A2,ITGB8,4,COMMOT_CellChat; LARIS_neurotransmitter; LIANA_consensus; stCASE
COL4A2,SDC1,4,COMMOT_CellChat; LARIS_neurotransmitter; LIANA_consensus; stCASE
COL4A3,CD44,4,COMMOT_CellChat; LARIS_neurotransmitter; LIANA_consensus; stCASE
COL4A3,GP6,4,COMMOT_CellChat; LARIS_neurotransmitter; LIANA_consensus; stCASE
COL4A3,ITGB8,4,COMMOT_CellChat; LARIS_neurotransmitter; LIANA_consensus; stCASE
COL4A3,SDC1,4,COMMOT_CellChat; LARIS_neurotransmitter; LIANA_consensus; stCASE
COL4A4,CD44,4,COMMOT_CellChat; LARIS_neurotransmitter; LIANA_consensus; stCASE
COL4A4,CD47,4,CellTalkDB; LIANA_consensus; SPIDER_internal; SpaCcLink
COL4A4,CD93,4,CellTalkDB; LIANA_consensus; SPIDER_internal; stCASE
COL4A4,GP6,4,COMMOT_CellChat; LARIS_neurotransmitter; LIANA_consensus; stCASE
COL4A4,ITGB3,4,CellTalkDB; LIANA_consensus; SPIDER_internal; SpaCcLink
COL4A4,ITGB8,4,COMMOT_CellChat; LARIS_neurotransmitter; LIANA_consensus; stCASE
COL4A4,SDC1,4,COMMOT_CellChat; LARIS_neurotransmitter; LIANA_consensus; stCASE
COL4A5,CD44,4,COMMOT_CellChat; LARIS_neurotransmitter; LIANA_consensus; stCASE
COL4A5,CD47,4,CellTalkDB; LIANA_consensus; SPIDER_internal; SpaCcLink
COL4A5,GP6,4,COMMOT_CellChat; LARIS_neurotransmitter; LIANA_consensus; stCASE
COL4A5,ITGB8,4,COMMOT_CellChat; LARIS_neurotransmitter; LIANA_consensus; stCASE
COL4A5,SDC1,4,COMMOT_CellChat; LARIS_neurotransmitter; LIANA_consensus; stCASE
COL4A6,CD44,4,COMMOT_CellChat; LARIS_neurotransmitter; LIANA_consensus; stCASE
COL4A6,CD47,4,CellTalkDB; LIANA_consensus; SPIDER_internal; SpaCcLink
COL4A6,GP6,4,COMMOT_CellChat; LARIS_neurotransmitter; LIANA_consensus; stCASE
COL4A6,ITGB8,4,COMMOT_CellChat; LARIS_neurotransmitter; LIANA_consensus; stCASE
COL4A6,SDC1,4,COMMOT_CellChat; LARIS_neurotransmitter; LIANA_consensus; stCASE
COL5A1,ITGA1,4,CellTalkDB; LIANA_consensus; SPIDER_internal; SpaCcLink
COL5A2,ITGA1,4,CellTalkDB; LIANA_consensus; SPIDER_internal; SpaCcLink
COL5A3,SDC3,4,LIANA_consensus; SpaCcLink; connectomeDB2020_lit; stCASE
COL6A1,CD44,4,COMMOT_CellChat; LARIS_neurotransmitter; LIANA_consensus; stCASE
COL6A1,GP6,4,COMMOT_CellChat; LARIS_neurotransmitter; LIANA_consensus; stCASE
COL6A1,ITGA6,4,CellTalkDB; LIANA_consensus; SPIDER_internal; SpaCcLink
COL6A1,ITGB8,4,COMMOT_CellChat; LARIS_neurotransmitter; LIANA_consensus; stCASE
COL6A1,SDC1,4,COMMOT_CellChat; LARIS_neurotransmitter; LIANA_consensus; stCASE
COL6A2,CD44,4,COMMOT_CellChat; LARIS_neurotransmitter; LIANA_consensus; stCASE
COL6A2,GP6,4,COMMOT_CellChat; LARIS_neurotransmitter; LIANA_consensus; stCASE
COL6A2,ITGB8,4,COMMOT_CellChat; LARIS_neurotransmitter; LIANA_consensus; stCASE
COL6A2,SDC1,4,COMMOT_CellChat; LARIS_neurotransmitter; LIANA_consensus; stCASE
COL6A3,CD44,4,COMMOT_CellChat; LARIS_neurotransmitter; LIANA_consensus; stCASE
COL6A3,GP6,4,COMMOT_CellChat; LARIS_neurotransmitter; LIANA_consensus; stCASE
COL6A3,ITGB8,4,COMMOT_CellChat; LARIS_neurotransmitter; LIANA_consensus; stCASE
COL6A3,SDC1,4,COMMOT_CellChat; LARIS_neurotransmitter; LIANA_consensus; stCASE
COL6A5,CD44,4,COMMOT_CellChat; LARIS_neurotransmitter; LIANA_consensus; stCASE
COL6A5,GP6,4,COMMOT_CellChat; LARIS_neurotransmitter; LIANA_consensus; stCASE
COL6A5,ITGB1,4,COMMOT_CellChat; LARIS_neurotransmitter; LIANA_consensus; stCASE
COL6A5,ITGB8,4,COMMOT_CellChat; LARIS_neurotransmitter; LIANA_consensus; stCASE
COL6A5,SDC1,4,COMMOT_CellChat; LARIS_neurotransmitter; LIANA_consensus; stCASE
COL6A6,CD44,4,COMMOT_CellChat; LARIS_neurotransmitter; LIANA_consensus; stCASE
COL6A6,GP6,4,COMMOT_CellChat; LARIS_neurotransmitter; LIANA_consensus; stCASE
COL6A6,ITGB1,4,COMMOT_CellChat; LARIS_neurotransmitter; LIANA_consensus; stCASE
COL6A6,ITGB8,4,COMMOT_CellChat; LARIS_neurotransmitter; LIANA_consensus; stCASE
COL6A6,SDC1,4,COMMOT_CellChat; LARIS_neurotransmitter; LIANA_consensus; stCASE
COL7A1,ITGA2,4,CellTalkDB; LIANA_consensus; SPIDER_internal; SpaCcLink
COL9A1,CD44,4,COMMOT_CellChat; LARIS_neurotransmitter; LIANA_consensus; stCASE
COL9A1,GP6,4,COMMOT_CellChat; LARIS_neurotransmitter; LIANA_consensus; stCASE
COL9A1,ITGB8,4,COMMOT_CellChat; LARIS_neurotransmitter; LIANA_consensus; stCASE
COL9A1,SDC1,4,COMMOT_CellChat; LARIS_neurotransmitter; LIANA_consensus; stCASE
COL9A2,CD44,4,COMMOT_CellChat; LARIS_neurotransmitter; LIANA_consensus; stCASE
COL9A2,GP6,4,COMMOT_CellChat; LARIS_neurotransmitter; LIANA_consensus; stCASE
COL9A2,ITGB8,4,COMMOT_CellChat; LARIS_neurotransmitter; LIANA_consensus; stCASE
COL9A2,SDC1,4,COMMOT_CellChat; LARIS_neurotransmitter; LIANA_consensus; stCASE
COL9A3,CD44,4,COMMOT_CellChat; LARIS_neurotransmitter; LIANA_consensus; stCASE
COL9A3,GP6,4,COMMOT_CellChat; LARIS_neurotransmitter; LIANA_consensus; stCASE
COL9A3,ITGB8,4,COMMOT_CellChat; LARIS_neurotransmitter; LIANA_consensus; stCASE
COL9A3,SDC1,4,COMMOT_CellChat; LARIS_neurotransmitter; LIANA_consensus; stCASE
COMP,SDC1,4,COMMOT_CellChat; LARIS_neurotransmitter; LIANA_consensus; stCASE
CORT,ADRA2A,4,CellTalkDB; LIANA_consensus; SPIDER_internal; SpaCcLink
CORT,GRM7,4,CellTalkDB; LIANA_consensus; SPIDER_internal; SpaCcLink
CORT,MTNR1A,4,CellTalkDB; LIANA_consensus; SPIDER_internal; SpaCcLink
CRH,ADCYAP1R1,4,CellTalkDB; LIANA_consensus; SPIDER_internal; SpaCcLink
CRH,ADRB2,4,CellTalkDB; LIANA_consensus; SPIDER_internal; SpaCcLink
CRH,ADRB3,4,CellTalkDB; LIANA_consensus; SPIDER_internal; SpaCcLink
CRH,GPR20,4,CellTalkDB; LIANA_consensus; SPIDER_internal; SpaCcLink
CRH,GPR84,4,CellTalkDB; LIANA_consensus; SPIDER_internal; SpaCcLink
CRH,MC2R,4,CellTalkDB; LIANA_consensus; SPIDER_internal; SpaCcLink
CRH,PTH1R,4,CellTalkDB; LIANA_consensus; SPIDER_internal; SpaCcLink
CRH,RAMP2,4,CellTalkDB; LIANA_consensus; SPIDER_internal; SpaCcLink
CRH,RAMP3,4,CellTalkDB; LIANA_consensus; SPIDER_internal; SpaCcLink
CRH,TSHR,4,CellTalkDB; LIANA_consensus; SPIDER_internal; SpaCcLink
CRH,VIPR1,4,CellTalkDB; LIANA_consensus; SPIDER_internal; SpaCcLink
CRP,CR1,4,CellTalkDB; LIANA_consensus; SPIDER_internal; SpaCcLink
CRTAM,CADM1,4,LARIS_neurotransmitter; LIANA_consensus; connectomeDB2020_lit; stCASE
CSF1,SIRPA,4,CellTalkDB; LIANA_consensus; SPIDER_internal; SpaCcLink
CSF2,CSF1R,4,CellTalkDB; LIANA_consensus; SPIDER_internal; SpaCcLink
CSF2,ITGA9,4,CellTalkDB; LIANA_consensus; SPIDER_internal; SpaCcLink
CSF2,ITGB1,4,CellTalkDB; LIANA_consensus; SPIDER_internal; SpaCcLink
CSF3,CSF1R,4,CellTalkDB; LIANA_consensus; SPIDER_internal; SpaCcLink
CSH2,PRLR,4,CellTalkDB; LIANA_consensus; SPIDER_internal; SpaCcLink
CSHL1,GHR,4,CellTalkDB; LIANA_consensus; SPIDER_internal; SpaCcLink
CSPG4,ITGB1,4,COMMOT_CellChat; LARIS_neurotransmitter; LIANA_consensus; stCASE
CUBN,LRP2,4,CellTalkDB; LIANA_consensus; SPIDER_internal; SpaCcLink
CXCL1,ADRA2A,4,CellTalkDB; LIANA_consensus; SPIDER_internal; SpaCcLink
CXCL1,GRM7,4,CellTalkDB; LIANA_consensus; SPIDER_internal; SpaCcLink
CXCL1,MTNR1A,4,CellTalkDB; LIANA_consensus; SPIDER_internal; SpaCcLink
CXCL10,ACKR1,4,COMMOT_CellChat; LARIS_neurotransmitter; LIANA_consensus; stCASE
CXCL10,ADRA2A,4,CellTalkDB; LIANA_consensus; SPIDER_internal; SpaCcLink
CXCL10,DPP4,4,CellTalkDB; LIANA_consensus; SPIDER_internal; SpaCcLink
CXCL10,GRM7,4,CellTalkDB; LIANA_consensus; SPIDER_internal; SpaCcLink
CXCL10,MTNR1A,4,CellTalkDB; LIANA_consensus; SPIDER_internal; SpaCcLink
CXCL11,ADRA2A,4,CellTalkDB; LIANA_consensus; SPIDER_internal; SpaCcLink
CXCL11,DPP4,4,CellTalkDB; LIANA_consensus; SPIDER_internal; SpaCcLink
CXCL11,GRM7,4,CellTalkDB; LIANA_consensus; SPIDER_internal; SpaCcLink
CXCL11,MTNR1A,4,CellTalkDB; LIANA_consensus; SPIDER_internal; SpaCcLink
CXCL12,AVPR1A,4,CellTalkDB; LIANA_consensus; SPIDER_internal; SpaCcLink
CXCL12,CCR4,4,CellTalkDB; LIANA_consensus; SPIDER_internal; SpaCcLink
CXCL12,DPP4,4,CellTalkDB; LIANA_consensus; SPIDER_internal; SpaCcLink
CXCL12,GRM7,4,CellTalkDB; LIANA_consensus; SPIDER_internal; SpaCcLink
CXCL12,MTNR1A,4,CellTalkDB; LIANA_consensus; SPIDER_internal; SpaCcLink
CXCL13,ACKR1,4,COMMOT_CellChat; LARIS_neurotransmitter; LIANA_consensus; stCASE
CXCL13,ADRA2A,4,CellTalkDB; LIANA_consensus; SPIDER_internal; SpaCcLink
CXCL13,GRM7,4,CellTalkDB; LIANA_consensus; SPIDER_internal; SpaCcLink
CXCL13,MTNR1A,4,CellTalkDB; LIANA_consensus; SPIDER_internal; SpaCcLink
CXCL13,OPRD1,4,CellTalkDB; LIANA_consensus; SPIDER_internal; SpaCcLink
CXCL16,GRM7,4,CellTalkDB; LIANA_consensus; SPIDER_internal; SpaCcLink
CXCL16,MTNR1A,4,CellTalkDB; LIANA_consensus; SPIDER_internal; SpaCcLink
CXCL17,GPR35,4,CellTalkDB; SPIDER_internal; connectomeDB2020_lit; stCASE
CXCL2,ACKR1,4,COMMOT_CellChat; LARIS_neurotransmitter; LIANA_consensus; stCASE
CXCL2,DPP4,4,CellTalkDB; LIANA_consensus; SPIDER_internal; SpaCcLink
CXCL2,GRM7,4,CellTalkDB; LIANA_consensus; SPIDER_internal; SpaCcLink
CXCL2,MTNR1A,4,CellTalkDB; LIANA_consensus; SPIDER_internal; SpaCcLink
CXCL3,ACKR1,4,COMMOT_CellChat; LARIS_neurotransmitter; LIANA_consensus; stCASE
CXCL3,GRM7,4,CellTalkDB; LIANA_consensus; SPIDER_internal; SpaCcLink
CXCL3,MTNR1A,4,CellTalkDB; LIANA_consensus; SPIDER_internal; SpaCcLink
CXCL5,ADRA2A,4,CellTalkDB; LIANA_consensus; SPIDER_internal; SpaCcLink
CXCL5,GRM7,4,CellTalkDB; LIANA_consensus; SPIDER_internal; SpaCcLink
CXCL5,MTNR1A,4,CellTalkDB; LIANA_consensus; SPIDER_internal; SpaCcLink
CXCL6,ADRA2A,4,CellTalkDB; LIANA_consensus; SPIDER_internal; SpaCcLink
CXCL6,GRM7,4,CellTalkDB; LIANA_consensus; SPIDER_internal; SpaCcLink
CXCL6,MTNR1A,4,CellTalkDB; LIANA_consensus; SPIDER_internal; SpaCcLink
CXCL8,ADRA2A,4,CellTalkDB; LIANA_consensus; SPIDER_internal; SpaCcLink
CXCL8,CD79A,4,CellTalkDB; LIANA_consensus; SPIDER_internal; SpaCcLink
CXCL8,GRM7,4,CellTalkDB; LIANA_consensus; SPIDER_internal; SpaCcLink
CXCL8,KDR,4,CellTalkDB; LIANA_consensus; SPIDER_internal; SpaCcLink
CXCL8,MTNR1A,4,CellTalkDB; LIANA_consensus; SPIDER_internal; SpaCcLink
CXCL8,SDC3,4,CellTalkDB; LIANA_consensus; SPIDER_internal; SpaCcLink
CXCL9,ACKR1,4,COMMOT_CellChat; LARIS_neurotransmitter; LIANA_consensus; stCASE
CXCL9,ADRA2A,4,CellTalkDB; LIANA_consensus; SPIDER_internal; SpaCcLink
CXCL9,DPP4,4,CellTalkDB; LIANA_consensus; SPIDER_internal; SpaCcLink
CXCL9,FCGR2A,4,CellTalkDB; LIANA_consensus; SPIDER_internal; SpaCcLink
CXCL9,GRM7,4,CellTalkDB; LIANA_consensus; SPIDER_internal; SpaCcLink
CXCL9,KIR2DL3,4,CellTalkDB; LIANA_consensus; SPIDER_internal; SpaCcLink
CXCL9,MTNR1A,4,CellTalkDB; LIANA_consensus; SPIDER_internal; SpaCcLink
DEFB103B,CCR2,4,CellTalkDB; SPIDER_internal; SpaCcLink; connectomeDB2020_lit
DEFB103B,CCR6,4,CellTalkDB; SPIDER_internal; SpaCcLink; connectomeDB2020_lit
DEFB4A,CCR6,4,CellTalkDB; SPIDER_internal; SpaCcLink; connectomeDB2020_lit
DEFB4A,TLR4,4,CellTalkDB; SPIDER_internal; SpaCcLink; connectomeDB2020_lit
DHH,SMO,4,COMMOT_CellChat; LARIS_neurotransmitter; LIANA_consensus; stCASE
DKK3,KREMEN1,4,CellTalkDB; LIANA_consensus; SPIDER_internal; SpaCcLink
DKK4,LRP5,4,CellTalkDB; LIANA_consensus; SPIDER_internal; SpaCcLink
DRAXIN,DCC,4,CellTalkDB; LIANA_consensus; SPIDER_internal; SpaCcLink
DSC1,DSG4,4,LARIS_neurotransmitter; LIANA_consensus; connectomeDB2020_lit; stCASE
DSC2,DSG3,4,LARIS_neurotransmitter; LIANA_consensus; connectomeDB2020_lit; stCASE
DSC2,DSG4,4,LARIS_neurotransmitter; LIANA_consensus; connectomeDB2020_lit; stCASE
DSC3,DSG4,4,LARIS_neurotransmitter; LIANA_consensus; connectomeDB2020_lit; stCASE
DSCAM,DCC,4,CellTalkDB; LIANA_consensus; SPIDER_internal; SpaCcLink
DSG1,DSC3,4,COMMOT_CellChat; LIANA_consensus; connectomeDB2020_lit; stCASE
DSG2,DSC3,4,COMMOT_CellChat; LIANA_consensus; connectomeDB2020_lit; stCASE
EDIL3,ITGAV,4,CellTalkDB; LIANA_consensus; SPIDER_internal; SpaCcLink
EDIL3,ITGB5,4,CellTalkDB; LIANA_consensus; SPIDER_internal; SpaCcLink
EFEMP2,AQP1,4,CellTalkDB; LIANA_consensus; SPIDER_internal; SpaCcLink
EFNA1,EPHB6,4,CellTalkDB; LIANA_consensus; SPIDER_internal; SpaCcLink
EFNA2,EPHA10,4,CellTalkDB; LIANA_consensus; SPIDER_internal; SpaCcLink
EFNA3,EPHA10,4,CellTalkDB; LIANA_consensus; SPIDER_internal; SpaCcLink
EFNA3,EPHB6,4,CellTalkDB; LIANA_consensus; SPIDER_internal; SpaCcLink
EFNB1,EPHA6,4,CellTalkDB; LIANA_consensus; SPIDER_internal; SpaCcLink
EFNB2,RHBDL2,4,CellTalkDB; LIANA_consensus; SPIDER_internal; connectomeDB2020_lit
EFNB3,RHBDL2,4,CellTalkDB; LIANA_consensus; SPIDER_internal; connectomeDB2020_lit
EGF,ADRB2,4,CellTalkDB; LIANA_consensus; SPIDER_internal; SpaCcLink
EGF,AXL,4,CellTalkDB; LIANA_consensus; SPIDER_internal; SpaCcLink
EGF,CAV1,4,CellTalkDB; LIANA_consensus; SPIDER_internal; SpaCcLink
EGF,FSHR,4,CellTalkDB; LIANA_consensus; SPIDER_internal; SpaCcLink
EGF,LDLR,4,CellTalkDB; LIANA_consensus; SPIDER_internal; SpaCcLink
EGF,LRP2,4,CellTalkDB; LIANA_consensus; SPIDER_internal; SpaCcLink
EGF,NRP1,4,CellTalkDB; LIANA_consensus; SPIDER_internal; SpaCcLink
EGF,PLD2,4,CellTalkDB; LIANA_consensus; SPIDER_internal; SpaCcLink
ENTPD1,ADORA1,4,COMMOT_CellChat; LARIS_neurotransmitter; LIANA_consensus; stCASE
ENTPD1,ADORA2A,4,COMMOT_CellChat; LARIS_neurotransmitter; LIANA_consensus; stCASE
ENTPD1,ADORA2B,4,COMMOT_CellChat; LARIS_neurotransmitter; LIANA_consensus; stCASE
ENTPD1,TMIGD3,4,COMMOT_CellChat; LARIS_neurotransmitter; LIANA_consensus; stCASE
F10,ITGAM,4,CellTalkDB; LIANA_consensus; SPIDER_internal; SpaCcLink
F11,GP1BA,4,CellTalkDB; SPIDER_internal; SpaCcLink; connectomeDB2020_lit
F11R,ITGB2,4,COMMOT_CellChat; LARIS_neurotransmitter; LIANA_consensus; stCASE
F12,GP1BA,4,CellTalkDB; SPIDER_internal; SpaCcLink; connectomeDB2020_lit
F2,GP1BA,4,CellTalkDB; SPIDER_internal; SpaCcLink; connectomeDB2020_lit
F2,GP1BB,4,CellTalkDB; LIANA_consensus; SPIDER_internal; SpaCcLink
F8,ASGR2,4,CellTalkDB; LIANA_consensus; SPIDER_internal; connectomeDB2020_lit
FABP5,RXRA,4,CellTalkDB; LIANA_consensus; SPIDER_internal; SpaCcLink
FADD,ABCA1,4,CellTalkDB; LIANA_consensus; SPIDER_internal; SpaCcLink
FADD,FAS,4,CellTalkDB; LIANA_consensus; SPIDER_internal; SpaCcLink
FADD,TRADD,4,CellTalkDB; LIANA_consensus; SPIDER_internal; SpaCcLink
FADD,TRAF2,4,CellTalkDB; LIANA_consensus; SPIDER_internal; SpaCcLink
FARP2,PLXNA1,4,CellTalkDB; LIANA_consensus; SPIDER_internal; SpaCcLink
FARP2,PLXNA2,4,CellTalkDB; LIANA_consensus; SPIDER_internal; SpaCcLink
FARP2,PLXNA3,4,CellTalkDB; LIANA_consensus; SPIDER_internal; SpaCcLink
FARP2,PLXNA4,4,CellTalkDB; LIANA_consensus; SPIDER_internal; SpaCcLink
FASLG,TNFRSF10B,4,CellTalkDB; LIANA_consensus; SPIDER_internal; SpaCcLink
FASLG,TNFRSF1A,4,CellTalkDB; LIANA_consensus; SPIDER_internal; SpaCcLink
FBN1,ITGB6,4,CellTalkDB; LIANA_consensus; SPIDER_internal; SpaCcLink
FCER2,ITGB2,4,COMMOT_CellChat; LARIS_neurotransmitter; LIANA_consensus; stCASE
FCER2,ITGB3,4,COMMOT_CellChat; LARIS_neurotransmitter; LIANA_consensus; stCASE
FGA,CDH5,4,CellTalkDB; LIANA_consensus; SPIDER_internal; SpaCcLink
FGA,ITGAD,4,CellTalkDB; LIANA_consensus; SPIDER_internal; SpaCcLink
FGA,ITGAV,4,CellTalkDB; SPIDER_internal; SpaCcLink; connectomeDB2020_lit
FGA,ITGB2,4,CellTalkDB; SPIDER_internal; SpaCcLink; connectomeDB2020_lit
FGA,PLAUR,4,CellTalkDB; LIANA_consensus; SPIDER_internal; SpaCcLink
FGB,ITGAV,4,CellTalkDB; SPIDER_internal; SpaCcLink; connectomeDB2020_lit
FGB,ITGB2,4,CellTalkDB; SPIDER_internal; SpaCcLink; connectomeDB2020_lit
FGB,ITGB3,4,CellTalkDB; LIANA_consensus; SPIDER_internal; SpaCcLink
FGF1,EGFR,4,CellTalkDB; LIANA_consensus; SPIDER_internal; SpaCcLink
FGF1,FGFRL1,4,CellTalkDB; LIANA_consensus; SPIDER_internal; SpaCcLink
FGF11,FGFR1,4,CellTalkDB; LIANA_consensus; SPIDER_internal; SpaCcLink
FGF11,FGFR2,4,CellTalkDB; LIANA_consensus; SPIDER_internal; SpaCcLink
FGF12,FGFR1,4,CellTalkDB; LIANA_consensus; SPIDER_internal; SpaCcLink
FGF12,FGFR2,4,CellTalkDB; LIANA_consensus; SPIDER_internal; SpaCcLink
FGF13,EGFR,4,CellTalkDB; LIANA_consensus; SPIDER_internal; SpaCcLink
FGF14,FGFR1,4,CellTalkDB; LIANA_consensus; SPIDER_internal; SpaCcLink
FGF14,FGFR2,4,CellTalkDB; LIANA_consensus; SPIDER_internal; SpaCcLink
FGF6,SDC4,4,CellTalkDB; LIANA_consensus; SPIDER_internal; SpaCcLink
FGG,ITGAV,4,CellTalkDB; SPIDER_internal; SpaCcLink; connectomeDB2020_lit
FGG,ITGB2,4,CellTalkDB; SPIDER_internal; SpaCcLink; connectomeDB2020_lit
FGG,ITGB3,4,CellTalkDB; LIANA_consensus; SPIDER_internal; SpaCcLink
FN1,C5AR1,4,CellTalkDB; LIANA_consensus; SPIDER_internal; SpaCcLink
FN1,COL13A1,4,CellTalkDB; SPIDER_internal; SpaCcLink; connectomeDB2020_lit
FN1,DPP4,4,CellTalkDB; LIANA_consensus; SPIDER_internal; SpaCcLink
FN1,FLT4,4,CellTalkDB; LIANA_consensus; SPIDER_internal; SpaCcLink
FN1,IL17RC,4,CellTalkDB; LIANA_consensus; SPIDER_internal; SpaCcLink
FN1,ITGA6,4,CellTalkDB; LIANA_consensus; SPIDER_internal; SpaCcLink
FN1,SDC1,4,COMMOT_CellChat; LARIS_neurotransmitter; LIANA_consensus; stCASE
FRAS1,ITGB1,4,COMMOT_CellChat; LARIS_neurotransmitter; LIANA_consensus; stCASE
FREM1,ITGB1,4,COMMOT_CellChat; LARIS_neurotransmitter; LIANA_consensus; stCASE
FREM2,ITGB1,4,COMMOT_CellChat; LARIS_neurotransmitter; LIANA_consensus; stCASE
FSHB,ADCYAP1R1,4,CellTalkDB; LIANA_consensus; SPIDER_internal; SpaCcLink
FSHB,ADRB2,4,CellTalkDB; LIANA_consensus; SPIDER_internal; SpaCcLink
FSHB,ADRB3,4,CellTalkDB; LIANA_consensus; SPIDER_internal; SpaCcLink
FSHB,GPR20,4,CellTalkDB; LIANA_consensus; SPIDER_internal; SpaCcLink
FSHB,GPR84,4,CellTalkDB; LIANA_consensus; SPIDER_internal; SpaCcLink
FSHB,PTH1R,4,CellTalkDB; LIANA_consensus; SPIDER_internal; SpaCcLink
FSHB,RAMP2,4,CellTalkDB; LIANA_consensus; SPIDER_internal; SpaCcLink
FSHB,RAMP3,4,CellTalkDB; LIANA_consensus; SPIDER_internal; SpaCcLink
FSHB,TSHR,4,CellTalkDB; LIANA_consensus; SPIDER_internal; SpaCcLink
FSHB,VIPR1,4,CellTalkDB; LIANA_consensus; SPIDER_internal; SpaCcLink
FST,BMPR1B,4,CellTalkDB; LIANA_consensus; SPIDER_internal; SpaCcLink
FST,BMPR2,4,CellTalkDB; LIANA_consensus; SPIDER_internal; SpaCcLink
FST,HJV,4,CellTalkDB; LIANA_consensus; SPIDER_internal; SpaCcLink
GAD1,GRM4,4,CellTalkDB; LIANA_consensus; SPIDER_internal; SpaCcLink
GAL,ADRA2A,4,CellTalkDB; LIANA_consensus; SPIDER_internal; SpaCcLink
GAL,GRM7,4,CellTalkDB; LIANA_consensus; SPIDER_internal; SpaCcLink
GAL,MTNR1A,4,CellTalkDB; LIANA_consensus; SPIDER_internal; SpaCcLink
GC,LRP2,4,CellTalkDB; LIANA_consensus; SPIDER_internal; SpaCcLink
GCG,ADCYAP1R1,4,CellTalkDB; LIANA_consensus; SPIDER_internal; SpaCcLink
GCG,ADRB2,4,CellTalkDB; LIANA_consensus; SPIDER_internal; SpaCcLink
GCG,ADRB3,4,CellTalkDB; LIANA_consensus; SPIDER_internal; SpaCcLink
GCG,DPP4,4,CellTalkDB; LIANA_consensus; SPIDER_internal; SpaCcLink
GCG,GIPR,4,COMMOT_CellChat; LARIS_neurotransmitter; LIANA_consensus; stCASE
GCG,GPR20,4,CellTalkDB; LIANA_consensus; SPIDER_internal; SpaCcLink
GCG,GPR84,4,CellTalkDB; LIANA_consensus; SPIDER_internal; SpaCcLink
GCG,PTH1R,4,CellTalkDB; LIANA_consensus; SPIDER_internal; SpaCcLink
GCG,RAMP2,4,CellTalkDB; LIANA_consensus; SPIDER_internal; SpaCcLink
GCG,RAMP3,4,CellTalkDB; LIANA_consensus; SPIDER_internal; SpaCcLink
GCG,TSHR,4,CellTalkDB; LIANA_consensus; SPIDER_internal; SpaCcLink
GCG,VIPR1,4,CellTalkDB; LIANA_consensus; SPIDER_internal; SpaCcLink
GDF11,BMPR1A,4,CellTalkDB; LIANA_consensus; SPIDER_internal; SpaCcLink
GDF11,BMPR1B,4,CellTalkDB; LIANA_consensus; SPIDER_internal; SpaCcLink
GDF11,BMPR2,4,CellTalkDB; LIANA_consensus; SPIDER_internal; SpaCcLink
GDF11,TGFBR1,4,COMMOT_CellChat; LARIS_neurotransmitter; LIANA_consensus; stCASE
GDF15,RET,4,CellTalkDB; LIANA_consensus; SPIDER_internal; SpaCcLink
GDF15,TGFBR2,4,COMMOT_CellChat; LARIS_neurotransmitter; LIANA_consensus; stCASE
GDF3,ACVR2A,4,COMMOT_CellChat; LARIS_neurotransmitter; LIANA_consensus; stCASE
GDF3,ACVR2B,4,COMMOT_CellChat; LARIS_neurotransmitter; LIANA_consensus; stCASE
GDF6,ACVR2A,4,COMMOT_CellChat; LARIS_neurotransmitter; LIANA_consensus; stCASE
GDF6,ACVR2B,4,COMMOT_CellChat; LARIS_neurotransmitter; LIANA_consensus; stCASE
GDF7,ACVR2B,4,COMMOT_CellChat; LARIS_neurotransmitter; LIANA_consensus; stCASE
GDNF,EDNRB,4,CellTalkDB; LIANA_consensus; SPIDER_internal; SpaCcLink
GDNF,GFRA3,4,CellTalkDB; LIANA_consensus; SPIDER_internal; SpaCcLink
GHRH,ADCYAP1R1,4,CellTalkDB; LIANA_consensus; SPIDER_internal; SpaCcLink
GHRH,ADRB2,4,CellTalkDB; LIANA_consensus; SPIDER_internal; SpaCcLink
GHRH,ADRB3,4,CellTalkDB; LIANA_consensus; SPIDER_internal; SpaCcLink
GHRH,GHSR,4,COMMOT_CellChat; LARIS_neurotransmitter; LIANA_consensus; stCASE
GHRH,GPR20,4,CellTalkDB; LIANA_consensus; SPIDER_internal; SpaCcLink
GHRH,GPR84,4,CellTalkDB; LIANA_consensus; SPIDER_internal; SpaCcLink
GHRH,PTH1R,4,CellTalkDB; LIANA_consensus; SPIDER_internal; SpaCcLink
GHRH,RAMP2,4,CellTalkDB; LIANA_consensus; SPIDER_internal; SpaCcLink
GHRH,RAMP3,4,CellTalkDB; LIANA_consensus; SPIDER_internal; SpaCcLink
GHRH,TSHR,4,CellTalkDB; LIANA_consensus; SPIDER_internal; SpaCcLink
GHRH,VIPR2,4,COMMOT_CellChat; LARIS_neurotransmitter; LIANA_consensus; stCASE
GHRL,PTGIR,4,CellTalkDB; LIANA_consensus; SPIDER_internal; SpaCcLink
GIP,ADCYAP1R1,4,CellTalkDB; LIANA_consensus; SPIDER_internal; SpaCcLink
GIP,ADRB2,4,CellTalkDB; LIANA_consensus; SPIDER_internal; SpaCcLink
GIP,ADRB3,4,CellTalkDB; LIANA_consensus; SPIDER_internal; SpaCcLink
GIP,GPR20,4,CellTalkDB; LIANA_consensus; SPIDER_internal; SpaCcLink
GIP,GPR84,4,CellTalkDB; LIANA_consensus; SPIDER_internal; SpaCcLink
GIP,INSR,4,CellTalkDB; LIANA_consensus; SPIDER_internal; SpaCcLink
GIP,PTH1R,4,CellTalkDB; LIANA_consensus; SPIDER_internal; SpaCcLink
GIP,RAMP2,4,CellTalkDB; LIANA_consensus; SPIDER_internal; SpaCcLink
GIP,RAMP3,4,CellTalkDB; LIANA_consensus; SPIDER_internal; SpaCcLink
GIP,TSHR,4,CellTalkDB; LIANA_consensus; SPIDER_internal; SpaCcLink
GIP,VIPR1,4,CellTalkDB; LIANA_consensus; SPIDER_internal; SpaCcLink
GNAI2,ADCY7,4,CellTalkDB; LIANA_consensus; SPIDER_internal; SpaCcLink
GNAI2,ADCY8,4,CellTalkDB; LIANA_consensus; SPIDER_internal; SpaCcLink
GNAI2,ADCY9,4,CellTalkDB; LIANA_consensus; SPIDER_internal; SpaCcLink
GNAI2,CHRM1,4,CellTalkDB; LIANA_consensus; SPIDER_internal; SpaCcLink
GNAI2,CXCR3,4,CellTalkDB; LIANA_consensus; SPIDER_internal; SpaCcLink
GNAI2,DRD2,4,CellTalkDB; LIANA_consensus; SPIDER_internal; SpaCcLink
GNAI2,EDNRB,4,CellTalkDB; LIANA_consensus; SPIDER_internal; SpaCcLink
GNAI2,S1PR1,4,CellTalkDB; LIANA_consensus; SPIDER_internal; SpaCcLink
GNAI2,S1PR3,4,CellTalkDB; LIANA_consensus; SPIDER_internal; SpaCcLink
GNAI2,S1PR4,4,CellTalkDB; LIANA_consensus; SPIDER_internal; SpaCcLink
GNAI2,S1PR5,4,CellTalkDB; LIANA_consensus; SPIDER_internal; SpaCcLink
GNAI2,UNC5B,4,CellTalkDB; LIANA_consensus; SPIDER_internal; SpaCcLink
GNAS,ADCY1,4,CellTalkDB; LIANA_consensus; SPIDER_internal; SpaCcLink
GNAS,ADCY7,4,CellTalkDB; LIANA_consensus; SPIDER_internal; SpaCcLink
GNAS,ADCY8,4,CellTalkDB; LIANA_consensus; SPIDER_internal; SpaCcLink
GNAS,ADCY9,4,CellTalkDB; LIANA_consensus; SPIDER_internal; SpaCcLink
GNAS,GLP1R,4,CellTalkDB; LIANA_consensus; SPIDER_internal; SpaCcLink
GNAS,PTGIR,4,CellTalkDB; SPIDER_internal; SpaCcLink; stCASE
GNB3,GABBR2,4,CellTalkDB; LIANA_consensus; SPIDER_internal; SpaCcLink
GNB3,TGFBR1,4,CellTalkDB; LIANA_consensus; SPIDER_internal; SpaCcLink
GP1BA,ITGB2,4,COMMOT_CellChat; LARIS_neurotransmitter; LIANA_consensus; stCASE
GPC3,LRP1,4,CellTalkDB; LIANA_consensus; SPIDER_internal; SpaCcLink
GPC3,LRP2,4,CellTalkDB; LIANA_consensus; SPIDER_internal; SpaCcLink
GPHA2,EPHA6,4,CellTalkDB; LIANA_consensus; SPIDER_internal; SpaCcLink
GRN,CLEC4M,4,CellTalkDB; LIANA_consensus; SPIDER_internal; SpaCcLink
GRN,EGFR,4,CellTalkDB; LIANA_consensus; SPIDER_internal; SpaCcLink
GSTM2,RYR2,4,CellTalkDB; LIANA_consensus; SPIDER_internal; SpaCcLink
GSTO1,RYR1,4,CellTalkDB; LIANA_consensus; SPIDER_internal; SpaCcLink
GSTP1,EGFR,4,CellTalkDB; LIANA_consensus; SPIDER_internal; SpaCcLink
GSTP1,TRAF2,4,CellTalkDB; LIANA_consensus; SPIDER_internal; SpaCcLink
GZMA,F2R,4,COMMOT_CellChat; LARIS_neurotransmitter; LIANA_consensus; stCASE
GZMA,F2RL1,4,COMMOT_CellChat; LARIS_neurotransmitter; LIANA_consensus; stCASE
GZMA,F2RL2,4,COMMOT_CellChat; LARIS_neurotransmitter; LIANA_consensus; stCASE
GZMA,F2RL3,4,COMMOT_CellChat; LARIS_neurotransmitter; LIANA_consensus; stCASE
GZMA,PARD3,4,COMMOT_CellChat; LARIS_neurotransmitter; LIANA_consensus; stCASE
HBEGF,PRLR,4,CellTalkDB; LIANA_consensus; SPIDER_internal; SpaCcLink
HDC,HRH3,4,CellTalkDB; LARIS_neurotransmitter; LIANA_consensus; SPIDER_internal
HEBP1,ADRA2A,4,CellTalkDB; LIANA_consensus; SPIDER_internal; SpaCcLink
HEBP1,GRM7,4,CellTalkDB; LIANA_consensus; SPIDER_internal; SpaCcLink
HEBP1,MTNR1A,4,CellTalkDB; LIANA_consensus; SPIDER_internal; SpaCcLink
HGF,ITGB1,4,CellTalkDB; LIANA_consensus; SPIDER_internal; SpaCcLink
HGF,NRP1,4,CellTalkDB; LIANA_consensus; SPIDER_internal; SpaCcLink
HGF,ST14,4,CellTalkDB; LIANA_consensus; SPIDER_internal; connectomeDB2020_lit
HLA-A,CD8A,4,COMMOT_CellChat; LARIS_neurotransmitter; LIANA_consensus; stCASE
HLA-A,CD8B,4,COMMOT_CellChat; LARIS_neurotransmitter; LIANA_consensus; stCASE
HLA-A,CD8B2,4,COMMOT_CellChat; LARIS_neurotransmitter; LIANA_consensus; stCASE
HLA-A,KIR2DL1,4,CellTalkDB; LIANA_consensus; SPIDER_internal; SpaCcLink
HLA-A,KIR2DL3,4,CellTalkDB; LIANA_consensus; SPIDER_internal; SpaCcLink
HLA-A,LILRA1,4,CellTalkDB; LIANA_consensus; SPIDER_internal; SpaCcLink
HLA-B,CANX,4,CellTalkDB; SPIDER_internal; SpaCcLink; connectomeDB2020_lit
HLA-B,CD3D,4,CellTalkDB; LIANA_consensus; SPIDER_internal; SpaCcLink
HLA-B,CD8A,4,COMMOT_CellChat; LARIS_neurotransmitter; LIANA_consensus; stCASE
HLA-B,CD8B,4,COMMOT_CellChat; LARIS_neurotransmitter; LIANA_consensus; stCASE
HLA-B,CD8B2,4,COMMOT_CellChat; LARIS_neurotransmitter; LIANA_consensus; stCASE
HLA-B,LILRA1,4,CellTalkDB; LIANA_consensus; SPIDER_internal; SpaCcLink
HLA-C,CD8A,4,COMMOT_CellChat; LARIS_neurotransmitter; LIANA_consensus; stCASE
HLA-C,CD8B,4,COMMOT_CellChat; LARIS_neurotransmitter; LIANA_consensus; stCASE
HLA-C,CD8B2,4,COMMOT_CellChat; LARIS_neurotransmitter; LIANA_consensus; stCASE
HLA-C,KIR2DL2,4,COMMOT_CellChat; LARIS_neurotransmitter; LIANA_consensus; stCASE
HLA-C,KIR2DS1,4,COMMOT_CellChat; LARIS_neurotransmitter; LIANA_consensus; stCASE
HLA-C,KIR3DL1,4,CellTalkDB; LIANA_consensus; SPIDER_internal; SpaCcLink
HLA-C,KIR3DL3,4,COMMOT_CellChat; LARIS_neurotransmitter; LIANA_consensus; stCASE
HLA-C,LILRA3,4,LIANA_consensus; SpaCcLink; connectomeDB2020_lit; stCASE
HLA-DMA,CD4,4,COMMOT_CellChat; LARIS_neurotransmitter; LIANA_consensus; stCASE
HLA-DMB,CD4,4,COMMOT_CellChat; LARIS_neurotransmitter; LIANA_consensus; stCASE
HLA-DOB,CD4,4,COMMOT_CellChat; LARIS_neurotransmitter; LIANA_consensus; stCASE
HLA-DPA1,CD4,4,COMMOT_CellChat; LARIS_neurotransmitter; LIANA_consensus; stCASE
HLA-DPB1,CD4,4,COMMOT_CellChat; LARIS_neurotransmitter; LIANA_consensus; stCASE
HLA-DQA1,CD4,4,COMMOT_CellChat; LARIS_neurotransmitter; LIANA_consensus; stCASE
HLA-DQA2,CD4,4,COMMOT_CellChat; LARIS_neurotransmitter; LIANA_consensus; stCASE
HLA-DQB1,CD4,4,COMMOT_CellChat; LARIS_neurotransmitter; LIANA_consensus; stCASE
HLA-DRA,CD4,4,COMMOT_CellChat; LARIS_neurotransmitter; LIANA_consensus; stCASE
HLA-DRB1,CD4,4,COMMOT_CellChat; LARIS_neurotransmitter; LIANA_consensus; stCASE
HLA-DRB3,CD4,4,COMMOT_CellChat; LARIS_neurotransmitter; LIANA_consensus; stCASE
HLA-DRB4,CD4,4,COMMOT_CellChat; LARIS_neurotransmitter; LIANA_consensus; stCASE
HLA-DRB5,CD4,4,COMMOT_CellChat; LARIS_neurotransmitter; LIANA_consensus; stCASE
HLA-E,CD8A,4,COMMOT_CellChat; LARIS_neurotransmitter; LIANA_consensus; stCASE
HLA-E,CD8B,4,COMMOT_CellChat; LARIS_neurotransmitter; LIANA_consensus; stCASE
HLA-E,CD8B2,4,COMMOT_CellChat; LARIS_neurotransmitter; LIANA_consensus; stCASE
HLA-E,KIR3DL1,4,CellTalkDB; LIANA_consensus; SPIDER_internal; SpaCcLink
HLA-E,KLRC3,4,COMMOT_CellChat; LARIS_neurotransmitter; LIANA_consensus; stCASE
HLA-F,CD8A,4,COMMOT_CellChat; LARIS_neurotransmitter; LIANA_consensus; stCASE
HLA-F,CD8B,4,COMMOT_CellChat; LARIS_neurotransmitter; LIANA_consensus; stCASE
HLA-F,CD8B2,4,COMMOT_CellChat; LARIS_neurotransmitter; LIANA_consensus; stCASE
HLA-F,KIR3DS1,4,COMMOT_CellChat; LARIS_neurotransmitter; LIANA_consensus; stCASE
HLA-G,CD4,4,CellTalkDB; LIANA_consensus; SPIDER_internal; SpaCcLink
HLA-G,CD8A,4,COMMOT_CellChat; LARIS_neurotransmitter; LIANA_consensus; stCASE
HLA-G,CD8B,4,COMMOT_CellChat; LARIS_neurotransmitter; LIANA_consensus; stCASE
HLA-G,CD8B2,4,COMMOT_CellChat; LARIS_neurotransmitter; LIANA_consensus; stCASE
HMGB1,AGER,4,CellTalkDB; LIANA_consensus; SPIDER_internal; SpaCcLink
HMGB1,CXCR4,4,CellTalkDB; LIANA_consensus; SPIDER_internal; SpaCcLink
HMGB1,TLR2,4,CellTalkDB; LIANA_consensus; SPIDER_internal; SpaCcLink
HMGB1,TLR4,4,CellTalkDB; LIANA_consensus; SPIDER_internal; SpaCcLink
HMGB1,TLR9,4,CellTalkDB; LIANA_consensus; SPIDER_internal; SpaCcLink
HP,TLR4,4,CellTalkDB; LIANA_consensus; SPIDER_internal; SpaCcLink
HPX,LRP1,4,CellTalkDB; LIANA_consensus; SPIDER_internal; SpaCcLink
HRAS,TLR9,4,CellTalkDB; LIANA_consensus; SPIDER_internal; SpaCcLink
HRG,ERBB2,4,CellTalkDB; LIANA_consensus; SPIDER_internal; SpaCcLink
HRG,ERBB3,4,CellTalkDB; LIANA_consensus; SPIDER_internal; SpaCcLink
HSP90AA1,CFTR,4,CellTalkDB; SPIDER_internal; SpaCcLink; connectomeDB2020_lit
HSP90AA1,ERBB2,4,CellTalkDB; SPIDER_internal; SpaCcLink; stCASE
HSPA1A,GRIN2D,4,CellTalkDB; LIANA_consensus; SPIDER_internal; SpaCcLink
HSPA1A,TLR4,4,CellTalkDB; LIANA_consensus; SPIDER_internal; SpaCcLink
HSPA4,TLR4,4,CellTalkDB; LIANA_consensus; SPIDER_internal; SpaCcLink
HSPA8,ADRB2,4,CellTalkDB; LIANA_consensus; SPIDER_internal; SpaCcLink
HSPA8,LDLR,4,CellTalkDB; LIANA_consensus; SPIDER_internal; SpaCcLink
HSPA8,LRP2,4,CellTalkDB; LIANA_consensus; SPIDER_internal; SpaCcLink
HSPG2,COL13A1,4,CellTalkDB; SPIDER_internal; SpaCcLink; connectomeDB2020_lit
HSPG2,DAG1,4,COMMOT_CellChat; LARIS_neurotransmitter; LIANA_consensus; stCASE
HSPG2,LRP1,4,CellTalkDB; LIANA_consensus; SPIDER_internal; SpaCcLink
HSPG2,LRP2,4,CellTalkDB; LIANA_consensus; SPIDER_internal; SpaCcLink
IAPP,ADCYAP1R1,4,CellTalkDB; LIANA_consensus; SPIDER_internal; SpaCcLink
IAPP,ADRB2,4,CellTalkDB; LIANA_consensus; SPIDER_internal; SpaCcLink
IAPP,ADRB3,4,CellTalkDB; LIANA_consensus; SPIDER_internal; SpaCcLink
IAPP,CALCRL,4,COMMOT_CellChat; LARIS_neurotransmitter; LIANA_consensus; stCASE
IAPP,GPR20,4,CellTalkDB; LIANA_consensus; SPIDER_internal; SpaCcLink
IAPP,GPR84,4,CellTalkDB; LIANA_consensus; SPIDER_internal; SpaCcLink
IAPP,PTH1R,4,CellTalkDB; LIANA_consensus; SPIDER_internal; SpaCcLink
IAPP,TSHR,4,CellTalkDB; LIANA_consensus; SPIDER_internal; SpaCcLink
IAPP,VIPR1,4,CellTalkDB; LIANA_consensus; SPIDER_internal; SpaCcLink
IBSP,ITGB5,4,COMMOT_CellChat; LARIS_neurotransmitter; LIANA_consensus; stCASE
ICAM1,CAV1,4,CellTalkDB; LIANA_consensus; SPIDER_internal; SpaCcLink
ICAM1,MUC1,4,CellTalkDB; LIANA_consensus; SPIDER_internal; SpaCcLink
ICAM3,CD209,4,CellTalkDB; SPIDER_internal; SpaCcLink; connectomeDB2020_lit
ICAM4,RHAG,4,CellTalkDB; LIANA_consensus; SPIDER_internal; SpaCcLink
IFNA1,CR2,4,CellTalkDB; LIANA_consensus; SPIDER_internal; SpaCcLink
IFNE,ADGRV1,4,CellTalkDB; LIANA_consensus; SPIDER_internal; SpaCcLink
IFNK,IFNAR1,4,COMMOT_CellChat; LARIS_neurotransmitter; LIANA_consensus; connectomeDB2020_lit
IGF1,IGF2R,4,CellTalkDB; LIANA_consensus; SPIDER_internal; SpaCcLink
IGF1,ITGB3,4,COMMOT_CellChat; LARIS_neurotransmitter; LIANA_consensus; stCASE
IGF1,ITGB4,4,COMMOT_CellChat; LARIS_neurotransmitter; LIANA_consensus; stCASE
IGF2,ITGB3,4,COMMOT_CellChat; LARIS_neurotransmitter; LIANA_consensus; stCASE
IGF2,ITGB4,4,COMMOT_CellChat; LARIS_neurotransmitter; LIANA_consensus; stCASE
IHH,SMO,4,COMMOT_CellChat; LARIS_neurotransmitter; LIANA_consensus; stCASE
IL13,TMEM219,4,CellTalkDB; LIANA_consensus; SPIDER_internal; SpaCcLink
IL16,CCR5,4,CellTalkDB; LIANA_consensus; SPIDER_internal; SpaCcLink
IL16,GRIN2A,4,CellTalkDB; LIANA_consensus; SPIDER_internal; SpaCcLink
IL16,GRIN2B,4,CellTalkDB; LIANA_consensus; SPIDER_internal; SpaCcLink
IL16,GRIN2C,4,CellTalkDB; LIANA_consensus; SPIDER_internal; SpaCcLink
IL16,KCND1,4,CellTalkDB; LIANA_consensus; SPIDER_internal; SpaCcLink
IL16,KCND2,4,CellTalkDB; LIANA_consensus; SPIDER_internal; SpaCcLink
IL16,KCNJ4,4,CellTalkDB; LIANA_consensus; SPIDER_internal; SpaCcLink
IL17C,IL17RA,4,COMMOT_CellChat; LARIS_neurotransmitter; LIANA_consensus; connectomeDB2020_lit
IL18,IL18BP,4,CellTalkDB; LIANA_consensus; SPIDER_internal; SpaCcLink
IL1B,SIGIRR,4,CellTalkDB; LIANA_consensus; SPIDER_internal; SpaCcLink
IL1F10,IL1RAP,4,COMMOT_CellChat; LARIS_neurotransmitter; LIANA_consensus; stCASE
IL1RN,IL1R1,4,CellTalkDB; SPIDER_internal; SpaCcLink; connectomeDB2020_lit
IL1RN,IL1RL2,4,CellTalkDB; LIANA_consensus; SPIDER_internal; SpaCcLink
IL22,IL21R,4,CellTalkDB; LIANA_consensus; SPIDER_internal; SpaCcLink
IL23A,IL12RB2,4,CellTalkDB; LIANA_consensus; SPIDER_internal; SpaCcLink
IL24,IL10RB,4,CellTalkDB; LIANA_consensus; SPIDER_internal; SpaCcLink
IL27,IL6ST,4,COMMOT_CellChat; LARIS_neurotransmitter; LIANA_consensus; stCASE
IL33,IL1RAP,4,COMMOT_CellChat; LARIS_neurotransmitter; LIANA_consensus; stCASE
IL36A,IL1RAP,4,COMMOT_CellChat; LARIS_neurotransmitter; LIANA_consensus; stCASE
IL36B,IL1RAP,4,COMMOT_CellChat; LARIS_neurotransmitter; LIANA_consensus; stCASE
IL36G,IL1RAP,4,COMMOT_CellChat; LARIS_neurotransmitter; LIANA_consensus; stCASE
IL37,IL18RAP,4,COMMOT_CellChat; LARIS_neurotransmitter; LIANA_consensus; stCASE
IL6,F3,4,CellTalkDB; LIANA_consensus; SPIDER_internal; SpaCcLink
IL6,HRH1,4,CellTalkDB; LIANA_consensus; SPIDER_internal; SpaCcLink
INHA,ACVR1,4,CellTalkDB; LIANA_consensus; SPIDER_internal; SpaCcLink
INHA,TGFBR3,4,CellTalkDB; LIANA_consensus; SPIDER_internal; connectomeDB2020_lit
INHBA,ACVR1C,4,COMMOT_CellChat; LARIS_neurotransmitter; LIANA_consensus; connectomeDB2020_lit
INHBC,ACVR1,4,CellTalkDB; LIANA_consensus; SPIDER_internal; SpaCcLink
INS,LILRB1,4,CellTalkDB; LIANA_consensus; SPIDER_internal; SpaCcLink
INS,LILRB2,4,CellTalkDB; LIANA_consensus; SPIDER_internal; SpaCcLink
INSL3,ADCYAP1R1,4,CellTalkDB; LIANA_consensus; SPIDER_internal; SpaCcLink
INSL3,ADRB2,4,CellTalkDB; LIANA_consensus; SPIDER_internal; SpaCcLink
INSL3,ADRB3,4,CellTalkDB; LIANA_consensus; SPIDER_internal; SpaCcLink
INSL3,GPR20,4,CellTalkDB; LIANA_consensus; SPIDER_internal; SpaCcLink
INSL3,GPR84,4,CellTalkDB; LIANA_consensus; SPIDER_internal; SpaCcLink
INSL3,PTH1R,4,CellTalkDB; LIANA_consensus; SPIDER_internal; SpaCcLink
INSL3,RAMP2,4,CellTalkDB; LIANA_consensus; SPIDER_internal; SpaCcLink
INSL3,RAMP3,4,CellTalkDB; LIANA_consensus; SPIDER_internal; SpaCcLink
INSL3,RXFP3,4,COMMOT_CellChat; LARIS_neurotransmitter; LIANA_consensus; stCASE
INSL3,RXFP4,4,COMMOT_CellChat; LARIS_neurotransmitter; LIANA_consensus; stCASE
INSL3,TSHR,4,CellTalkDB; LIANA_consensus; SPIDER_internal; SpaCcLink
INSL3,VIPR1,4,CellTalkDB; LIANA_consensus; SPIDER_internal; SpaCcLink
INSL5,ADRA2A,4,CellTalkDB; LIANA_consensus; SPIDER_internal; SpaCcLink
INSL5,GRM7,4,CellTalkDB; LIANA_consensus; SPIDER_internal; SpaCcLink
INSL5,MTNR1A,4,CellTalkDB; LIANA_consensus; SPIDER_internal; SpaCcLink
INSL5,RXFP1,4,COMMOT_CellChat; LARIS_neurotransmitter; LIANA_consensus; stCASE
INSL5,RXFP2,4,COMMOT_CellChat; LARIS_neurotransmitter; LIANA_consensus; stCASE
IRAK4,TLR4,4,CellTalkDB; LIANA_consensus; SPIDER_internal; SpaCcLink
IRAK4,TLR6,4,CellTalkDB; LIANA_consensus; SPIDER_internal; SpaCcLink
IRAK4,TLR7,4,CellTalkDB; LIANA_consensus; SPIDER_internal; SpaCcLink
ITGB3BP,ITGB3,4,CellTalkDB; LIANA_consensus; SPIDER_internal; SpaCcLink
ITGB3BP,ITGB5,4,CellTalkDB; LIANA_consensus; SPIDER_internal; SpaCcLink
ITIH2,FCER1A,4,CellTalkDB; LIANA_consensus; SPIDER_internal; SpaCcLink
IZUMO1,CD9,4,CellTalkDB; LIANA_consensus; SPIDER_internal; stCASE
IZUMO1,IZUMO1R,4,CellTalkDB; LIANA_consensus; SPIDER_internal; SpaCcLink
JAM2,F11R,4,COMMOT_CellChat; LARIS_neurotransmitter; connectomeDB2020_lit; stCASE
JAM2,ITGB1,4,COMMOT_CellChat; LARIS_neurotransmitter; LIANA_consensus; stCASE
JAM2,JAM3,4,COMMOT_CellChat; LARIS_neurotransmitter; connectomeDB2020_lit; stCASE
JAM3,ITGB1,4,CellTalkDB; LIANA_consensus; SPIDER_internal; SpaCcLink
KLK3,EPOR,4,CellTalkDB; LIANA_consensus; SPIDER_internal; SpaCcLink
KLK3,NTRK1,4,COMMOT_CellChat; LARIS_neurotransmitter; LIANA_consensus; stCASE
KNG1,ADRA2A,4,CellTalkDB; LIANA_consensus; SPIDER_internal; SpaCcLink
KNG1,CD93,4,CellTalkDB; LIANA_consensus; SPIDER_internal; stCASE
KNG1,GRM7,4,CellTalkDB; LIANA_consensus; SPIDER_internal; SpaCcLink
KNG1,ITGAM,4,CellTalkDB; LIANA_consensus; SPIDER_internal; SpaCcLink
KNG1,MTNR1A,4,CellTalkDB; LIANA_consensus; SPIDER_internal; SpaCcLink
L1CAM,FGFR2,4,CellTalkDB; LIANA_consensus; SPIDER_internal; SpaCcLink
L1CAM,ITGB3,4,COMMOT_CellChat; LARIS_neurotransmitter; LIANA_consensus; stCASE
L1CAM,ITGB7,4,COMMOT_CellChat; LARIS_neurotransmitter; LIANA_consensus; stCASE
LAMA1,CD44,4,COMMOT_CellChat; LARIS_neurotransmitter; LIANA_consensus; stCASE
LAMA1,DAG1,4,COMMOT_CellChat; LARIS_neurotransmitter; LIANA_consensus; stCASE
LAMA1,GPC1,4,CellTalkDB; LIANA_consensus; SPIDER_internal; SpaCcLink
LAMA1,SDC2,4,CellTalkDB; LIANA_consensus; SPIDER_internal; SpaCcLink
LAMA1,SDC4,4,CellTalkDB; LIANA_consensus; SPIDER_internal; SpaCcLink
LAMA2,CD44,4,COMMOT_CellChat; LARIS_neurotransmitter; LIANA_consensus; stCASE
LAMA2,ITGB8,4,COMMOT_CellChat; LARIS_neurotransmitter; LIANA_consensus; stCASE
LAMA3,CD44,4,COMMOT_CellChat; LARIS_neurotransmitter; LIANA_consensus; stCASE
LAMA3,DAG1,4,COMMOT_CellChat; LARIS_neurotransmitter; LIANA_consensus; stCASE
LAMA3,ITGB8,4,COMMOT_CellChat; LARIS_neurotransmitter; LIANA_consensus; stCASE
LAMA4,CD44,4,COMMOT_CellChat; LARIS_neurotransmitter; LIANA_consensus; stCASE
LAMA4,DAG1,4,COMMOT_CellChat; LARIS_neurotransmitter; LIANA_consensus; stCASE
LAMA4,ITGB4,4,COMMOT_CellChat; LARIS_neurotransmitter; LIANA_consensus; stCASE
LAMA4,ITGB8,4,COMMOT_CellChat; LARIS_neurotransmitter; LIANA_consensus; stCASE
LAMA5,CD44,4,COMMOT_CellChat; LARIS_neurotransmitter; LIANA_consensus; stCASE
LAMA5,DAG1,4,COMMOT_CellChat; LARIS_neurotransmitter; LIANA_consensus; stCASE
LAMA5,ITGB8,4,COMMOT_CellChat; LARIS_neurotransmitter; LIANA_consensus; stCASE
LAMA5,SDC1,4,CellTalkDB; LIANA_consensus; SPIDER_internal; SpaCcLink
LAMB1,CD44,4,COMMOT_CellChat; LARIS_neurotransmitter; LIANA_consensus; stCASE
LAMB1,DAG1,4,COMMOT_CellChat; LARIS_neurotransmitter; LIANA_consensus; stCASE
LAMB1,ITGB8,4,COMMOT_CellChat; LARIS_neurotransmitter; LIANA_consensus; stCASE
LAMB2,CD44,4,COMMOT_CellChat; LARIS_neurotransmitter; LIANA_consensus; stCASE
LAMB2,DAG1,4,COMMOT_CellChat; LARIS_neurotransmitter; LIANA_consensus; stCASE
LAMB2,ITGB8,4,COMMOT_CellChat; LARIS_neurotransmitter; LIANA_consensus; stCASE
LAMB3,CD44,4,COMMOT_CellChat; LARIS_neurotransmitter; LIANA_consensus; stCASE
LAMB3,DAG1,4,COMMOT_CellChat; LARIS_neurotransmitter; LIANA_consensus; stCASE
LAMB3,ITGB8,4,COMMOT_CellChat; LARIS_neurotransmitter; LIANA_consensus; stCASE
LAMC1,CD44,4,COMMOT_CellChat; LARIS_neurotransmitter; LIANA_consensus; stCASE
LAMC1,DAG1,4,COMMOT_CellChat; LARIS_neurotransmitter; LIANA_consensus; stCASE
LAMC1,ITGB8,4,COMMOT_CellChat; LARIS_neurotransmitter; LIANA_consensus; stCASE
LAMC2,CD44,4,COMMOT_CellChat; LARIS_neurotransmitter; LIANA_consensus; stCASE
LAMC2,DAG1,4,COMMOT_CellChat; LARIS_neurotransmitter; LIANA_consensus; stCASE
LAMC2,ITGB8,4,COMMOT_CellChat; LARIS_neurotransmitter; LIANA_consensus; stCASE
LAMC3,CD44,4,COMMOT_CellChat; LARIS_neurotransmitter; LIANA_consensus; stCASE
LAMC3,DAG1,4,COMMOT_CellChat; LARIS_neurotransmitter; LIANA_consensus; stCASE
LAMC3,ITGB8,4,COMMOT_CellChat; LARIS_neurotransmitter; LIANA_consensus; stCASE
LCK,CD8B,4,COMMOT_CellChat; LARIS_neurotransmitter; LIANA_consensus; stCASE
LCN1,LMBR1L,4,CellTalkDB; LIANA_consensus; SPIDER_internal; connectomeDB2020_lit
LEFTY1,ACVR1B,4,CellTalkDB; LIANA_consensus; SPIDER_internal; SpaCcLink
LEFTY1,ACVR2A,4,CellTalkDB; LIANA_consensus; SPIDER_internal; SpaCcLink
LEFTY1,ACVR2B,4,CellTalkDB; LIANA_consensus; SPIDER_internal; SpaCcLink
LEFTY2,ACVR1B,4,CellTalkDB; LIANA_consensus; SPIDER_internal; SpaCcLink
LEP,LRP2,4,CellTalkDB; LIANA_consensus; SPIDER_internal; SpaCcLink
LGALS8,ITGA3,4,CellTalkDB; LIANA_consensus; SPIDER_internal; SpaCcLink
LGALS9,CD47,4,CellTalkDB; LIANA_consensus; SPIDER_internal; SpaCcLink
LGALS9,MRC2,4,CellTalkDB; LIANA_consensus; SPIDER_internal; SpaCcLink
LGALS9,PTPRC,4,COMMOT_CellChat; LARIS_neurotransmitter; LIANA_consensus; stCASE
LGALS9,SLC1A5,4,CellTalkDB; LIANA_consensus; SPIDER_internal; SpaCcLink
LHB,ADCYAP1R1,4,CellTalkDB; LIANA_consensus; SPIDER_internal; SpaCcLink
LHB,ADRB2,4,CellTalkDB; LIANA_consensus; SPIDER_internal; SpaCcLink
LHB,ADRB3,4,CellTalkDB; LIANA_consensus; SPIDER_internal; SpaCcLink
LHB,GPR20,4,CellTalkDB; LIANA_consensus; SPIDER_internal; SpaCcLink
LHB,GPR84,4,CellTalkDB; LIANA_consensus; SPIDER_internal; SpaCcLink
LHB,PTH1R,4,CellTalkDB; LIANA_consensus; SPIDER_internal; SpaCcLink
LHB,RAMP2,4,CellTalkDB; LIANA_consensus; SPIDER_internal; SpaCcLink
LHB,RAMP3,4,CellTalkDB; LIANA_consensus; SPIDER_internal; SpaCcLink
LHB,TSHR,4,CellTalkDB; LIANA_consensus; SPIDER_internal; SpaCcLink
LHB,VIPR1,4,CellTalkDB; LIANA_consensus; SPIDER_internal; SpaCcLink
LIN7C,ABCA1,4,CellTalkDB; LIANA_consensus; SPIDER_internal; SpaCcLink
LIN7C,KCNJ4,4,CellTalkDB; LIANA_consensus; SPIDER_internal; SpaCcLink
LMAN1,MCFD2,4,CellTalkDB; LIANA_consensus; SPIDER_internal; SpaCcLink
LPA,ITGAM,4,CellTalkDB; LIANA_consensus; SPIDER_internal; SpaCcLink
LPA,ITGB2,4,CellTalkDB; LIANA_consensus; SPIDER_internal; SpaCcLink
LPA,LPAR1,4,CellTalkDB; LIANA_consensus; SPIDER_internal; SpaCcLink
LPA,LPAR2,4,CellTalkDB; LIANA_consensus; SPIDER_internal; SpaCcLink
LPA,LPAR3,4,CellTalkDB; LIANA_consensus; SPIDER_internal; SpaCcLink
LPA,LPAR4,4,CellTalkDB; LIANA_consensus; SPIDER_internal; SpaCcLink
LPL,CD44,4,CellTalkDB; LIANA_consensus; SPIDER_internal; SpaCcLink
LRIG1,EGFR,4,CellTalkDB; LIANA_consensus; SPIDER_internal; SpaCcLink
LRIG2,EGFR,4,CellTalkDB; LIANA_consensus; SPIDER_internal; SpaCcLink
LRPAP1,SORL1,4,CellTalkDB; LIANA_consensus; SPIDER_internal; connectomeDB2020_lit
LTA,RIPK1,4,CellTalkDB; LIANA_consensus; SPIDER_internal; SpaCcLink
LUM,ITGB1,4,CellTalkDB; LIANA_consensus; SPIDER_internal; SpaCcLink
MATN1,ITGB1,4,LIANA_consensus; SpaCcLink; connectomeDB2020_lit; stCASE
MBL2,CALCR,4,CellTalkDB; LIANA_consensus; SPIDER_internal; SpaCcLink
MBL2,CD93,4,CellTalkDB; LIANA_consensus; SPIDER_internal; connectomeDB2020_lit
MDK,GPC2,4,CellTalkDB; LIANA_consensus; SPIDER_internal; SpaCcLink
MDK,NCL,4,COMMOT_CellChat; LARIS_neurotransmitter; LIANA_consensus; stCASE
MDK,SDC2,4,COMMOT_CellChat; LARIS_neurotransmitter; LIANA_consensus; stCASE
MEGF10,ABCA1,4,CellTalkDB; LIANA_consensus; SPIDER_internal; SpaCcLink
MELTF,TFRC,4,CellTalkDB; LIANA_consensus; SPIDER_internal; SpaCcLink
MEPE,PHEX,4,CellTalkDB; LIANA_consensus; SPIDER_internal; connectomeDB2020_lit
MFAP5,NOTCH1,4,CellTalkDB; LIANA_consensus; SPIDER_internal; SpaCcLink
MIF,ACKR3,4,COMMOT_CellChat; LARIS_neurotransmitter; LIANA_consensus; stCASE
MMP1,CD44,4,CellTalkDB; LIANA_consensus; SPIDER_internal; SpaCcLink
MMP2,CCR2,4,CellTalkDB; LIANA_consensus; SPIDER_internal; SpaCcLink
MMP2,PECAM1,4,CellTalkDB; LIANA_consensus; SPIDER_internal; SpaCcLink
MMP7,SDC1,4,CellTalkDB; LIANA_consensus; SPIDER_internal; SpaCcLink
MMP9,IFNAR1,4,CellTalkDB; LIANA_consensus; SPIDER_internal; SpaCcLink
MMP9,ITGAM,4,CellTalkDB; LIANA_consensus; SPIDER_internal; SpaCcLink
MMP9,TLR9,4,CellTalkDB; LIANA_consensus; SPIDER_internal; SpaCcLink
MPZ,MPZL1,4,COMMOT_CellChat; LARIS_neurotransmitter; LIANA_consensus; stCASE
MSTN,ACVR2A,4,COMMOT_CellChat; LARIS_neurotransmitter; LIANA_consensus; stCASE
MSTN,TGFBR1,4,COMMOT_CellChat; LARIS_neurotransmitter; LIANA_consensus; stCASE
MUC7,SELL,4,CellTalkDB; SPIDER_internal; SpaCcLink; connectomeDB2020_lit
MYOC,FZD10,4,LIANA_consensus; SpaCcLink; connectomeDB2020_lit; stCASE
MYOC,FZD3,4,LIANA_consensus; SpaCcLink; connectomeDB2020_lit; stCASE
MYOC,FZD4,4,LIANA_consensus; SpaCcLink; connectomeDB2020_lit; stCASE
MYOC,FZD7,4,LIANA_consensus; SpaCcLink; connectomeDB2020_lit; stCASE
NAMPT,ADORA2A,4,CellTalkDB; LIANA_consensus; SPIDER_internal; SpaCcLink
NAMPT,ITGB1,4,COMMOT_CellChat; LARIS_neurotransmitter; LIANA_consensus; stCASE
NCAM1,CACNA1C,4,CellTalkDB; LIANA_consensus; SPIDER_internal; SpaCcLink
NCAM1,NCAM2,4,COMMOT_CellChat; LARIS_neurotransmitter; LIANA_consensus; stCASE
NCAM1,PTPRA,4,CellTalkDB; LIANA_consensus; SPIDER_internal; SpaCcLink
NCAM1,ROBO3,4,LIANA_consensus; SpaCcLink; connectomeDB2020_lit; stCASE
NCAN,CDH2,4,CellTalkDB; LIANA_consensus; SPIDER_internal; SpaCcLink
NCAN,SDC3,4,CellTalkDB; LIANA_consensus; SPIDER_internal; SpaCcLink
NECTIN1,CADM3,4,COMMOT_CellChat; LARIS_neurotransmitter; connectomeDB2020_lit; stCASE
NECTIN1,CD96,4,COMMOT_CellChat; LIANA_consensus; connectomeDB2020_lit; stCASE
NECTIN3,NECTIN1,4,COMMOT_CellChat; LARIS_neurotransmitter; LIANA_consensus; stCASE
NECTIN3,TIGIT,4,COMMOT_CellChat; LARIS_neurotransmitter; LIANA_consensus; stCASE
NFASC,CNTNAP1,4,COMMOT_CellChat; LARIS_neurotransmitter; LIANA_consensus; stCASE
NGF,BEX3,4,CellTalkDB; LIANA_consensus; SPIDER_internal; SpaCcLink
NGF,KIDINS220,4,CellTalkDB; LIANA_consensus; SPIDER_internal; SpaCcLink
NGF,MAGED1,4,CellTalkDB; LIANA_consensus; SPIDER_internal; SpaCcLink
NGF,SORCS3,4,CellTalkDB; LIANA_consensus; SPIDER_internal; connectomeDB2020_lit
NGF,TRPV1,4,CellTalkDB; LIANA_consensus; SPIDER_internal; SpaCcLink
NID1,COL13A1,4,CellTalkDB; SPIDER_internal; SpaCcLink; connectomeDB2020_lit
NID1,ITGA3,4,CellTalkDB; LIANA_consensus; SPIDER_internal; SpaCcLink
NID1,ITGB1,4,CellTalkDB; LIANA_consensus; SPIDER_internal; SpaCcLink
NID2,COL13A1,4,CellTalkDB; SPIDER_internal; SpaCcLink; connectomeDB2020_lit
NMS,ADRA2A,4,CellTalkDB; LIANA_consensus; SPIDER_internal; SpaCcLink
NMS,GRM7,4,CellTalkDB; LIANA_consensus; SPIDER_internal; SpaCcLink
NMS,MTNR1A,4,CellTalkDB; LIANA_consensus; SPIDER_internal; SpaCcLink
NMU,ADRA2A,4,CellTalkDB; LIANA_consensus; SPIDER_internal; SpaCcLink
NMU,GRM7,4,CellTalkDB; LIANA_consensus; SPIDER_internal; SpaCcLink
NMU,MTNR1A,4,CellTalkDB; LIANA_consensus; SPIDER_internal; SpaCcLink
NPB,ADRA2A,4,CellTalkDB; LIANA_consensus; SPIDER_internal; SpaCcLink
NPB,GRM7,4,CellTalkDB; LIANA_consensus; SPIDER_internal; SpaCcLink
NPB,MTNR1A,4,CellTalkDB; LIANA_consensus; SPIDER_internal; SpaCcLink
NPPB,DPP4,4,CellTalkDB; LIANA_consensus; SPIDER_internal; SpaCcLink
NPPC,NPR1,4,CellTalkDB; LIANA_consensus; SPIDER_internal; SpaCcLink
NPS,ADCYAP1R1,4,CellTalkDB; LIANA_consensus; SPIDER_internal; SpaCcLink
NPS,ADRB2,4,CellTalkDB; LIANA_consensus; SPIDER_internal; SpaCcLink
NPS,ADRB3,4,CellTalkDB; LIANA_consensus; SPIDER_internal; SpaCcLink
NPS,GPR20,4,CellTalkDB; LIANA_consensus; SPIDER_internal; SpaCcLink
NPS,GPR84,4,CellTalkDB; LIANA_consensus; SPIDER_internal; SpaCcLink
NPS,PTH1R,4,CellTalkDB; LIANA_consensus; SPIDER_internal; SpaCcLink
NPS,RAMP2,4,CellTalkDB; LIANA_consensus; SPIDER_internal; SpaCcLink
NPS,RAMP3,4,CellTalkDB; LIANA_consensus; SPIDER_internal; SpaCcLink
NPS,TSHR,4,CellTalkDB; LIANA_consensus; SPIDER_internal; SpaCcLink
NPS,VIPR1,4,CellTalkDB; LIANA_consensus; SPIDER_internal; SpaCcLink
NPW,ADRA2A,4,CellTalkDB; LIANA_consensus; SPIDER_internal; SpaCcLink
NPW,GRM7,4,CellTalkDB; LIANA_consensus; SPIDER_internal; SpaCcLink
NPW,MTNR1A,4,CellTalkDB; LIANA_consensus; SPIDER_internal; SpaCcLink
NPY,ADRA2A,4,CellTalkDB; LIANA_consensus; SPIDER_internal; SpaCcLink
NPY,DPP4,4,CellTalkDB; LIANA_consensus; SPIDER_internal; SpaCcLink
NPY,FAP,4,CellTalkDB; LIANA_consensus; SPIDER_internal; connectomeDB2020_lit
NPY,GPR83,4,COMMOT_CellChat; LARIS_neurotransmitter; LIANA_consensus; stCASE
NPY,GRM7,4,CellTalkDB; LIANA_consensus; SPIDER_internal; SpaCcLink
NPY,MTNR1A,4,CellTalkDB; LIANA_consensus; SPIDER_internal; SpaCcLink
NPY,NPY6R,4,COMMOT_CellChat; LARIS_neurotransmitter; LIANA_consensus; stCASE
NPY,PRLHR,4,CellTalkDB; LIANA_consensus; SPIDER_internal; connectomeDB2020_lit
NRG1,EGFR,4,CellTalkDB; LIANA_consensus; SPIDER_internal; SpaCcLink
NRG1,GPC1,4,CellTalkDB; LIANA_consensus; SPIDER_internal; SpaCcLink
NRG1,ITGB3,4,COMMOT_CellChat; LARIS_neurotransmitter; LIANA_consensus; stCASE
NRG3,ERBB3,4,CellTalkDB; LIANA_consensus; SPIDER_internal; SpaCcLink
NRG4,EGFR,4,CellTalkDB; LIANA_consensus; SPIDER_internal; SpaCcLink
NRTN,GFRA3,4,CellTalkDB; LIANA_consensus; SPIDER_internal; SpaCcLink
NRXN1,NLGN1,4,COMMOT_CellChat; LARIS_neurotransmitter; LIANA_consensus; stCASE
NRXN1,NLGN2,4,COMMOT_CellChat; LARIS_neurotransmitter; LIANA_consensus; stCASE
NRXN1,NLGN3,4,COMMOT_CellChat; LARIS_neurotransmitter; LIANA_consensus; stCASE
NRXN2,NLGN1,4,COMMOT_CellChat; LARIS_neurotransmitter; LIANA_consensus; stCASE
NRXN2,NLGN2,4,COMMOT_CellChat; LARIS_neurotransmitter; LIANA_consensus; stCASE
NRXN2,NLGN3,4,COMMOT_CellChat; LARIS_neurotransmitter; LIANA_consensus; stCASE
NRXN3,NLGN1,4,COMMOT_CellChat; LARIS_neurotransmitter; LIANA_consensus; stCASE
NRXN3,NLGN2,4,COMMOT_CellChat; LARIS_neurotransmitter; LIANA_consensus; stCASE
NRXN3,NLGN3,4,COMMOT_CellChat; LARIS_neurotransmitter; LIANA_consensus; stCASE
NTNG1,LRRC4C,4,CellTalkDB; LIANA_consensus; SPIDER_internal; connectomeDB2020_lit
NTNG2,LRRC4,4,CellTalkDB; LIANA_consensus; SPIDER_internal; connectomeDB2020_lit
NTS,NGFR,4,CellTalkDB; LIANA_consensus; SPIDER_internal; SpaCcLink
OMG,NGFR,4,CellTalkDB; LIANA_consensus; SPIDER_internal; SpaCcLink
OMG,RTN4R,4,CellTalkDB; LIANA_consensus; SPIDER_internal; connectomeDB2020_lit
P4HB,MTTP,4,CellTalkDB; LIANA_consensus; SPIDER_internal; SpaCcLink
PCSK9,APLP2,4,CellTalkDB; LIANA_consensus; SPIDER_internal; SpaCcLink
PCSK9,LDLR,4,CellTalkDB; LIANA_consensus; SPIDER_internal; SpaCcLink
PCSK9,LRP1,4,CellTalkDB; LIANA_consensus; SPIDER_internal; SpaCcLink
PCSK9,SORT1,4,CellTalkDB; LIANA_consensus; SPIDER_internal; SpaCcLink
PDAP1,PDGFRB,4,CellTalkDB; LIANA_consensus; SPIDER_internal; SpaCcLink
PDGFB,ITGAV,4,CellTalkDB; LIANA_consensus; SPIDER_internal; SpaCcLink
PDGFB,S1PR1,4,CellTalkDB; LIANA_consensus; SPIDER_internal; SpaCcLink
PDGFC,FLT1,4,CellTalkDB; LIANA_consensus; SPIDER_internal; SpaCcLink
PDGFC,FLT4,4,CellTalkDB; LIANA_consensus; SPIDER_internal; SpaCcLink
PDGFC,KDR,4,CellTalkDB; LIANA_consensus; SPIDER_internal; SpaCcLink
PDGFD,PDGFRA,4,CellTalkDB; LIANA_consensus; SPIDER_internal; SpaCcLink
PDX1,SLC2A2,4,CellTalkDB; LIANA_consensus; SPIDER_internal; SpaCcLink
PDYN,ADRA2A,4,CellTalkDB; LIANA_consensus; SPIDER_internal; SpaCcLink
PDYN,GRM7,4,CellTalkDB; LIANA_consensus; SPIDER_internal; SpaCcLink
PDYN,MTNR1A,4,CellTalkDB; LIANA_consensus; SPIDER_internal; SpaCcLink
PDYN,OPRL1,4,COMMOT_CellChat; LARIS_neurotransmitter; LIANA_consensus; stCASE
PENK,ADRA2A,4,CellTalkDB; LIANA_consensus; SPIDER_internal; SpaCcLink
PENK,GRM7,4,CellTalkDB; LIANA_consensus; SPIDER_internal; SpaCcLink
PENK,MTNR1A,4,CellTalkDB; LIANA_consensus; SPIDER_internal; SpaCcLink
PENK,OPRL1,4,COMMOT_CellChat; LARIS_neurotransmitter; LIANA_consensus; stCASE
PF4,ADRA2A,4,CellTalkDB; LIANA_consensus; SPIDER_internal; SpaCcLink
PF4,GRM7,4,CellTalkDB; LIANA_consensus; SPIDER_internal; SpaCcLink
PF4,LRP1,4,CellTalkDB; LIANA_consensus; SPIDER_internal; SpaCcLink
PF4,MTNR1A,4,CellTalkDB; LIANA_consensus; SPIDER_internal; SpaCcLink
PI3,PLD2,4,CellTalkDB; LIANA_consensus; SPIDER_internal; SpaCcLink
PIGF,FLT1,4,CellTalkDB; LIANA_consensus; SPIDER_internal; SpaCcLink
PIP,AQP5,4,CellTalkDB; LIANA_consensus; SPIDER_internal; SpaCcLink
PKM,CD44,4,CellTalkDB; LIANA_consensus; SPIDER_internal; SpaCcLink
PLAT,ITGAM,4,CellTalkDB; LIANA_consensus; SPIDER_internal; SpaCcLink
PLAU,ITGA3,4,CellTalkDB; LIANA_consensus; SPIDER_internal; SpaCcLink
PLAU,ITGA5,4,CellTalkDB; LIANA_consensus; SPIDER_internal; SpaCcLink
PLAU,ITGAM,4,CellTalkDB; LIANA_consensus; SPIDER_internal; SpaCcLink
PLAU,ITGB1,4,CellTalkDB; LIANA_consensus; SPIDER_internal; SpaCcLink
PLAU,ITGB5,4,CellTalkDB; LIANA_consensus; SPIDER_internal; SpaCcLink
PLAU,ST14,4,CellTalkDB; LIANA_consensus; SPIDER_internal; connectomeDB2020_lit
PLAU,VLDLR,4,CellTalkDB; LIANA_consensus; SPIDER_internal; SpaCcLink
PLG,F2RL2,4,COMMOT_CellChat; LARIS_neurotransmitter; LIANA_consensus; stCASE
PLG,F2RL3,4,COMMOT_CellChat; LARIS_neurotransmitter; LIANA_consensus; stCASE
PLG,FLT1,4,CellTalkDB; LIANA_consensus; SPIDER_internal; SpaCcLink
PLG,IGF2R,4,CellTalkDB; LIANA_consensus; SPIDER_internal; SpaCcLink
PLG,ITGAM,4,CellTalkDB; LIANA_consensus; SPIDER_internal; SpaCcLink
PLG,ITGB2,4,CellTalkDB; LIANA_consensus; SPIDER_internal; SpaCcLink
PLG,PARD3,4,COMMOT_CellChat; LARIS_neurotransmitter; LIANA_consensus; stCASE
PLG,PLAUR,4,CellTalkDB; LIANA_consensus; SPIDER_internal; SpaCcLink
PLG,PLGRKT,4,CellTalkDB; LIANA_consensus; SPIDER_internal; connectomeDB2020_lit
PMCH,ADRA2A,4,CellTalkDB; LIANA_consensus; SPIDER_internal; SpaCcLink
PMCH,GRM7,4,CellTalkDB; LIANA_consensus; SPIDER_internal; SpaCcLink
PMCH,MERTK,4,COMMOT_CellChat; LARIS_neurotransmitter; LIANA_consensus; stCASE
PMCH,MTNR1A,4,CellTalkDB; LIANA_consensus; SPIDER_internal; SpaCcLink
PNOC,ADRA2A,4,CellTalkDB; LIANA_consensus; SPIDER_internal; SpaCcLink
PNOC,GRM7,4,CellTalkDB; LIANA_consensus; SPIDER_internal; SpaCcLink
PNOC,MTNR1A,4,CellTalkDB; LIANA_consensus; SPIDER_internal; SpaCcLink
POMC,ADCYAP1R1,4,CellTalkDB; LIANA_consensus; SPIDER_internal; SpaCcLink
POMC,ADRA2A,4,CellTalkDB; LIANA_consensus; SPIDER_internal; SpaCcLink
POMC,ADRB2,4,CellTalkDB; LIANA_consensus; SPIDER_internal; SpaCcLink
POMC,ADRB3,4,CellTalkDB; LIANA_consensus; SPIDER_internal; SpaCcLink
POMC,GPR20,4,CellTalkDB; LIANA_consensus; SPIDER_internal; SpaCcLink
POMC,GPR84,4,CellTalkDB; LIANA_consensus; SPIDER_internal; SpaCcLink
POMC,GRM7,4,CellTalkDB; LIANA_consensus; SPIDER_internal; SpaCcLink
POMC,MTNR1A,4,CellTalkDB; LIANA_consensus; SPIDER_internal; SpaCcLink
POMC,OPRL1,4,COMMOT_CellChat; LARIS_neurotransmitter; LIANA_consensus; stCASE
POMC,PTH1R,4,CellTalkDB; LIANA_consensus; SPIDER_internal; SpaCcLink
POMC,RAMP2,4,CellTalkDB; LIANA_consensus; SPIDER_internal; SpaCcLink
POMC,RAMP3,4,CellTalkDB; LIANA_consensus; SPIDER_internal; SpaCcLink
POMC,TSHR,4,CellTalkDB; LIANA_consensus; SPIDER_internal; SpaCcLink
POMC,VIPR1,4,CellTalkDB; LIANA_consensus; SPIDER_internal; SpaCcLink
PON2,HTR2A,4,CellTalkDB; SPIDER_internal; SpaCcLink; stCASE
POSTN,ITGB3,4,COMMOT_CellChat; LARIS_neurotransmitter; LIANA_consensus; stCASE
POSTN,ITGB5,4,COMMOT_CellChat; LARIS_neurotransmitter; LIANA_consensus; stCASE
PPBP,ADRA2A,4,CellTalkDB; LIANA_consensus; SPIDER_internal; SpaCcLink
PPBP,GRM7,4,CellTalkDB; LIANA_consensus; SPIDER_internal; SpaCcLink
PPBP,MTNR1A,4,CellTalkDB; LIANA_consensus; SPIDER_internal; SpaCcLink
PPY,ADRA2A,4,CellTalkDB; LIANA_consensus; SPIDER_internal; SpaCcLink
PPY,GPR83,4,COMMOT_CellChat; LARIS_neurotransmitter; LIANA_consensus; stCASE
PPY,GRM7,4,CellTalkDB; LIANA_consensus; SPIDER_internal; SpaCcLink
PPY,MTNR1A,4,CellTalkDB; LIANA_consensus; SPIDER_internal; SpaCcLink
PPY,NPY6R,4,COMMOT_CellChat; LARIS_neurotransmitter; LIANA_consensus; stCASE
PRG4,CD44,4,CellTalkDB; LIANA_consensus; SPIDER_internal; SpaCcLink
PROC,ITGAM,4,CellTalkDB; LIANA_consensus; SPIDER_internal; SpaCcLink
PRSS1,F2R,4,COMMOT_CellChat; LARIS_neurotransmitter; LIANA_consensus; stCASE
PRSS1,F2RL1,4,COMMOT_CellChat; LARIS_neurotransmitter; LIANA_consensus; stCASE
PRSS1,F2RL2,4,COMMOT_CellChat; LARIS_neurotransmitter; LIANA_consensus; stCASE
PRSS1,F2RL3,4,COMMOT_CellChat; LARIS_neurotransmitter; LIANA_consensus; stCASE
PRSS1,PARD3,4,COMMOT_CellChat; LARIS_neurotransmitter; LIANA_consensus; stCASE
PRSS2,F2R,4,COMMOT_CellChat; LARIS_neurotransmitter; LIANA_consensus; stCASE
PRSS2,F2RL1,4,COMMOT_CellChat; LARIS_neurotransmitter; LIANA_consensus; stCASE
PRSS2,F2RL2,4,COMMOT_CellChat; LARIS_neurotransmitter; LIANA_consensus; stCASE
PRSS2,F2RL3,4,COMMOT_CellChat; LARIS_neurotransmitter; LIANA_consensus; stCASE
PRSS2,PARD3,4,COMMOT_CellChat; LARIS_neurotransmitter; LIANA_consensus; stCASE
PRSS3,F2R,4,COMMOT_CellChat; LARIS_neurotransmitter; LIANA_consensus; stCASE
PRSS3,F2RL1,4,COMMOT_CellChat; LARIS_neurotransmitter; LIANA_consensus; stCASE
PRSS3,F2RL2,4,COMMOT_CellChat; LARIS_neurotransmitter; LIANA_consensus; stCASE
PRSS3,F2RL3,4,COMMOT_CellChat; LARIS_neurotransmitter; LIANA_consensus; stCASE
PRSS3,PARD3,4,COMMOT_CellChat; LARIS_neurotransmitter; LIANA_consensus; stCASE
PSAP,AR,4,CellTalkDB; LIANA_consensus; SPIDER_internal; SpaCcLink
PSAP,SORT1,4,CellTalkDB; LIANA_consensus; SPIDER_internal; SpaCcLink
PSEN1,CD44,4,CellTalkDB; LIANA_consensus; SPIDER_internal; SpaCcLink
PSPN,GFRA2,4,CellTalkDB; LIANA_consensus; SPIDER_internal; SpaCcLink
PSPN,GFRA3,4,CellTalkDB; LIANA_consensus; SPIDER_internal; SpaCcLink
PSPN,SDC3,4,CellTalkDB; LIANA_consensus; SPIDER_internal; SpaCcLink
PTGS2,ALOX5,4,CellTalkDB; LIANA_consensus; SPIDER_internal; SpaCcLink
PTH,ADCYAP1R1,4,CellTalkDB; LIANA_consensus; SPIDER_internal; SpaCcLink
PTH,ADRB2,4,CellTalkDB; LIANA_consensus; SPIDER_internal; SpaCcLink
PTH,ADRB3,4,CellTalkDB; LIANA_consensus; SPIDER_internal; SpaCcLink
PTH,GPR20,4,CellTalkDB; LIANA_consensus; SPIDER_internal; SpaCcLink
PTH,GPR84,4,CellTalkDB; LIANA_consensus; SPIDER_internal; SpaCcLink
PTH,RAMP2,4,CellTalkDB; LIANA_consensus; SPIDER_internal; SpaCcLink
PTH,RAMP3,4,CellTalkDB; LIANA_consensus; SPIDER_internal; SpaCcLink
PTH,TSHR,4,CellTalkDB; LIANA_consensus; SPIDER_internal; SpaCcLink
PTH,VIPR1,4,CellTalkDB; LIANA_consensus; SPIDER_internal; SpaCcLink
PTH2,ADCYAP1R1,4,CellTalkDB; LIANA_consensus; SPIDER_internal; SpaCcLink
PTH2,ADRB2,4,CellTalkDB; LIANA_consensus; SPIDER_internal; SpaCcLink
PTH2,ADRB3,4,CellTalkDB; LIANA_consensus; SPIDER_internal; SpaCcLink
PTH2,GPR20,4,CellTalkDB; LIANA_consensus; SPIDER_internal; SpaCcLink
PTH2,GPR84,4,CellTalkDB; LIANA_consensus; SPIDER_internal; SpaCcLink
PTH2,RAMP2,4,CellTalkDB; LIANA_consensus; SPIDER_internal; SpaCcLink
PTH2,RAMP3,4,CellTalkDB; LIANA_consensus; SPIDER_internal; SpaCcLink
PTH2,TSHR,4,CellTalkDB; LIANA_consensus; SPIDER_internal; SpaCcLink
PTH2,VIPR1,4,CellTalkDB; LIANA_consensus; SPIDER_internal; SpaCcLink
PTHLH,ADCYAP1R1,4,CellTalkDB; LIANA_consensus; SPIDER_internal; SpaCcLink
PTHLH,ADRB2,4,CellTalkDB; LIANA_consensus; SPIDER_internal; SpaCcLink
PTHLH,ADRB3,4,CellTalkDB; LIANA_consensus; SPIDER_internal; SpaCcLink
PTHLH,GPR20,4,CellTalkDB; LIANA_consensus; SPIDER_internal; SpaCcLink
PTHLH,GPR84,4,CellTalkDB; LIANA_consensus; SPIDER_internal; SpaCcLink
PTHLH,RAMP2,4,CellTalkDB; LIANA_consensus; SPIDER_internal; SpaCcLink
PTHLH,RAMP3,4,CellTalkDB; LIANA_consensus; SPIDER_internal; SpaCcLink
PTHLH,TSHR,4,CellTalkDB; LIANA_consensus; SPIDER_internal; SpaCcLink
PTHLH,VIPR1,4,CellTalkDB; LIANA_consensus; SPIDER_internal; SpaCcLink
PTMA,VIPR1,4,CellTalkDB; SPIDER_internal; SpaCcLink; connectomeDB2020_lit
PTN,ITGB3,4,COMMOT_CellChat; LARIS_neurotransmitter; LIANA_consensus; stCASE
PTN,NCL,4,COMMOT_CellChat; LARIS_neurotransmitter; LIANA_consensus; stCASE
PTN,PLXNB2,4,LIANA_consensus; SpaCcLink; connectomeDB2020_lit; stCASE
PTN,SDC2,4,COMMOT_CellChat; LARIS_neurotransmitter; LIANA_consensus; stCASE
PTN,SDC4,4,COMMOT_CellChat; LARIS_neurotransmitter; LIANA_consensus; stCASE
PTPRC,CD22,4,COMMOT_CellChat; LARIS_neurotransmitter; connectomeDB2020_lit; stCASE
PTPRC,MRC1,4,COMMOT_CellChat; LARIS_neurotransmitter; connectomeDB2020_lit; stCASE
PVR,TIGIT,4,COMMOT_CellChat; LARIS_neurotransmitter; connectomeDB2020_lit; stCASE
PYY,ADRA2A,4,CellTalkDB; LIANA_consensus; SPIDER_internal; SpaCcLink
PYY,DPP4,4,CellTalkDB; LIANA_consensus; SPIDER_internal; SpaCcLink
PYY,FAP,4,CellTalkDB; LIANA_consensus; SPIDER_internal; connectomeDB2020_lit
PYY,GPR83,4,COMMOT_CellChat; LARIS_neurotransmitter; LIANA_consensus; stCASE
PYY,GRM7,4,CellTalkDB; LIANA_consensus; SPIDER_internal; SpaCcLink
PYY,MTNR1A,4,CellTalkDB; LIANA_consensus; SPIDER_internal; SpaCcLink
PYY,NPY6R,4,COMMOT_CellChat; LARIS_neurotransmitter; LIANA_consensus; stCASE
QDPR,DYSF,4,CellTalkDB; LIANA_consensus; SPIDER_internal; SpaCcLink
QRFP,P2RY14,4,LIANA_consensus; SpaCcLink; connectomeDB2020_lit; stCASE
RETN,CAP1,4,COMMOT_CellChat; LARIS_neurotransmitter; LIANA_consensus; stCASE
RETN,GPR25,4,CellTalkDB; LIANA_consensus; SPIDER_internal; SpaCcLink
RETN,TLR4,4,COMMOT_CellChat; LARIS_neurotransmitter; LIANA_consensus; stCASE
RGMA,BMPR1B,4,CellTalkDB; LIANA_consensus; SPIDER_internal; SpaCcLink
RGMA,BMPR2,4,CellTalkDB; LIANA_consensus; SPIDER_internal; SpaCcLink
RGMA,HFE,4,CellTalkDB; LIANA_consensus; SPIDER_internal; SpaCcLink
RGMA,HJV,4,CellTalkDB; LIANA_consensus; SPIDER_internal; SpaCcLink
RGMA,TFR2,4,CellTalkDB; LIANA_consensus; SPIDER_internal; SpaCcLink
RGMB,BMPR1B,4,CellTalkDB; LIANA_consensus; SPIDER_internal; SpaCcLink
RGMB,BMPR2,4,CellTalkDB; LIANA_consensus; SPIDER_internal; SpaCcLink
RGMB,HJV,4,CellTalkDB; LIANA_consensus; SPIDER_internal; SpaCcLink
RIMS1,CACNA1C,4,CellTalkDB; LIANA_consensus; SPIDER_internal; SpaCcLink
RIMS1,SLC17A7,4,CellTalkDB; LIANA_consensus; SPIDER_internal; SpaCcLink
RIMS1,SLC18A2,4,CellTalkDB; LIANA_consensus; SPIDER_internal; SpaCcLink
RIMS1,SLC18A3,4,CellTalkDB; LIANA_consensus; SPIDER_internal; SpaCcLink
RIMS2,ABCA1,4,CellTalkDB; LIANA_consensus; SPIDER_internal; SpaCcLink
RLN1,RXFP3,4,COMMOT_CellChat; LARIS_neurotransmitter; LIANA_consensus; stCASE
RLN1,RXFP4,4,COMMOT_CellChat; LARIS_neurotransmitter; LIANA_consensus; stCASE
RLN2,ADCYAP1R1,4,CellTalkDB; LIANA_consensus; SPIDER_internal; SpaCcLink
RLN2,ADRB2,4,CellTalkDB; LIANA_consensus; SPIDER_internal; SpaCcLink
RLN2,ADRB3,4,CellTalkDB; LIANA_consensus; SPIDER_internal; SpaCcLink
RLN2,GPR20,4,CellTalkDB; LIANA_consensus; SPIDER_internal; SpaCcLink
RLN2,GPR84,4,CellTalkDB; LIANA_consensus; SPIDER_internal; SpaCcLink
RLN2,PTH1R,4,CellTalkDB; LIANA_consensus; SPIDER_internal; SpaCcLink
RLN2,RAMP2,4,CellTalkDB; LIANA_consensus; SPIDER_internal; SpaCcLink
RLN2,RAMP3,4,CellTalkDB; LIANA_consensus; SPIDER_internal; SpaCcLink
RLN2,TSHR,4,CellTalkDB; LIANA_consensus; SPIDER_internal; SpaCcLink
RLN2,VIPR1,4,CellTalkDB; LIANA_consensus; SPIDER_internal; SpaCcLink
RLN3,ADCYAP1R1,4,CellTalkDB; LIANA_consensus; SPIDER_internal; SpaCcLink
RLN3,ADRA2A,4,CellTalkDB; LIANA_consensus; SPIDER_internal; SpaCcLink
RLN3,ADRB2,4,CellTalkDB; LIANA_consensus; SPIDER_internal; SpaCcLink
RLN3,ADRB3,4,CellTalkDB; LIANA_consensus; SPIDER_internal; SpaCcLink
RLN3,GPR20,4,CellTalkDB; LIANA_consensus; SPIDER_internal; SpaCcLink
RLN3,GPR84,4,CellTalkDB; LIANA_consensus; SPIDER_internal; SpaCcLink
RLN3,GRM7,4,CellTalkDB; LIANA_consensus; SPIDER_internal; SpaCcLink
RLN3,MTNR1A,4,CellTalkDB; LIANA_consensus; SPIDER_internal; SpaCcLink
RLN3,PTH1R,4,CellTalkDB; LIANA_consensus; SPIDER_internal; SpaCcLink
RLN3,RAMP2,4,CellTalkDB; LIANA_consensus; SPIDER_internal; SpaCcLink
RLN3,RAMP3,4,CellTalkDB; LIANA_consensus; SPIDER_internal; SpaCcLink
RLN3,TSHR,4,CellTalkDB; LIANA_consensus; SPIDER_internal; SpaCcLink
RLN3,VIPR1,4,CellTalkDB; LIANA_consensus; SPIDER_internal; SpaCcLink
RPH3A,NRXN1,4,CellTalkDB; SPIDER_internal; SpaCcLink; connectomeDB2020_lit
RSPO4,LGR5,4,CellTalkDB; LIANA_consensus; SPIDER_internal; connectomeDB2020_lit
RTN4,CNTNAP1,4,CellTalkDB; LIANA_consensus; SPIDER_internal; connectomeDB2020_lit
RTN4,NGFR,4,CellTalkDB; LIANA_consensus; SPIDER_internal; SpaCcLink
RTN4,RTN4R,4,CellTalkDB; LIANA_consensus; SPIDER_internal; connectomeDB2020_lit
RTN4,TNFRSF19,4,CellTalkDB; LIANA_consensus; SPIDER_internal; connectomeDB2020_lit
S100A1,AGER,4,CellTalkDB; LIANA_consensus; SPIDER_internal; SpaCcLink
S100A1,RYR1,4,CellTalkDB; LIANA_consensus; SPIDER_internal; SpaCcLink
S100A1,RYR2,4,CellTalkDB; LIANA_consensus; SPIDER_internal; SpaCcLink
S100A1,TLR4,4,CellTalkDB; LIANA_consensus; SPIDER_internal; SpaCcLink
S100A1,TRPM3,4,CellTalkDB; LIANA_consensus; SPIDER_internal; SpaCcLink
S100A10,CFTR,4,CellTalkDB; LIANA_consensus; SPIDER_internal; SpaCcLink
S100A10,TRPV6,4,CellTalkDB; LIANA_consensus; SPIDER_internal; SpaCcLink
S100A12,CD36,4,CellTalkDB; LIANA_consensus; SPIDER_internal; SpaCcLink
S100A12,TLR4,4,CellTalkDB; LIANA_consensus; SPIDER_internal; SpaCcLink
S100A4,CCR5,4,CellTalkDB; LIANA_consensus; SPIDER_internal; SpaCcLink
S100A4,ERBB2,4,CellTalkDB; LIANA_consensus; SPIDER_internal; SpaCcLink
S100A8,CD36,4,CellTalkDB; LIANA_consensus; SPIDER_internal; SpaCcLink
S100A8,ITGB2,4,CellTalkDB; LIANA_consensus; SPIDER_internal; SpaCcLink
S100A9,CD36,4,CellTalkDB; LIANA_consensus; SPIDER_internal; SpaCcLink
S100A9,ITGB2,4,CellTalkDB; LIANA_consensus; SPIDER_internal; SpaCcLink
S100B,AGER,4,CellTalkDB; LIANA_consensus; SPIDER_internal; SpaCcLink
SAA1,ADRA2A,4,CellTalkDB; LIANA_consensus; SPIDER_internal; SpaCcLink
SAA1,GRM7,4,CellTalkDB; LIANA_consensus; SPIDER_internal; SpaCcLink
SAA1,MTNR1A,4,CellTalkDB; LIANA_consensus; SPIDER_internal; SpaCcLink
SAA1,TLR2,4,CellTalkDB; LIANA_consensus; SPIDER_internal; SpaCcLink
SCGB3A1,MARCO,4,CellTalkDB; LIANA_consensus; SPIDER_internal; connectomeDB2020_lit
SCGB3A1,NOTCH3,4,CellTalkDB; LIANA_consensus; SPIDER_internal; SpaCcLink
SCT,ADCYAP1R1,4,CellTalkDB; LIANA_consensus; SPIDER_internal; SpaCcLink
SCT,ADRB2,4,CellTalkDB; LIANA_consensus; SPIDER_internal; SpaCcLink
SCT,ADRB3,4,CellTalkDB; LIANA_consensus; SPIDER_internal; SpaCcLink
SCT,GPR20,4,CellTalkDB; LIANA_consensus; SPIDER_internal; SpaCcLink
SCT,GPR84,4,CellTalkDB; LIANA_consensus; SPIDER_internal; SpaCcLink
SCT,PTH1R,4,CellTalkDB; LIANA_consensus; SPIDER_internal; SpaCcLink
SCT,RAMP2,4,CellTalkDB; LIANA_consensus; SPIDER_internal; SpaCcLink
SCT,RAMP3,4,CellTalkDB; LIANA_consensus; SPIDER_internal; SpaCcLink
SCT,TSHR,4,CellTalkDB; LIANA_consensus; SPIDER_internal; SpaCcLink
SELE,CEACAM1,4,COMMOT_CellChat; LARIS_neurotransmitter; LIANA_consensus; stCASE
SELE,GLG1,4,COMMOT_CellChat; LARIS_neurotransmitter; LIANA_consensus; stCASE
SELL,MADCAM1,4,COMMOT_CellChat; LARIS_neurotransmitter; LIANA_consensus; stCASE
SELL,PODXL,4,COMMOT_CellChat; LARIS_neurotransmitter; LIANA_consensus; stCASE
SELPLG,ITGAM,4,CellTalkDB; LIANA_consensus; SPIDER_internal; SpaCcLink
SELPLG,ITGB2,4,CellTalkDB; LIANA_consensus; SPIDER_internal; SpaCcLink
SEMA3B,PLXNA1,4,COMMOT_CellChat; LARIS_neurotransmitter; LIANA_consensus; stCASE
SEMA3B,PLXNA2,4,COMMOT_CellChat; LARIS_neurotransmitter; LIANA_consensus; stCASE
SEMA3B,PLXNA3,4,COMMOT_CellChat; LARIS_neurotransmitter; LIANA_consensus; stCASE
SEMA3B,PLXNA4,4,COMMOT_CellChat; LARIS_neurotransmitter; LIANA_consensus; stCASE
SEMA3C,PLXNA1,4,COMMOT_CellChat; LARIS_neurotransmitter; LIANA_consensus; stCASE
SEMA3C,PLXNA2,4,COMMOT_CellChat; LARIS_neurotransmitter; LIANA_consensus; stCASE
SEMA3C,PLXNA3,4,COMMOT_CellChat; LARIS_neurotransmitter; LIANA_consensus; stCASE
SEMA3C,PLXNA4,4,COMMOT_CellChat; LARIS_neurotransmitter; LIANA_consensus; stCASE
SEMA3D,PLXNA1,4,COMMOT_CellChat; LARIS_neurotransmitter; LIANA_consensus; stCASE
SEMA3D,PLXNA2,4,COMMOT_CellChat; LARIS_neurotransmitter; LIANA_consensus; stCASE
SEMA3D,PLXNA3,4,COMMOT_CellChat; LARIS_neurotransmitter; LIANA_consensus; stCASE
SEMA3D,PLXNA4,4,COMMOT_CellChat; LARIS_neurotransmitter; LIANA_consensus; stCASE
SEMA3D,PLXND1,4,CellTalkDB; LIANA_consensus; SPIDER_internal; SpaCcLink
SEMA3F,PLXNA2,4,COMMOT_CellChat; LARIS_neurotransmitter; LIANA_consensus; stCASE
SEMA3F,PLXNA4,4,COMMOT_CellChat; LARIS_neurotransmitter; LIANA_consensus; stCASE
SEMA3G,PLXNA1,4,COMMOT_CellChat; LARIS_neurotransmitter; LIANA_consensus; stCASE
SEMA3G,PLXNA2,4,COMMOT_CellChat; LARIS_neurotransmitter; LIANA_consensus; stCASE
SEMA3G,PLXNA3,4,COMMOT_CellChat; LARIS_neurotransmitter; LIANA_consensus; stCASE
SEMA3G,PLXNA4,4,COMMOT_CellChat; LARIS_neurotransmitter; LIANA_consensus; stCASE
SEMA4A,PLXNA1,4,COMMOT_CellChat; LARIS_neurotransmitter; LIANA_consensus; stCASE
SEMA4A,PLXNA2,4,COMMOT_CellChat; LARIS_neurotransmitter; LIANA_consensus; stCASE
SEMA4A,PLXNA3,4,COMMOT_CellChat; LARIS_neurotransmitter; LIANA_consensus; stCASE
SEMA4A,PLXNA4,4,COMMOT_CellChat; LARIS_neurotransmitter; LIANA_consensus; stCASE
SEMA4D,PLXNB3,4,COMMOT_CellChat; LARIS_neurotransmitter; LIANA_consensus; stCASE
SEMA5A,PLXNA1,4,COMMOT_CellChat; LARIS_neurotransmitter; LIANA_consensus; stCASE
SEMA5A,PLXNA3,4,COMMOT_CellChat; LARIS_neurotransmitter; LIANA_consensus; stCASE
SEMA5B,PLXNA1,4,COMMOT_CellChat; LARIS_neurotransmitter; LIANA_consensus; stCASE
SEMA5B,PLXNA3,4,COMMOT_CellChat; LARIS_neurotransmitter; LIANA_consensus; stCASE
SEMA6B,PLXNA4,4,COMMOT_CellChat; LARIS_neurotransmitter; LIANA_consensus; stCASE
SERPINC1,GPC1,4,CellTalkDB; LIANA_consensus; SPIDER_internal; SpaCcLink
SERPINC1,SDC2,4,CellTalkDB; SPIDER_internal; SpaCcLink; connectomeDB2020_lit
SERPINE1,ITGB5,4,CellTalkDB; LIANA_consensus; SPIDER_internal; SpaCcLink
SERPINE1,PLAUR,4,CellTalkDB; LIANA_consensus; SPIDER_internal; SpaCcLink
SERPING1,SELE,4,CellTalkDB; SPIDER_internal; SpaCcLink; connectomeDB2020_lit
SERPING1,SELP,4,CellTalkDB; LIANA_consensus; SPIDER_internal; connectomeDB2020_lit
SFTPD,LY96,4,CellTalkDB; LIANA_consensus; SPIDER_internal; SpaCcLink
SHANK1,ADGRL1,4,CellTalkDB; LIANA_consensus; SPIDER_internal; connectomeDB2020_lit
SHANK2,CFTR,4,CellTalkDB; LIANA_consensus; SPIDER_internal; SpaCcLink
SHBG,CLDN4,4,CellTalkDB; LIANA_consensus; SPIDER_internal; SpaCcLink
SHBG,GPRC6A,4,CellTalkDB; LIANA_consensus; SPIDER_internal; SpaCcLink
SHBG,SLC37A1,4,CellTalkDB; LIANA_consensus; SPIDER_internal; SpaCcLink
SHH,GPC1,4,CellTalkDB; LIANA_consensus; SPIDER_internal; SpaCcLink
SIGLEC1,SPN,4,COMMOT_CellChat; LARIS_neurotransmitter; connectomeDB2020_lit; stCASE
SLIT1,FLRT3,4,CellTalkDB; LIANA_consensus; SPIDER_internal; SpaCcLink
SLIT1,SDC1,4,LIANA_consensus; SpaCcLink; connectomeDB2020_lit; stCASE
SLIT2,DCC,4,CellTalkDB; LIANA_consensus; SPIDER_internal; SpaCcLink
SLITRK1,PTPRD,4,LARIS_neurotransmitter; LIANA_consensus; connectomeDB2020_lit; stCASE
SLITRK1,PTPRS,4,LARIS_neurotransmitter; LIANA_consensus; connectomeDB2020_lit; stCASE
SLITRK2,PTPRD,4,LARIS_neurotransmitter; LIANA_consensus; connectomeDB2020_lit; stCASE
SLITRK3,PTPRD,4,LARIS_neurotransmitter; LIANA_consensus; connectomeDB2020_lit; stCASE
SLPI,CD4,4,CellTalkDB; LIANA_consensus; SPIDER_internal; SpaCcLink
SLPI,PLSCR4,4,CellTalkDB; LIANA_consensus; SPIDER_internal; connectomeDB2020_lit
SLURP1,CHRNA10,4,COMMOT_CellChat; LARIS_neurotransmitter; LIANA_consensus; stCASE
SLURP1,CHRNA3,4,COMMOT_CellChat; LARIS_neurotransmitter; LIANA_consensus; stCASE
SLURP1,CHRNA4,4,COMMOT_CellChat; LARIS_neurotransmitter; LIANA_consensus; stCASE
SLURP1,CHRNA9,4,COMMOT_CellChat; LARIS_neurotransmitter; LIANA_consensus; stCASE
SLURP1,CHRNB2,4,COMMOT_CellChat; LARIS_neurotransmitter; LIANA_consensus; stCASE
SLURP1,CHRNB4,4,COMMOT_CellChat; LARIS_neurotransmitter; LIANA_consensus; stCASE
SLURP2,CHRNA3,4,COMMOT_CellChat; LARIS_neurotransmitter; LIANA_consensus; stCASE
SLURP2,CHRNA4,4,COMMOT_CellChat; LARIS_neurotransmitter; LIANA_consensus; stCASE
SLURP2,CHRNA7,4,COMMOT_CellChat; LARIS_neurotransmitter; LIANA_consensus; stCASE
SLURP2,CHRNB2,4,COMMOT_CellChat; LARIS_neurotransmitter; LIANA_consensus; stCASE
SLURP2,CHRNB4,4,COMMOT_CellChat; LARIS_neurotransmitter; LIANA_consensus; stCASE
SORBS1,ITGA1,4,CellTalkDB; LIANA_consensus; SPIDER_internal; SpaCcLink
SORBS1,ITGB5,4,CellTalkDB; LIANA_consensus; SPIDER_internal; SpaCcLink
SPP1,ITGB6,4,COMMOT_CellChat; LARIS_neurotransmitter; LIANA_consensus; stCASE
SPP1,PTGER4,4,CellTalkDB; LIANA_consensus; SPIDER_internal; SpaCcLink
SPTAN1,PTPRA,4,CellTalkDB; LIANA_consensus; SPIDER_internal; SpaCcLink
SPTBN2,PTPRA,4,CellTalkDB; LIANA_consensus; SPIDER_internal; SpaCcLink
SST,ADRA2A,4,CellTalkDB; LIANA_consensus; SPIDER_internal; SpaCcLink
SST,GRM7,4,CellTalkDB; LIANA_consensus; SPIDER_internal; SpaCcLink
SST,MTNR1A,4,CellTalkDB; LIANA_consensus; SPIDER_internal; SpaCcLink
ST6GAL1,EGFR,4,CellTalkDB; LIANA_consensus; SPIDER_internal; SpaCcLink
TCN2,CNR1,4,CellTalkDB; LIANA_consensus; SPIDER_internal; SpaCcLink
TCN2,LRP2,4,CellTalkDB; LIANA_consensus; SPIDER_internal; SpaCcLink
TDGF1,ACVR2B,4,CellTalkDB; LIANA_consensus; SPIDER_internal; SpaCcLink
TF,ADRB2,4,CellTalkDB; LIANA_consensus; SPIDER_internal; SpaCcLink
TF,HFE,4,CellTalkDB; LIANA_consensus; SPIDER_internal; SpaCcLink
TF,LDLR,4,CellTalkDB; LIANA_consensus; SPIDER_internal; SpaCcLink
TF,LRP2,4,CellTalkDB; LIANA_consensus; SPIDER_internal; SpaCcLink
TFF1,FCRL4,4,CellTalkDB; LIANA_consensus; SPIDER_internal; stCASE
TFF1,MUC5AC,4,CellTalkDB; LIANA_consensus; SPIDER_internal; SpaCcLink
TFF2,MUC6,4,CellTalkDB; LIANA_consensus; SPIDER_internal; SpaCcLink
TFPI,F3,4,CellTalkDB; LIANA_consensus; SPIDER_internal; SpaCcLink
TFPI,SDC4,4,CellTalkDB; LIANA_consensus; SPIDER_internal; SpaCcLink
TG,TPO,4,CellTalkDB; LIANA_consensus; SPIDER_internal; SpaCcLink
TGFA,ERBB3,4,CellTalkDB; LIANA_consensus; SPIDER_internal; SpaCcLink
TGFB1,CAV1,4,CellTalkDB; LIANA_consensus; SPIDER_internal; SpaCcLink
TGFB1,ITGB5,4,CellTalkDB; LIANA_consensus; SPIDER_internal; SpaCcLink
TGFB3,ITGB1,4,CellTalkDB; LIANA_consensus; SPIDER_internal; SpaCcLink
TGFB3,ITGB5,4,CellTalkDB; LIANA_consensus; SPIDER_internal; SpaCcLink
TGM2,ITGA4,4,CellTalkDB; LIANA_consensus; SPIDER_internal; SpaCcLink
TGM2,ITGA9,4,CellTalkDB; LIANA_consensus; SPIDER_internal; SpaCcLink
TGM2,TBXA2R,4,CellTalkDB; LIANA_consensus; SPIDER_internal; SpaCcLink
TGS1,RXRA,4,CellTalkDB; LIANA_consensus; SPIDER_internal; SpaCcLink
THBS2,NOTCH4,4,CellTalkDB; LIANA_consensus; SPIDER_internal; SpaCcLink
THBS2,SDC1,4,COMMOT_CellChat; LARIS_neurotransmitter; LIANA_consensus; stCASE
THBS3,ITGB1,4,COMMOT_CellChat; LARIS_neurotransmitter; LIANA_consensus; stCASE
THBS3,ITGB3,4,COMMOT_CellChat; LARIS_neurotransmitter; LIANA_consensus; stCASE
THBS4,CD36,4,COMMOT_CellChat; LARIS_neurotransmitter; LIANA_consensus; stCASE
THBS4,CD47,4,COMMOT_CellChat; LARIS_neurotransmitter; LIANA_consensus; stCASE
THBS4,ITGB1,4,COMMOT_CellChat; LARIS_neurotransmitter; LIANA_consensus; stCASE
THBS4,ITGB3,4,COMMOT_CellChat; LARIS_neurotransmitter; LIANA_consensus; stCASE
THBS4,SDC1,4,COMMOT_CellChat; LARIS_neurotransmitter; LIANA_consensus; stCASE
THY1,ITGB2,4,COMMOT_CellChat; LARIS_neurotransmitter; LIANA_consensus; stCASE
THY1,ITGB3,4,COMMOT_CellChat; LARIS_neurotransmitter; LIANA_consensus; stCASE
TIGIT,NECTIN2,4,COMMOT_CellChat; LIANA_consensus; connectomeDB2020_lit; stCASE
TIGIT,PVR,4,COMMOT_CellChat; LIANA_consensus; connectomeDB2020_lit; stCASE
TIMP1,CD63,4,CellTalkDB; LIANA_consensus; SPIDER_internal; connectomeDB2020_lit
TIMP1,FGFR2,4,CellTalkDB; LIANA_consensus; SPIDER_internal; SpaCcLink
TIMP2,CD44,4,CellTalkDB; LIANA_consensus; SPIDER_internal; SpaCcLink
TIMP3,CD44,4,CellTalkDB; LIANA_consensus; SPIDER_internal; SpaCcLink
TIMP3,MET,4,CellTalkDB; LIANA_consensus; SPIDER_internal; SpaCcLink
TLN1,ITGB3,4,CellTalkDB; LIANA_consensus; SPIDER_internal; SpaCcLink
TLN1,ITGB5,4,CellTalkDB; LIANA_consensus; SPIDER_internal; SpaCcLink
TNC,ITGA2,4,CellTalkDB; LIANA_consensus; SPIDER_internal; SpaCcLink
TNF,FAS,4,CellTalkDB; LIANA_consensus; SPIDER_internal; SpaCcLink
TNF,FFAR2,4,CellTalkDB; LIANA_consensus; SPIDER_internal; SpaCcLink
TNF,FLT4,4,CellTalkDB; LIANA_consensus; SPIDER_internal; SpaCcLink
TNF,ICOS,4,CellTalkDB; LIANA_consensus; SPIDER_internal; SpaCcLink
TNF,NOTCH1,4,CellTalkDB; LIANA_consensus; SPIDER_internal; SpaCcLink
TNF,PTPRS,4,CellTalkDB; LIANA_consensus; SPIDER_internal; SpaCcLink
TNF,TRADD,4,CellTalkDB; LIANA_consensus; SPIDER_internal; SpaCcLink
TNF,TRPM2,4,CellTalkDB; LIANA_consensus; SPIDER_internal; SpaCcLink
TNFSF10,RIPK1,4,CellTalkDB; LIANA_consensus; SPIDER_internal; SpaCcLink
TNFSF10,TNFRSF10C,4,CellTalkDB; LIANA_consensus; SPIDER_internal; connectomeDB2020_lit
TNFSF12,TNFRSF25,4,CellTalkDB; LIANA_consensus; SPIDER_internal; stCASE
TNFSF13B,CD40,4,CellTalkDB; LIANA_consensus; SPIDER_internal; SpaCcLink
TNFSF13B,TFRC,4,CellTalkDB; LIANA_consensus; SPIDER_internal; SpaCcLink
TNFSF4,TRAF2,4,CellTalkDB; LIANA_consensus; SPIDER_internal; SpaCcLink
TNFSF9,PVR,4,CellTalkDB; LIANA_consensus; SPIDER_internal; SpaCcLink
TNN,ITGB1,4,COMMOT_CellChat; LARIS_neurotransmitter; LIANA_consensus; stCASE
TNN,ITGB3,4,COMMOT_CellChat; LARIS_neurotransmitter; LIANA_consensus; stCASE
TNN,ITGB6,4,COMMOT_CellChat; LARIS_neurotransmitter; LIANA_consensus; stCASE
TNN,SDC1,4,COMMOT_CellChat; LARIS_neurotransmitter; LIANA_consensus; stCASE
TNR,ITGB1,4,COMMOT_CellChat; LARIS_neurotransmitter; LIANA_consensus; stCASE
TNR,ITGB3,4,COMMOT_CellChat; LARIS_neurotransmitter; LIANA_consensus; stCASE
TNR,ITGB6,4,COMMOT_CellChat; LARIS_neurotransmitter; LIANA_consensus; stCASE
TNR,SDC1,4,COMMOT_CellChat; LARIS_neurotransmitter; LIANA_consensus; stCASE
TNXB,ITGB1,4,COMMOT_CellChat; LARIS_neurotransmitter; LIANA_consensus; stCASE
TNXB,ITGB3,4,COMMOT_CellChat; LARIS_neurotransmitter; LIANA_consensus; stCASE
TNXB,ITGB6,4,COMMOT_CellChat; LARIS_neurotransmitter; LIANA_consensus; stCASE
TNXB,SDC1,4,COMMOT_CellChat; LARIS_neurotransmitter; LIANA_consensus; stCASE
TSHB,ADCYAP1R1,4,CellTalkDB; LIANA_consensus; SPIDER_internal; SpaCcLink
TSHB,ADRB2,4,CellTalkDB; LIANA_consensus; SPIDER_internal; SpaCcLink
TSHB,ADRB3,4,CellTalkDB; LIANA_consensus; SPIDER_internal; SpaCcLink
TSHB,GPR20,4,CellTalkDB; LIANA_consensus; SPIDER_internal; SpaCcLink
TSHB,GPR84,4,CellTalkDB; LIANA_consensus; SPIDER_internal; SpaCcLink
TSHB,PTH1R,4,CellTalkDB; LIANA_consensus; SPIDER_internal; SpaCcLink
TSHB,RAMP2,4,CellTalkDB; LIANA_consensus; SPIDER_internal; SpaCcLink
TSHB,RAMP3,4,CellTalkDB; LIANA_consensus; SPIDER_internal; SpaCcLink
TSHB,VIPR1,4,CellTalkDB; LIANA_consensus; SPIDER_internal; SpaCcLink
ULBP1,HCST,4,COMMOT_CellChat; LARIS_neurotransmitter; LIANA_consensus; stCASE
UTS2B,SSTR5,4,COMMOT_CellChat; LARIS_neurotransmitter; LIANA_consensus; stCASE
VCAN,TLR1,4,CellTalkDB; LIANA_consensus; SPIDER_internal; SpaCcLink
VCL,ALK,4,CellTalkDB; LIANA_consensus; SPIDER_internal; SpaCcLink
VCL,ITGB5,4,CellTalkDB; LIANA_consensus; SPIDER_internal; SpaCcLink
VEGFA,EGFR,4,CellTalkDB; LIANA_consensus; SPIDER_internal; SpaCcLink
VEGFA,GRIN2B,4,CellTalkDB; LIANA_consensus; SPIDER_internal; SpaCcLink
VEGFA,ITGA9,4,CellTalkDB; LIANA_consensus; SPIDER_internal; SpaCcLink
VEGFA,ITGAV,4,CellTalkDB; LIANA_consensus; SPIDER_internal; SpaCcLink
VEGFA,ITGB1,4,CellTalkDB; LIANA_consensus; SPIDER_internal; SpaCcLink
VEGFA,ITGB3,4,CellTalkDB; LIANA_consensus; SPIDER_internal; SpaCcLink
VEGFA,RET,4,CellTalkDB; LIANA_consensus; SPIDER_internal; SpaCcLink
VEGFA,SIRPA,4,CellTalkDB; LIANA_consensus; SPIDER_internal; SpaCcLink
VEGFB,RET,4,CellTalkDB; LIANA_consensus; SPIDER_internal; SpaCcLink
VEGFC,FLT1,4,CellTalkDB; LIANA_consensus; SPIDER_internal; SpaCcLink
VEGFC,ITGA9,4,CellTalkDB; LIANA_consensus; SPIDER_internal; SpaCcLink
VEGFC,ITGB1,4,CellTalkDB; LIANA_consensus; SPIDER_internal; SpaCcLink
VEGFC,LYVE1,4,CellTalkDB; LIANA_consensus; SPIDER_internal; SpaCcLink
VEGFC,VIPR2,4,LIANA_consensus; SpaCcLink; connectomeDB2020_lit; stCASE
VEGFD,FLT1,4,CellTalkDB; LIANA_consensus; SPIDER_internal; SpaCcLink
VEGFD,ITGA1,4,CellTalkDB; LIANA_consensus; SPIDER_internal; SpaCcLink
VEGFD,ITGA2,4,CellTalkDB; LIANA_consensus; SPIDER_internal; SpaCcLink
VEGFD,ITGA4,4,CellTalkDB; LIANA_consensus; SPIDER_internal; SpaCcLink
VEGFD,ITGA5,4,CellTalkDB; LIANA_consensus; SPIDER_internal; SpaCcLink
VEGFD,ITGB1,4,CellTalkDB; LIANA_consensus; SPIDER_internal; SpaCcLink
VIP,ADRB2,4,CellTalkDB; LIANA_consensus; SPIDER_internal; SpaCcLink
VIP,ADRB3,4,CellTalkDB; LIANA_consensus; SPIDER_internal; SpaCcLink
VIP,AVPR1A,4,CellTalkDB; LIANA_consensus; SPIDER_internal; SpaCcLink
VIP,DPP4,4,CellTalkDB; LIANA_consensus; SPIDER_internal; SpaCcLink
VIP,GPR20,4,CellTalkDB; LIANA_consensus; SPIDER_internal; SpaCcLink
VIP,GPR84,4,CellTalkDB; LIANA_consensus; SPIDER_internal; SpaCcLink
VIP,PTH1R,4,CellTalkDB; LIANA_consensus; SPIDER_internal; SpaCcLink
VIP,RAMP1,4,CellTalkDB; LIANA_consensus; SPIDER_internal; SpaCcLink
VIP,RAMP2,4,CellTalkDB; LIANA_consensus; SPIDER_internal; SpaCcLink
VIP,RAMP3,4,CellTalkDB; LIANA_consensus; SPIDER_internal; SpaCcLink
VIP,TSHR,4,CellTalkDB; LIANA_consensus; SPIDER_internal; SpaCcLink
VTN,CD47,4,CellTalkDB; LIANA_consensus; SPIDER_internal; SpaCcLink
VTN,ITGA3,4,CellTalkDB; LIANA_consensus; SPIDER_internal; SpaCcLink
VTN,KDR,4,CellTalkDB; LIANA_consensus; SPIDER_internal; SpaCcLink
VWF,GP1BB,4,COMMOT_CellChat; LARIS_neurotransmitter; LIANA_consensus; stCASE
VWF,LRP1,4,CellTalkDB; LIANA_consensus; SPIDER_internal; SpaCcLink
VWF,SIRPA,4,CellTalkDB; LIANA_consensus; SPIDER_internal; SpaCcLink
VWF,STAB2,4,CellTalkDB; LIANA_consensus; SPIDER_internal; SpaCcLink
WIF1,RYK,4,CellTalkDB; LIANA_consensus; SPIDER_internal; SpaCcLink
WNT1,FZD10,4,COMMOT_CellChat; LARIS_neurotransmitter; LIANA_consensus; connectomeDB2020_lit
WNT1,FZD2,4,COMMOT_CellChat; LARIS_neurotransmitter; LIANA_consensus; connectomeDB2020_lit
WNT1,FZD4,4,COMMOT_CellChat; LARIS_neurotransmitter; LIANA_consensus; connectomeDB2020_lit
WNT10A,FZD1,4,COMMOT_CellChat; LARIS_neurotransmitter; LIANA_consensus; connectomeDB2020_lit
WNT10A,FZD5,4,COMMOT_CellChat; LARIS_neurotransmitter; LIANA_consensus; connectomeDB2020_lit
WNT10A,FZD8,4,COMMOT_CellChat; LARIS_neurotransmitter; LIANA_consensus; connectomeDB2020_lit
WNT10A,LRP5,4,COMMOT_CellChat; LARIS_neurotransmitter; LIANA_consensus; stCASE
WNT10A,LRP6,4,COMMOT_CellChat; LARIS_neurotransmitter; LIANA_consensus; stCASE
WNT10B,FZD5,4,COMMOT_CellChat; LARIS_neurotransmitter; LIANA_consensus; stCASE
WNT10B,FZD7,4,COMMOT_CellChat; LARIS_neurotransmitter; LIANA_consensus; connectomeDB2020_lit
WNT10B,LRP5,4,COMMOT_CellChat; LARIS_neurotransmitter; LIANA_consensus; stCASE
WNT10B,LRP6,4,COMMOT_CellChat; LARIS_neurotransmitter; LIANA_consensus; stCASE
WNT11,FZD10,4,COMMOT_CellChat; LARIS_neurotransmitter; LIANA_consensus; stCASE
WNT11,FZD2,4,COMMOT_CellChat; LARIS_neurotransmitter; LIANA_consensus; stCASE
WNT11,FZD3,4,COMMOT_CellChat; LARIS_neurotransmitter; LIANA_consensus; stCASE
WNT11,FZD4,4,COMMOT_CellChat; LARIS_neurotransmitter; LIANA_consensus; stCASE
WNT11,FZD5,4,COMMOT_CellChat; LARIS_neurotransmitter; LIANA_consensus; stCASE
WNT11,FZD6,4,COMMOT_CellChat; LARIS_neurotransmitter; LIANA_consensus; stCASE
WNT11,FZD9,4,COMMOT_CellChat; LARIS_neurotransmitter; LIANA_consensus; stCASE
WNT11,MUSK,4,CellTalkDB; LIANA_consensus; SPIDER_internal; stCASE
WNT16,FZD2,4,COMMOT_CellChat; LARIS_neurotransmitter; LIANA_consensus; connectomeDB2020_lit
WNT16,LRP6,4,COMMOT_CellChat; LARIS_neurotransmitter; LIANA_consensus; stCASE
WNT2,LRP5,4,COMMOT_CellChat; LARIS_neurotransmitter; LIANA_consensus; stCASE
WNT2B,FZD7,4,COMMOT_CellChat; LARIS_neurotransmitter; LIANA_consensus; connectomeDB2020_lit
WNT2B,LRP5,4,COMMOT_CellChat; LARIS_neurotransmitter; LIANA_consensus; stCASE
WNT2B,LRP6,4,COMMOT_CellChat; LARIS_neurotransmitter; LIANA_consensus; stCASE
WNT3,LRP5,4,COMMOT_CellChat; LARIS_neurotransmitter; LIANA_consensus; stCASE
WNT3A,ATP6AP2,4,CellTalkDB; LIANA_consensus; SPIDER_internal; SpaCcLink
WNT3A,FZD10,4,COMMOT_CellChat; LARIS_neurotransmitter; LIANA_consensus; connectomeDB2020_lit
WNT3A,ROR1,4,CellTalkDB; LIANA_consensus; SPIDER_internal; SpaCcLink
WNT4,FZD3,4,COMMOT_CellChat; LARIS_neurotransmitter; LIANA_consensus; stCASE
WNT4,LRP5,4,COMMOT_CellChat; LARIS_neurotransmitter; LIANA_consensus; stCASE
WNT4,LRP6,4,COMMOT_CellChat; LARIS_neurotransmitter; LIANA_consensus; stCASE
WNT4,NOTCH1,4,CellTalkDB; LIANA_consensus; SPIDER_internal; SpaCcLink
WNT4,SMO,4,CellTalkDB; LIANA_consensus; SPIDER_internal; SpaCcLink
WNT5A,ADRB2,4,CellTalkDB; LIANA_consensus; SPIDER_internal; SpaCcLink
WNT5A,EPHA7,4,CellTalkDB; LIANA_consensus; SPIDER_internal; SpaCcLink
WNT5A,FZD10,4,COMMOT_CellChat; LARIS_neurotransmitter; LIANA_consensus; stCASE
WNT5A,LDLR,4,CellTalkDB; LIANA_consensus; SPIDER_internal; SpaCcLink
WNT5A,LRP2,4,CellTalkDB; LIANA_consensus; SPIDER_internal; SpaCcLink
WNT5A,PTPRK,4,CellTalkDB; LIANA_consensus; SPIDER_internal; SpaCcLink
WNT5A,VANGL2,4,CellTalkDB; LIANA_consensus; SPIDER_internal; SpaCcLink
WNT5B,FZD1,4,COMMOT_CellChat; LARIS_neurotransmitter; LIANA_consensus; stCASE
WNT5B,FZD10,4,COMMOT_CellChat; LARIS_neurotransmitter; LIANA_consensus; stCASE
WNT5B,FZD3,4,COMMOT_CellChat; LARIS_neurotransmitter; LIANA_consensus; stCASE
WNT5B,FZD4,4,COMMOT_CellChat; LARIS_neurotransmitter; LIANA_consensus; stCASE
WNT5B,FZD5,4,COMMOT_CellChat; LARIS_neurotransmitter; LIANA_consensus; stCASE
WNT5B,FZD6,4,COMMOT_CellChat; LARIS_neurotransmitter; LIANA_consensus; stCASE
WNT5B,FZD7,4,COMMOT_CellChat; LARIS_neurotransmitter; LIANA_consensus; stCASE
WNT5B,FZD9,4,COMMOT_CellChat; LARIS_neurotransmitter; LIANA_consensus; stCASE
WNT6,FZD7,4,COMMOT_CellChat; LARIS_neurotransmitter; LIANA_consensus; connectomeDB2020_lit
WNT6,LRP5,4,COMMOT_CellChat; LARIS_neurotransmitter; LIANA_consensus; stCASE
WNT6,LRP6,4,COMMOT_CellChat; LARIS_neurotransmitter; LIANA_consensus; stCASE
WNT7A,FZD1,4,COMMOT_CellChat; LARIS_neurotransmitter; LIANA_consensus; connectomeDB2020_lit
WNT7A,FZD7,4,COMMOT_CellChat; LARIS_neurotransmitter; LIANA_consensus; stCASE
WNT7A,LDLR,4,CellTalkDB; LIANA_consensus; SPIDER_internal; SpaCcLink
WNT7A,LRP5,4,COMMOT_CellChat; LARIS_neurotransmitter; LIANA_consensus; stCASE
WNT7A,RECK,4,CellTalkDB; LIANA_consensus; SPIDER_internal; SpaCcLink
WNT7B,FZD5,4,COMMOT_CellChat; LARIS_neurotransmitter; LIANA_consensus; connectomeDB2020_lit
WNT7B,FZD8,4,COMMOT_CellChat; LARIS_neurotransmitter; LIANA_consensus; connectomeDB2020_lit
WNT7B,LRP6,4,COMMOT_CellChat; LARIS_neurotransmitter; LIANA_consensus; stCASE
WNT7B,TMED5,4,CellTalkDB; LIANA_consensus; SPIDER_internal; SpaCcLink
WNT8A,FZD4,4,COMMOT_CellChat; LARIS_neurotransmitter; LIANA_consensus; connectomeDB2020_lit
WNT8A,FZD5,4,COMMOT_CellChat; LARIS_neurotransmitter; LIANA_consensus; connectomeDB2020_lit
WNT8A,FZD7,4,COMMOT_CellChat; LARIS_neurotransmitter; LIANA_consensus; stCASE
WNT8A,LRP6,4,COMMOT_CellChat; LARIS_neurotransmitter; LIANA_consensus; stCASE
WNT8B,LRP6,4,COMMOT_CellChat; LARIS_neurotransmitter; LIANA_consensus; stCASE
WNT9A,FZD10,4,COMMOT_CellChat; LARIS_neurotransmitter; LIANA_consensus; connectomeDB2020_lit
WNT9A,FZD4,4,COMMOT_CellChat; LARIS_neurotransmitter; LIANA_consensus; connectomeDB2020_lit
WNT9A,LRP5,4,COMMOT_CellChat; LARIS_neurotransmitter; LIANA_consensus; stCASE
WNT9A,LRP6,4,COMMOT_CellChat; LARIS_neurotransmitter; LIANA_consensus; stCASE
WNT9B,FZD10,4,COMMOT_CellChat; LARIS_neurotransmitter; LIANA_consensus; connectomeDB2020_lit
WNT9B,FZD4,4,COMMOT_CellChat; LARIS_neurotransmitter; LIANA_consensus; connectomeDB2020_lit
WNT9B,FZD8,4,COMMOT_CellChat; LARIS_neurotransmitter; LIANA_consensus; connectomeDB2020_lit
WNT9B,LRP5,4,COMMOT_CellChat; LARIS_neurotransmitter; LIANA_consensus; stCASE
XCL1,ADGRV1,4,CellTalkDB; LIANA_consensus; SPIDER_internal; SpaCcLink
ZP3,MERTK,4,LIANA_consensus; SpaCcLink; connectomeDB2020_lit; stCASE
ACE2,SLC6A19,3,CellTalkDB; SPIDER_internal; SpaCcLink
ADAM10,CADM1,3,CellTalkDB; LIANA_consensus; SPIDER_internal
ADAM10,TSPAN12,3,CellTalkDB; LIANA_consensus; SPIDER_internal
ADAMTS3,CCBE1,3,CellTalkDB; LIANA_consensus; SPIDER_internal
ADGRE5,CD55,3,COMMOT_CellChat; connectomeDB2020_lit; stCASE
ADIPOQ,GPR42,3,CellTalkDB; LIANA_consensus; SPIDER_internal
ADM,MRGPRX2,3,LIANA_consensus; connectomeDB2020_lit; stCASE
AFDN,NRXN2,3,CellTalkDB; SPIDER_internal; SpaCcLink
AFDN,NRXN3,3,CellTalkDB; SPIDER_internal; SpaCcLink
ALOX5AP,ALOX5,3,CellTalkDB; SPIDER_internal; SpaCcLink
AMBN,CD63,3,LIANA_consensus; connectomeDB2020_lit; stCASE
AMELY,LAMP1,3,LIANA_consensus; connectomeDB2020_lit; stCASE
ANG,PLXNB2,3,LIANA_consensus; connectomeDB2020_lit; stCASE
ANGPT2,ITGA5,3,COMMOT_CellChat; LARIS_neurotransmitter; LIANA_consensus
ANGPTL1,ITGA1,3,COMMOT_CellChat; LARIS_neurotransmitter; LIANA_consensus
ANGPTL2,LILRB3,3,COMMOT_CellChat; LARIS_neurotransmitter; LIANA_consensus
ANGPTL2,TIE1,3,CellTalkDB; LIANA_consensus; SPIDER_internal
ANGPTL4,ITGA5,3,COMMOT_CellChat; LARIS_neurotransmitter; LIANA_consensus
ANGPTL4,ITGAV,3,COMMOT_CellChat; LARIS_neurotransmitter; LIANA_consensus
ANGPTL4,TIE1,3,CellTalkDB; LIANA_consensus; SPIDER_internal
APOE,LRP4,3,CellTalkDB; LIANA_consensus; SPIDER_internal
APP,APLP2,3,CellTalkDB; SPIDER_internal; SpaCcLink
APP,GRM7,3,CellTalkDB; SPIDER_internal; SpaCcLink
APP,PLD1,3,CellTalkDB; SPIDER_internal; SpaCcLink
APP,RPSA,3,CellTalkDB; SPIDER_internal; SpaCcLink
APP,TSPAN12,3,CellTalkDB; LIANA_consensus; SPIDER_internal
APP,VLDLR,3,CellTalkDB; SPIDER_internal; SpaCcLink
ARF4,EGFR,3,CellTalkDB; SPIDER_internal; SpaCcLink
ARF6,SMAP1,3,CellTalkDB; LIANA_consensus; SPIDER_internal
B2M,CD247,3,CellTalkDB; SPIDER_internal; SpaCcLink
B2M,CD3D,3,CellTalkDB; SPIDER_internal; SpaCcLink
B2M,CD3G,3,CellTalkDB; SPIDER_internal; SpaCcLink
B2M,LILRB2,3,CellTalkDB; SPIDER_internal; SpaCcLink
BMP5,ACVR1,3,COMMOT_CellChat; LARIS_neurotransmitter; LIANA_consensus
BMP8A,ACVR1,3,COMMOT_CellChat; LARIS_neurotransmitter; LIANA_consensus
BMP8B,ACVR1,3,COMMOT_CellChat; LARIS_neurotransmitter; LIANA_consensus
C1QTNF5,MFRP,3,CellTalkDB; LIANA_consensus; SPIDER_internal
CADM1,CRTAM,3,LIANA_consensus; SpaCcLink; connectomeDB2020_lit
CADM3,CADM3,3,COMMOT_CellChat; connectomeDB2020_lit; stCASE
CALM1,ADCY8,3,CellTalkDB; SPIDER_internal; SpaCcLink
CALM1,EGFR,3,CellTalkDB; SPIDER_internal; SpaCcLink
CALM1,MYLK,3,CellTalkDB; SPIDER_internal; SpaCcLink
CALM1,MYLK2,3,CellTalkDB; SPIDER_internal; SpaCcLink
CALM1,SELL,3,CellTalkDB; SPIDER_internal; SpaCcLink
CALM2,ADCY8,3,CellTalkDB; SPIDER_internal; SpaCcLink
CALM2,AQP1,3,CellTalkDB; SPIDER_internal; SpaCcLink
CALM2,AQP6,3,CellTalkDB; SPIDER_internal; SpaCcLink
CALM2,CACNA1C,3,CellTalkDB; SPIDER_internal; SpaCcLink
CALM2,EGFR,3,CellTalkDB; SPIDER_internal; SpaCcLink
CALM2,GP6,3,CellTalkDB; SPIDER_internal; SpaCcLink
CALM2,GRM5,3,CellTalkDB; SPIDER_internal; SpaCcLink
CALM2,GRM7,3,CellTalkDB; SPIDER_internal; SpaCcLink
CALM2,INSR,3,CellTalkDB; SPIDER_internal; SpaCcLink
CALM2,KCNQ1,3,CellTalkDB; SPIDER_internal; SpaCcLink
CALM2,KCNQ3,3,CellTalkDB; SPIDER_internal; SpaCcLink
CALM2,KCNQ5,3,CellTalkDB; SPIDER_internal; SpaCcLink
CALM2,MYLK,3,CellTalkDB; SPIDER_internal; SpaCcLink
CALM2,MYLK2,3,CellTalkDB; SPIDER_internal; SpaCcLink
CALM2,PDE1A,3,CellTalkDB; SPIDER_internal; SpaCcLink
CALM2,PDE1B,3,CellTalkDB; SPIDER_internal; SpaCcLink
CALM2,PDE1C,3,CellTalkDB; SPIDER_internal; SpaCcLink
CALM2,PLPP6,3,CellTalkDB; SPIDER_internal; SpaCcLink
CALM2,SCN10A,3,CellTalkDB; SPIDER_internal; SpaCcLink
CALM2,SCN4A,3,CellTalkDB; SPIDER_internal; SpaCcLink
CALM2,SELL,3,CellTalkDB; SPIDER_internal; SpaCcLink
CALM2,TRPC5,3,CellTalkDB; SPIDER_internal; SpaCcLink
CALM3,MYLK,3,CellTalkDB; SPIDER_internal; SpaCcLink
CALM3,MYLK2,3,CellTalkDB; SPIDER_internal; SpaCcLink
CALM3,SELL,3,CellTalkDB; SPIDER_internal; SpaCcLink
CALR,HLA-F,3,CellTalkDB; SPIDER_internal; SpaCcLink
CCL20,ACKR4,3,LIANA_consensus; connectomeDB2020_lit; stCASE
CCL3L1,CCR3,3,LIANA_consensus; SpaCcLink; connectomeDB2020_lit
CCL3L1,CCR5,3,LIANA_consensus; SpaCcLink; connectomeDB2020_lit
CCL3L3,CCR1,3,COMMOT_CellChat; LARIS_neurotransmitter; stCASE
CCL5,CCRL2,3,CellTalkDB; LIANA_consensus; SPIDER_internal
CCN1,SDC4,3,LIANA_consensus; connectomeDB2020_lit; stCASE
CCN2,FGFR2,3,LIANA_consensus; connectomeDB2020_lit; stCASE
CCN2,IGF2R,3,LIANA_consensus; connectomeDB2020_lit; stCASE
CCN6,SORL1,3,CellTalkDB; LIANA_consensus; SPIDER_internal
CD177,PECAM1,3,LIANA_consensus; connectomeDB2020_lit; stCASE
CD1D,LILRB2,3,LIANA_consensus; connectomeDB2020_lit; stCASE
CD200,CD200R1L,3,LIANA_consensus; connectomeDB2020_lit; stCASE
CD226,NECTIN2,3,COMMOT_CellChat; connectomeDB2020_lit; stCASE
CD226,PVR,3,COMMOT_CellChat; connectomeDB2020_lit; stCASE
CD24,SIGLEC10,3,CellTalkDB; LIANA_consensus; SPIDER_internal
CD28,CD80,3,LIANA_consensus; connectomeDB2020_lit; stCASE
CD28,CD86,3,LIANA_consensus; connectomeDB2020_lit; stCASE
CD40LG,ITGA2B,3,COMMOT_CellChat; LARIS_neurotransmitter; LIANA_consensus
CD40LG,ITGA5,3,COMMOT_CellChat; LARIS_neurotransmitter; LIANA_consensus
CD46,JAG1,3,COMMOT_CellChat; LARIS_neurotransmitter; stCASE
CD47,SIRPA,3,LIANA_consensus; connectomeDB2020_lit; stCASE
CD47,SIRPG,3,LIANA_consensus; connectomeDB2020_lit; stCASE
CD48,CD2,3,LIANA_consensus; connectomeDB2020_lit; stCASE
CD55,ADGRE2,3,CellTalkDB; LIANA_consensus; SPIDER_internal
CD69,KLRB1,3,COMMOT_CellChat; LARIS_neurotransmitter; stCASE
CD70,TNFRSF13B,3,CellTalkDB; LIANA_consensus; SPIDER_internal
CD70,TNFRSF17,3,CellTalkDB; LIANA_consensus; SPIDER_internal
CD8A,CEACAM5,3,COMMOT_CellChat; LARIS_neurotransmitter; stCASE
CDH1,ERBB3,3,CellTalkDB; SPIDER_internal; SpaCcLink
CDH1,ITGA2,3,COMMOT_CellChat; LARIS_neurotransmitter; LIANA_consensus
CEACAM1,CEACAM5,3,COMMOT_CellChat; LARIS_neurotransmitter; stCASE
CEACAM1,HAVCR2,3,LIANA_consensus; connectomeDB2020_lit; stCASE
CEACAM8,CEACAM1,3,LIANA_consensus; connectomeDB2020_lit; stCASE
CFC1,SMAD3,3,CellTalkDB; SPIDER_internal; SpaCcLink
CLEC2A,KLRB1,3,COMMOT_CellChat; LARIS_neurotransmitter; stCASE
CLEC2B,KLRB1,3,COMMOT_CellChat; LARIS_neurotransmitter; stCASE
CLEC2L,KLRB1,3,COMMOT_CellChat; LARIS_neurotransmitter; stCASE
CNTN1,PTPRZ1,3,LIANA_consensus; connectomeDB2020_lit; stCASE
CNTN2,L1CAM,3,COMMOT_CellChat; LARIS_neurotransmitter; stCASE
COL18A1,PTPRS,3,LIANA_consensus; connectomeDB2020_lit; stCASE
COL1A1,ITGA10,3,COMMOT_CellChat; LARIS_neurotransmitter; LIANA_consensus
COL1A1,ITGA3,3,COMMOT_CellChat; LARIS_neurotransmitter; LIANA_consensus
COL1A1,ITGA9,3,COMMOT_CellChat; LARIS_neurotransmitter; LIANA_consensus
COL1A1,SDC4,3,COMMOT_CellChat; LARIS_neurotransmitter; stCASE
COL1A1,TMPRSS6,3,CellTalkDB; SPIDER_internal; SpaCcLink
COL1A2,ITGA10,3,COMMOT_CellChat; LARIS_neurotransmitter; LIANA_consensus
COL1A2,ITGA3,3,COMMOT_CellChat; LARIS_neurotransmitter; LIANA_consensus
COL1A2,ITGA9,3,COMMOT_CellChat; LARIS_neurotransmitter; LIANA_consensus
COL1A2,SDC4,3,COMMOT_CellChat; LARIS_neurotransmitter; stCASE
COL2A1,ITGA11,3,COMMOT_CellChat; LARIS_neurotransmitter; LIANA_consensus
COL2A1,ITGA3,3,COMMOT_CellChat; LARIS_neurotransmitter; LIANA_consensus
COL2A1,ITGA9,3,COMMOT_CellChat; LARIS_neurotransmitter; LIANA_consensus
COL2A1,ITGAV,3,COMMOT_CellChat; LARIS_neurotransmitter; LIANA_consensus
COL2A1,SDC4,3,COMMOT_CellChat; LARIS_neurotransmitter; stCASE
COL4A1,ITGA10,3,COMMOT_CellChat; LARIS_neurotransmitter; LIANA_consensus
COL4A1,ITGA11,3,COMMOT_CellChat; LARIS_neurotransmitter; LIANA_consensus
COL4A1,ITGA3,3,COMMOT_CellChat; LARIS_neurotransmitter; LIANA_consensus
COL4A1,ITGA9,3,COMMOT_CellChat; LARIS_neurotransmitter; LIANA_consensus
COL4A1,SDC4,3,COMMOT_CellChat; LARIS_neurotransmitter; stCASE
COL4A2,ITGA1,3,COMMOT_CellChat; LARIS_neurotransmitter; LIANA_consensus
COL4A2,ITGA10,3,COMMOT_CellChat; LARIS_neurotransmitter; LIANA_consensus
COL4A2,ITGA11,3,COMMOT_CellChat; LARIS_neurotransmitter; LIANA_consensus
COL4A2,ITGA2,3,COMMOT_CellChat; LARIS_neurotransmitter; LIANA_consensus
COL4A2,ITGA3,3,COMMOT_CellChat; LARIS_neurotransmitter; LIANA_consensus
COL4A2,ITGA9,3,COMMOT_CellChat; LARIS_neurotransmitter; LIANA_consensus
COL4A2,ITGAV,3,COMMOT_CellChat; LARIS_neurotransmitter; LIANA_consensus
COL4A2,SDC4,3,COMMOT_CellChat; LARIS_neurotransmitter; stCASE
COL4A3,ITGA10,3,COMMOT_CellChat; LARIS_neurotransmitter; LIANA_consensus
COL4A3,ITGA11,3,COMMOT_CellChat; LARIS_neurotransmitter; LIANA_consensus
COL4A3,ITGA9,3,COMMOT_CellChat; LARIS_neurotransmitter; LIANA_consensus
COL4A3,SDC4,3,COMMOT_CellChat; LARIS_neurotransmitter; stCASE
COL4A4,ITGA10,3,COMMOT_CellChat; LARIS_neurotransmitter; LIANA_consensus
COL4A4,ITGA11,3,COMMOT_CellChat; LARIS_neurotransmitter; LIANA_consensus
COL4A4,ITGA3,3,COMMOT_CellChat; LARIS_neurotransmitter; LIANA_consensus
COL4A4,ITGA9,3,COMMOT_CellChat; LARIS_neurotransmitter; LIANA_consensus
COL4A4,SDC4,3,COMMOT_CellChat; LARIS_neurotransmitter; stCASE
COL4A5,ITGA10,3,COMMOT_CellChat; LARIS_neurotransmitter; LIANA_consensus
COL4A5,ITGA11,3,COMMOT_CellChat; LARIS_neurotransmitter; LIANA_consensus
COL4A5,ITGA3,3,COMMOT_CellChat; LARIS_neurotransmitter; LIANA_consensus
COL4A5,ITGA9,3,COMMOT_CellChat; LARIS_neurotransmitter; LIANA_consensus
COL4A5,SDC4,3,COMMOT_CellChat; LARIS_neurotransmitter; stCASE
COL4A6,ITGA10,3,COMMOT_CellChat; LARIS_neurotransmitter; LIANA_consensus
COL4A6,ITGA11,3,COMMOT_CellChat; LARIS_neurotransmitter; LIANA_consensus
COL4A6,ITGA3,3,COMMOT_CellChat; LARIS_neurotransmitter; LIANA_consensus
COL4A6,ITGA9,3,COMMOT_CellChat; LARIS_neurotransmitter; LIANA_consensus
COL4A6,SDC4,3,COMMOT_CellChat; LARIS_neurotransmitter; stCASE
COL6A1,ITGA10,3,COMMOT_CellChat; LARIS_neurotransmitter; LIANA_consensus
COL6A1,ITGA11,3,COMMOT_CellChat; LARIS_neurotransmitter; LIANA_consensus
COL6A1,ITGA3,3,COMMOT_CellChat; LARIS_neurotransmitter; LIANA_consensus
COL6A1,ITGA9,3,COMMOT_CellChat; LARIS_neurotransmitter; LIANA_consensus
COL6A1,ITGAV,3,COMMOT_CellChat; LARIS_neurotransmitter; LIANA_consensus
COL6A1,SDC4,3,COMMOT_CellChat; LARIS_neurotransmitter; stCASE
COL6A2,ITGA10,3,COMMOT_CellChat; LARIS_neurotransmitter; LIANA_consensus
COL6A2,ITGA11,3,COMMOT_CellChat; LARIS_neurotransmitter; LIANA_consensus
COL6A2,ITGA3,3,COMMOT_CellChat; LARIS_neurotransmitter; LIANA_consensus
COL6A2,ITGA9,3,COMMOT_CellChat; LARIS_neurotransmitter; LIANA_consensus
COL6A2,ITGAV,3,COMMOT_CellChat; LARIS_neurotransmitter; LIANA_consensus
COL6A2,SDC4,3,COMMOT_CellChat; LARIS_neurotransmitter; stCASE
COL6A3,ITGA10,3,COMMOT_CellChat; LARIS_neurotransmitter; LIANA_consensus
COL6A3,ITGA11,3,COMMOT_CellChat; LARIS_neurotransmitter; LIANA_consensus
COL6A3,ITGA3,3,COMMOT_CellChat; LARIS_neurotransmitter; LIANA_consensus
COL6A3,ITGA9,3,COMMOT_CellChat; LARIS_neurotransmitter; LIANA_consensus
COL6A3,ITGAV,3,COMMOT_CellChat; LARIS_neurotransmitter; LIANA_consensus
COL6A3,SDC4,3,COMMOT_CellChat; LARIS_neurotransmitter; stCASE
COL6A5,ITGA1,3,COMMOT_CellChat; LARIS_neurotransmitter; LIANA_consensus
COL6A5,ITGA10,3,COMMOT_CellChat; LARIS_neurotransmitter; LIANA_consensus
COL6A5,ITGA11,3,COMMOT_CellChat; LARIS_neurotransmitter; LIANA_consensus
COL6A5,ITGA2,3,COMMOT_CellChat; LARIS_neurotransmitter; LIANA_consensus
COL6A5,ITGA3,3,COMMOT_CellChat; LARIS_neurotransmitter; LIANA_consensus
COL6A5,ITGA9,3,COMMOT_CellChat; LARIS_neurotransmitter; LIANA_consensus
COL6A5,ITGAV,3,COMMOT_CellChat; LARIS_neurotransmitter; LIANA_consensus
COL6A5,SDC4,3,COMMOT_CellChat; LARIS_neurotransmitter; stCASE
COL6A6,ITGA1,3,COMMOT_CellChat; LARIS_neurotransmitter; LIANA_consensus
COL6A6,ITGA10,3,COMMOT_CellChat; LARIS_neurotransmitter; LIANA_consensus
COL6A6,ITGA11,3,COMMOT_CellChat; LARIS_neurotransmitter; LIANA_consensus
COL6A6,ITGA2,3,COMMOT_CellChat; LARIS_neurotransmitter; LIANA_consensus
COL6A6,ITGA3,3,COMMOT_CellChat; LARIS_neurotransmitter; LIANA_consensus
COL6A6,ITGA9,3,COMMOT_CellChat; LARIS_neurotransmitter; LIANA_consensus
COL6A6,ITGAV,3,COMMOT_CellChat; LARIS_neurotransmitter; LIANA_consensus
COL6A6,SDC4,3,COMMOT_CellChat; LARIS_neurotransmitter; stCASE
COL8A2,SLC4A11,3,CellTalkDB; LIANA_consensus; SPIDER_internal
COL9A1,ITGA1,3,COMMOT_CellChat; LARIS_neurotransmitter; LIANA_consensus
COL9A1,ITGA10,3,COMMOT_CellChat; LARIS_neurotransmitter; LIANA_consensus
COL9A1,ITGA11,3,COMMOT_CellChat; LARIS_neurotransmitter; LIANA_consensus
COL9A1,ITGA2,3,COMMOT_CellChat; LARIS_neurotransmitter; LIANA_consensus
COL9A1,ITGA3,3,COMMOT_CellChat; LARIS_neurotransmitter; LIANA_consensus
COL9A1,ITGA9,3,COMMOT_CellChat; LARIS_neurotransmitter; LIANA_consensus
COL9A1,ITGAV,3,COMMOT_CellChat; LARIS_neurotransmitter; LIANA_consensus
COL9A1,SDC4,3,COMMOT_CellChat; LARIS_neurotransmitter; stCASE
COL9A2,ITGA1,3,COMMOT_CellChat; LARIS_neurotransmitter; LIANA_consensus
COL9A2,ITGA10,3,COMMOT_CellChat; LARIS_neurotransmitter; LIANA_consensus
COL9A2,ITGA11,3,COMMOT_CellChat; LARIS_neurotransmitter; LIANA_consensus
COL9A2,ITGA2,3,COMMOT_CellChat; LARIS_neurotransmitter; LIANA_consensus
COL9A2,ITGA3,3,COMMOT_CellChat; LARIS_neurotransmitter; LIANA_consensus
COL9A2,ITGA9,3,COMMOT_CellChat; LARIS_neurotransmitter; LIANA_consensus
COL9A2,ITGAV,3,COMMOT_CellChat; LARIS_neurotransmitter; LIANA_consensus
COL9A2,SDC4,3,COMMOT_CellChat; LARIS_neurotransmitter; stCASE
COL9A3,ITGA1,3,COMMOT_CellChat; LARIS_neurotransmitter; LIANA_consensus
COL9A3,ITGA10,3,COMMOT_CellChat; LARIS_neurotransmitter; LIANA_consensus
COL9A3,ITGA11,3,COMMOT_CellChat; LARIS_neurotransmitter; LIANA_consensus
COL9A3,ITGA2,3,COMMOT_CellChat; LARIS_neurotransmitter; LIANA_consensus
COL9A3,ITGA3,3,COMMOT_CellChat; LARIS_neurotransmitter; LIANA_consensus
COL9A3,ITGA9,3,COMMOT_CellChat; LARIS_neurotransmitter; LIANA_consensus
COL9A3,ITGAV,3,COMMOT_CellChat; LARIS_neurotransmitter; LIANA_consensus
COL9A3,SDC4,3,COMMOT_CellChat; LARIS_neurotransmitter; stCASE
COMP,ITGA3,3,COMMOT_CellChat; LARIS_neurotransmitter; LIANA_consensus
COMP,ITGAV,3,COMMOT_CellChat; LARIS_neurotransmitter; LIANA_consensus
COMP,SDC4,3,COMMOT_CellChat; LARIS_neurotransmitter; stCASE
CRISP2,CATSPER1,3,CellTalkDB; LIANA_consensus; SPIDER_internal
CRISP3,A1BG,3,CellTalkDB; LIANA_consensus; SPIDER_internal
CRLF1,CNTFR,3,LIANA_consensus; connectomeDB2020_lit; stCASE
CSPG4,ITGA3,3,COMMOT_CellChat; LARIS_neurotransmitter; LIANA_consensus
CTHRC1,ROR2,3,LIANA_consensus; connectomeDB2020_lit; stCASE
CTSG,F2R,3,COMMOT_CellChat; LARIS_neurotransmitter; stCASE
CTSG,F2RL1,3,COMMOT_CellChat; LARIS_neurotransmitter; stCASE
CTSG,F2RL2,3,COMMOT_CellChat; LARIS_neurotransmitter; stCASE
CTSG,F2RL3,3,COMMOT_CellChat; LARIS_neurotransmitter; stCASE
CTSG,PARD3,3,COMMOT_CellChat; LARIS_neurotransmitter; stCASE
CX3CL1,ITGB3,3,LIANA_consensus; connectomeDB2020_lit; stCASE
CXCL12,ADRA2A,3,CellTalkDB; SPIDER_internal; SpaCcLink
CXCL16,ADRA2A,3,CellTalkDB; SPIDER_internal; SpaCcLink
CXCL2,ADRA2A,3,CellTalkDB; SPIDER_internal; SpaCcLink
CXCL3,ADRA2A,3,CellTalkDB; SPIDER_internal; SpaCcLink
DCN,TLR2,3,LIANA_consensus; connectomeDB2020_lit; stCASE
DCN,TLR4,3,LIANA_consensus; connectomeDB2020_lit; stCASE
DKK2,KREMEN1,3,LIANA_consensus; connectomeDB2020_lit; stCASE
DKK4,KREMEN1,3,LIANA_consensus; connectomeDB2020_lit; stCASE
DKK4,KREMEN2,3,LIANA_consensus; connectomeDB2020_lit; stCASE
DMP1,ITGAV,3,COMMOT_CellChat; LARIS_neurotransmitter; LIANA_consensus
DMP1,PHEX,3,CellTalkDB; LIANA_consensus; SPIDER_internal
DSG2,DSC1,3,LIANA_consensus; connectomeDB2020_lit; stCASE
DSPP,ITGAV,3,COMMOT_CellChat; LARIS_neurotransmitter; LIANA_consensus
EDIL3,ITGB3,3,LIANA_consensus; connectomeDB2020_lit; stCASE
EDN1,ADGRL4,3,CellTalkDB; LIANA_consensus; SPIDER_internal
EFEMP2,PLSCR4,3,CellTalkDB; LIANA_consensus; SPIDER_internal
EGF,RHBDL2,3,CellTalkDB; LIANA_consensus; SPIDER_internal
F10,ITGB2,3,CellTalkDB; SPIDER_internal; SpaCcLink
F11R,ITGAL,3,COMMOT_CellChat; LARIS_neurotransmitter; LIANA_consensus
F11R,JAM2,3,COMMOT_CellChat; connectomeDB2020_lit; stCASE
F12,CD93,3,CellTalkDB; LIANA_consensus; SPIDER_internal
F2,PARD3,3,COMMOT_CellChat; LARIS_neurotransmitter; stCASE
FAM3C,GLRA2,3,CellTalkDB; LIANA_consensus; SPIDER_internal
FAM3C,LAMP1,3,CellTalkDB; LIANA_consensus; SPIDER_internal
FCER2,ITGAM,3,COMMOT_CellChat; LARIS_neurotransmitter; LIANA_consensus
FCER2,ITGAV,3,COMMOT_CellChat; LARIS_neurotransmitter; LIANA_consensus
FCER2,ITGAX,3,COMMOT_CellChat; LARIS_neurotransmitter; LIANA_consensus
FGF1,TGFBR3,3,CellTalkDB; LIANA_consensus; SPIDER_internal
FGF11,FGFR3,3,CellTalkDB; SPIDER_internal; SpaCcLink
FGF11,FGFR4,3,CellTalkDB; SPIDER_internal; SpaCcLink
FGF12,FGFR3,3,CellTalkDB; SPIDER_internal; SpaCcLink
FGF12,FGFR4,3,CellTalkDB; SPIDER_internal; SpaCcLink
FGF14,FGFR3,3,CellTalkDB; SPIDER_internal; SpaCcLink
FGF14,FGFR4,3,CellTalkDB; SPIDER_internal; SpaCcLink
FGF23,PHEX,3,CellTalkDB; LIANA_consensus; SPIDER_internal
FGL1,LAG3,3,LIANA_consensus; connectomeDB2020_lit; stCASE
FN1,ROBO4,3,CellTalkDB; LIANA_consensus; SPIDER_internal
FN1,SDC4,3,COMMOT_CellChat; LARIS_neurotransmitter; stCASE
FN1,TMPRSS6,3,CellTalkDB; SPIDER_internal; SpaCcLink
FRAS1,ITGA8,3,COMMOT_CellChat; LARIS_neurotransmitter; LIANA_consensus
FREM1,ITGA8,3,COMMOT_CellChat; LARIS_neurotransmitter; LIANA_consensus
FREM2,ITGA8,3,COMMOT_CellChat; LARIS_neurotransmitter; LIANA_consensus
FYN,SPN,3,CellTalkDB; SPIDER_internal; SpaCcLink
FYN,THY1,3,CellTalkDB; SPIDER_internal; SpaCcLink
GDF1,ACVR1C,3,COMMOT_CellChat; LARIS_neurotransmitter; LIANA_consensus
GDF1,CFC1,3,COMMOT_CellChat; LARIS_neurotransmitter; LIANA_consensus
GDF1,SMAD3,3,CellTalkDB; SPIDER_internal; SpaCcLink
GDF10,ACVR2A,3,COMMOT_CellChat; LARIS_neurotransmitter; LIANA_consensus
GDF3,ACVR1B,3,COMMOT_CellChat; LARIS_neurotransmitter; LIANA_consensus
GDF3,ACVR1C,3,COMMOT_CellChat; LARIS_neurotransmitter; LIANA_consensus
GDF3,CFC1,3,COMMOT_CellChat; LARIS_neurotransmitter; LIANA_consensus
GDF7,BMPR1B,3,COMMOT_CellChat; LARIS_neurotransmitter; LIANA_consensus
GDF9,ACVR1B,3,COMMOT_CellChat; LARIS_neurotransmitter; LIANA_consensus
GDF9,FXYD6,3,LIANA_consensus; SpaCcLink; stCASE
GNAI2,PTPRU,3,CellTalkDB; LIANA_consensus; SPIDER_internal
GNAS,ADRB2,3,LIANA_consensus; connectomeDB2020_lit; stCASE
GP1BA,ITGAM,3,COMMOT_CellChat; LARIS_neurotransmitter; LIANA_consensus
GPHB5,TSHR,3,LARIS_neurotransmitter; LIANA_consensus; connectomeDB2020_lit
HAVCR1,CD300LB,3,LIANA_consensus; connectomeDB2020_lit; stCASE
HHLA2,TMIGD2,3,LIANA_consensus; connectomeDB2020_lit; stCASE
HLA-A,CD3D,3,CellTalkDB; SPIDER_internal; SpaCcLink
HLA-A,CD3G,3,CellTalkDB; SPIDER_internal; SpaCcLink
HLA-B,CD3G,3,CellTalkDB; SPIDER_internal; SpaCcLink
HLA-C,CD3D,3,CellTalkDB; SPIDER_internal; SpaCcLink
HLA-C,CD3G,3,CellTalkDB; SPIDER_internal; SpaCcLink
HLA-C,NOTCH4,3,CellTalkDB; SPIDER_internal; SpaCcLink
HLA-DOA,CD4,3,COMMOT_CellChat; LARIS_neurotransmitter; stCASE
HLA-F,LILRB2,3,LIANA_consensus; connectomeDB2020_lit; stCASE
HMGB1,CD163,3,CellTalkDB; SPIDER_internal; SpaCcLink
HP,ASGR1,3,CellTalkDB; LIANA_consensus; SPIDER_internal
HP,ASGR2,3,CellTalkDB; LIANA_consensus; SPIDER_internal
HRAS,GRIN2D,3,CellTalkDB; SPIDER_internal; SpaCcLink
HRAS,SDC2,3,CellTalkDB; SPIDER_internal; SpaCcLink
HRAS,TLR2,3,CellTalkDB; SPIDER_internal; SpaCcLink
HSP90AA1,ITGB3,3,CellTalkDB; SPIDER_internal; SpaCcLink
HSP90AA1,LRP1,3,CellTalkDB; SPIDER_internal; SpaCcLink
HSP90B1,ERBB2,3,CellTalkDB; SPIDER_internal; SpaCcLink
HSP90B1,LRP1,3,CellTalkDB; SPIDER_internal; SpaCcLink
HSP90B1,TLR1,3,CellTalkDB; SPIDER_internal; SpaCcLink
HSP90B1,TLR2,3,CellTalkDB; SPIDER_internal; SpaCcLink
HSP90B1,TLR4,3,CellTalkDB; SPIDER_internal; SpaCcLink
HSP90B1,TLR7,3,CellTalkDB; SPIDER_internal; SpaCcLink
HSP90B1,TLR9,3,CellTalkDB; SPIDER_internal; SpaCcLink
ICAM5,CD209,3,COMMOT_CellChat; LARIS_neurotransmitter; stCASE
IGF1,ITGA6,3,COMMOT_CellChat; LARIS_neurotransmitter; LIANA_consensus
IGF1,ITGAV,3,COMMOT_CellChat; LARIS_neurotransmitter; LIANA_consensus
IGF2,ITGA6,3,COMMOT_CellChat; LARIS_neurotransmitter; LIANA_consensus
IGF2,ITGAV,3,COMMOT_CellChat; LARIS_neurotransmitter; LIANA_consensus
IL18,CD48,3,CellTalkDB; SPIDER_internal; SpaCcLink
IL25,IL17RA,3,COMMOT_CellChat; LARIS_neurotransmitter; LIANA_consensus
IL36A,IL36RN,3,CellTalkDB; SPIDER_internal; SpaCcLink
IL36B,IL36RN,3,CellTalkDB; SPIDER_internal; SpaCcLink
IL36G,IL36RN,3,CellTalkDB; SPIDER_internal; SpaCcLink
IL36RN,IL1RAP,3,COMMOT_CellChat; LIANA_consensus; stCASE
IL36RN,IL1RL2,3,COMMOT_CellChat; LIANA_consensus; connectomeDB2020_lit
IL37,IL18R1,3,COMMOT_CellChat; LARIS_neurotransmitter; LIANA_consensus
INHBA,SMAD3,3,CellTalkDB; SPIDER_internal; SpaCcLink
INHBB,SMAD3,3,CellTalkDB; SPIDER_internal; SpaCcLink
INHBC,ACVR1C,3,COMMOT_CellChat; LARIS_neurotransmitter; LIANA_consensus
INHBE,ACVR1B,3,COMMOT_CellChat; LARIS_neurotransmitter; LIANA_consensus
INHBE,ACVR1C,3,COMMOT_CellChat; LARIS_neurotransmitter; LIANA_consensus
ITGB2,CD226,3,COMMOT_CellChat; LIANA_consensus; stCASE
JAM2,ITGA3,3,COMMOT_CellChat; LARIS_neurotransmitter; LIANA_consensus
JAM2,ITGAV,3,COMMOT_CellChat; LARIS_neurotransmitter; LIANA_consensus
JAM3,F11R,3,COMMOT_CellChat; LARIS_neurotransmitter; stCASE
JAM3,ITGAM,3,COMMOT_CellChat; LARIS_neurotransmitter; LIANA_consensus
JAM3,JAM2,3,COMMOT_CellChat; connectomeDB2020_lit; stCASE
JAML,CXADR,3,LIANA_consensus; connectomeDB2020_lit; stCASE
KLK3,NGFR,3,COMMOT_CellChat; LARIS_neurotransmitter; stCASE
KNG1,GPR135,3,LIANA_consensus; connectomeDB2020_lit; stCASE
L1CAM,CD9,3,LIANA_consensus; connectomeDB2020_lit; stCASE
L1CAM,ITGA4,3,COMMOT_CellChat; LARIS_neurotransmitter; LIANA_consensus
L1CAM,PTPRZ1,3,LIANA_consensus; connectomeDB2020_lit; stCASE
LAMA1,ITGA9,3,COMMOT_CellChat; LARIS_neurotransmitter; LIANA_consensus
LAMA1,ITGAV,3,COMMOT_CellChat; LARIS_neurotransmitter; LIANA_consensus
LAMA1,SV2A,3,COMMOT_CellChat; LARIS_neurotransmitter; stCASE
LAMA1,SV2B,3,COMMOT_CellChat; LARIS_neurotransmitter; stCASE
LAMA1,SV2C,3,COMMOT_CellChat; LARIS_neurotransmitter; stCASE
LAMA1,TMPRSS6,3,CellTalkDB; SPIDER_internal; SpaCcLink
LAMA2,ITGA9,3,COMMOT_CellChat; LARIS_neurotransmitter; LIANA_consensus
LAMA2,ITGAV,3,COMMOT_CellChat; LARIS_neurotransmitter; LIANA_consensus
LAMA2,SV2A,3,COMMOT_CellChat; LARIS_neurotransmitter; stCASE
LAMA2,SV2B,3,COMMOT_CellChat; LARIS_neurotransmitter; stCASE
LAMA2,SV2C,3,COMMOT_CellChat; LARIS_neurotransmitter; stCASE
LAMA3,ITGA2,3,COMMOT_CellChat; LARIS_neurotransmitter; LIANA_consensus
LAMA3,ITGA6,3,COMMOT_CellChat; LARIS_neurotransmitter; LIANA_consensus
LAMA3,ITGA7,3,COMMOT_CellChat; LARIS_neurotransmitter; LIANA_consensus
LAMA3,ITGA9,3,COMMOT_CellChat; LARIS_neurotransmitter; LIANA_consensus
LAMA3,ITGAV,3,COMMOT_CellChat; LARIS_neurotransmitter; LIANA_consensus
LAMA3,SV2A,3,COMMOT_CellChat; LARIS_neurotransmitter; stCASE
LAMA3,SV2B,3,COMMOT_CellChat; LARIS_neurotransmitter; stCASE
LAMA3,SV2C,3,COMMOT_CellChat; LARIS_neurotransmitter; stCASE
LAMA4,ITGA2,3,COMMOT_CellChat; LARIS_neurotransmitter; LIANA_consensus
LAMA4,ITGA7,3,COMMOT_CellChat; LARIS_neurotransmitter; LIANA_consensus
LAMA4,ITGA9,3,COMMOT_CellChat; LARIS_neurotransmitter; LIANA_consensus
LAMA4,SV2A,3,COMMOT_CellChat; LARIS_neurotransmitter; stCASE
LAMA4,SV2B,3,COMMOT_CellChat; LARIS_neurotransmitter; stCASE
LAMA4,SV2C,3,COMMOT_CellChat; LARIS_neurotransmitter; stCASE
LAMA5,ITGA7,3,COMMOT_CellChat; LARIS_neurotransmitter; LIANA_consensus
LAMA5,ITGA9,3,COMMOT_CellChat; LARIS_neurotransmitter; LIANA_consensus
LAMA5,ITGAV,3,COMMOT_CellChat; LARIS_neurotransmitter; LIANA_consensus
LAMA5,SV2A,3,COMMOT_CellChat; LARIS_neurotransmitter; stCASE
LAMA5,SV2B,3,COMMOT_CellChat; LARIS_neurotransmitter; stCASE
LAMA5,SV2C,3,COMMOT_CellChat; LARIS_neurotransmitter; stCASE
LAMB1,ITGA9,3,COMMOT_CellChat; LARIS_neurotransmitter; LIANA_consensus
LAMB1,SV2A,3,COMMOT_CellChat; LARIS_neurotransmitter; stCASE
LAMB1,SV2B,3,COMMOT_CellChat; LARIS_neurotransmitter; stCASE
LAMB1,SV2C,3,COMMOT_CellChat; LARIS_neurotransmitter; stCASE
LAMB2,ITGA2,3,COMMOT_CellChat; LARIS_neurotransmitter; LIANA_consensus
LAMB2,ITGA6,3,COMMOT_CellChat; LARIS_neurotransmitter; LIANA_consensus
LAMB2,ITGA7,3,COMMOT_CellChat; LARIS_neurotransmitter; LIANA_consensus
LAMB2,ITGA9,3,COMMOT_CellChat; LARIS_neurotransmitter; LIANA_consensus
LAMB2,ITGAV,3,COMMOT_CellChat; LARIS_neurotransmitter; LIANA_consensus
LAMB2,SV2A,3,COMMOT_CellChat; LARIS_neurotransmitter; stCASE
LAMB2,SV2B,3,COMMOT_CellChat; LARIS_neurotransmitter; stCASE
LAMB2,SV2C,3,COMMOT_CellChat; LARIS_neurotransmitter; stCASE
LAMB3,CD151,3,CellTalkDB; LIANA_consensus; SPIDER_internal
LAMB3,COL17A1,3,CellTalkDB; SPIDER_internal; SpaCcLink
LAMB3,ITGA7,3,COMMOT_CellChat; LARIS_neurotransmitter; LIANA_consensus
LAMB3,ITGA9,3,COMMOT_CellChat; LARIS_neurotransmitter; LIANA_consensus
LAMB3,ITGAV,3,COMMOT_CellChat; LARIS_neurotransmitter; LIANA_consensus
LAMB3,SV2A,3,COMMOT_CellChat; LARIS_neurotransmitter; stCASE
LAMB3,SV2B,3,COMMOT_CellChat; LARIS_neurotransmitter; stCASE
LAMB3,SV2C,3,COMMOT_CellChat; LARIS_neurotransmitter; stCASE
LAMC1,ITGA9,3,COMMOT_CellChat; LARIS_neurotransmitter; LIANA_consensus
LAMC1,SV2A,3,COMMOT_CellChat; LARIS_neurotransmitter; stCASE
LAMC1,SV2B,3,COMMOT_CellChat; LARIS_neurotransmitter; stCASE
LAMC1,SV2C,3,COMMOT_CellChat; LARIS_neurotransmitter; stCASE
LAMC2,CD151,3,CellTalkDB; LIANA_consensus; SPIDER_internal
LAMC2,COL17A1,3,CellTalkDB; SPIDER_internal; SpaCcLink
LAMC2,ITGA7,3,COMMOT_CellChat; LARIS_neurotransmitter; LIANA_consensus
LAMC2,ITGA9,3,COMMOT_CellChat; LARIS_neurotransmitter; LIANA_consensus
LAMC2,ITGAV,3,COMMOT_CellChat; LARIS_neurotransmitter; LIANA_consensus
LAMC2,SV2A,3,COMMOT_CellChat; LARIS_neurotransmitter; stCASE
LAMC2,SV2B,3,COMMOT_CellChat; LARIS_neurotransmitter; stCASE
LAMC2,SV2C,3,COMMOT_CellChat; LARIS_neurotransmitter; stCASE
LAMC3,ITGA7,3,COMMOT_CellChat; LARIS_neurotransmitter; LIANA_consensus
LAMC3,ITGA9,3,COMMOT_CellChat; LARIS_neurotransmitter; LIANA_consensus
LAMC3,ITGAV,3,COMMOT_CellChat; LARIS_neurotransmitter; LIANA_consensus
LAMC3,SV2A,3,COMMOT_CellChat; LARIS_neurotransmitter; stCASE
LAMC3,SV2B,3,COMMOT_CellChat; LARIS_neurotransmitter; stCASE
LAMC3,SV2C,3,COMMOT_CellChat; LARIS_neurotransmitter; stCASE
LCK,CD8A,3,COMMOT_CellChat; LARIS_neurotransmitter; LIANA_consensus
LGALS3,LAG3,3,LIANA_consensus; connectomeDB2020_lit; stCASE
LGALS3BP,CD33,3,CellTalkDB; LIANA_consensus; SPIDER_internal
LILRB4,LAIR1,3,LIANA_consensus; connectomeDB2020_lit; stCASE
LRP1B,PLAUR,3,LIANA_consensus; SpaCcLink; stCASE
LRRC4,NTNG2,3,COMMOT_CellChat; LARIS_neurotransmitter; stCASE
LRRC4B,PTPRD,3,LARIS_neurotransmitter; LIANA_consensus; connectomeDB2020_lit
LRRC4B,PTPRS,3,LARIS_neurotransmitter; LIANA_consensus; connectomeDB2020_lit
LRRC4C,NTNG1,3,COMMOT_CellChat; LARIS_neurotransmitter; stCASE
LTF,TFRC,3,CellTalkDB; SPIDER_internal; SpaCcLink
LY86,CD180,3,LIANA_consensus; SpaCcLink; connectomeDB2020_lit
LYPD3,AGR2,3,CellTalkDB; LIANA_consensus; SPIDER_internal
LYZ,ITGAL,3,CellTalkDB; SPIDER_internal; SpaCcLink
MDK,NOTCH2,3,LIANA_consensus; connectomeDB2020_lit; stCASE
MDK,SORL1,3,CellTalkDB; LIANA_consensus; SPIDER_internal
MMP9,ITGB2,3,CellTalkDB; SPIDER_internal; SpaCcLink
MSTN,ACVR1B,3,COMMOT_CellChat; LARIS_neurotransmitter; LIANA_consensus
MTMR4,SMAD3,3,CellTalkDB; SPIDER_internal; SpaCcLink
MYOC,FZD1,3,LIANA_consensus; SpaCcLink; connectomeDB2020_lit
NAMPT,ITGA5,3,COMMOT_CellChat; LARIS_neurotransmitter; LIANA_consensus
NCAM1,L1CAM,3,COMMOT_CellChat; LARIS_neurotransmitter; stCASE
NCAM1,PTPRZ1,3,LIANA_consensus; connectomeDB2020_lit; stCASE
NCAM2,L1CAM,3,COMMOT_CellChat; LARIS_neurotransmitter; stCASE
NECTIN1,NECTIN3,3,COMMOT_CellChat; connectomeDB2020_lit; stCASE
NECTIN2,CD96,3,LIANA_consensus; connectomeDB2020_lit; stCASE
NECTIN3,CADM1,3,LIANA_consensus; connectomeDB2020_lit; stCASE
NECTIN4,TIGIT,3,LIANA_consensus; connectomeDB2020_lit; stCASE
NFASC,CNTN1,3,COMMOT_CellChat; LARIS_neurotransmitter; LIANA_consensus
NGF,SORCS2,3,CellTalkDB; LIANA_consensus; SPIDER_internal
NLGN2,MDGA1,3,CellTalkDB; SPIDER_internal; SpaCcLink
NODAL,SMAD3,3,CellTalkDB; SPIDER_internal; SpaCcLink
NPTX1,NPTXR,3,CellTalkDB; LIANA_consensus; SPIDER_internal
NPTX2,NPTXR,3,CellTalkDB; LIANA_consensus; SPIDER_internal
NRG1,ADGRL1,3,CellTalkDB; LIANA_consensus; SPIDER_internal
NRG1,ITGAV,3,COMMOT_CellChat; LARIS_neurotransmitter; LIANA_consensus
NRG1,LGR4,3,CellTalkDB; LIANA_consensus; SPIDER_internal
NRG1,MS4A4A,3,CellTalkDB; LIANA_consensus; SPIDER_internal
NTN1,DSCAM,3,LARIS_neurotransmitter; LIANA_consensus; stCASE
NTNG2,LRRC4C,3,CellTalkDB; LIANA_consensus; SPIDER_internal
NUCB2,ERAP1,3,CellTalkDB; LIANA_consensus; SPIDER_internal
OMG,TNFRSF1B,3,LIANA_consensus; SpaCcLink; connectomeDB2020_lit
PCSK1N,GPR171,3,CellTalkDB; LIANA_consensus; SPIDER_internal
PDCD1LG2,PDCD2,3,CellTalkDB; LIANA_consensus; SPIDER_internal
PDCD1LG2,RGMB,3,LIANA_consensus; SpaCcLink; connectomeDB2020_lit
PDPN,CLEC1B,3,LIANA_consensus; connectomeDB2020_lit; stCASE
PIGA,PIGR,3,CellTalkDB; LIANA_consensus; SPIDER_internal
PIP,NPTN,3,CellTalkDB; LIANA_consensus; SPIDER_internal
PLAT,ITGB2,3,CellTalkDB; SPIDER_internal; SpaCcLink
PLAU,ITGAV,3,CellTalkDB; SPIDER_internal; SpaCcLink
PLAU,ITGB2,3,CellTalkDB; SPIDER_internal; SpaCcLink
PLAU,MRC2,3,CellTalkDB; SPIDER_internal; SpaCcLink
POSTN,ITGAV,3,COMMOT_CellChat; LARIS_neurotransmitter; LIANA_consensus
PROC,ITGB2,3,CellTalkDB; SPIDER_internal; SpaCcLink
PTDSS1,JMJD6,3,LIANA_consensus; SpaCcLink; connectomeDB2020_lit
PTN,ITGAV,3,COMMOT_CellChat; LARIS_neurotransmitter; LIANA_consensus
PTPN11,FCRL4,3,CellTalkDB; LIANA_consensus; SPIDER_internal
PTPN6,CD300LF,3,CellTalkDB; LIANA_consensus; SPIDER_internal
PTPN6,CLEC12A,3,CellTalkDB; LIANA_consensus; SPIDER_internal
PTPN6,FCRL4,3,CellTalkDB; LIANA_consensus; SPIDER_internal
PTPRM,PTPRM,3,COMMOT_CellChat; connectomeDB2020_lit; stCASE
RPS19,C5AR1,3,LIANA_consensus; SpaCcLink; connectomeDB2020_lit
RSPO2,RNF43,3,LIANA_consensus; connectomeDB2020_lit; stCASE
RTN4,GJB2,3,CellTalkDB; LIANA_consensus; SPIDER_internal
S100A8,CD68,3,CellTalkDB; LIANA_consensus; SPIDER_internal
S100A8,CD69,3,CellTalkDB; LIANA_consensus; SPIDER_internal
S100A9,CD68,3,CellTalkDB; LIANA_consensus; SPIDER_internal
SAA1,CD36,3,LIANA_consensus; connectomeDB2020_lit; stCASE
SAA1,SCARB1,3,CellTalkDB; LIANA_consensus; SPIDER_internal
SCGB1A1,LMBR1L,3,CellTalkDB; LIANA_consensus; SPIDER_internal
SDC2,PTPRJ,3,LIANA_consensus; connectomeDB2020_lit; stCASE
SECTM1,CD7,3,LIANA_consensus; connectomeDB2020_lit; stCASE
SELL,CD34,3,COMMOT_CellChat; LARIS_neurotransmitter; stCASE
SELL,GLYCAM1,3,COMMOT_CellChat; LARIS_neurotransmitter; stCASE
SELPLG,ESAM,3,CellTalkDB; LIANA_consensus; SPIDER_internal
SEMA3D,NRP2,3,COMMOT_CellChat; LARIS_neurotransmitter; LIANA_consensus
SERPINA7,SLC16A2,3,CellTalkDB; LIANA_consensus; SPIDER_internal
SERPINC1,LRP1,3,LIANA_consensus; SpaCcLink; connectomeDB2020_lit
SERPINE1,ITGAV,3,CellTalkDB; SPIDER_internal; SpaCcLink
SERPING1,LRP1,3,LIANA_consensus; SpaCcLink; connectomeDB2020_lit
SHANK1,ABCA1,3,CellTalkDB; SPIDER_internal; SpaCcLink
SHH,SCUBE2,3,CellTalkDB; LIANA_consensus; SPIDER_internal
SIRPG,CD47,3,LARIS_neurotransmitter; LIANA_consensus; connectomeDB2020_lit
SLIT1,ROBO2,3,LIANA_consensus; connectomeDB2020_lit; stCASE
SLIT3,ROBO4,3,LIANA_consensus; connectomeDB2020_lit; stCASE
SLITRK2,PTPRS,3,LARIS_neurotransmitter; LIANA_consensus; connectomeDB2020_lit
SLITRK6,PTPRS,3,LARIS_neurotransmitter; LIANA_consensus; connectomeDB2020_lit
SLURP1,CHRNA1,3,COMMOT_CellChat; LARIS_neurotransmitter; stCASE
SLURP1,CHRNA2,3,COMMOT_CellChat; LARIS_neurotransmitter; stCASE
SLURP1,CHRNA5,3,COMMOT_CellChat; LARIS_neurotransmitter; stCASE
SLURP1,CHRNA6,3,COMMOT_CellChat; LARIS_neurotransmitter; stCASE
SLURP1,CHRNB1,3,COMMOT_CellChat; LARIS_neurotransmitter; stCASE
SLURP1,CHRNB3,3,COMMOT_CellChat; LARIS_neurotransmitter; stCASE
SLURP1,CHRND,3,COMMOT_CellChat; LARIS_neurotransmitter; stCASE
SLURP1,CHRNE,3,COMMOT_CellChat; LARIS_neurotransmitter; stCASE
SLURP1,CHRNG,3,COMMOT_CellChat; LARIS_neurotransmitter; stCASE
SLURP2,CHRNA1,3,COMMOT_CellChat; LARIS_neurotransmitter; stCASE
SLURP2,CHRNA10,3,COMMOT_CellChat; LARIS_neurotransmitter; stCASE
SLURP2,CHRNA2,3,COMMOT_CellChat; LARIS_neurotransmitter; stCASE
SLURP2,CHRNA5,3,COMMOT_CellChat; LARIS_neurotransmitter; stCASE
SLURP2,CHRNA6,3,COMMOT_CellChat; LARIS_neurotransmitter; stCASE
SLURP2,CHRNA9,3,COMMOT_CellChat; LARIS_neurotransmitter; stCASE
SLURP2,CHRNB1,3,COMMOT_CellChat; LARIS_neurotransmitter; stCASE
SLURP2,CHRNB3,3,COMMOT_CellChat; LARIS_neurotransmitter; stCASE
SLURP2,CHRND,3,COMMOT_CellChat; LARIS_neurotransmitter; stCASE
SLURP2,CHRNE,3,COMMOT_CellChat; LARIS_neurotransmitter; stCASE
SLURP2,CHRNG,3,COMMOT_CellChat; LARIS_neurotransmitter; stCASE
SORBS1,INSR,3,CellTalkDB; SPIDER_internal; SpaCcLink
SOST,LRP4,3,LIANA_consensus; connectomeDB2020_lit; stCASE
SPINK1,NRSN1,3,CellTalkDB; LIANA_consensus; SPIDER_internal
SPINT1,ST14,3,CellTalkDB; LIANA_consensus; SPIDER_internal
SPP1,ITGA8,3,COMMOT_CellChat; LARIS_neurotransmitter; LIANA_consensus
SPP1,S1PR1,3,LIANA_consensus; SpaCcLink; stCASE
SPX,GALR3,3,LIANA_consensus; connectomeDB2020_lit; stCASE
SYK,FCGR2A,3,CellTalkDB; SPIDER_internal; SpaCcLink
SYK,LAT,3,CellTalkDB; SPIDER_internal; SpaCcLink
SYTL3,NRXN1,3,CellTalkDB; SPIDER_internal; SpaCcLink
TAFA4,FPR1,3,LARIS_neurotransmitter; LIANA_consensus; connectomeDB2020_lit
TDGF1,SMAD3,3,CellTalkDB; SPIDER_internal; SpaCcLink
TGFB1,ACVR1,3,COMMOT_CellChat; LARIS_neurotransmitter; LIANA_consensus
TGFB1,ACVR1B,3,COMMOT_CellChat; LARIS_neurotransmitter; LIANA_consensus
TGFB1,ACVR1C,3,COMMOT_CellChat; LARIS_neurotransmitter; LIANA_consensus
TGFB1,SMAD3,3,CellTalkDB; SPIDER_internal; SpaCcLink
TGFB1,VASN,3,LIANA_consensus; connectomeDB2020_lit; stCASE
TGFB2,ACVR1B,3,COMMOT_CellChat; LARIS_neurotransmitter; LIANA_consensus
TGFB2,ACVR1C,3,COMMOT_CellChat; LARIS_neurotransmitter; LIANA_consensus
TGFB3,ACVR1,3,COMMOT_CellChat; LARIS_neurotransmitter; LIANA_consensus
TGFB3,ACVR1B,3,COMMOT_CellChat; LARIS_neurotransmitter; LIANA_consensus
TGFB3,ACVR1C,3,COMMOT_CellChat; LARIS_neurotransmitter; LIANA_consensus
THBS1,ITGAV,3,COMMOT_CellChat; LARIS_neurotransmitter; LIANA_consensus
THBS1,PTPRJ,3,LIANA_consensus; connectomeDB2020_lit; stCASE
THBS1,SCARB1,3,CellTalkDB; LIANA_consensus; SPIDER_internal
THBS2,ITGA3,3,COMMOT_CellChat; LARIS_neurotransmitter; LIANA_consensus
THBS2,ITGAV,3,COMMOT_CellChat; LARIS_neurotransmitter; LIANA_consensus
THBS2,SDC4,3,COMMOT_CellChat; LARIS_neurotransmitter; stCASE
THBS3,CD36,3,COMMOT_CellChat; LARIS_neurotransmitter; stCASE
THBS3,CD47,3,COMMOT_CellChat; LARIS_neurotransmitter; stCASE
THBS3,ITGA3,3,COMMOT_CellChat; LARIS_neurotransmitter; LIANA_consensus
THBS3,ITGAV,3,COMMOT_CellChat; LARIS_neurotransmitter; LIANA_consensus
THBS3,SDC1,3,COMMOT_CellChat; LARIS_neurotransmitter; stCASE
THBS3,SDC4,3,COMMOT_CellChat; LARIS_neurotransmitter; stCASE
THBS4,ITGA3,3,COMMOT_CellChat; LARIS_neurotransmitter; LIANA_consensus
THBS4,ITGAV,3,COMMOT_CellChat; LARIS_neurotransmitter; LIANA_consensus
THBS4,SDC4,3,COMMOT_CellChat; LARIS_neurotransmitter; stCASE
THY1,ITGAM,3,COMMOT_CellChat; LARIS_neurotransmitter; LIANA_consensus
THY1,ITGAV,3,COMMOT_CellChat; LARIS_neurotransmitter; LIANA_consensus
THY1,ITGAX,3,COMMOT_CellChat; LARIS_neurotransmitter; LIANA_consensus
TNC,ITGA2B,3,COMMOT_CellChat; LARIS_neurotransmitter; LIANA_consensus
TNC,PTPRZ1,3,LIANA_consensus; connectomeDB2020_lit; stCASE
TNF,CELSR2,3,CellTalkDB; LIANA_consensus; SPIDER_internal
TNF,RIPK1,3,CellTalkDB; SPIDER_internal; SpaCcLink
TNF,VSIR,3,CellTalkDB; LIANA_consensus; SPIDER_internal
TNFSF11,LGR4,3,CellTalkDB; LIANA_consensus; SPIDER_internal
TNFSF12,CD163,3,LIANA_consensus; connectomeDB2020_lit; stCASE
TNFSF12,TNFRSF8,3,CellTalkDB; LIANA_consensus; SPIDER_internal
TNN,ITGA2B,3,COMMOT_CellChat; LARIS_neurotransmitter; LIANA_consensus
TNN,ITGA8,3,COMMOT_CellChat; LARIS_neurotransmitter; LIANA_consensus
TNN,ITGA9,3,COMMOT_CellChat; LARIS_neurotransmitter; LIANA_consensus
TNN,ITGAV,3,COMMOT_CellChat; LARIS_neurotransmitter; LIANA_consensus
TNN,SDC4,3,COMMOT_CellChat; LARIS_neurotransmitter; stCASE
TNR,ITGA2B,3,COMMOT_CellChat; LARIS_neurotransmitter; LIANA_consensus
TNR,ITGA8,3,COMMOT_CellChat; LARIS_neurotransmitter; LIANA_consensus
TNR,ITGA9,3,COMMOT_CellChat; LARIS_neurotransmitter; LIANA_consensus
TNR,ITGAV,3,COMMOT_CellChat; LARIS_neurotransmitter; LIANA_consensus
TNR,SDC4,3,COMMOT_CellChat; LARIS_neurotransmitter; stCASE
TNXB,ITGA2B,3,COMMOT_CellChat; LARIS_neurotransmitter; LIANA_consensus
TNXB,ITGA8,3,COMMOT_CellChat; LARIS_neurotransmitter; LIANA_consensus
TNXB,ITGA9,3,COMMOT_CellChat; LARIS_neurotransmitter; LIANA_consensus
TNXB,ITGAV,3,COMMOT_CellChat; LARIS_neurotransmitter; LIANA_consensus
TNXB,SDC4,3,COMMOT_CellChat; LARIS_neurotransmitter; stCASE
VCAM1,EZR,3,CellTalkDB; SPIDER_internal; SpaCcLink
VCAM1,MSN,3,CellTalkDB; SPIDER_internal; SpaCcLink
VEGFA,TYRO3,3,CellTalkDB; LIANA_consensus; SPIDER_internal
VEGFC,CCBE1,3,CellTalkDB; LIANA_consensus; SPIDER_internal
VIP,NPR3,3,CellTalkDB; LIANA_consensus; SPIDER_internal
VSIR,IGSF11,3,COMMOT_CellChat; LARIS_neurotransmitter; stCASE
VWF,GP5,3,COMMOT_CellChat; LARIS_neurotransmitter; stCASE
VWF,GP9,3,COMMOT_CellChat; LARIS_neurotransmitter; stCASE
VWF,ITGAV,3,COMMOT_CellChat; LARIS_neurotransmitter; LIANA_consensus
VWF,SCARA5,3,CellTalkDB; LIANA_consensus; SPIDER_internal
VWF,SELP,3,CellTalkDB; LIANA_consensus; SPIDER_internal
WNT1,FZD6,3,COMMOT_CellChat; LARIS_neurotransmitter; LIANA_consensus
WNT10A,FZD10,3,COMMOT_CellChat; LARIS_neurotransmitter; LIANA_consensus
WNT10A,FZD2,3,COMMOT_CellChat; LARIS_neurotransmitter; LIANA_consensus
WNT10A,FZD3,3,COMMOT_CellChat; LARIS_neurotransmitter; LIANA_consensus
WNT10A,FZD4,3,COMMOT_CellChat; LARIS_neurotransmitter; LIANA_consensus
WNT10A,FZD6,3,COMMOT_CellChat; LARIS_neurotransmitter; LIANA_consensus
WNT10A,FZD7,3,COMMOT_CellChat; LARIS_neurotransmitter; LIANA_consensus
WNT10A,FZD9,3,COMMOT_CellChat; LARIS_neurotransmitter; LIANA_consensus
WNT10B,FZD1,3,COMMOT_CellChat; LARIS_neurotransmitter; LIANA_consensus
WNT10B,FZD10,3,COMMOT_CellChat; LARIS_neurotransmitter; LIANA_consensus
WNT10B,FZD2,3,COMMOT_CellChat; LARIS_neurotransmitter; LIANA_consensus
WNT10B,FZD3,3,COMMOT_CellChat; LARIS_neurotransmitter; LIANA_consensus
WNT10B,FZD4,3,COMMOT_CellChat; LARIS_neurotransmitter; LIANA_consensus
WNT10B,FZD6,3,COMMOT_CellChat; LARIS_neurotransmitter; LIANA_consensus
WNT10B,FZD8,3,COMMOT_CellChat; LARIS_neurotransmitter; LIANA_consensus
WNT10B,FZD9,3,COMMOT_CellChat; LARIS_neurotransmitter; LIANA_consensus
WNT11,FZD1,3,COMMOT_CellChat; LARIS_neurotransmitter; stCASE
WNT11,KLRG2,3,CellTalkDB; LIANA_consensus; SPIDER_internal
WNT16,FZD1,3,COMMOT_CellChat; LARIS_neurotransmitter; LIANA_consensus
WNT16,FZD10,3,COMMOT_CellChat; LARIS_neurotransmitter; LIANA_consensus
WNT16,FZD3,3,COMMOT_CellChat; LARIS_neurotransmitter; LIANA_consensus
WNT16,FZD4,3,COMMOT_CellChat; LARIS_neurotransmitter; LIANA_consensus
WNT16,FZD5,3,COMMOT_CellChat; LARIS_neurotransmitter; LIANA_consensus
WNT16,FZD7,3,COMMOT_CellChat; LARIS_neurotransmitter; LIANA_consensus
WNT16,FZD8,3,COMMOT_CellChat; LARIS_neurotransmitter; LIANA_consensus
WNT16,FZD9,3,COMMOT_CellChat; LARIS_neurotransmitter; LIANA_consensus
WNT2,FZD10,3,COMMOT_CellChat; LARIS_neurotransmitter; LIANA_consensus
WNT2,FZD6,3,COMMOT_CellChat; LARIS_neurotransmitter; LIANA_consensus
WNT2B,FZD1,3,COMMOT_CellChat; LARIS_neurotransmitter; LIANA_consensus
WNT2B,FZD10,3,COMMOT_CellChat; LARIS_neurotransmitter; LIANA_consensus
WNT2B,FZD2,3,COMMOT_CellChat; LARIS_neurotransmitter; LIANA_consensus
WNT2B,FZD3,3,COMMOT_CellChat; LARIS_neurotransmitter; LIANA_consensus
WNT2B,FZD5,3,COMMOT_CellChat; LARIS_neurotransmitter; LIANA_consensus
WNT2B,FZD6,3,COMMOT_CellChat; LARIS_neurotransmitter; LIANA_consensus
WNT2B,FZD8,3,COMMOT_CellChat; LARIS_neurotransmitter; LIANA_consensus
WNT2B,FZD9,3,COMMOT_CellChat; LARIS_neurotransmitter; LIANA_consensus
WNT3,FZD10,3,COMMOT_CellChat; LARIS_neurotransmitter; LIANA_consensus
WNT3,FZD2,3,COMMOT_CellChat; LARIS_neurotransmitter; LIANA_consensus
WNT3,FZD3,3,COMMOT_CellChat; LARIS_neurotransmitter; LIANA_consensus
WNT3,FZD4,3,COMMOT_CellChat; LARIS_neurotransmitter; LIANA_consensus
WNT3,FZD6,3,COMMOT_CellChat; LARIS_neurotransmitter; LIANA_consensus
WNT3,FZD9,3,COMMOT_CellChat; LARIS_neurotransmitter; LIANA_consensus
WNT3A,FZD4,3,COMMOT_CellChat; LARIS_neurotransmitter; LIANA_consensus
WNT3A,FZD9,3,COMMOT_CellChat; LARIS_neurotransmitter; LIANA_consensus
WNT3A,LGR5,3,CellTalkDB; LIANA_consensus; SPIDER_internal
WNT4,FZD10,3,COMMOT_CellChat; LARIS_neurotransmitter; LIANA_consensus
WNT4,FZD4,3,COMMOT_CellChat; LARIS_neurotransmitter; LIANA_consensus
WNT4,FZD5,3,COMMOT_CellChat; LARIS_neurotransmitter; LIANA_consensus
WNT4,FZD7,3,COMMOT_CellChat; LARIS_neurotransmitter; LIANA_consensus
WNT4,FZD9,3,COMMOT_CellChat; LARIS_neurotransmitter; LIANA_consensus
WNT5A,ANTXR1,3,CellTalkDB; LIANA_consensus; SPIDER_internal
WNT5A,PTK7,3,CellTalkDB; LIANA_consensus; SPIDER_internal
WNT5B,KLRG2,3,CellTalkDB; LIANA_consensus; SPIDER_internal
WNT6,FZD1,3,COMMOT_CellChat; LARIS_neurotransmitter; LIANA_consensus
WNT6,FZD10,3,COMMOT_CellChat; LARIS_neurotransmitter; LIANA_consensus
WNT6,FZD2,3,COMMOT_CellChat; LARIS_neurotransmitter; LIANA_consensus
WNT6,FZD3,3,COMMOT_CellChat; LARIS_neurotransmitter; LIANA_consensus
WNT6,FZD5,3,COMMOT_CellChat; LARIS_neurotransmitter; LIANA_consensus
WNT6,FZD6,3,COMMOT_CellChat; LARIS_neurotransmitter; LIANA_consensus
WNT6,FZD8,3,COMMOT_CellChat; LARIS_neurotransmitter; LIANA_consensus
WNT6,FZD9,3,COMMOT_CellChat; LARIS_neurotransmitter; LIANA_consensus
WNT7A,FZD2,3,COMMOT_CellChat; LARIS_neurotransmitter; LIANA_consensus
WNT7A,FZD3,3,COMMOT_CellChat; LARIS_neurotransmitter; LIANA_consensus
WNT7A,FZD4,3,COMMOT_CellChat; LARIS_neurotransmitter; LIANA_consensus
WNT7A,FZD6,3,COMMOT_CellChat; LARIS_neurotransmitter; LIANA_consensus
WNT7A,FZD8,3,COMMOT_CellChat; LARIS_neurotransmitter; LIANA_consensus
WNT7B,FZD2,3,COMMOT_CellChat; LARIS_neurotransmitter; LIANA_consensus
WNT7B,FZD3,3,COMMOT_CellChat; LARIS_neurotransmitter; LIANA_consensus
WNT7B,FZD6,3,COMMOT_CellChat; LARIS_neurotransmitter; LIANA_consensus
WNT7B,FZD7,3,COMMOT_CellChat; LARIS_neurotransmitter; LIANA_consensus
WNT7B,FZD9,3,COMMOT_CellChat; LARIS_neurotransmitter; LIANA_consensus
WNT8A,FZD1,3,COMMOT_CellChat; LARIS_neurotransmitter; LIANA_consensus
WNT8A,FZD10,3,COMMOT_CellChat; LARIS_neurotransmitter; LIANA_consensus
WNT8A,FZD2,3,COMMOT_CellChat; LARIS_neurotransmitter; LIANA_consensus
WNT8A,FZD3,3,COMMOT_CellChat; LARIS_neurotransmitter; LIANA_consensus
WNT8A,FZD6,3,COMMOT_CellChat; LARIS_neurotransmitter; LIANA_consensus
WNT8A,FZD9,3,COMMOT_CellChat; LARIS_neurotransmitter; LIANA_consensus
WNT8B,FZD1,3,COMMOT_CellChat; LARIS_neurotransmitter; LIANA_consensus
WNT8B,FZD10,3,COMMOT_CellChat; LARIS_neurotransmitter; LIANA_consensus
WNT8B,FZD2,3,COMMOT_CellChat; LARIS_neurotransmitter; LIANA_consensus
WNT8B,FZD3,3,COMMOT_CellChat; LARIS_neurotransmitter; LIANA_consensus
WNT8B,FZD4,3,COMMOT_CellChat; LARIS_neurotransmitter; LIANA_consensus
WNT8B,FZD5,3,COMMOT_CellChat; LARIS_neurotransmitter; LIANA_consensus
WNT8B,FZD6,3,COMMOT_CellChat; LARIS_neurotransmitter; LIANA_consensus
WNT8B,FZD7,3,COMMOT_CellChat; LARIS_neurotransmitter; LIANA_consensus
WNT8B,FZD8,3,COMMOT_CellChat; LARIS_neurotransmitter; LIANA_consensus
WNT8B,FZD9,3,COMMOT_CellChat; LARIS_neurotransmitter; LIANA_consensus
WNT9A,FZD1,3,COMMOT_CellChat; LARIS_neurotransmitter; LIANA_consensus
WNT9A,FZD2,3,COMMOT_CellChat; LARIS_neurotransmitter; LIANA_consensus
WNT9A,FZD3,3,COMMOT_CellChat; LARIS_neurotransmitter; LIANA_consensus
WNT9A,FZD5,3,COMMOT_CellChat; LARIS_neurotransmitter; LIANA_consensus
WNT9A,FZD6,3,COMMOT_CellChat; LARIS_neurotransmitter; LIANA_consensus
WNT9A,FZD7,3,COMMOT_CellChat; LARIS_neurotransmitter; LIANA_consensus
WNT9A,FZD8,3,COMMOT_CellChat; LARIS_neurotransmitter; LIANA_consensus
WNT9A,FZD9,3,COMMOT_CellChat; LARIS_neurotransmitter; LIANA_consensus
WNT9B,FZD1,3,COMMOT_CellChat; LARIS_neurotransmitter; LIANA_consensus
WNT9B,FZD2,3,COMMOT_CellChat; LARIS_neurotransmitter; LIANA_consensus
WNT9B,FZD3,3,COMMOT_CellChat; LARIS_neurotransmitter; LIANA_consensus
WNT9B,FZD6,3,COMMOT_CellChat; LARIS_neurotransmitter; LIANA_consensus
WNT9B,FZD7,3,COMMOT_CellChat; LARIS_neurotransmitter; LIANA_consensus
WNT9B,FZD9,3,COMMOT_CellChat; LARIS_neurotransmitter; LIANA_consensus
YARS1,CXCR1,3,CellTalkDB; SPIDER_internal; SpaCcLink
ZG16B,TLR6,3,LIANA_consensus; SpaCcLink; connectomeDB2020_lit
ADAM11,ITGA4,2,LIANA_consensus; connectomeDB2020_lit
ADAM23,ITGA4,2,LIANA_consensus; connectomeDB2020_lit
ADAM29,ITGA4,2,LIANA_consensus; connectomeDB2020_lit
ADAM7,ITGA4,2,LIANA_consensus; connectomeDB2020_lit
ADAM7,ITGB7,2,LIANA_consensus; connectomeDB2020_lit
ADGRB1,RTN4R,2,LIANA_consensus; connectomeDB2020_lit
ADGRB1,RTN4RL1,2,LIANA_consensus; connectomeDB2020_lit
ADGRB1,RTN4RL2,2,LIANA_consensus; connectomeDB2020_lit
ALCAM,CHL1,2,LIANA_consensus; connectomeDB2020_lit
ALCAM,NRP1,2,LIANA_consensus; connectomeDB2020_lit
ALKAL1,LTK,2,LIANA_consensus; connectomeDB2020_lit
ALKAL2,LTK,2,LIANA_consensus; connectomeDB2020_lit
AMELX,CD63,2,LIANA_consensus; connectomeDB2020_lit
AMELX,LAMP2,2,LIANA_consensus; connectomeDB2020_lit
AMELY,CD63,2,LIANA_consensus; connectomeDB2020_lit
AMELY,LAMP2,2,LIANA_consensus; connectomeDB2020_lit
AMH,BMPR1B,2,LARIS_neurotransmitter; LIANA_consensus
ANXA2,ROBO4,2,LIANA_consensus; connectomeDB2020_lit
ANXA2,TLR2,2,LIANA_consensus; connectomeDB2020_lit
APOB,ENO1,2,LIANA_consensus; connectomeDB2020_lit
APOB,TREM2,2,LARIS_neurotransmitter; LIANA_consensus
APP,APLP1,2,CellTalkDB; SPIDER_internal
BMP2,RGMB,2,LIANA_consensus; connectomeDB2020_lit
BMP3,ACVR2A,2,LIANA_consensus; stCASE
BMP4,CFC1,2,LIANA_consensus; connectomeDB2020_lit
BMP4,RGMB,2,LIANA_consensus; connectomeDB2020_lit
BMP6,AMHR2,2,LIANA_consensus; stCASE
BMP7,HJV,2,LIANA_consensus; connectomeDB2020_lit
BMP8A,TGFBR1,2,LIANA_consensus; connectomeDB2020_lit
BMP8A,TGFBR2,2,LIANA_consensus; connectomeDB2020_lit
BSG,SLC16A1,2,LIANA_consensus; connectomeDB2020_lit
BSG,SLC16A7,2,LIANA_consensus; connectomeDB2020_lit
C1QA,CD33,2,LIANA_consensus; connectomeDB2020_lit
C1QB,CD33,2,LIANA_consensus; connectomeDB2020_lit
C3,NRP1,2,LIANA_consensus; connectomeDB2020_lit
C4A,NRP1,2,LIANA_consensus; connectomeDB2020_lit
CADM1,CADM1,2,COMMOT_CellChat; connectomeDB2020_lit
CADM1,NECTIN3,2,LARIS_neurotransmitter; connectomeDB2020_lit
CADM3,NECTIN1,2,LIANA_consensus; connectomeDB2020_lit
CADM3,NECTIN3,2,LARIS_neurotransmitter; connectomeDB2020_lit
CCL18,PITPNM3,2,LIANA_consensus; connectomeDB2020_lit
CCL21,CCR10,2,LIANA_consensus; connectomeDB2020_lit
CCL23,FPR2,2,LIANA_consensus; stCASE
CCL26,CCR5,2,LIANA_consensus; stCASE
CCL26,CX3CR1,2,LIANA_consensus; stCASE
CCL4L1,CCR1,2,LIANA_consensus; connectomeDB2020_lit
CCL4L1,CCR3,2,LIANA_consensus; connectomeDB2020_lit
CCL4L1,CCR5,2,LIANA_consensus; connectomeDB2020_lit
CCN4,ITGA5,2,LIANA_consensus; connectomeDB2020_lit
CCN4,ITGB1,2,LIANA_consensus; connectomeDB2020_lit
CD2,CD48,2,connectomeDB2020_lit; stCASE
CD200R1,CD200,2,LIANA_consensus; connectomeDB2020_lit
CD244,CD48,2,connectomeDB2020_lit; stCASE
CD38,PECAM1,2,LIANA_consensus; connectomeDB2020_lit
CD52,SIGLEC10,2,LIANA_consensus; connectomeDB2020_lit
CD99,CD99,2,COMMOT_CellChat; stCASE
CDH1,CDH1,2,COMMOT_CellChat; stCASE
CDH15,CDH15,2,COMMOT_CellChat; stCASE
CDH2,CDH2,2,COMMOT_CellChat; stCASE
CDH4,CDH4,2,COMMOT_CellChat; stCASE
CDH5,CDH5,2,COMMOT_CellChat; stCASE
CEACAM5,CD8A,2,LIANA_consensus; connectomeDB2020_lit
CEACAM6,CEACAM1,2,LIANA_consensus; stCASE
CFP,NCR1,2,LIANA_consensus; connectomeDB2020_lit
CIRBP,TREM1,2,LIANA_consensus; connectomeDB2020_lit
CLDN11,CLDN11,2,COMMOT_CellChat; stCASE
CLEC11A,ITGA10,2,LIANA_consensus; connectomeDB2020_lit
CLEC11A,ITGA11,2,LIANA_consensus; connectomeDB2020_lit
CLEC11A,ITGB1,2,LIANA_consensus; connectomeDB2020_lit
CLEC4G,LAG3,2,LIANA_consensus; connectomeDB2020_lit
CNTN2,CNTN2,2,COMMOT_CellChat; stCASE
CNTN6,NOTCH1,2,LIANA_consensus; connectomeDB2020_lit
COL10A1,ITGB1,2,LIANA_consensus; stCASE
COL11A2,ITGB1,2,LIANA_consensus; stCASE
COL12A1,ITGB1,2,LIANA_consensus; stCASE
COL14A1,ITGB1,2,LIANA_consensus; stCASE
COL15A1,ITGB1,2,LIANA_consensus; stCASE
COL17A1,ITGB1,2,LIANA_consensus; stCASE
COL19A1,ITGB1,2,LIANA_consensus; stCASE
COL21A1,ITGB1,2,LIANA_consensus; stCASE
COL22A1,ITGB1,2,LIANA_consensus; stCASE
COL24A1,ITGB1,2,LIANA_consensus; stCASE
COL26A1,ITGB1,2,LIANA_consensus; stCASE
COL27A1,ITGB1,2,LIANA_consensus; stCASE
COL28A1,ITGB1,2,LIANA_consensus; stCASE
COL5A3,ITGB1,2,LIANA_consensus; stCASE
COL8A1,ITGB1,2,LIANA_consensus; stCASE
COL8A2,ITGB1,2,LIANA_consensus; stCASE
COMP,ITGA5,2,LIANA_consensus; connectomeDB2020_lit
CSF1,CSF2RA,2,LIANA_consensus; stCASE
CSF1,CSF3R,2,LIANA_consensus; stCASE
CSF3,CSF2RA,2,LIANA_consensus; stCASE
CSHL1,PRLR,2,LIANA_consensus; SpaCcLink
CX3CL1,ITGAV,2,LIANA_consensus; connectomeDB2020_lit
CXADR,JAML,2,LIANA_consensus; connectomeDB2020_lit
CXCL11,CCR5,2,LIANA_consensus; stCASE
CXCL12,ITGA4,2,LIANA_consensus; connectomeDB2020_lit
CXCL12,ITGA5,2,LIANA_consensus; connectomeDB2020_lit
CXCL12,ITGAV,2,LIANA_consensus; connectomeDB2020_lit
CXCL12,ITGB3,2,LIANA_consensus; connectomeDB2020_lit
CYTL1,CCR2,2,LIANA_consensus; connectomeDB2020_lit
DEFB4B,TLR4,2,LIANA_consensus; stCASE
DKK1,LRP4,2,LIANA_consensus; connectomeDB2020_lit
DKK2,LRP5,2,LIANA_consensus; connectomeDB2020_lit
DNAJB11,PRTG,2,LIANA_consensus; connectomeDB2020_lit
ECM1,ITGB4,2,LIANA_consensus; connectomeDB2020_lit
EFEMP2,LINGO1,2,SpaCcLink; stCASE
ENAM,CD63,2,LIANA_consensus; connectomeDB2020_lit
EPO,CRLF3,2,LIANA_consensus; connectomeDB2020_lit
ESAM,ESAM,2,COMMOT_CellChat; stCASE
F11R,F11R,2,COMMOT_CellChat; stCASE
F11R,JAM3,2,COMMOT_CellChat; stCASE
FAM3C,LIFR,2,LIANA_consensus; connectomeDB2020_lit
FAM3D,FPR1,2,LIANA_consensus; connectomeDB2020_lit
FAM3D,FPR2,2,LIANA_consensus; connectomeDB2020_lit
FGF1,CSPG4,2,LIANA_consensus; connectomeDB2020_lit
FGF22,FGFRL1,2,LIANA_consensus; connectomeDB2020_lit
FGF3,FGFRL1,2,LIANA_consensus; connectomeDB2020_lit
FGF4,FGFRL1,2,LIANA_consensus; connectomeDB2020_lit
FLRT3,ADGRL3,2,LARIS_neurotransmitter; stCASE
FNDC5,ITGAV,2,LIANA_consensus; connectomeDB2020_lit
FNDC5,ITGB5,2,LIANA_consensus; connectomeDB2020_lit
FSTL1,DIP2A,2,LIANA_consensus; connectomeDB2020_lit
GDF1,ACVR1,2,LIANA_consensus; connectomeDB2020_lit
GDF1,BMPR1A,2,LIANA_consensus; connectomeDB2020_lit
GDF1,BMPR2,2,LIANA_consensus; connectomeDB2020_lit
GDF10,ACVR2B,2,LIANA_consensus; stCASE
GDF9,ORAI2,2,LIANA_consensus; SpaCcLink
HLA-DPA1,LAG3,2,LIANA_consensus; stCASE
HLA-DPB1,LAG3,2,LIANA_consensus; stCASE
HLA-DQA1,LAG3,2,LIANA_consensus; stCASE
HLA-DQA2,LAG3,2,LIANA_consensus; stCASE
HLA-DQB1,LAG3,2,LIANA_consensus; stCASE
HLA-DRA,LAG3,2,LIANA_consensus; stCASE
HLA-DRB1,LAG3,2,LIANA_consensus; stCASE
HLA-DRB3,LAG3,2,LIANA_consensus; stCASE
HLA-DRB4,LAG3,2,LIANA_consensus; stCASE
HLA-DRB5,LAG3,2,LIANA_consensus; stCASE
HMGB1,HAVCR2,2,LIANA_consensus; connectomeDB2020_lit
HSP90B1,ASGR1,2,CellTalkDB; SPIDER_internal
IFNL4,IFNLR1,2,LIANA_consensus; connectomeDB2020_lit
IFNL4,IL10RB,2,LIANA_consensus; connectomeDB2020_lit
IGSF11,VSIR,2,LIANA_consensus; connectomeDB2020_lit
IL12A,IL6ST,2,LIANA_consensus; stCASE
IL16,CD9,2,LIANA_consensus; stCASE
IL1F10,IL1RAPL1,2,LIANA_consensus; stCASE
IL1F10,IL1RAPL2,2,LIANA_consensus; stCASE
IL1F10,SIGIRR,2,LIANA_consensus; stCASE
IL1RAPL1,PTPRD,2,LIANA_consensus; connectomeDB2020_lit
IL1RAPL1,PTPRF,2,LIANA_consensus; connectomeDB2020_lit
IL1RAPL1,PTPRS,2,LIANA_consensus; connectomeDB2020_lit
IL2,IL20RA,2,COMMOT_CellChat; LIANA_consensus
IL2,IL20RB,2,COMMOT_CellChat; LIANA_consensus
IL26,IL20RB,2,LIANA_consensus; connectomeDB2020_lit
IL32,ITGB3,2,LIANA_consensus; connectomeDB2020_lit
IL34,PTPRZ1,2,LIANA_consensus; connectomeDB2020_lit
IL36G,IFNAR1,2,LIANA_consensus; stCASE
IL36G,IFNAR2,2,LIANA_consensus; stCASE
IL37,SIGIRR,2,LIANA_consensus; stCASE
INHBB,CFC1,2,LIANA_consensus; connectomeDB2020_lit
INHBB,CFC1B,2,LIANA_consensus; connectomeDB2020_lit
ITGA4,VCAM1,2,COMMOT_CellChat; LARIS_neurotransmitter
ITGA9,VCAM1,2,COMMOT_CellChat; LARIS_neurotransmitter
ITGAV,THY1,2,LIANA_consensus; connectomeDB2020_lit
ITGB1,VCAM1,2,COMMOT_CellChat; LARIS_neurotransmitter
ITGB2,ICAM1,2,COMMOT_CellChat; stCASE
ITGB2,ICAM2,2,COMMOT_CellChat; stCASE
ITGB2,THY1,2,LIANA_consensus; connectomeDB2020_lit
ITGB7,VCAM1,2,COMMOT_CellChat; LARIS_neurotransmitter
JAM2,JAM2,2,COMMOT_CellChat; stCASE
JAM3,JAM3,2,COMMOT_CellChat; stCASE
KMT2E,NCR2,2,LIANA_consensus; connectomeDB2020_lit
L1CAM,ALCAM,2,connectomeDB2020_lit; stCASE
L1CAM,L1CAM,2,COMMOT_CellChat; stCASE
LAMA3,ITGA1,2,COMMOT_CellChat; LARIS_neurotransmitter
LAMA4,ITGA1,2,COMMOT_CellChat; LARIS_neurotransmitter
LAMA5,ITGA1,2,COMMOT_CellChat; LARIS_neurotransmitter
LAMB2,ITGA1,2,COMMOT_CellChat; LARIS_neurotransmitter
LAMB3,ITGA1,2,COMMOT_CellChat; LARIS_neurotransmitter
LAMC2,ITGA1,2,COMMOT_CellChat; LARIS_neurotransmitter
LAMC3,ITGA1,2,COMMOT_CellChat; LARIS_neurotransmitter
LEAP2,GHSR,2,LIANA_consensus; connectomeDB2020_lit
LGALS1,CD69,2,LIANA_consensus; connectomeDB2020_lit
LGALS3,ENG,2,LIANA_consensus; stCASE
LGI1,ADAM22,2,LIANA_consensus; connectomeDB2020_lit
LGI1,ADAM23,2,LIANA_consensus; connectomeDB2020_lit
LGI1,RTN4R,2,LIANA_consensus; connectomeDB2020_lit
LGI2,ADAM22,2,LIANA_consensus; connectomeDB2020_lit
LGI2,ADAM23,2,LIANA_consensus; connectomeDB2020_lit
LGI3,ADAM22,2,LIANA_consensus; connectomeDB2020_lit
LGI3,ADAM23,2,LIANA_consensus; connectomeDB2020_lit
LGI3,FLOT1,2,LIANA_consensus; connectomeDB2020_lit
LGI3,STX1A,2,LIANA_consensus; connectomeDB2020_lit
LGI4,ADAM22,2,LIANA_consensus; connectomeDB2020_lit
LGI4,ADAM23,2,LIANA_consensus; connectomeDB2020_lit
LTF,LRP11,2,LIANA_consensus; connectomeDB2020_lit
MAG,MAG,2,COMMOT_CellChat; stCASE
MFGE8,ITGB5,2,LIANA_consensus; stCASE
MICA,HCST,2,LARIS_neurotransmitter; LIANA_consensus
MICB,HCST,2,LARIS_neurotransmitter; LIANA_consensus
MMP2,ITGB3,2,LARIS_neurotransmitter; stCASE
MMRN2,CD248,2,LIANA_consensus; connectomeDB2020_lit
MMRN2,CD93,2,LIANA_consensus; connectomeDB2020_lit
MMRN2,CLEC14A,2,LIANA_consensus; connectomeDB2020_lit
MPZ,MPZ,2,COMMOT_CellChat; stCASE
MPZL1,MPZL1,2,COMMOT_CellChat; stCASE
MRC1,PTPRC,2,LIANA_consensus; connectomeDB2020_lit
MSMP,CCR2,2,LIANA_consensus; connectomeDB2020_lit
MT-RNR2,FPR2,2,LARIS_neurotransmitter; stCASE
MT-RNR2,FPR3,2,LARIS_neurotransmitter; stCASE
MUC1,SIGLEC9,2,LIANA_consensus; connectomeDB2020_lit
MYL9,CD69,2,LIANA_consensus; connectomeDB2020_lit
NCAM1,NCAM1,2,COMMOT_CellChat; stCASE
NECTIN3,CADM3,2,connectomeDB2020_lit; stCASE
NEGR1,NEGR1,2,COMMOT_CellChat; stCASE
NELL2,ROBO3,2,LIANA_consensus; connectomeDB2020_lit
NLGN4X,NRXN1,2,LIANA_consensus; connectomeDB2020_lit
NODAL,TDGF1,2,LIANA_consensus; connectomeDB2020_lit
NRG3,EGFR,2,LIANA_consensus; stCASE
NTN1,MCAM,2,LIANA_consensus; connectomeDB2020_lit
NTRK3,PTPRD,2,LIANA_consensus; connectomeDB2020_lit
NTRK3,PTPRF,2,LIANA_consensus; connectomeDB2020_lit
NTRK3,PTPRS,2,LIANA_consensus; connectomeDB2020_lit
OCLN,OCLN,2,COMMOT_CellChat; stCASE
PCNA,NCR2,2,LIANA_consensus; connectomeDB2020_lit
PECAM1,CD38,2,LARIS_neurotransmitter; connectomeDB2020_lit
PECAM1,PECAM1,2,COMMOT_CellChat; stCASE
PGF,KDR,2,LIANA_consensus; stCASE
PGLYRP1,TREM1,2,LIANA_consensus; connectomeDB2020_lit
PLA2G2A,ITGA4,2,LIANA_consensus; connectomeDB2020_lit
PLA2G2A,ITGA5,2,LIANA_consensus; connectomeDB2020_lit
PLA2G2A,ITGAV,2,LIANA_consensus; connectomeDB2020_lit
PLA2G2A,ITGB1,2,LIANA_consensus; connectomeDB2020_lit
PLA2G2A,ITGB3,2,LIANA_consensus; connectomeDB2020_lit
POSTN,PTK7,2,LIANA_consensus; connectomeDB2020_lit
PRG4,TLR2,2,LIANA_consensus; connectomeDB2020_lit
PRG4,TLR4,2,LIANA_consensus; connectomeDB2020_lit
PROC,TEK,2,LIANA_consensus; connectomeDB2020_lit
PTDSS1,SCARB1,2,LIANA_consensus; connectomeDB2020_lit
PTN,CDH10,2,LIANA_consensus; stCASE
PTPRS,NTRK3,2,LARIS_neurotransmitter; stCASE
RAET1E,HCST,2,LARIS_neurotransmitter; LIANA_consensus
RAET1F,KLRK1,2,COMMOT_CellChat; stCASE
RARRES2,CMKLR2,2,LIANA_consensus; SPIDER_internal
RSPO3,RNF43,2,LIANA_consensus; stCASE
RSPO4,LRP5,2,LIANA_consensus; stCASE
RTN4,S1PR2,2,LIANA_consensus; connectomeDB2020_lit
S100A4,PGLYRP1,2,CellTalkDB; SPIDER_internal
S100A9,ALCAM,2,CellTalkDB; SPIDER_internal
S100B,ALCAM,2,CellTalkDB; SPIDER_internal
SELPLG,SIGLEC5,2,LIANA_consensus; connectomeDB2020_lit
SEMA4A,LILRB2,2,LIANA_consensus; connectomeDB2020_lit
SERPINF1,PLXDC1,2,LIANA_consensus; connectomeDB2020_lit
SERPINF1,PLXDC2,2,LIANA_consensus; connectomeDB2020_lit
SERTAD1,AR,2,LIANA_consensus; connectomeDB2020_lit
SFTPD,LAIR1,2,LIANA_consensus; connectomeDB2020_lit
SHANK1,ADGRB2,2,CellTalkDB; SPIDER_internal
SHANK1,ADGRL2,2,CellTalkDB; SPIDER_internal
SIRPA,CD47,2,LIANA_consensus; connectomeDB2020_lit
SIRPB2,CD47,2,LIANA_consensus; connectomeDB2020_lit
SLIT2,APP,2,LIANA_consensus; connectomeDB2020_lit
SLITRK3,PTPRS,2,LIANA_consensus; connectomeDB2020_lit
SLITRK5,PTPRD,2,LIANA_consensus; connectomeDB2020_lit
SLPI,PLSCR1,2,LIANA_consensus; connectomeDB2020_lit
SNCA,LAG3,2,LIANA_consensus; connectomeDB2020_lit
SOSTDC1,LRP4,2,LIANA_consensus; connectomeDB2020_lit
SOSTDC1,LRP5,2,LIANA_consensus; connectomeDB2020_lit
SPN,SIGLEC1,2,LIANA_consensus; connectomeDB2020_lit
SPON1,APP,2,LIANA_consensus; connectomeDB2020_lit
SPON1,LRP8,2,LIANA_consensus; connectomeDB2020_lit
SPON2,ITGA4,2,LIANA_consensus; connectomeDB2020_lit
SPON2,ITGA5,2,LIANA_consensus; connectomeDB2020_lit
SPON2,ITGB1,2,LIANA_consensus; connectomeDB2020_lit
TCN1,CD320,2,LIANA_consensus; connectomeDB2020_lit
TFF2,CXCR4,2,LIANA_consensus; connectomeDB2020_lit
TFF3,ACKR3,2,LIANA_consensus; connectomeDB2020_lit
TFF3,CXCR4,2,LIANA_consensus; connectomeDB2020_lit
TIMD4,HAVCR1,2,LIANA_consensus; connectomeDB2020_lit
TNFRSF14,BTLA,2,SpaCcLink; connectomeDB2020_lit
TNFRSF14,CD160,2,SpaCcLink; connectomeDB2020_lit
TOR2A,ATP5F1B,2,LIANA_consensus; connectomeDB2020_lit
ULBP2,HCST,2,LARIS_neurotransmitter; LIANA_consensus
ULBP3,HCST,2,LARIS_neurotransmitter; LIANA_consensus
VEGFB,KDR,2,LIANA_consensus; stCASE
WNT5B,LRP5,2,LIANA_consensus; stCASE
YBX1,NOTCH1,2,LIANA_consensus; connectomeDB2020_lit
ZP3,CHRNA7,2,LIANA_consensus; connectomeDB2020_lit
ACVRL1,ENG,1,stCASE
ACVRL1,TGFBR1,1,stCASE
ADAM10,NOTCH3,1,stCASE
ADAM17,HBEGF,1,stCASE
ADAM17,TGFA,1,stCASE
ADGRV1,USH2A,1,stCASE
ADIPOQ,ASGR2,1,LIANA_consensus
ADIPOQ,CLEC2D,1,LIANA_consensus
ADIPOQ,GPR152,1,LIANA_consensus
ADIPOQ,PROKR2,1,LIANA_consensus
ADM,ACKR3,1,LIANA_consensus
ADM,DCLK3,1,LIANA_consensus
ADM2,DCLK3,1,LIANA_consensus
ADO,ADORA1,1,LIANA_consensus
ADO,ADORA2A,1,LIANA_consensus
ADO,ADORA2B,1,LIANA_consensus
ADO,ADORA3,1,LIANA_consensus
ADORA1,GRM1,1,stCASE
ADORA3,ENTPD1,1,LARIS_neurotransmitter
ADRA1A,CXCR4,1,stCASE
ADRA1B,CXCR4,1,stCASE
ADRB2,CCKBR,1,stCASE
AGRP,MC1R,1,LIANA_consensus
AGRP,SDC1,1,LIANA_consensus
AIMP1,NTRK1,1,LIANA_consensus
AKR1C3,PTGDR2,1,LARIS_neurotransmitter
AKR1C3,PTGFR,1,LARIS_neurotransmitter
AKR1D1,AR,1,LARIS_neurotransmitter
ALB,B2M,1,LIANA_consensus
ALB,FCGRT,1,LIANA_consensus
ALCAM,L1CAM,1,connectomeDB2020_lit
ALDH1A1,CRABP2,1,LARIS_neurotransmitter
ALDH1A1,RARA,1,LARIS_neurotransmitter
ALDH1A1,RARB,1,LARIS_neurotransmitter
ALDH1A1,RARG,1,LARIS_neurotransmitter
ALDH1A1,RORB,1,LARIS_neurotransmitter
ALDH1A1,RXRA,1,LARIS_neurotransmitter
ALDH1A1,RXRB,1,LARIS_neurotransmitter
ALDH1A1,RXRG,1,LARIS_neurotransmitter
ALDH1A2,CRABP2,1,LARIS_neurotransmitter
ALDH1A2,RARA,1,LARIS_neurotransmitter
ALDH1A2,RARB,1,LARIS_neurotransmitter
ALDH1A2,RARG,1,LARIS_neurotransmitter
ALDH1A2,RORB,1,LARIS_neurotransmitter
ALDH1A2,RXRA,1,LARIS_neurotransmitter
ALDH1A2,RXRB,1,LARIS_neurotransmitter
ALDH1A2,RXRG,1,LARIS_neurotransmitter
ALDH1A3,CRABP2,1,LARIS_neurotransmitter
ALDH1A3,RARA,1,LARIS_neurotransmitter
ALDH1A3,RARB,1,LARIS_neurotransmitter
ALDH1A3,RARG,1,LARIS_neurotransmitter
ALDH1A3,RORB,1,LARIS_neurotransmitter
ALDH1A3,RXRA,1,LARIS_neurotransmitter
ALDH1A3,RXRB,1,LARIS_neurotransmitter
ALDH1A3,RXRG,1,LARIS_neurotransmitter
ALOX12,FPR2,1,LARIS_neurotransmitter
ALOX5,CYSLTR1,1,LARIS_neurotransmitter
ALOX5,CYSLTR2,1,LARIS_neurotransmitter
ALOX5,FPR2,1,LARIS_neurotransmitter
ALOX5AP,CYSLTR1,1,LARIS_neurotransmitter
ALOX5AP,CYSLTR2,1,LARIS_neurotransmitter
ALOX5AP,FPR2,1,LARIS_neurotransmitter
AMH,COMPLEX:ACVR1,1,stCASE
AMH,COMPLEX:AMHR2,1,stCASE
AMH,GREM2,1,LIANA_consensus
ANGPT2,COMPLEX:ITGA5,1,stCASE
ANGPTL1,COMPLEX:ITGA1,1,stCASE
ANGPTL1,LILRB2,1,LIANA_consensus
ANGPTL2,COMPLEX:ITGA5,1,stCASE
ANGPTL3,COMPLEX:ITGAV,1,stCASE
ANGPTL4,COMPLEX:ITGA5,1,stCASE
ANGPTL4,COMPLEX:ITGAV,1,stCASE
ANGPTL7,LILRB2,1,LIANA_consensus
ANPEP,SELE,1,connectomeDB2020_lit
ANXA1,COMPLEX:FPR2,1,stCASE
ANXA1,LXA4,1,stCASE
APOA1,AMN,1,LARIS_neurotransmitter
APOA1,CUBN,1,LARIS_neurotransmitter
APOA1,TREM2,1,LARIS_neurotransmitter
APOA1,TYROBP,1,LARIS_neurotransmitter
APOA2,TREM2,1,LARIS_neurotransmitter
APOA2,TYROBP,1,LARIS_neurotransmitter
APOB,APOBR,1,LARIS_neurotransmitter
APOB,TYROBP,1,LARIS_neurotransmitter
APOE,TYROBP,1,LARIS_neurotransmitter
APOO,IL1RAPL2,1,LIANA_consensus
APP,TREM2,1,LARIS_neurotransmitter
APP,TYROBP,1,LARIS_neurotransmitter
AREG,COMPLEX:EGFR,1,stCASE
AREGB,EGFR,1,SpaCcLink
ARTN,COMPLEX:GFRA1,1,stCASE
ARTN,COMPLEX:GFRA3,1,stCASE
ASMT,MTNR1A,1,LARIS_neurotransmitter
ASMT,MTNR1B,1,LARIS_neurotransmitter
AXL,EGFR,1,stCASE
B2M,CD1C,1,LIANA_consensus
BDNF,ERBB2,1,LIANA_consensus
BDNF,GPR152,1,LIANA_consensus
BGN,FGFR3,1,connectomeDB2020_lit
BMP10,ACVR1,1,stCASE
BMP10,ACVR2B,1,LIANA_consensus
BMP10,COMPLEX:ACVRL1,1,stCASE
BMP10,FFAR2,1,LIANA_consensus
BMP10,GPR152,1,LIANA_consensus
BMP10,KIR2DL3,1,LIANA_consensus
BMP10,KIR3DL1,1,LIANA_consensus
BMP10,KIR3DS1,1,LIANA_consensus
BMP10,VSIR,1,LIANA_consensus
BMP15,ACTR2,1,LIANA_consensus
BMP15,COMPLEX:BMPR1B,1,stCASE
BMP15,TGFBR1,1,LIANA_consensus
BMP2,ACTR2,1,LIANA_consensus
BMP2,COMPLEX:BMPR1A,1,stCASE
BMP2,COMPLEX:BMPR1B,1,stCASE
BMP3,ACVR1B,1,LIANA_consensus
BMP4,COMPLEX:BMPR1A,1,stCASE
BMP4,COMPLEX:BMPR1B,1,stCASE
BMP4,GREM2,1,LIANA_consensus
BMP5,COMPLEX:ACVR1,1,stCASE
BMP5,COMPLEX:BMPR1A,1,stCASE
BMP5,COMPLEX:BMPR1B,1,stCASE
BMP5,PTPRD,1,LIANA_consensus
BMP6,COMPLEX:ACVR1,1,stCASE
BMP6,COMPLEX:BMPR1A,1,stCASE
BMP6,COMPLEX:BMPR1B,1,stCASE
BMP7,ACTR2,1,LIANA_consensus
BMP7,ACVR1B,1,LIANA_consensus
BMP7,COMPLEX:ACVR1,1,stCASE
BMP7,COMPLEX:BMPR1A,1,stCASE
BMP7,COMPLEX:BMPR1B,1,stCASE
BMP7,PTPRK,1,LIANA_consensus
BMP8A,COMPLEX:ACVR1,1,stCASE
BMP8A,COMPLEX:BMPR1A,1,stCASE
BMP8A,COMPLEX:BMPR1B,1,stCASE
BMP8B,COMPLEX:ACVR1,1,stCASE
BMP8B,COMPLEX:BMPR1A,1,stCASE
BMP8B,COMPLEX:BMPR1B,1,stCASE
BPI,SLAMF9,1,LIANA_consensus
BTC,COMPLEX:EGFR,1,stCASE
BTC,COMPLEX:ERBB2,1,stCASE
BTN1A1,NEGR1,1,LIANA_consensus
BTN1A1,TARM1,1,LIANA_consensus
C1QL1,ADGRB3,1,LARIS_neurotransmitter
C1QL2,ADGRB3,1,LARIS_neurotransmitter
C1QL3,ADGRB3,1,LARIS_neurotransmitter
C1QL4,ADGRB3,1,LARIS_neurotransmitter
C3,COMPLEX:ITGAM,1,stCASE
C3,COMPLEX:ITGAX,1,stCASE
C4A,CD46,1,LIANA_consensus
C5ORF55,TRAF2,1,SpaCcLink
CADM1,CADM3,1,connectomeDB2020_lit
CADM3,CADM4,1,LARIS_neurotransmitter
CADM3,EPB41L1,1,LARIS_neurotransmitter
CALCA,ACKR3,1,LIANA_consensus
CALCA,DCLK3,1,LIANA_consensus
CBLN1,GRID2,1,LARIS_neurotransmitter
CBR1,PTGFR,1,LARIS_neurotransmitter
CCL2,MMP14,1,stCASE
CCL3L3,CCR3,1,stCASE
CCL4,GPR152,1,LIANA_consensus
CCL4,GPRC5D,1,LIANA_consensus
CCL4L1,ACKR2,1,LIANA_consensus
CCL4L1,FFAR2,1,LIANA_consensus
CCL4L1,GPR101,1,LIANA_consensus
CCL4L1,GPR151,1,LIANA_consensus
CCL4L1,GPR152,1,LIANA_consensus
CCL4L1,GPR42,1,LIANA_consensus
CCL4L1,VSIR,1,LIANA_consensus
CCL4L2,ACKR2,1,stCASE
CCL5,DPP4,1,LIANA_consensus
CD19,CD81,1,stCASE
CD2,CD53,1,stCASE
CD209,ICAM3,1,connectomeDB2020_lit
CD276,TREML2,1,LARIS_neurotransmitter
CD300LB,TYROBP,1,stCASE
CD34,SELE,1,connectomeDB2020_lit
CD3D,CD3E,1,stCASE
CD4,CCR5,1,stCASE
CD4,CXCR4,1,stCASE
CD40,TRAF2,1,stCASE
CD40LG,CD53,1,LIANA_consensus
CD40LG,CD9,1,LIANA_consensus
CD40LG,COMPLEX:ITGA2B,1,stCASE
CD40LG,COMPLEX:ITGA5,1,stCASE
CD40LG,COMPLEX:ITGAM,1,stCASE
CD44,SELE,1,connectomeDB2020_lit
CD59,STAB1,1,LIANA_consensus
CD72,CD5,1,LIANA_consensus
CD74,CXCR4,1,stCASE
CD80,NGFR,1,stCASE
CD81,KIT,1,stCASE
CD84,CD84,1,connectomeDB2020_lit
CD9,CD36,1,stCASE
CD9,KIT,1,stCASE
CD9,L1CAM,1,connectomeDB2020_lit
CDH1,COMPLEX:ITGA2,1,stCASE
CDH1,COMPLEX:ITGAE,1,stCASE
CDH12,ITGA1,1,LARIS_neurotransmitter
CDH12,ITGB1,1,LARIS_neurotransmitter
CDH15,CDON,1,stCASE
CDH2,CDON,1,stCASE
CEACAM1,CEACAM6,1,LARIS_neurotransmitter
CEACAM1,CEACAM8,1,LARIS_neurotransmitter
CEACAM5,CEACAM6,1,LARIS_neurotransmitter
CEACAM6,CEACAM8,1,connectomeDB2020_lit
CEACAM8,CEACAM6,1,LARIS_neurotransmitter
CEL,RORA,1,LARIS_neurotransmitter
CEL,RORC,1,LARIS_neurotransmitter
CGB,LHCGR,1,SpaCcLink
CGB8,LHCGR,1,LIANA_consensus
CHAD,COMPLEX:ITGA2,1,stCASE
CHAT,CHRM1,1,LARIS_neurotransmitter
CHAT,CHRM2,1,LARIS_neurotransmitter
CHAT,CHRM3,1,LARIS_neurotransmitter
CHAT,CHRM4,1,LARIS_neurotransmitter
CHAT,CHRM5,1,LARIS_neurotransmitter
CHAT,CHRNA1,1,LARIS_neurotransmitter
CHAT,CHRNA3,1,LARIS_neurotransmitter
CHAT,CHRNA4,1,LARIS_neurotransmitter
CHAT,CHRNA7,1,LARIS_neurotransmitter
CHAT,CHRNB1,1,LARIS_neurotransmitter
CHAT,CHRNB2,1,LARIS_neurotransmitter
CHAT,CHRNB4,1,LARIS_neurotransmitter
CHAT,CHRND,1,LARIS_neurotransmitter
CHAT,CHRNE,1,LARIS_neurotransmitter
CHAT,CHRNG,1,LARIS_neurotransmitter
CLCF1,COMPLEX:CNTFR,1,stCASE
CLCF1,COMPLEX:IL6ST,1,stCASE
CLCF1,SORL1,1,LIANA_consensus
CLEC1B,PDPN,1,LIANA_consensus
CLU,LRP2,1,stCASE
CNMD,PTPRD,1,LIANA_consensus
CNTF,COMPLEX:CNTFR,1,stCASE
CNTF,CRLF1,1,LIANA_consensus
CNTN2,COMPLEX:CNTN2,1,stCASE
CNTN4,APLP1,1,LIANA_consensus
CNTN4,LVRN,1,LIANA_consensus
CNTN6,PTPRG,1,LIANA_consensus
CNTNAP1,CNTN1,1,stCASE
COL10A1,COMPLEX:ITGA1,1,stCASE
COL10A1,COMPLEX:ITGA10,1,stCASE
COL10A1,COMPLEX:ITGA11,1,stCASE
COL10A1,COMPLEX:ITGA2,1,stCASE
COL10A1,ITGA1,1,LIANA_consensus
COL10A1,ITGA10,1,LIANA_consensus
COL10A1,ITGA11,1,LIANA_consensus
COL10A1,ITGA2,1,LIANA_consensus
COL11A1,COMPLEX:ITGA1,1,stCASE
COL11A1,COMPLEX:ITGA10,1,stCASE
COL11A1,COMPLEX:ITGA11,1,stCASE
COL11A1,COMPLEX:ITGA2,1,stCASE
COL11A1,ITGA1,1,LIANA_consensus
COL11A1,ITGA10,1,LIANA_consensus
COL11A1,ITGA11,1,LIANA_consensus
COL11A2,COMPLEX:ITGA1,1,stCASE
COL11A2,COMPLEX:ITGA10,1,stCASE
COL11A2,COMPLEX:ITGA11,1,stCASE
COL11A2,COMPLEX:ITGA2,1,stCASE
COL11A2,ITGA1,1,LIANA_consensus
COL11A2,ITGA10,1,LIANA_consensus
COL11A2,ITGA11,1,LIANA_consensus
COL11A2,ITGA2,1,LIANA_consensus
COL12A1,COMPLEX:ITGA1,1,stCASE
COL12A1,COMPLEX:ITGA10,1,stCASE
COL12A1,COMPLEX:ITGA11,1,stCASE
COL12A1,COMPLEX:ITGA2,1,stCASE
COL12A1,ITGA1,1,LIANA_consensus
COL12A1,ITGA10,1,LIANA_consensus
COL12A1,ITGA11,1,LIANA_consensus
COL12A1,ITGA2,1,LIANA_consensus
COL13A1,ITGA1,1,LIANA_consensus
COL13A1,ITGA10,1,LIANA_consensus
COL13A1,ITGA11,1,LIANA_consensus
COL13A1,ITGA2,1,LIANA_consensus
COL13A1,ITGB1,1,LIANA_consensus
COL14A1,COMPLEX:ITGA1,1,stCASE
COL14A1,COMPLEX:ITGA10,1,stCASE
COL14A1,COMPLEX:ITGA11,1,stCASE
COL14A1,COMPLEX:ITGA2,1,stCASE
COL14A1,ITGA1,1,LIANA_consensus
COL14A1,ITGA10,1,LIANA_consensus
COL14A1,ITGA11,1,LIANA_consensus
COL14A1,ITGA2,1,LIANA_consensus
COL15A1,COMPLEX:ITGA1,1,stCASE
COL15A1,COMPLEX:ITGA10,1,stCASE
COL15A1,COMPLEX:ITGA11,1,stCASE
COL15A1,COMPLEX:ITGA2,1,stCASE
COL15A1,ITGA1,1,LIANA_consensus
COL15A1,ITGA10,1,LIANA_consensus
COL15A1,ITGA11,1,LIANA_consensus
COL15A1,ITGA2,1,LIANA_consensus
COL16A1,COMPLEX:ITGA1,1,stCASE
COL16A1,COMPLEX:ITGA10,1,stCASE
COL16A1,COMPLEX:ITGA11,1,stCASE
COL16A1,COMPLEX:ITGA2,1,stCASE
COL16A1,ITGA1,1,LIANA_consensus
COL16A1,ITGA10,1,LIANA_consensus
COL16A1,ITGA11,1,LIANA_consensus
COL16A1,ITGA2,1,LIANA_consensus
COL17A1,COMPLEX:ITGA1,1,stCASE
COL17A1,COMPLEX:ITGA10,1,stCASE
COL17A1,COMPLEX:ITGA11,1,stCASE
COL17A1,COMPLEX:ITGA2,1,stCASE
COL17A1,ITGA1,1,LIANA_consensus
COL17A1,ITGA10,1,LIANA_consensus
COL17A1,ITGA11,1,LIANA_consensus
COL17A1,ITGA2,1,LIANA_consensus
COL18A1,COMPLEX:ITGA1,1,stCASE
COL18A1,COMPLEX:ITGA10,1,stCASE
COL18A1,COMPLEX:ITGA11,1,stCASE
COL18A1,COMPLEX:ITGA2,1,stCASE
COL18A1,ITGA1,1,LIANA_consensus
COL18A1,ITGA10,1,LIANA_consensus
COL18A1,ITGA11,1,LIANA_consensus
COL18A1,ITGA2,1,LIANA_consensus
COL19A1,COMPLEX:ITGA1,1,stCASE
COL19A1,COMPLEX:ITGA10,1,stCASE
COL19A1,COMPLEX:ITGA11,1,stCASE
COL19A1,COMPLEX:ITGA2,1,stCASE
COL19A1,ITGA1,1,LIANA_consensus
COL19A1,ITGA10,1,LIANA_consensus
COL19A1,ITGA11,1,LIANA_consensus
COL19A1,ITGA2,1,LIANA_consensus
COL1A1,COMPLEX:ITGA1,1,stCASE
COL1A1,COMPLEX:ITGA10,1,stCASE
COL1A1,COMPLEX:ITGA11,1,stCASE
COL1A1,COMPLEX:ITGA2,1,stCASE
COL1A1,COMPLEX:ITGA3,1,stCASE
COL1A1,COMPLEX:ITGA9,1,stCASE
COL1A1,COMPLEX:ITGAV,1,stCASE
COL1A2,COMPLEX:ITGA1,1,stCASE
COL1A2,COMPLEX:ITGA10,1,stCASE
COL1A2,COMPLEX:ITGA11,1,stCASE
COL1A2,COMPLEX:ITGA2,1,stCASE
COL1A2,COMPLEX:ITGA3,1,stCASE
COL1A2,COMPLEX:ITGA9,1,stCASE
COL1A2,COMPLEX:ITGAV,1,stCASE
COL1A2,DDR1,1,stCASE
COL1A2,DDR2,1,stCASE
COL20A1,ITGA1,1,LIANA_consensus
COL20A1,ITGA10,1,LIANA_consensus
COL20A1,ITGA11,1,LIANA_consensus
COL20A1,ITGA2,1,LIANA_consensus
COL20A1,ITGB1,1,LIANA_consensus
COL21A1,COMPLEX:ITGA1,1,stCASE
COL21A1,COMPLEX:ITGA10,1,stCASE
COL21A1,COMPLEX:ITGA11,1,stCASE
COL21A1,COMPLEX:ITGA2,1,stCASE
COL21A1,ITGA1,1,LIANA_consensus
COL21A1,ITGA10,1,LIANA_consensus
COL21A1,ITGA11,1,LIANA_consensus
COL21A1,ITGA2,1,LIANA_consensus
COL22A1,COMPLEX:ITGA1,1,stCASE
COL22A1,COMPLEX:ITGA10,1,stCASE
COL22A1,COMPLEX:ITGA11,1,stCASE
COL22A1,COMPLEX:ITGA2,1,stCASE
COL22A1,ITGA1,1,LIANA_consensus
COL22A1,ITGA10,1,LIANA_consensus
COL22A1,ITGA11,1,LIANA_consensus
COL22A1,ITGA2,1,LIANA_consensus
COL24A1,COMPLEX:ITGA1,1,stCASE
COL24A1,COMPLEX:ITGA10,1,stCASE
COL24A1,COMPLEX:ITGA11,1,stCASE
COL24A1,COMPLEX:ITGA2,1,stCASE
COL24A1,ITGA1,1,LIANA_consensus
COL24A1,ITGA10,1,LIANA_consensus
COL24A1,ITGA11,1,LIANA_consensus
COL24A1,ITGA2,1,LIANA_consensus
COL26A1,COMPLEX:ITGA1,1,stCASE
COL26A1,COMPLEX:ITGA10,1,stCASE
COL26A1,COMPLEX:ITGA11,1,stCASE
COL26A1,COMPLEX:ITGA2,1,stCASE
COL26A1,ITGA1,1,LIANA_consensus
COL26A1,ITGA10,1,LIANA_consensus
COL26A1,ITGA11,1,LIANA_consensus
COL26A1,ITGA2,1,LIANA_consensus
COL27A1,COMPLEX:ITGA1,1,stCASE
COL27A1,COMPLEX:ITGA10,1,stCASE
COL27A1,COMPLEX:ITGA11,1,stCASE
COL27A1,COMPLEX:ITGA2,1,stCASE
COL27A1,ITGA1,1,LIANA_consensus
COL27A1,ITGA10,1,LIANA_consensus
COL27A1,ITGA11,1,LIANA_consensus
COL27A1,ITGA2,1,LIANA_consensus
COL28A1,COMPLEX:ITGA1,1,stCASE
COL28A1,COMPLEX:ITGA10,1,stCASE
COL28A1,COMPLEX:ITGA11,1,stCASE
COL28A1,COMPLEX:ITGA2,1,stCASE
COL28A1,ITGA1,1,LIANA_consensus
COL28A1,ITGA10,1,LIANA_consensus
COL28A1,ITGA11,1,LIANA_consensus
COL28A1,ITGA2,1,LIANA_consensus
COL2A1,COMPLEX:ITGA1,1,stCASE
COL2A1,COMPLEX:ITGA10,1,stCASE
COL2A1,COMPLEX:ITGA11,1,stCASE
COL2A1,COMPLEX:ITGA2,1,stCASE
COL2A1,COMPLEX:ITGA3,1,stCASE
COL2A1,COMPLEX:ITGA9,1,stCASE
COL2A1,COMPLEX:ITGAV,1,stCASE
COL3A1,ADGRG1,1,LARIS_neurotransmitter
COL3A1,COMPLEX:ITGA1,1,stCASE
COL3A1,COMPLEX:ITGA10,1,stCASE
COL3A1,COMPLEX:ITGA11,1,stCASE
COL3A1,COMPLEX:ITGA2,1,stCASE
COL3A1,ITGA1,1,LIANA_consensus
COL3A1,ITGA10,1,LIANA_consensus
COL3A1,ITGA11,1,LIANA_consensus
COL4A1,ADGRG6,1,LARIS_neurotransmitter
COL4A1,COMPLEX:ITGA1,1,stCASE
COL4A1,COMPLEX:ITGA10,1,stCASE
COL4A1,COMPLEX:ITGA11,1,stCASE
COL4A1,COMPLEX:ITGA2,1,stCASE
COL4A1,COMPLEX:ITGA3,1,stCASE
COL4A1,COMPLEX:ITGA9,1,stCASE
COL4A1,COMPLEX:ITGAV,1,stCASE
COL4A1,DDR1,1,stCASE
COL4A2,ADGRG6,1,LARIS_neurotransmitter
COL4A2,COMPLEX:ITGA1,1,stCASE
COL4A2,COMPLEX:ITGA10,1,stCASE
COL4A2,COMPLEX:ITGA11,1,stCASE
COL4A2,COMPLEX:ITGA2,1,stCASE
COL4A2,COMPLEX:ITGA3,1,stCASE
COL4A2,COMPLEX:ITGA9,1,stCASE
COL4A2,COMPLEX:ITGAV,1,stCASE
COL4A2,DDR1,1,stCASE
COL4A3,ADGRG6,1,LARIS_neurotransmitter
COL4A3,COMPLEX:ITGA1,1,stCASE
COL4A3,COMPLEX:ITGA10,1,stCASE
COL4A3,COMPLEX:ITGA11,1,stCASE
COL4A3,COMPLEX:ITGA2,1,stCASE
COL4A3,COMPLEX:ITGA3,1,stCASE
COL4A3,COMPLEX:ITGA9,1,stCASE
COL4A3,COMPLEX:ITGAV,1,stCASE
COL4A3,DDR1,1,stCASE
COL4A4,ADGRG6,1,LARIS_neurotransmitter
COL4A4,COMPLEX:ITGA1,1,stCASE
COL4A4,COMPLEX:ITGA10,1,stCASE
COL4A4,COMPLEX:ITGA11,1,stCASE
COL4A4,COMPLEX:ITGA2,1,stCASE
COL4A4,COMPLEX:ITGA3,1,stCASE
COL4A4,COMPLEX:ITGA9,1,stCASE
COL4A4,COMPLEX:ITGAV,1,stCASE
COL4A4,DDR1,1,stCASE
COL4A5,ADGRG6,1,LARIS_neurotransmitter
COL4A5,COMPLEX:ITGA1,1,stCASE
COL4A5,COMPLEX:ITGA10,1,stCASE
COL4A5,COMPLEX:ITGA11,1,stCASE
COL4A5,COMPLEX:ITGA2,1,stCASE
COL4A5,COMPLEX:ITGA3,1,stCASE
COL4A5,COMPLEX:ITGA9,1,stCASE
COL4A5,COMPLEX:ITGAV,1,stCASE
COL4A5,DDR1,1,stCASE
COL4A6,ADGRG6,1,LARIS_neurotransmitter
COL4A6,COMPLEX:ITGA1,1,stCASE
COL4A6,COMPLEX:ITGA10,1,stCASE
COL4A6,COMPLEX:ITGA11,1,stCASE
COL4A6,COMPLEX:ITGA2,1,stCASE
COL4A6,COMPLEX:ITGA3,1,stCASE
COL4A6,COMPLEX:ITGA9,1,stCASE
COL4A6,COMPLEX:ITGAV,1,stCASE
COL4A6,DDR1,1,stCASE
COL5A1,COMPLEX:ITGA1,1,stCASE
COL5A1,COMPLEX:ITGA10,1,stCASE
COL5A1,COMPLEX:ITGA11,1,stCASE
COL5A1,COMPLEX:ITGA2,1,stCASE
COL5A1,DDR1,1,stCASE
COL5A1,ITGA10,1,LIANA_consensus
COL5A1,ITGA11,1,LIANA_consensus
COL5A1,ITGA2,1,LIANA_consensus
COL5A2,COMPLEX:ITGA1,1,stCASE
COL5A2,COMPLEX:ITGA10,1,stCASE
COL5A2,COMPLEX:ITGA11,1,stCASE
COL5A2,COMPLEX:ITGA2,1,stCASE
COL5A2,ITGA10,1,LIANA_consensus
COL5A2,ITGA11,1,LIANA_consensus
COL5A2,ITGA2,1,LIANA_consensus
COL5A3,COMPLEX:ITGA1,1,stCASE
COL5A3,COMPLEX:ITGA10,1,stCASE
COL5A3,COMPLEX:ITGA11,1,stCASE
COL5A3,COMPLEX:ITGA2,1,stCASE
COL5A3,DDR1,1,stCASE
COL5A3,ITGA1,1,LIANA_consensus
COL5A3,ITGA10,1,LIANA_consensus
COL5A3,ITGA11,1,LIANA_consensus
COL5A3,ITGA2,1,LIANA_consensus
COL6A1,COMPLEX:ITGA1,1,stCASE
COL6A1,COMPLEX:ITGA10,1,stCASE
COL6A1,COMPLEX:ITGA11,1,stCASE
COL6A1,COMPLEX:ITGA2,1,stCASE
COL6A1,COMPLEX:ITGA3,1,stCASE
COL6A1,COMPLEX:ITGA9,1,stCASE
COL6A1,COMPLEX:ITGAV,1,stCASE
COL6A1,DDR1,1,stCASE
COL6A2,COMPLEX:ITGA1,1,stCASE
COL6A2,COMPLEX:ITGA10,1,stCASE
COL6A2,COMPLEX:ITGA11,1,stCASE
COL6A2,COMPLEX:ITGA2,1,stCASE
COL6A2,COMPLEX:ITGA3,1,stCASE
COL6A2,COMPLEX:ITGA9,1,stCASE
COL6A2,COMPLEX:ITGAV,1,stCASE
COL6A2,DDR1,1,stCASE
COL6A3,COMPLEX:ITGA1,1,stCASE
COL6A3,COMPLEX:ITGA10,1,stCASE
COL6A3,COMPLEX:ITGA11,1,stCASE
COL6A3,COMPLEX:ITGA2,1,stCASE
COL6A3,COMPLEX:ITGA3,1,stCASE
COL6A3,COMPLEX:ITGA9,1,stCASE
COL6A3,COMPLEX:ITGAV,1,stCASE
COL6A3,DDR1,1,stCASE
COL6A5,COMPLEX:ITGA1,1,stCASE
COL6A5,COMPLEX:ITGA10,1,stCASE
COL6A5,COMPLEX:ITGA11,1,stCASE
COL6A5,COMPLEX:ITGA2,1,stCASE
COL6A5,COMPLEX:ITGA3,1,stCASE
COL6A5,COMPLEX:ITGA9,1,stCASE
COL6A5,COMPLEX:ITGAV,1,stCASE
COL6A5,DDR1,1,stCASE
COL6A6,COMPLEX:ITGA1,1,stCASE
COL6A6,COMPLEX:ITGA10,1,stCASE
COL6A6,COMPLEX:ITGA11,1,stCASE
COL6A6,COMPLEX:ITGA2,1,stCASE
COL6A6,COMPLEX:ITGA3,1,stCASE
COL6A6,COMPLEX:ITGA9,1,stCASE
COL6A6,COMPLEX:ITGAV,1,stCASE
COL6A6,DDR1,1,stCASE
COL7A1,COMPLEX:ITGA1,1,stCASE
COL7A1,COMPLEX:ITGA10,1,stCASE
COL7A1,COMPLEX:ITGA11,1,stCASE
COL7A1,COMPLEX:ITGA2,1,stCASE
COL7A1,ITGA1,1,LIANA_consensus
COL7A1,ITGA10,1,LIANA_consensus
COL7A1,ITGA11,1,LIANA_consensus
COL8A1,COMPLEX:ITGA1,1,stCASE
COL8A1,COMPLEX:ITGA10,1,stCASE
COL8A1,COMPLEX:ITGA11,1,stCASE
COL8A1,COMPLEX:ITGA2,1,stCASE
COL8A1,DDR1,1,stCASE
COL8A1,ITGA10,1,LIANA_consensus
COL8A1,ITGA11,1,LIANA_consensus
COL8A2,COMPLEX:ITGA1,1,stCASE
COL8A2,COMPLEX:ITGA10,1,stCASE
COL8A2,COMPLEX:ITGA11,1,stCASE
COL8A2,COMPLEX:ITGA2,1,stCASE
COL8A2,ITGA1,1,LIANA_consensus
COL8A2,ITGA10,1,LIANA_consensus
COL8A2,ITGA11,1,LIANA_consensus
COL8A2,ITGA2,1,LIANA_consensus
COL9A1,COMPLEX:ITGA1,1,stCASE
COL9A1,COMPLEX:ITGA10,1,stCASE
COL9A1,COMPLEX:ITGA11,1,stCASE
COL9A1,COMPLEX:ITGA2,1,stCASE
COL9A1,COMPLEX:ITGA3,1,stCASE
COL9A1,COMPLEX:ITGA9,1,stCASE
COL9A1,COMPLEX:ITGAV,1,stCASE
COL9A2,COMPLEX:ITGA1,1,stCASE
COL9A2,COMPLEX:ITGA10,1,stCASE
COL9A2,COMPLEX:ITGA11,1,stCASE
COL9A2,COMPLEX:ITGA2,1,stCASE
COL9A2,COMPLEX:ITGA3,1,stCASE
COL9A2,COMPLEX:ITGA9,1,stCASE
COL9A2,COMPLEX:ITGAV,1,stCASE
COL9A3,COMPLEX:ITGA1,1,stCASE
COL9A3,COMPLEX:ITGA10,1,stCASE
COL9A3,COMPLEX:ITGA11,1,stCASE
COL9A3,COMPLEX:ITGA2,1,stCASE
COL9A3,COMPLEX:ITGA3,1,stCASE
COL9A3,COMPLEX:ITGA9,1,stCASE
COL9A3,COMPLEX:ITGAV,1,stCASE
COMP,COMPLEX:ITGA3,1,stCASE
COMP,COMPLEX:ITGAV,1,stCASE
COMPLEX:EBI3,COMPLEX:IL12RB2,1,stCASE
COMPLEX:EBI3,COMPLEX:IL27RA,1,stCASE
COMPLEX:EBI3,IL6ST,1,stCASE
COMPLEX:IL12A,COMPLEX:IL12RB1,1,stCASE
COMPLEX:IL12A,COMPLEX:IL12RB2,1,stCASE
COMPLEX:IL12A,IL12RB2,1,stCASE
COMPLEX:IL12A,IL27RA,1,stCASE
COMPLEX:IL12B,COMPLEX:IL12RB1,1,stCASE
COMPLEX:IL12B,COMPLEX:IL23R,1,stCASE
COMPLEX:IL12B,IL12RB1,1,stCASE
COMPLEX:IL12B,IL23R,1,stCASE
COMPLEX:IL27,COMPLEX:IL27RA,1,stCASE
COMPLEX:IL27,IL6ST,1,stCASE
COMPLEX:INHA,ACVR2A,1,stCASE
COMPLEX:INHA,ACVR2B,1,stCASE
COMPLEX:INHBA,ACVR2A,1,stCASE
COMPLEX:INHBA,ACVR2B,1,stCASE
COMPLEX:INHBA,COMPLEX:ACVR1B,1,stCASE
COMPLEX:INHBA,COMPLEX:ACVR1C,1,stCASE
COMPLEX:LAMA1,COMPLEX:ITGA6,1,stCASE
COMPLEX:LAMA1,ITGB1,1,stCASE
COMPLEX:LAMA3,COMPLEX:ITGA6,1,stCASE
COMPLEX:LAMA3,ITGB4,1,stCASE
COMPLEX:NPNT,COMPLEX:ITGA8,1,stCASE
COMPLEX:NPNT,ITGB1,1,stCASE
COPA,CD74,1,LIANA_consensus
COPA,MTNR1B,1,LIANA_consensus
COPA,NTRK1,1,LIANA_consensus
COPA,P2RY6,1,LIANA_consensus
CR2,CD19,1,stCASE
CR2,CD81,1,stCASE
CRLF1,IL6ST,1,LIANA_consensus
CRLF2,CRLF2,1,LIANA_consensus
CRLF2,IL7R,1,LIANA_consensus
CRLF2,TSLP,1,LIANA_consensus
CSF1,CELSR3,1,LIANA_consensus
CSF2,COMPLEX:CSF2RA,1,stCASE
CSPG4,COMPLEX:ITGA3,1,stCASE
CTF1,COMPLEX:IL6ST,1,stCASE
CTGF,ERBB4,1,SpaCcLink
CTGF,ITGA5,1,SpaCcLink
CTGF,ITGAM,1,SpaCcLink
CTGF,ITGB2,1,SpaCcLink
CTGF,LRP1,1,SpaCcLink
CTGF,LRP6,1,SpaCcLink
CTGF,NTRK1,1,SpaCcLink
CTSG,FPR1,1,LARIS_neurotransmitter
CXADR,CXADR,1,connectomeDB2020_lit
CXCL10,TLR4,1,LIANA_consensus
CXCR4,CCR5,1,stCASE
CYP11A1,NR1H4,1,LARIS_neurotransmitter
CYP11A1,NR1I2,1,LARIS_neurotransmitter
CYP11B1,NR3C1,1,LARIS_neurotransmitter
CYP11B1,NR3C2,1,LARIS_neurotransmitter
CYP11B2,NR3C1,1,LARIS_neurotransmitter
CYP11B2,NR3C2,1,LARIS_neurotransmitter
CYP17A1,AR,1,LARIS_neurotransmitter
CYP19A1,ESR1,1,LARIS_neurotransmitter
CYP19A1,ESR2,1,LARIS_neurotransmitter
CYP19A1,GPER1,1,LARIS_neurotransmitter
CYP19A1,NR1I2,1,LARIS_neurotransmitter
CYP21A2,NR3C2,1,LARIS_neurotransmitter
CYP27B1,VDR,1,LARIS_neurotransmitter
CYP3A4,NR1H4,1,LARIS_neurotransmitter
CYR61,ITGA5,1,SpaCcLink
CYR61,ITGAM,1,SpaCcLink
CYR61,ITGAV,1,SpaCcLink
CYR61,ITGB2,1,SpaCcLink
CYR61,ITGB3,1,SpaCcLink
CYR61,ITGB5,1,SpaCcLink
DAG1,LAMA4,1,connectomeDB2020_lit
DAGLA,CNR1,1,LARIS_neurotransmitter
DAGLA,CNR2,1,LARIS_neurotransmitter
DAGLA,GPR55,1,LARIS_neurotransmitter
DAGLB,CNR1,1,LARIS_neurotransmitter
DAGLB,CNR2,1,LARIS_neurotransmitter
DAGLB,GPR55,1,LARIS_neurotransmitter
DBH,ADRA1A,1,LARIS_neurotransmitter
DBH,ADRA1B,1,LARIS_neurotransmitter
DBH,ADRA1D,1,LARIS_neurotransmitter
DBH,ADRA2A,1,LARIS_neurotransmitter
DBH,ADRA2B,1,LARIS_neurotransmitter
DBH,ADRA2C,1,LARIS_neurotransmitter
DBH,ADRB1,1,LARIS_neurotransmitter
DBH,ADRB2,1,LARIS_neurotransmitter
DBH,ADRB3,1,LARIS_neurotransmitter
DBP,ACKR1,1,LIANA_consensus
DCC,ADORA2B,1,stCASE
DCN,KDR,1,stCASE
DDC,DRD1,1,LARIS_neurotransmitter
DDC,DRD2,1,LARIS_neurotransmitter
DDC,DRD3,1,LARIS_neurotransmitter
DDC,DRD4,1,LARIS_neurotransmitter
DDC,DRD5,1,LARIS_neurotransmitter
DDC,HTR1A,1,LARIS_neurotransmitter
DDC,HTR1B,1,LARIS_neurotransmitter
DDC,HTR1D,1,LARIS_neurotransmitter
DDC,HTR1E,1,LARIS_neurotransmitter
DDC,HTR1F,1,LARIS_neurotransmitter
DDC,HTR2A,1,LARIS_neurotransmitter
DDC,HTR2B,1,LARIS_neurotransmitter
DDC,HTR2C,1,LARIS_neurotransmitter
DDC,HTR3A,1,LARIS_neurotransmitter
DDC,HTR3B,1,LARIS_neurotransmitter
DDC,HTR3C,1,LARIS_neurotransmitter
DDC,HTR3D,1,LARIS_neurotransmitter
DDC,HTR3E,1,LARIS_neurotransmitter
DDC,HTR4,1,LARIS_neurotransmitter
DDC,HTR5A,1,LARIS_neurotransmitter
DDC,HTR6,1,LARIS_neurotransmitter
DDC,HTR7,1,LARIS_neurotransmitter
DEFB106B,CCR2,1,LIANA_consensus
DHCR24,RORA,1,LARIS_neurotransmitter
DHCR24,RORC,1,LARIS_neurotransmitter
DHCR7,NR1H2,1,LARIS_neurotransmitter
DHCR7,NR1H3,1,LARIS_neurotransmitter
DHCR7,RORA,1,LARIS_neurotransmitter
DHCR7,RORC,1,LARIS_neurotransmitter
DHH,COMPLEX:PTCH1,1,stCASE
DHH,COMPLEX:PTCH2,1,stCASE
DHRS9,PGR,1,LARIS_neurotransmitter
DIO3,THRA,1,LARIS_neurotransmitter
DIO3,THRB,1,LARIS_neurotransmitter
DMP1,COMPLEX:ITGAV,1,stCASE
DPEP1,CYSLTR1,1,LARIS_neurotransmitter
DPEP1,CYSLTR2,1,LARIS_neurotransmitter
DPEP2,CYSLTR1,1,LARIS_neurotransmitter
DPEP2,CYSLTR2,1,LARIS_neurotransmitter
DPEP3,CYSLTR1,1,LARIS_neurotransmitter
DPEP3,CYSLTR2,1,LARIS_neurotransmitter
DSPP,COMPLEX:ITGAV,1,stCASE
EBI3,COMPLEX:IL27RA,1,stCASE
EBI3,IL12RB2,1,LIANA_consensus
EDIL3,COMPLEX:ITGAV,1,stCASE
EGF,COMPLEX:EGFR,1,stCASE
EGF,TNFRSF11B,1,LIANA_consensus
ENTPD1,ADORA3,1,LIANA_consensus
EPCAM,EPCAM,1,connectomeDB2020_lit
EPGN,ERBB4,1,stCASE
EPHA2,EGFR,1,stCASE
EPHA4,EFNB1,1,connectomeDB2020_lit
EPHA4,FGFR3,1,stCASE
EPHB1,NRCAM,1,stCASE
EPHB2,NRCAM,1,stCASE
EPHB4,SDC3,1,stCASE
ERBB2,EGFR,1,stCASE
ERBB2,ERBB3,1,stCASE
ERBB2,ERBB4,1,stCASE
ERBB2,PLXNB1,1,stCASE
ERBB2,PTPRE,1,stCASE
EREG,COMPLEX:EGFR,1,stCASE
EREG,COMPLEX:ERBB2,1,stCASE
ERFE,LRP1,1,LIANA_consensus
ETV5,ERBB2,1,LIANA_consensus
F11,GP1BB,1,LIANA_consensus
F11,GP5,1,LIANA_consensus
F11,GP9,1,LIANA_consensus
F11R,COMPLEX:ITGAL,1,stCASE
F12,GP1BB,1,LIANA_consensus
F12,GP5,1,LIANA_consensus
F12,GP9,1,LIANA_consensus
F8,LRP2,1,LIANA_consensus
F8,LRP4,1,LIANA_consensus
FAM3B,LRP5,1,LIANA_consensus
FAM3C,ADGRG5,1,LIANA_consensus
FAM3C,CLEC2D,1,LIANA_consensus
FAM3C,FFAR2,1,LIANA_consensus
FAM3C,GPR42,1,LIANA_consensus
FAM3C,KIR2DL3,1,LIANA_consensus
FAM3C,PDCD1,1,LIANA_consensus
FCER2,COMPLEX:ITGAM,1,stCASE
FCER2,COMPLEX:ITGAV,1,stCASE
FCER2,COMPLEX:ITGAX,1,stCASE
FDX1,NR1I2,1,LARIS_neurotransmitter
FDX2,NR1I2,1,LARIS_neurotransmitter
FDXR,NR1I2,1,LARIS_neurotransmitter
FGB,CDH5,1,LIANA_consensus
FGF1,ITGB3,1,LIANA_consensus
FGF2,ITGB3,1,LIANA_consensus
FGFR1,ITGB4,1,stCASE
FGFR3,EPHA4,1,LIANA_consensus
FGFR4,EPHA4,1,LIANA_consensus
FGFR4,PTPRR,1,LIANA_consensus
FGFR4,TNFRSF10A,1,LIANA_consensus
FGFRL1,FGFR1,1,stCASE
FIGF,FLT4,1,SpaCcLink
FIGF,ITGA9,1,SpaCcLink
FIGF,KDR,1,SpaCcLink
FIGF,NRP2,1,SpaCcLink
FLRT1,ADGRL1,1,LARIS_neurotransmitter
FLRT1,ADGRL2,1,LARIS_neurotransmitter
FLRT1,ADGRL3,1,LARIS_neurotransmitter
FLRT1,UNC5A,1,LARIS_neurotransmitter
FLRT1,UNC5B,1,LARIS_neurotransmitter
FLRT1,UNC5C,1,LARIS_neurotransmitter
FLRT1,UNC5D,1,LARIS_neurotransmitter
FLRT2,ADGRL1,1,LARIS_neurotransmitter
FLRT2,ADGRL2,1,LARIS_neurotransmitter
FLRT2,ADGRL3,1,LARIS_neurotransmitter
FLRT2,UNC5A,1,LARIS_neurotransmitter
FLRT2,UNC5B,1,LARIS_neurotransmitter
FLRT2,UNC5C,1,LARIS_neurotransmitter
FLRT2,UNC5D,1,LARIS_neurotransmitter
FLRT3,ADGRL1,1,LARIS_neurotransmitter
FLRT3,ADGRL2,1,LARIS_neurotransmitter
FLRT3,UNC5A,1,LARIS_neurotransmitter
FLRT3,UNC5B,1,LARIS_neurotransmitter
FLRT3,UNC5C,1,LARIS_neurotransmitter
FLRT3,UNC5D,1,LARIS_neurotransmitter
FLT1,NRP1,1,stCASE
FN1,COMPLEX:ITGA2B,1,stCASE
FN1,COMPLEX:ITGA3,1,stCASE
FN1,COMPLEX:ITGA4,1,stCASE
FN1,COMPLEX:ITGA5,1,stCASE
FN1,COMPLEX:ITGA8,1,stCASE
FN1,COMPLEX:ITGAV,1,stCASE
FRAS1,COMPLEX:ITGA8,1,stCASE
FREM1,COMPLEX:ITGA8,1,stCASE
FREM2,COMPLEX:ITGA8,1,stCASE
FRS3,FGFR1,1,LIANA_consensus
FSTL5,CEACAM19,1,LIANA_consensus
FSTL5,CHL1,1,LIANA_consensus
FSTL5,CNTN5,1,LIANA_consensus
FSTL5,GP6,1,LIANA_consensus
FSTL5,IL6R,1,LIANA_consensus
FSTL5,LILRA1,1,LIANA_consensus
FSTL5,LILRB2,1,LIANA_consensus
FSTL5,SDK2,1,LIANA_consensus
FSTL5,SIGLEC6,1,LIANA_consensus
FZD5,LRP6,1,stCASE
FZD8,CKAP4,1,connectomeDB2020_lit
GAD1,GABBR1,1,LARIS_neurotransmitter
GAD1,GABBR2,1,LARIS_neurotransmitter
GAD1,GABRA1,1,LARIS_neurotransmitter
GAD1,GABRA2,1,LARIS_neurotransmitter
GAD1,GABRA3,1,LARIS_neurotransmitter
GAD1,GABRA4,1,LARIS_neurotransmitter
GAD1,GABRA5,1,LARIS_neurotransmitter
GAD1,GABRA6,1,LARIS_neurotransmitter
GAD1,GABRB2,1,LARIS_neurotransmitter
GAD1,GABRB3,1,LARIS_neurotransmitter
GAD1,GABRD,1,LARIS_neurotransmitter
GAD1,GABRE,1,LARIS_neurotransmitter
GAD1,GABRG2,1,LARIS_neurotransmitter
GAD1,GABRQ,1,LARIS_neurotransmitter
GAD2,GABBR1,1,LARIS_neurotransmitter
GAD2,GABBR2,1,LARIS_neurotransmitter
GAD2,GABRA1,1,LARIS_neurotransmitter
GAD2,GABRA2,1,LARIS_neurotransmitter
GAD2,GABRA3,1,LARIS_neurotransmitter
GAD2,GABRA4,1,LARIS_neurotransmitter
GAD2,GABRA5,1,LARIS_neurotransmitter
GAD2,GABRA6,1,LARIS_neurotransmitter
GAD2,GABRB2,1,LARIS_neurotransmitter
GAD2,GABRB3,1,LARIS_neurotransmitter
GAD2,GABRD,1,LARIS_neurotransmitter
GAD2,GABRE,1,LARIS_neurotransmitter
GAD2,GABRG2,1,LARIS_neurotransmitter
GAD2,GABRQ,1,LARIS_neurotransmitter
GAL,HLA-DPA1,1,LIANA_consensus
GAST,ADGRG1,1,LARIS_neurotransmitter
GAST,GPR152,1,LIANA_consensus
GAST,KIR2DL3,1,LIANA_consensus
GCG,FAP,1,LIANA_consensus
GDF1,ACTR2,1,LIANA_consensus
GDF1,COMPLEX:ACVR1B,1,stCASE
GDF1,COMPLEX:ACVR1C,1,stCASE
GDF1,HTR4,1,LIANA_consensus
GDF10,BMPR2,1,LIANA_consensus
GDF10,COMPLEX:ACVR1B,1,stCASE
GDF11,ACTR2,1,LIANA_consensus
GDF11,ACVR1C,1,LIANA_consensus
GDF11,ANTXR1,1,LIANA_consensus
GDF11,COMPLEX:ACVR1B,1,stCASE
GDF11,COMPLEX:ACVR2A,1,stCASE
GDF11,COMPLEX:ACVR2B,1,stCASE
GDF2,COMPLEX:ACVR2A,1,stCASE
GDF2,COMPLEX:ACVR2B,1,stCASE
GDF2,COMPLEX:ACVRL1,1,stCASE
GDF3,COMPLEX:ACVR1B,1,stCASE
GDF3,COMPLEX:ACVR1C,1,stCASE
GDF3,TDGF1,1,connectomeDB2020_lit
GDF5,COMPLEX:BMPR1A,1,stCASE
GDF5,COMPLEX:BMPR1B,1,stCASE
GDF6,COMPLEX:BMPR1A,1,stCASE
GDF6,COMPLEX:BMPR1B,1,stCASE
GDF7,COMPLEX:BMPR1A,1,stCASE
GDF7,COMPLEX:BMPR1B,1,stCASE
GDF9,COMPLEX:ACVR1B,1,stCASE
GDF9,COMPLEX:BMPR2,1,stCASE
GDNF,COMPLEX:GFRA1,1,stCASE
GGT1,CYSLTR1,1,LARIS_neurotransmitter
GGT1,CYSLTR2,1,LARIS_neurotransmitter
GGT5,CYSLTR1,1,LARIS_neurotransmitter
GGT5,CYSLTR2,1,LARIS_neurotransmitter
GH1,EPOR,1,LIANA_consensus
GHRH,DPP4,1,LIANA_consensus
GIP,FAP,1,LIANA_consensus
GJA1,GJA5,1,LARIS_neurotransmitter
GJA3,GJA1,1,LARIS_neurotransmitter
GJA3,GJA5,1,LARIS_neurotransmitter
GJA3,GJC1,1,LARIS_neurotransmitter
GJC1,GJA1,1,LARIS_neurotransmitter
GJC1,GJA5,1,LARIS_neurotransmitter
GLG1,SELE,1,connectomeDB2020_lit
GLS,GRIA1,1,LARIS_neurotransmitter
GLS,GRIA2,1,LARIS_neurotransmitter
GLS,GRIA3,1,LARIS_neurotransmitter
GLS,GRIA4,1,LARIS_neurotransmitter
GLS,GRIK1,1,LARIS_neurotransmitter
GLS,GRIK2,1,LARIS_neurotransmitter
GLS,GRIK3,1,LARIS_neurotransmitter
GLS,GRIK4,1,LARIS_neurotransmitter
GLS,GRIK5,1,LARIS_neurotransmitter
GLS,GRIN1,1,LARIS_neurotransmitter
GLS,GRIN2A,1,LARIS_neurotransmitter
GLS,GRIN2B,1,LARIS_neurotransmitter
GLS,GRIN2C,1,LARIS_neurotransmitter
GLS,GRIN2D,1,LARIS_neurotransmitter
GLS,GRM1,1,LARIS_neurotransmitter
GLS,GRM2,1,LARIS_neurotransmitter
GLS,GRM3,1,LARIS_neurotransmitter
GLS,GRM4,1,LARIS_neurotransmitter
GLS,GRM5,1,LARIS_neurotransmitter
GLS,GRM6,1,LARIS_neurotransmitter
GLS,GRM7,1,LARIS_neurotransmitter
GLS,GRM8,1,LARIS_neurotransmitter
GLS2,GRIA1,1,LARIS_neurotransmitter
GLS2,GRIA2,1,LARIS_neurotransmitter
GLS2,GRIA3,1,LARIS_neurotransmitter
GLS2,GRIA4,1,LARIS_neurotransmitter
GLS2,GRIK1,1,LARIS_neurotransmitter
GLS2,GRIK2,1,LARIS_neurotransmitter
GLS2,GRIK3,1,LARIS_neurotransmitter
GLS2,GRIK4,1,LARIS_neurotransmitter
GLS2,GRIK5,1,LARIS_neurotransmitter
GLS2,GRIN1,1,LARIS_neurotransmitter
GLS2,GRIN2A,1,LARIS_neurotransmitter
GLS2,GRIN2B,1,LARIS_neurotransmitter
GLS2,GRIN2C,1,LARIS_neurotransmitter
GLS2,GRIN2D,1,LARIS_neurotransmitter
GLS2,GRM1,1,LARIS_neurotransmitter
GLS2,GRM2,1,LARIS_neurotransmitter
GLS2,GRM3,1,LARIS_neurotransmitter
GLS2,GRM4,1,LARIS_neurotransmitter
GLS2,GRM5,1,LARIS_neurotransmitter
GLS2,GRM6,1,LARIS_neurotransmitter
GLS2,GRM7,1,LARIS_neurotransmitter
GLS2,GRM8,1,LARIS_neurotransmitter
GP1BA,COMPLEX:ITGAM,1,stCASE
GP1BA,SELP,1,stCASE
GPC3,FLT1,1,LIANA_consensus
GPC3,TNFRSF11B,1,LIANA_consensus
GPC3,UNC5C,1,LIANA_consensus
GPC3,UNC5D,1,LIANA_consensus
GPC3,VSIG10L,1,LIANA_consensus
GPHA2,ADGRV1,1,LIANA_consensus
GPI,NTRK1,1,LIANA_consensus
GPR26,HTR1A,1,stCASE
GRN,NTRK1,1,LIANA_consensus
GRP,FAP,1,LIANA_consensus
HAPLN1,ADGRA2,1,LIANA_consensus
HAPLN1,AGER,1,LIANA_consensus
HAPLN1,IGDCC4,1,LIANA_consensus
HAPLN1,IL1RL1,1,LIANA_consensus
HAPLN1,MPIG6B,1,LIANA_consensus
HAPLN1,PRTG,1,LIANA_consensus
HAPLN1,TNFRSF11B,1,LIANA_consensus
HAPLN1,TREML2,1,LIANA_consensus
HAVCR1,HAVCR1,1,connectomeDB2020_lit
HAVCR1,TIMD4,1,stCASE
HBEGF,COMPLEX:EGFR,1,stCASE
HBEGF,COMPLEX:ERBB2,1,stCASE
HLA-A,KLRD1,1,stCASE
HLA-C,KIR2DS2,1,stCASE
HLA-DQB2,LAG3,1,LIANA_consensus
HLA-DRA,CD53,1,stCASE
HLA-DRA,CD63,1,stCASE
HLA-DRA,CD82,1,stCASE
HLA-DRB1,CD53,1,stCASE
HLA-E,COMPLEX:KLRD1,1,stCASE
HSD17B1,ESR1,1,LARIS_neurotransmitter
HSD17B1,ESR2,1,LARIS_neurotransmitter
HSD17B1,GPER1,1,LARIS_neurotransmitter
HSD17B1,NR1I2,1,LARIS_neurotransmitter
HSD17B12,AR,1,LARIS_neurotransmitter
HSD17B3,AR,1,LARIS_neurotransmitter
HSD17B6,NR1H4,1,LARIS_neurotransmitter
HSD3B1,CATSPER1,1,LARIS_neurotransmitter
HSD3B1,CATSPER2,1,LARIS_neurotransmitter
HSD3B1,CATSPER3,1,LARIS_neurotransmitter
HSD3B1,CATSPER4,1,LARIS_neurotransmitter
HSD3B1,CATSPERB,1,LARIS_neurotransmitter
HSD3B1,CATSPERD,1,LARIS_neurotransmitter
HSP90AA1,TGFBR1,1,stCASE
HSP90AB1,ERBB2,1,stCASE
HTR1B,HTR1A,1,stCASE
HTR1D,HTR1A,1,stCASE
IBSP,COMPLEX:ITGAV,1,stCASE
ICAM1,COMPLEX:ITGAL,1,stCASE
ICAM1,COMPLEX:ITGAM,1,stCASE
ICAM1,COMPLEX:ITGAX,1,stCASE
ICAM2,COMPLEX:ITGAL,1,stCASE
ICAM2,COMPLEX:ITGAM,1,stCASE
ICOS,ICOSLG,1,connectomeDB2020_lit
IFNA1,COMPLEX:IFNAR1,1,stCASE
IFNA10,COMPLEX:IFNAR1,1,stCASE
IFNA13,COMPLEX:IFNAR1,1,stCASE
IFNA13,CR2,1,stCASE
IFNA14,COMPLEX:IFNAR1,1,stCASE
IFNA16,COMPLEX:IFNAR1,1,stCASE
IFNA17,COMPLEX:IFNAR1,1,stCASE
IFNA2,COMPLEX:IFNAR1,1,stCASE
IFNA2,CR2,1,LIANA_consensus
IFNA21,COMPLEX:IFNAR1,1,stCASE
IFNA4,COMPLEX:IFNAR1,1,stCASE
IFNA5,COMPLEX:IFNAR1,1,stCASE
IFNA6,COMPLEX:IFNAR1,1,stCASE
IFNA7,COMPLEX:IFNAR1,1,stCASE
IFNA8,COMPLEX:IFNAR1,1,stCASE
IFNA8,GPR152,1,LIANA_consensus
IFNB1,COMPLEX:IFNAR1,1,stCASE
IFNE,COMPLEX:IFNAR1,1,stCASE
IFNG,COMPLEX:IFNGR1,1,stCASE
IFNG,MPL,1,LIANA_consensus
IFNK,COMPLEX:IFNAR1,1,stCASE
IFNL1,COMPLEX:IFNLR1,1,stCASE
IFNL3,COMPLEX:IFNLR1,1,stCASE
IFNL3,IFNL3,1,LIANA_consensus
IFNW1,COMPLEX:IFNAR1,1,stCASE
IGF1,COMPLEX:ITGA6,1,stCASE
IGF1,COMPLEX:ITGAV,1,stCASE
IGF1R,ADRB2,1,stCASE
IGF1R,CDH1,1,stCASE
IGF1R,EGFR,1,stCASE
IGF1R,GHR,1,stCASE
IGF1R,INSR,1,stCASE
IGF1R,PTH1R,1,stCASE
IGF1R,SIRPA,1,stCASE
IGF2,COMPLEX:ITGA6,1,stCASE
IGF2,COMPLEX:ITGAV,1,stCASE
IGF2,GPR152,1,LIANA_consensus
IGFBP3,TMEM219,1,LARIS_neurotransmitter
IGFBP7,MPIG6B,1,LIANA_consensus
IGFBPL1,DCC,1,LIANA_consensus
IGHG1,FCGR2B,1,LIANA_consensus
IGHG1,FCGR3B,1,LIANA_consensus
IGLC1,FCGR2B,1,LIANA_consensus
IGLC1,FCGR3B,1,LIANA_consensus
IGSF1,ACVR1B,1,LIANA_consensus
IGSF10,CD200R1L,1,LIANA_consensus
IGSF10,MAG,1,LIANA_consensus
IGSF10,MILR1,1,LIANA_consensus
IGSF10,SLAMF9,1,LIANA_consensus
IHH,COMPLEX:PTCH1,1,stCASE
IHH,COMPLEX:PTCH2,1,stCASE
IL10,CD27,1,LIANA_consensus
IL10,CD70,1,LIANA_consensus
IL10,COMPLEX:IL10RA,1,stCASE
IL10,IFNLR1,1,LIANA_consensus
IL11,COMPLEX:IL11RA,1,stCASE
IL11,IL6R,1,LIANA_consensus
IL12A,COMPLEX:IL12RB2,1,stCASE
IL12A,IL27RA,1,LIANA_consensus
IL12B,BOC,1,LIANA_consensus
IL12B,COMPLEX:IL12RB1,1,stCASE
IL13,COMPLEX:IL13RA1,1,stCASE
IL13,COMPLEX:IL13RA2,1,stCASE
IL13,COMPLEX:IL4R,1,stCASE
IL13,IL13,1,LIANA_consensus
IL15,COMPLEX:IL15RA,1,stCASE
IL15RA,AXL,1,LIANA_consensus
IL17A,COMPLEX:IL17RA,1,stCASE
IL17C,COMPLEX:IL17RA,1,stCASE
IL17F,COMPLEX:IL17RA,1,stCASE
IL18,COMPLEX:IL18R1,1,stCASE
IL18,IL18,1,LIANA_consensus
IL19,COMPLEX:IL20RA,1,stCASE
IL1A,COMPLEX:IL1R1,1,stCASE
IL1B,COMPLEX:IL1R1,1,stCASE
IL1F10,COMPLEX:IL1RL2,1,stCASE
IL2,COMPLEX:IL2RA,1,stCASE
IL2,COMPLEX:IL2RB,1,stCASE
IL20,COMPLEX:IL20RA,1,stCASE
IL20,COMPLEX:IL20RB,1,stCASE
IL20,COMPLEX:IL22RA1,1,stCASE
IL21,COMPLEX:IL21R,1,stCASE
IL21,IL4R,1,LIANA_consensus
IL22,COMPLEX:IL10RB,1,stCASE
IL22,COMPLEX:IL20RB,1,stCASE
IL22,COMPLEX:IL22RA1,1,stCASE
IL22,IL20RA,1,LIANA_consensus
IL22,IL20RB,1,LIANA_consensus
IL22,IL22,1,LIANA_consensus
IL23A,COMPLEX:IL12RB1,1,stCASE
IL23A,COMPLEX:IL23R,1,stCASE
IL23A,GP6,1,LIANA_consensus
IL23A,LILRA1,1,LIANA_consensus
IL23A,LILRB2,1,LIANA_consensus
IL23A,SIGLEC6,1,LIANA_consensus
IL24,COMPLEX:IL20RA,1,stCASE
IL24,COMPLEX:IL20RB,1,stCASE
IL24,COMPLEX:IL22RA1,1,stCASE
IL24,NOTCH2,1,LIANA_consensus
IL25,COMPLEX:IL17RA,1,stCASE
IL26,COMPLEX:IL10RB,1,stCASE
IL26,COMPLEX:IL20RA,1,stCASE
IL27,COMPLEX:IL12RB2,1,stCASE
IL27,COMPLEX:IL27RA,1,stCASE
IL27,IL12RB2,1,LIANA_consensus
IL3,COMPLEX:CSF2RB,1,stCASE
IL3,COMPLEX:IL3RA,1,stCASE
IL3,CSF2RA,1,LIANA_consensus
IL31,COMPLEX:IL31RA,1,stCASE
IL33,COMPLEX:IL1RAP,1,stCASE
IL33,COMPLEX:IL1RL1,1,stCASE
IL36A,COMPLEX:IL1RAP,1,stCASE
IL36A,COMPLEX:IL1RL2,1,stCASE
IL36B,COMPLEX:IL1RAP,1,stCASE
IL36B,COMPLEX:IL1RL2,1,stCASE
IL36G,COMPLEX:IL1RAP,1,stCASE
IL36G,COMPLEX:IL1RL2,1,stCASE
IL36RN,COMPLEX:IL1RL2,1,stCASE
IL37,COMPLEX:IL18R1,1,stCASE
IL4,COMPLEX:IL13RA2,1,stCASE
IL4,COMPLEX:IL2RG,1,stCASE
IL4,COMPLEX:IL4R,1,stCASE
IL4,IL13,1,LIANA_consensus
IL4,IL21R,1,LIANA_consensus
IL5,COMPLEX:CSF2RB,1,stCASE
IL5,COMPLEX:IL5RA,1,stCASE
IL5,CSF2RA,1,LIANA_consensus
IL6,COMPLEX:IL6R,1,stCASE
IL6,FCGR3B,1,LIANA_consensus
IL6,MUSK,1,LIANA_consensus
IL6ST,ERBB2,1,stCASE
IL6ST,ERBB3,1,stCASE
IL7,COMPLEX:IL2RG,1,stCASE
IL7,COMPLEX:IL7R,1,stCASE
IL7R,CRLF2,1,stCASE
IL8,CXCR1,1,SpaCcLink
IL8,CXCR2,1,SpaCcLink
IL8,SDC1,1,SpaCcLink
IL8,SDC2,1,SpaCcLink
IL9,COMPLEX:IL2RG,1,stCASE
IL9,COMPLEX:IL9R,1,stCASE
IMPG2,PRLR,1,LIANA_consensus
INHBA,ACTR2,1,LIANA_consensus
INHBA,COMPLEX:ACVR1B,1,stCASE
INHBB,COMPLEX:ACVR1B,1,stCASE
INHBB,COMPLEX:ACVR1C,1,stCASE
INHBC,COMPLEX:ACVR1B,1,stCASE
INHBC,COMPLEX:ACVR1C,1,stCASE
INHBE,COMPLEX:ACVR1B,1,stCASE
INHBE,COMPLEX:ACVR1C,1,stCASE
ITGA2B,ENG,1,stCASE
ITGA3,CD151,1,stCASE
ITGA4,CD81,1,stCASE
ITGA4,CD82,1,stCASE
ITGA5,CD9,1,stCASE
ITGA5,ENG,1,stCASE
ITGA6,CD151,1,stCASE
ITGA6,CD36,1,stCASE
ITGA6,CD63,1,stCASE
ITGA6,CD82,1,stCASE
ITGAV,ADGRA2,1,LARIS_neurotransmitter
ITGAV,ADGRB1,1,LARIS_neurotransmitter
ITGAV,ADGRE2,1,LARIS_neurotransmitter
ITGAV,ADGRE5,1,LARIS_neurotransmitter
ITGB1,ADGRE2,1,LARIS_neurotransmitter
ITGB1,ADGRE5,1,LARIS_neurotransmitter
ITGB1,CD151,1,stCASE
ITGB1,CD81,1,stCASE
ITGB1,ENG,1,stCASE
ITGB3,ADGRA2,1,LARIS_neurotransmitter
ITGB3,ADGRE2,1,LARIS_neurotransmitter
ITGB3,ADGRE5,1,LARIS_neurotransmitter
ITGB4,EGFR,1,stCASE
ITGB5,ADGRB1,1,LARIS_neurotransmitter
JAM2,COMPLEX:ITGA3,1,stCASE
JAM2,COMPLEX:ITGAV,1,stCASE
JAM2,ITGA4,1,LIANA_consensus
JAM3,COMPLEX:ITGAM,1,stCASE
KAL1,FGFR1,1,SpaCcLink
KAL1,SDC2,1,SpaCcLink
KIR3DS1,HLA-F,1,connectomeDB2020_lit
KIT,EPOR,1,stCASE
KIT,IL7R,1,stCASE
KITLG,LRRN3,1,LIANA_consensus
KL,FGFR1,1,LIANA_consensus
KLB,FGFR1,1,stCASE
KLK1,F2R,1,LARIS_neurotransmitter
KLK14,F2R,1,LARIS_neurotransmitter
KLK14,F2RL1,1,LARIS_neurotransmitter
KLK2,F2R,1,LARIS_neurotransmitter
KLK2,F2RL1,1,LARIS_neurotransmitter
KLK4,F2R,1,LARIS_neurotransmitter
KLK4,F2RL1,1,LARIS_neurotransmitter
KLK5,F2RL1,1,LARIS_neurotransmitter
KLK6,F2R,1,LARIS_neurotransmitter
KLK6,F2RL1,1,LARIS_neurotransmitter
KLK7,F2RL1,1,LARIS_neurotransmitter
KLK8,F2R,1,LARIS_neurotransmitter
KLRB1,CLEC2D,1,connectomeDB2020_lit
KLRF1,CLEC2B,1,connectomeDB2020_lit
KREMEN1,LRP6,1,stCASE
KRTAP4-12,AQP1,1,SpaCcLink
KRTAP4-12,CLDN2,1,SpaCcLink
KRTAP4-12,CNTFR,1,SpaCcLink
KRTAP4-12,LINGO1,1,SpaCcLink
KRTAP4-12,PDGFRB,1,SpaCcLink
L1CAM,COMPLEX:ITGA4,1,stCASE
L1CAM,COMPLEX:ITGAV,1,stCASE
L1CAM,FGFR1,1,stCASE
L1CAM,ITGB1,1,LIANA_consensus
L1CAM,NRP1,1,stCASE
L1CAM,PLXNA1,1,stCASE
LAIR1,LILRB4,1,LARIS_neurotransmitter
LAMA1,COMPLEX:ITGA1,1,stCASE
LAMA1,COMPLEX:ITGA2,1,stCASE
LAMA1,COMPLEX:ITGA3,1,stCASE
LAMA1,COMPLEX:ITGA6,1,stCASE
LAMA1,COMPLEX:ITGA7,1,stCASE
LAMA1,COMPLEX:ITGA9,1,stCASE
LAMA1,COMPLEX:ITGAV,1,stCASE
LAMA2,ADGRG6,1,LARIS_neurotransmitter
LAMA2,COMPLEX:ITGA1,1,stCASE
LAMA2,COMPLEX:ITGA2,1,stCASE
LAMA2,COMPLEX:ITGA3,1,stCASE
LAMA2,COMPLEX:ITGA6,1,stCASE
LAMA2,COMPLEX:ITGA7,1,stCASE
LAMA2,COMPLEX:ITGA9,1,stCASE
LAMA2,COMPLEX:ITGAV,1,stCASE
LAMA3,COMPLEX:ITGA1,1,stCASE
LAMA3,COMPLEX:ITGA2,1,stCASE
LAMA3,COMPLEX:ITGA3,1,stCASE
LAMA3,COMPLEX:ITGA6,1,stCASE
LAMA3,COMPLEX:ITGA7,1,stCASE
LAMA3,COMPLEX:ITGA9,1,stCASE
LAMA3,COMPLEX:ITGAV,1,stCASE
LAMA4,COMPLEX:ITGA1,1,stCASE
LAMA4,COMPLEX:ITGA2,1,stCASE
LAMA4,COMPLEX:ITGA3,1,stCASE
LAMA4,COMPLEX:ITGA6,1,stCASE
LAMA4,COMPLEX:ITGA7,1,stCASE
LAMA4,COMPLEX:ITGA9,1,stCASE
LAMA4,COMPLEX:ITGAV,1,stCASE
LAMA5,CD151,1,stCASE
LAMA5,COMPLEX:ITGA1,1,stCASE
LAMA5,COMPLEX:ITGA2,1,stCASE
LAMA5,COMPLEX:ITGA3,1,stCASE
LAMA5,COMPLEX:ITGA6,1,stCASE
LAMA5,COMPLEX:ITGA7,1,stCASE
LAMA5,COMPLEX:ITGA9,1,stCASE
LAMA5,COMPLEX:ITGAV,1,stCASE
LAMB1,CD151,1,stCASE
LAMB1,COMPLEX:ITGA1,1,stCASE
LAMB1,COMPLEX:ITGA2,1,stCASE
LAMB1,COMPLEX:ITGA3,1,stCASE
LAMB1,COMPLEX:ITGA6,1,stCASE
LAMB1,COMPLEX:ITGA7,1,stCASE
LAMB1,COMPLEX:ITGA9,1,stCASE
LAMB1,COMPLEX:ITGAV,1,stCASE
LAMB2,COMPLEX:ITGA1,1,stCASE
LAMB2,COMPLEX:ITGA2,1,stCASE
LAMB2,COMPLEX:ITGA3,1,stCASE
LAMB2,COMPLEX:ITGA6,1,stCASE
LAMB2,COMPLEX:ITGA7,1,stCASE
LAMB2,COMPLEX:ITGA9,1,stCASE
LAMB2,COMPLEX:ITGAV,1,stCASE
LAMB3,COMPLEX:ITGA1,1,stCASE
LAMB3,COMPLEX:ITGA2,1,stCASE
LAMB3,COMPLEX:ITGA3,1,stCASE
LAMB3,COMPLEX:ITGA6,1,stCASE
LAMB3,COMPLEX:ITGA7,1,stCASE
LAMB3,COMPLEX:ITGA9,1,stCASE
LAMB3,COMPLEX:ITGAV,1,stCASE
LAMC1,COMPLEX:ITGA1,1,stCASE
LAMC1,COMPLEX:ITGA2,1,stCASE
LAMC1,COMPLEX:ITGA3,1,stCASE
LAMC1,COMPLEX:ITGA6,1,stCASE
LAMC1,COMPLEX:ITGA7,1,stCASE
LAMC1,COMPLEX:ITGA9,1,stCASE
LAMC1,COMPLEX:ITGAV,1,stCASE
LAMC2,COMPLEX:ITGA1,1,stCASE
LAMC2,COMPLEX:ITGA2,1,stCASE
LAMC2,COMPLEX:ITGA3,1,stCASE
LAMC2,COMPLEX:ITGA6,1,stCASE
LAMC2,COMPLEX:ITGA7,1,stCASE
LAMC2,COMPLEX:ITGA9,1,stCASE
LAMC2,COMPLEX:ITGAV,1,stCASE
LAMC3,COMPLEX:ITGA1,1,stCASE
LAMC3,COMPLEX:ITGA2,1,stCASE
LAMC3,COMPLEX:ITGA3,1,stCASE
LAMC3,COMPLEX:ITGA6,1,stCASE
LAMC3,COMPLEX:ITGA7,1,stCASE
LAMC3,COMPLEX:ITGA9,1,stCASE
LAMC3,COMPLEX:ITGAV,1,stCASE
LCK,COMPLEX:CD8A,1,stCASE
LEP,ISLR2,1,LIANA_consensus
LGALS3,MCAM,1,LIANA_consensus
LGALS9,BCR,1,LARIS_neurotransmitter
LGALS9,CD22,1,LARIS_neurotransmitter
LGALS9,COLEC12,1,LIANA_consensus
LGALS9,LRP1,1,LIANA_consensus
LGALS9,MET,1,LIANA_consensus
LGALS9,P4HB,1,LARIS_neurotransmitter
LGALS9,PTPRK,1,LIANA_consensus
LGI1,ADAM11,1,connectomeDB2020_lit
LGI2,ADAM11,1,connectomeDB2020_lit
LGI4,ADAM11,1,connectomeDB2020_lit
LIF,COMPLEX:IL6ST,1,stCASE
LIFR,IL6ST,1,stCASE
LIPA,RORA,1,LARIS_neurotransmitter
LIPA,RORC,1,LARIS_neurotransmitter
LPA,TREM2,1,LIANA_consensus
LPAR1,ADGRE5,1,LARIS_neurotransmitter
LPAR2,ADGRE5,1,LARIS_neurotransmitter
LPAR3,ADGRE5,1,LARIS_neurotransmitter
LRFN3,LRFN3,1,connectomeDB2020_lit
LRFN4,PTPRD,1,LARIS_neurotransmitter
LRFN4,PTPRF,1,LARIS_neurotransmitter
LRFN4,PTPRS,1,LARIS_neurotransmitter
LRFN5,LRFN5,1,connectomeDB2020_lit
LRFN5,PTPRD,1,LARIS_neurotransmitter
LRFN5,PTPRF,1,LARIS_neurotransmitter
LRFN5,PTPRS,1,LARIS_neurotransmitter
LRRC4C,PTPRF,1,LARIS_neurotransmitter
LSAMP,NEGR1,1,stCASE
LTA4H,LTB4R,1,LARIS_neurotransmitter
LTA4H,LTB4R2,1,LARIS_neurotransmitter
LTBR,TRAF2,1,stCASE
LTC4S,CYSLTR1,1,LARIS_neurotransmitter
LTC4S,CYSLTR2,1,LARIS_neurotransmitter
LTC4S,FPR2,1,LARIS_neurotransmitter
LTF,AGER,1,LIANA_consensus
LTF,BOC,1,LIANA_consensus
LTF,BTN3A2,1,LIANA_consensus
LTF,IGDCC4,1,LIANA_consensus
LTF,IL1RL1,1,LIANA_consensus
LTF,TNFRSF11B,1,LIANA_consensus
LTF,TREML2,1,LIANA_consensus
LY9,LY9,1,connectomeDB2020_lit
MADCAM1,COMPLEX:ITGA4,1,stCASE
MAML2,NOTCH1,1,LIANA_consensus
MAML2,NOTCH2,1,LIANA_consensus
MAML2,NOTCH3,1,LIANA_consensus
MAML2,NOTCH4,1,LIANA_consensus
MBL2,C1QB,1,LIANA_consensus
MBL2,LRP1,1,LIANA_consensus
MCAM,MCAM,1,connectomeDB2020_lit
MDK,COMPLEX:ITGA4,1,stCASE
MDK,COMPLEX:ITGA6,1,stCASE
MELTF,PLG,1,connectomeDB2020_lit
MET,CDH1,1,stCASE
MET,EGFR,1,stCASE
MET,ITGB4,1,stCASE
MET,MST1R,1,stCASE
MET,PLXNB1,1,stCASE
MET,PLXNB3,1,stCASE
MFGE8,COMPLEX:ITGAV,1,stCASE
MIA,ITGA4,1,LIANA_consensus
MIA,ITGA5,1,LIANA_consensus
MIA,ITGB1,1,LIANA_consensus
MIF,COMPLEX:CD44,1,stCASE
MIF,COMPLEX:CD74,1,stCASE
MIF,TNFRSF10D,1,LIANA_consensus
MIF,TNFRSF14,1,LIANA_consensus
MLLT4,EPHA7,1,SpaCcLink
MLLT4,EPHB2,1,SpaCcLink
MLLT4,EPHB3,1,SpaCcLink
MLLT4,EPHB6,1,SpaCcLink
MLLT4,F11R,1,SpaCcLink
MLLT4,NRXN2,1,SpaCcLink
MLLT4,NRXN3,1,SpaCcLink
MMP14,CD44,1,stCASE
MMP2,COMPLEX:ITGAV,1,stCASE
MMP2,EGFR,1,stCASE
MMP2,ITGAV,1,LARIS_neurotransmitter
MMP2,MMP14,1,LARIS_neurotransmitter
MPZL3,MPZL2,1,stCASE
MSTN,COMPLEX:ACVR1B,1,stCASE
MSTN,COMPLEX:ACVR2A,1,stCASE
MSTN,COMPLEX:TGFBR1,1,stCASE
MUC2,AGR2,1,connectomeDB2020_lit
MXRA5,AGER,1,LIANA_consensus
MXRA5,AXL,1,LIANA_consensus
MXRA5,CD69,1,LIANA_consensus
MXRA5,ILDR1,1,LIANA_consensus
MXRA5,MAG,1,LIANA_consensus
MXRA5,MFAP3L,1,LIANA_consensus
MXRA5,MPIG6B,1,LIANA_consensus
MXRA5,PILRA,1,LIANA_consensus
MXRA5,PILRB,1,LIANA_consensus
MXRA5,SCN2B,1,LIANA_consensus
MXRA5,SIGLEC7,1,LIANA_consensus
MXRA5,SIGLEC8,1,LIANA_consensus
NAMPT,COMPLEX:ITGA5,1,stCASE
NECTIN1,NECTIN1,1,connectomeDB2020_lit
NECTIN2,NECTIN2,1,connectomeDB2020_lit
NECTIN2,NECTIN3,1,connectomeDB2020_lit
NECTIN2,PVRIG,1,connectomeDB2020_lit
NECTIN3,NECTIN3,1,connectomeDB2020_lit
NECTIN4,NECTIN4,1,connectomeDB2020_lit
NFASC,COMPLEX:CNTN1,1,stCASE
NFASC,NRCAM,1,stCASE
NGF,ERBB2,1,LIANA_consensus
NODAL,COMPLEX:ACVR1B,1,stCASE
NODAL,COMPLEX:ACVR1C,1,stCASE
NOV,NOTCH1,1,SpaCcLink
NPPB,FAP,1,LIANA_consensus
NPTN,EPOR,1,stCASE
NPY,ADRB1,1,LIANA_consensus
NPY,ADRB2,1,LIANA_consensus
NR0B2,FGFRL1,1,LIANA_consensus
NRG1,COMPLEX:ERBB2,1,stCASE
NRG1,COMPLEX:ITGAV,1,stCASE
NRG1,FCAMR,1,LIANA_consensus
NRG1,HLA-DPB1,1,LIANA_consensus
NRG1,ITGA6,1,LARIS_neurotransmitter
NRG1,ITGB4,1,LARIS_neurotransmitter
NRG1,LSR,1,LIANA_consensus
NRG1,NETO2,1,LIANA_consensus
NRG1,SIGLEC7,1,LIANA_consensus
NRG2,COMPLEX:ERBB2,1,stCASE
NRG2,LRRTM2,1,LIANA_consensus
NRG2,MOG,1,LIANA_consensus
NRG2,MPIG6B,1,LIANA_consensus
NRG2,NRP2,1,LIANA_consensus
NRG3,COMPLEX:ERBB2,1,stCASE
NRG4,COMPLEX:ERBB2,1,stCASE
NRP1,KDR,1,stCASE
NRTN,COMPLEX:GFRA1,1,stCASE
NRTN,COMPLEX:GFRA2,1,stCASE
NRXN1,ADGRL1,1,LARIS_neurotransmitter
NRXN1,CLSTN1,1,LARIS_neurotransmitter
NRXN1,CLSTN2,1,LARIS_neurotransmitter
NRXN1,CLSTN3,1,LARIS_neurotransmitter
NRXN1,DAG1,1,LARIS_neurotransmitter
NRXN1,GRID2,1,LARIS_neurotransmitter
NRXN1,LRRTM1,1,LARIS_neurotransmitter
NRXN1,LRRTM2,1,LARIS_neurotransmitter
NRXN1,LRRTM3,1,LARIS_neurotransmitter
NRXN1,LRRTM4,1,LARIS_neurotransmitter
NRXN2,ADGRL1,1,LARIS_neurotransmitter
NRXN2,CLSTN1,1,LARIS_neurotransmitter
NRXN2,CLSTN2,1,LARIS_neurotransmitter
NRXN2,CLSTN3,1,LARIS_neurotransmitter
NRXN2,DAG1,1,LARIS_neurotransmitter
NRXN2,LRRTM1,1,LARIS_neurotransmitter
NRXN2,LRRTM2,1,LARIS_neurotransmitter
NRXN2,LRRTM3,1,LARIS_neurotransmitter
NRXN2,LRRTM4,1,LARIS_neurotransmitter
NRXN3,ADGRL1,1,LARIS_neurotransmitter
NRXN3,CLSTN1,1,LARIS_neurotransmitter
NRXN3,CLSTN2,1,LARIS_neurotransmitter
NRXN3,CLSTN3,1,LARIS_neurotransmitter
NRXN3,LRRTM1,1,LARIS_neurotransmitter
NRXN3,LRRTM2,1,LARIS_neurotransmitter
NRXN3,LRRTM3,1,LARIS_neurotransmitter
NRXN3,LRRTM4,1,LARIS_neurotransmitter
NT5E,ADORA1,1,LARIS_neurotransmitter
NT5E,ADORA2A,1,LARIS_neurotransmitter
NT5E,ADORA2B,1,LARIS_neurotransmitter
NT5E,ADORA3,1,LARIS_neurotransmitter
NTM,NEGR1,1,stCASE
NTN4,NTRK2,1,LARIS_neurotransmitter
NTN4,UNC5B,1,LARIS_neurotransmitter
NTN4,UNC5D,1,LARIS_neurotransmitter
OPRM1,WLS,1,stCASE
OSM,COMPLEX:IL6ST,1,stCASE
PAM,DPP4,1,LIANA_consensus
PAM,FAP,1,LIANA_consensus
PCSK9,CD36,1,LIANA_consensus
PCSK9,CD81,1,LIANA_consensus
PCSK9,LRP8,1,LIANA_consensus
PDGFB,ADGRV1,1,LIANA_consensus
PECAM1,CD177,1,LARIS_neurotransmitter
PENK,MRGPRX4,1,stCASE
PGF,COMPLEX:FLT1,1,stCASE
PI16,MFAP3L,1,LIANA_consensus
PI16,TNFRSF21,1,LIANA_consensus
PLA2G2A,EGFR,1,LIANA_consensus
PLA2G2A,ERBB3,1,LIANA_consensus
PLAUR,LRP1B,1,stCASE
PLXNA1,NOTCH1,1,stCASE
PNMT,ADRA1A,1,LARIS_neurotransmitter
PNMT,ADRA1B,1,LARIS_neurotransmitter
PNMT,ADRA1D,1,LARIS_neurotransmitter
PNMT,ADRA2A,1,LARIS_neurotransmitter
PNMT,ADRA2B,1,LARIS_neurotransmitter
PNMT,ADRA2C,1,LARIS_neurotransmitter
PNMT,ADRB1,1,LARIS_neurotransmitter
PNMT,ADRB2,1,LARIS_neurotransmitter
PNMT,ADRB3,1,LARIS_neurotransmitter
POMC,MRAP,1,LIANA_consensus
POSTN,COMPLEX:ITGAV,1,stCASE
PPIA,BSG,1,LARIS_neurotransmitter
PRL,ERBB2,1,LIANA_consensus
PRNP,ADGRG6,1,LARIS_neurotransmitter
PROC,F2R,1,LARIS_neurotransmitter
PROC,HSP90AA1,1,LARIS_neurotransmitter
PROCR,F2R,1,stCASE
PRXL2B,PTGFR,1,LARIS_neurotransmitter
PSAP,CELSR1,1,LIANA_consensus
PSG4,DSCAM,1,LIANA_consensus
PSG4,TNFSF8,1,LIANA_consensus
PSG5,PDGFRA,1,LIANA_consensus
PSG5,TNFRSF12A,1,LIANA_consensus
PSG6,DSCAM,1,LIANA_consensus
PSG7,CLEC4A,1,LIANA_consensus
PSG7,DCC,1,LIANA_consensus
PSG7,DSCAM,1,LIANA_consensus
PSG9,AXL,1,LIANA_consensus
PSG9,DCC,1,LIANA_consensus
PSG9,DSCAM,1,LIANA_consensus
PSPN,COMPLEX:GFRA4,1,stCASE
PTGDS,PTGDR,1,LARIS_neurotransmitter
PTGDS,PTGDR2,1,LARIS_neurotransmitter
PTGES,PTGER1,1,LARIS_neurotransmitter
PTGES,PTGER2,1,LARIS_neurotransmitter
PTGES,PTGER3,1,LARIS_neurotransmitter
PTGES,PTGER4,1,LARIS_neurotransmitter
PTGES2,PTGER1,1,LARIS_neurotransmitter
PTGES2,PTGER2,1,LARIS_neurotransmitter
PTGES2,PTGER3,1,LARIS_neurotransmitter
PTGES2,PTGER4,1,LARIS_neurotransmitter
PTGES3,PTGER1,1,LARIS_neurotransmitter
PTGES3,PTGER2,1,LARIS_neurotransmitter
PTGES3,PTGER3,1,LARIS_neurotransmitter
PTGES3,PTGER4,1,LARIS_neurotransmitter
PTGIS,PTGIR,1,LARIS_neurotransmitter
PTGR1,LTB4R,1,LARIS_neurotransmitter
PTGR1,LTB4R2,1,LARIS_neurotransmitter
PTHLH,PRLHR,1,LIANA_consensus
PTN,COMPLEX:ITGAV,1,stCASE
PTPN6,EGFR,1,LIANA_consensus
PTPRB,TEK,1,stCASE
PTPRG,ERBB2,1,stCASE
PTPRG,INSR,1,stCASE
PTPRG,PDGFRA,1,stCASE
PTPRJ,EGFR,1,stCASE
PTPRK,PTPRK,1,connectomeDB2020_lit
PTPRO,EPHA4,1,stCASE
PTPRS,EGFR,1,stCASE
PTPRS,LRRTM4,1,LARIS_neurotransmitter
PTPRZ1,L1CAM,1,connectomeDB2020_lit
PTPRZ1,NCAM1,1,connectomeDB2020_lit
PVR,CD96,1,connectomeDB2020_lit
PVR,NECTIN3,1,connectomeDB2020_lit
PVR,PVRIG,1,connectomeDB2020_lit
RAET1G,HCST,1,LIANA_consensus
RAET1L,HCST,1,LIANA_consensus
RARRES1,NRP2,1,LIANA_consensus
RELN,COMPLEX:ITGA3,1,stCASE
RET,GFRA1,1,stCASE
RET,GFRA4,1,stCASE
ROBO1,ROBO1,1,connectomeDB2020_lit
ROBO2,ROBO2,1,connectomeDB2020_lit
ROR2,BMPR1B,1,stCASE
ROR2,FZD2,1,stCASE
ROR2,FZD5,1,stCASE
RSPO1,RNF43,1,LIANA_consensus
RSPO3,ZNRF3,1,LIANA_consensus
RSPO4,COMPLEX:LGR5,1,stCASE
RSPO4,LRP6,1,LIANA_consensus
RSPO4,RNF43,1,LIANA_consensus
RSPO4,ZNRF3,1,LIANA_consensus
RTN4R,ADGRB1,1,LARIS_neurotransmitter
S100A10,HTR1B,1,LIANA_consensus
S100A4,ERBB3,1,LIANA_consensus
S1PR1,HTR1A,1,stCASE
S1PR3,HTR1A,1,stCASE
SCEL,ENG,1,LIANA_consensus
SCUBE2,KDR,1,LIANA_consensus
SDC1,ADGRA2,1,LARIS_neurotransmitter
SDC2,ADGRA2,1,LARIS_neurotransmitter
SELE,SELPLG,1,stCASE
SELL,PODXL2,1,stCASE
SEMA3A,COMPLEX:NRP1,1,stCASE
SEMA3B,COMPLEX:NRP1,1,stCASE
SEMA3B,COMPLEX:NRP2,1,stCASE
SEMA3C,COMPLEX:NRP1,1,stCASE
SEMA3C,COMPLEX:NRP2,1,stCASE
SEMA3D,COMPLEX:NRP1,1,stCASE
SEMA3D,COMPLEX:NRP2,1,stCASE
SEMA3E,NRP2,1,LIANA_consensus
SEMA3F,COMPLEX:NRP2,1,stCASE
SEMA3G,COMPLEX:NRP2,1,stCASE
SEMA3G,FCGR2A,1,LIANA_consensus
SEMA3G,GP6,1,LIANA_consensus
SEMA3G,LILRA3,1,LIANA_consensus
SEMA4A,COMPLEX:NRP1,1,stCASE
SEMA4D,COMPLEX:MET,1,stCASE
SEMA5A,COMPLEX:MET,1,stCASE
SEMA6D,COMPLEX:KDR,1,stCASE
SEMA6D,COMPLEX:PLXNA1,1,stCASE
SEMA7A,COMPLEX:ITGB1,1,stCASE
SFTPD,ADGRE5,1,LARIS_neurotransmitter
SHBG,CD177,1,SpaCcLink
SHH,COMPLEX:PTCH1,1,stCASE
SHH,COMPLEX:PTCH2,1,stCASE
SHMT1,GLRA1,1,LARIS_neurotransmitter
SHMT1,GLRA2,1,LARIS_neurotransmitter
SHMT1,GLRB,1,LARIS_neurotransmitter
SHMT2,GLRA1,1,LARIS_neurotransmitter
SHMT2,GLRA2,1,LARIS_neurotransmitter
SHMT2,GLRB,1,LARIS_neurotransmitter
SIGLEC9,MUC1,1,stCASE
SLAMF1,SLAMF1,1,connectomeDB2020_lit
SLAMF6,SLAMF6,1,connectomeDB2020_lit
SLAMF7,SLAMF7,1,connectomeDB2020_lit
SLC10A4,CHRM1,1,LARIS_neurotransmitter
SLC10A4,CHRM2,1,LARIS_neurotransmitter
SLC10A4,CHRM3,1,LARIS_neurotransmitter
SLC10A4,CHRM4,1,LARIS_neurotransmitter
SLC10A4,CHRM5,1,LARIS_neurotransmitter
SLC10A4,CHRNA1,1,LARIS_neurotransmitter
SLC10A4,CHRNA3,1,LARIS_neurotransmitter
SLC10A4,CHRNA4,1,LARIS_neurotransmitter
SLC10A4,CHRNA7,1,LARIS_neurotransmitter
SLC10A4,CHRNB1,1,LARIS_neurotransmitter
SLC10A4,CHRNB2,1,LARIS_neurotransmitter
SLC10A4,CHRNB4,1,LARIS_neurotransmitter
SLC10A4,CHRND,1,LARIS_neurotransmitter
SLC10A4,CHRNE,1,LARIS_neurotransmitter
SLC10A4,CHRNG,1,LARIS_neurotransmitter
SLC17A6,GRIA1,1,LARIS_neurotransmitter
SLC17A6,GRIA2,1,LARIS_neurotransmitter
SLC17A6,GRIA3,1,LARIS_neurotransmitter
SLC17A6,GRIA4,1,LARIS_neurotransmitter
SLC17A6,GRIK1,1,LARIS_neurotransmitter
SLC17A6,GRIK2,1,LARIS_neurotransmitter
SLC17A6,GRIK3,1,LARIS_neurotransmitter
SLC17A6,GRIK4,1,LARIS_neurotransmitter
SLC17A6,GRIK5,1,LARIS_neurotransmitter
SLC17A6,GRIN1,1,LARIS_neurotransmitter
SLC17A6,GRIN2A,1,LARIS_neurotransmitter
SLC17A6,GRIN2B,1,LARIS_neurotransmitter
SLC17A6,GRIN2C,1,LARIS_neurotransmitter
SLC17A6,GRIN2D,1,LARIS_neurotransmitter
SLC17A6,GRM1,1,LARIS_neurotransmitter
SLC17A6,GRM2,1,LARIS_neurotransmitter
SLC17A6,GRM3,1,LARIS_neurotransmitter
SLC17A6,GRM4,1,LARIS_neurotransmitter
SLC17A6,GRM5,1,LARIS_neurotransmitter
SLC17A6,GRM6,1,LARIS_neurotransmitter
SLC17A6,GRM7,1,LARIS_neurotransmitter
SLC17A6,GRM8,1,LARIS_neurotransmitter
SLC17A7,GRIA1,1,LARIS_neurotransmitter
SLC17A7,GRIA2,1,LARIS_neurotransmitter
SLC17A7,GRIA3,1,LARIS_neurotransmitter
SLC17A7,GRIA4,1,LARIS_neurotransmitter
SLC17A7,GRIK1,1,LARIS_neurotransmitter
SLC17A7,GRIK2,1,LARIS_neurotransmitter
SLC17A7,GRIK3,1,LARIS_neurotransmitter
SLC17A7,GRIK4,1,LARIS_neurotransmitter
SLC17A7,GRIK5,1,LARIS_neurotransmitter
SLC17A7,GRIN1,1,LARIS_neurotransmitter
SLC17A7,GRIN2A,1,LARIS_neurotransmitter
SLC17A7,GRIN2B,1,LARIS_neurotransmitter
SLC17A7,GRIN2C,1,LARIS_neurotransmitter
SLC17A7,GRIN2D,1,LARIS_neurotransmitter
SLC17A7,GRM1,1,LARIS_neurotransmitter
SLC17A7,GRM2,1,LARIS_neurotransmitter
SLC17A7,GRM3,1,LARIS_neurotransmitter
SLC17A7,GRM4,1,LARIS_neurotransmitter
SLC17A7,GRM5,1,LARIS_neurotransmitter
SLC17A7,GRM6,1,LARIS_neurotransmitter
SLC17A7,GRM7,1,LARIS_neurotransmitter
SLC17A7,GRM8,1,LARIS_neurotransmitter
SLC17A8,GRIA1,1,LARIS_neurotransmitter
SLC17A8,GRIA2,1,LARIS_neurotransmitter
SLC17A8,GRIA3,1,LARIS_neurotransmitter
SLC17A8,GRIA4,1,LARIS_neurotransmitter
SLC17A8,GRIK1,1,LARIS_neurotransmitter
SLC17A8,GRIK2,1,LARIS_neurotransmitter
SLC17A8,GRIK3,1,LARIS_neurotransmitter
SLC17A8,GRIK4,1,LARIS_neurotransmitter
SLC17A8,GRIK5,1,LARIS_neurotransmitter
SLC17A8,GRIN1,1,LARIS_neurotransmitter
SLC17A8,GRIN2A,1,LARIS_neurotransmitter
SLC17A8,GRIN2B,1,LARIS_neurotransmitter
SLC17A8,GRIN2C,1,LARIS_neurotransmitter
SLC17A8,GRIN2D,1,LARIS_neurotransmitter
SLC17A8,GRM1,1,LARIS_neurotransmitter
SLC17A8,GRM2,1,LARIS_neurotransmitter
SLC17A8,GRM3,1,LARIS_neurotransmitter
SLC17A8,GRM4,1,LARIS_neurotransmitter
SLC17A8,GRM5,1,LARIS_neurotransmitter
SLC17A8,GRM6,1,LARIS_neurotransmitter
SLC17A8,GRM7,1,LARIS_neurotransmitter
SLC17A8,GRM8,1,LARIS_neurotransmitter
SLC18A1,ADRA1A,1,LARIS_neurotransmitter
SLC18A1,ADRA1B,1,LARIS_neurotransmitter
SLC18A1,ADRA1D,1,LARIS_neurotransmitter
SLC18A1,ADRA2A,1,LARIS_neurotransmitter
SLC18A1,ADRA2B,1,LARIS_neurotransmitter
SLC18A1,ADRA2C,1,LARIS_neurotransmitter
SLC18A1,ADRB1,1,LARIS_neurotransmitter
SLC18A1,ADRB2,1,LARIS_neurotransmitter
SLC18A1,ADRB3,1,LARIS_neurotransmitter
SLC18A1,DRD1,1,LARIS_neurotransmitter
SLC18A1,DRD2,1,LARIS_neurotransmitter
SLC18A1,DRD3,1,LARIS_neurotransmitter
SLC18A1,DRD4,1,LARIS_neurotransmitter
SLC18A1,DRD5,1,LARIS_neurotransmitter
SLC18A1,HTR1A,1,LARIS_neurotransmitter
SLC18A1,HTR1B,1,LARIS_neurotransmitter
SLC18A1,HTR1D,1,LARIS_neurotransmitter
SLC18A1,HTR1E,1,LARIS_neurotransmitter
SLC18A1,HTR1F,1,LARIS_neurotransmitter
SLC18A1,HTR2A,1,LARIS_neurotransmitter
SLC18A1,HTR2B,1,LARIS_neurotransmitter
SLC18A1,HTR2C,1,LARIS_neurotransmitter
SLC18A1,HTR3A,1,LARIS_neurotransmitter
SLC18A1,HTR3B,1,LARIS_neurotransmitter
SLC18A1,HTR3C,1,LARIS_neurotransmitter
SLC18A1,HTR3D,1,LARIS_neurotransmitter
SLC18A1,HTR3E,1,LARIS_neurotransmitter
SLC18A1,HTR4,1,LARIS_neurotransmitter
SLC18A1,HTR5A,1,LARIS_neurotransmitter
SLC18A1,HTR6,1,LARIS_neurotransmitter
SLC18A1,HTR7,1,LARIS_neurotransmitter
SLC18A2,ADRA1A,1,LARIS_neurotransmitter
SLC18A2,ADRA1B,1,LARIS_neurotransmitter
SLC18A2,ADRA1D,1,LARIS_neurotransmitter
SLC18A2,ADRA2A,1,LARIS_neurotransmitter
SLC18A2,ADRA2B,1,LARIS_neurotransmitter
SLC18A2,ADRA2C,1,LARIS_neurotransmitter
SLC18A2,ADRB1,1,LARIS_neurotransmitter
SLC18A2,ADRB2,1,LARIS_neurotransmitter
SLC18A2,ADRB3,1,LARIS_neurotransmitter
SLC18A2,DRD1,1,LARIS_neurotransmitter
SLC18A2,DRD2,1,LARIS_neurotransmitter
SLC18A2,DRD3,1,LARIS_neurotransmitter
SLC18A2,DRD4,1,LARIS_neurotransmitter
SLC18A2,DRD5,1,LARIS_neurotransmitter
SLC18A2,HTR1A,1,LARIS_neurotransmitter
SLC18A2,HTR1B,1,LARIS_neurotransmitter
SLC18A2,HTR1D,1,LARIS_neurotransmitter
SLC18A2,HTR1E,1,LARIS_neurotransmitter
SLC18A2,HTR1F,1,LARIS_neurotransmitter
SLC18A2,HTR2A,1,LARIS_neurotransmitter
SLC18A2,HTR2B,1,LARIS_neurotransmitter
SLC18A2,HTR2C,1,LARIS_neurotransmitter
SLC18A2,HTR3A,1,LARIS_neurotransmitter
SLC18A2,HTR3B,1,LARIS_neurotransmitter
SLC18A2,HTR3C,1,LARIS_neurotransmitter
SLC18A2,HTR3D,1,LARIS_neurotransmitter
SLC18A2,HTR3E,1,LARIS_neurotransmitter
SLC18A2,HTR4,1,LARIS_neurotransmitter
SLC18A2,HTR5A,1,LARIS_neurotransmitter
SLC18A2,HTR6,1,LARIS_neurotransmitter
SLC18A2,HTR7,1,LARIS_neurotransmitter
SLC18A3,CHRM1,1,LARIS_neurotransmitter
SLC18A3,CHRM2,1,LARIS_neurotransmitter
SLC18A3,CHRM3,1,LARIS_neurotransmitter
SLC18A3,CHRM4,1,LARIS_neurotransmitter
SLC18A3,CHRM5,1,LARIS_neurotransmitter
SLC18A3,CHRNA1,1,LARIS_neurotransmitter
SLC18A3,CHRNA3,1,LARIS_neurotransmitter
SLC18A3,CHRNA4,1,LARIS_neurotransmitter
SLC18A3,CHRNA7,1,LARIS_neurotransmitter
SLC18A3,CHRNB1,1,LARIS_neurotransmitter
SLC18A3,CHRNB2,1,LARIS_neurotransmitter
SLC18A3,CHRNB4,1,LARIS_neurotransmitter
SLC18A3,CHRND,1,LARIS_neurotransmitter
SLC18A3,CHRNE,1,LARIS_neurotransmitter
SLC18A3,CHRNG,1,LARIS_neurotransmitter
SLC1A1,GRIA1,1,LARIS_neurotransmitter
SLC1A1,GRIA2,1,LARIS_neurotransmitter
SLC1A1,GRIA3,1,LARIS_neurotransmitter
SLC1A1,GRIA4,1,LARIS_neurotransmitter
SLC1A1,GRIK1,1,LARIS_neurotransmitter
SLC1A1,GRIK2,1,LARIS_neurotransmitter
SLC1A1,GRIK3,1,LARIS_neurotransmitter
SLC1A1,GRIK4,1,LARIS_neurotransmitter
SLC1A1,GRIK5,1,LARIS_neurotransmitter
SLC1A1,GRIN1,1,LARIS_neurotransmitter
SLC1A1,GRIN2A,1,LARIS_neurotransmitter
SLC1A1,GRIN2B,1,LARIS_neurotransmitter
SLC1A1,GRIN2C,1,LARIS_neurotransmitter
SLC1A1,GRIN2D,1,LARIS_neurotransmitter
SLC1A1,GRM1,1,LARIS_neurotransmitter
SLC1A1,GRM2,1,LARIS_neurotransmitter
SLC1A1,GRM3,1,LARIS_neurotransmitter
SLC1A1,GRM4,1,LARIS_neurotransmitter
SLC1A1,GRM5,1,LARIS_neurotransmitter
SLC1A1,GRM6,1,LARIS_neurotransmitter
SLC1A1,GRM7,1,LARIS_neurotransmitter
SLC1A1,GRM8,1,LARIS_neurotransmitter
SLC1A2,GRIA1,1,LARIS_neurotransmitter
SLC1A2,GRIA2,1,LARIS_neurotransmitter
SLC1A2,GRIA3,1,LARIS_neurotransmitter
SLC1A2,GRIA4,1,LARIS_neurotransmitter
SLC1A2,GRIK1,1,LARIS_neurotransmitter
SLC1A2,GRIK2,1,LARIS_neurotransmitter
SLC1A2,GRIK3,1,LARIS_neurotransmitter
SLC1A2,GRIK4,1,LARIS_neurotransmitter
SLC1A2,GRIK5,1,LARIS_neurotransmitter
SLC1A2,GRIN1,1,LARIS_neurotransmitter
SLC1A2,GRIN2A,1,LARIS_neurotransmitter
SLC1A2,GRIN2B,1,LARIS_neurotransmitter
SLC1A2,GRIN2C,1,LARIS_neurotransmitter
SLC1A2,GRIN2D,1,LARIS_neurotransmitter
SLC1A2,GRM1,1,LARIS_neurotransmitter
SLC1A2,GRM2,1,LARIS_neurotransmitter
SLC1A2,GRM3,1,LARIS_neurotransmitter
SLC1A2,GRM4,1,LARIS_neurotransmitter
SLC1A2,GRM5,1,LARIS_neurotransmitter
SLC1A2,GRM6,1,LARIS_neurotransmitter
SLC1A2,GRM7,1,LARIS_neurotransmitter
SLC1A2,GRM8,1,LARIS_neurotransmitter
SLC1A3,GRIA1,1,LARIS_neurotransmitter
SLC1A3,GRIA2,1,LARIS_neurotransmitter
SLC1A3,GRIA3,1,LARIS_neurotransmitter
SLC1A3,GRIA4,1,LARIS_neurotransmitter
SLC1A3,GRIK1,1,LARIS_neurotransmitter
SLC1A3,GRIK2,1,LARIS_neurotransmitter
SLC1A3,GRIK3,1,LARIS_neurotransmitter
SLC1A3,GRIK4,1,LARIS_neurotransmitter
SLC1A3,GRIK5,1,LARIS_neurotransmitter
SLC1A3,GRIN1,1,LARIS_neurotransmitter
SLC1A3,GRIN2A,1,LARIS_neurotransmitter
SLC1A3,GRIN2B,1,LARIS_neurotransmitter
SLC1A3,GRIN2C,1,LARIS_neurotransmitter
SLC1A3,GRIN2D,1,LARIS_neurotransmitter
SLC1A3,GRM1,1,LARIS_neurotransmitter
SLC1A3,GRM2,1,LARIS_neurotransmitter
SLC1A3,GRM3,1,LARIS_neurotransmitter
SLC1A3,GRM4,1,LARIS_neurotransmitter
SLC1A3,GRM5,1,LARIS_neurotransmitter
SLC1A3,GRM6,1,LARIS_neurotransmitter
SLC1A3,GRM7,1,LARIS_neurotransmitter
SLC1A3,GRM8,1,LARIS_neurotransmitter
SLC1A6,GRIA1,1,LARIS_neurotransmitter
SLC1A6,GRIA2,1,LARIS_neurotransmitter
SLC1A6,GRIA3,1,LARIS_neurotransmitter
SLC1A6,GRIA4,1,LARIS_neurotransmitter
SLC1A6,GRIK1,1,LARIS_neurotransmitter
SLC1A6,GRIK2,1,LARIS_neurotransmitter
SLC1A6,GRIK3,1,LARIS_neurotransmitter
SLC1A6,GRIK4,1,LARIS_neurotransmitter
SLC1A6,GRIK5,1,LARIS_neurotransmitter
SLC1A6,GRIN1,1,LARIS_neurotransmitter
SLC1A6,GRIN2A,1,LARIS_neurotransmitter
SLC1A6,GRIN2B,1,LARIS_neurotransmitter
SLC1A6,GRIN2C,1,LARIS_neurotransmitter
SLC1A6,GRIN2D,1,LARIS_neurotransmitter
SLC1A6,GRM1,1,LARIS_neurotransmitter
SLC1A6,GRM2,1,LARIS_neurotransmitter
SLC1A6,GRM3,1,LARIS_neurotransmitter
SLC1A6,GRM4,1,LARIS_neurotransmitter
SLC1A6,GRM5,1,LARIS_neurotransmitter
SLC1A6,GRM6,1,LARIS_neurotransmitter
SLC1A6,GRM7,1,LARIS_neurotransmitter
SLC1A6,GRM8,1,LARIS_neurotransmitter
SLC1A7,GRIA1,1,LARIS_neurotransmitter
SLC1A7,GRIA2,1,LARIS_neurotransmitter
SLC1A7,GRIA3,1,LARIS_neurotransmitter
SLC1A7,GRIA4,1,LARIS_neurotransmitter
SLC1A7,GRIK1,1,LARIS_neurotransmitter
SLC1A7,GRIK2,1,LARIS_neurotransmitter
SLC1A7,GRIK3,1,LARIS_neurotransmitter
SLC1A7,GRIK4,1,LARIS_neurotransmitter
SLC1A7,GRIK5,1,LARIS_neurotransmitter
SLC1A7,GRIN1,1,LARIS_neurotransmitter
SLC1A7,GRIN2A,1,LARIS_neurotransmitter
SLC1A7,GRIN2B,1,LARIS_neurotransmitter
SLC1A7,GRIN2C,1,LARIS_neurotransmitter
SLC1A7,GRIN2D,1,LARIS_neurotransmitter
SLC1A7,GRM1,1,LARIS_neurotransmitter
SLC1A7,GRM2,1,LARIS_neurotransmitter
SLC1A7,GRM3,1,LARIS_neurotransmitter
SLC1A7,GRM4,1,LARIS_neurotransmitter
SLC1A7,GRM5,1,LARIS_neurotransmitter
SLC1A7,GRM6,1,LARIS_neurotransmitter
SLC1A7,GRM7,1,LARIS_neurotransmitter
SLC1A7,GRM8,1,LARIS_neurotransmitter
SLC29A1,ADORA1,1,LARIS_neurotransmitter
SLC29A1,ADORA2A,1,LARIS_neurotransmitter
SLC29A1,ADORA2B,1,LARIS_neurotransmitter
SLC29A1,ADORA3,1,LARIS_neurotransmitter
SLC29A2,ADORA1,1,LARIS_neurotransmitter
SLC29A2,ADORA2A,1,LARIS_neurotransmitter
SLC29A2,ADORA2B,1,LARIS_neurotransmitter
SLC29A2,ADORA3,1,LARIS_neurotransmitter
SLC29A3,ADORA1,1,LARIS_neurotransmitter
SLC29A3,ADORA2A,1,LARIS_neurotransmitter
SLC29A3,ADORA2B,1,LARIS_neurotransmitter
SLC29A3,ADORA3,1,LARIS_neurotransmitter
SLC29A4,ADORA1,1,LARIS_neurotransmitter
SLC29A4,ADORA2A,1,LARIS_neurotransmitter
SLC29A4,ADORA2B,1,LARIS_neurotransmitter
SLC29A4,ADORA3,1,LARIS_neurotransmitter
SLC32A1,GABBR1,1,LARIS_neurotransmitter
SLC32A1,GABBR2,1,LARIS_neurotransmitter
SLC32A1,GABRA1,1,LARIS_neurotransmitter
SLC32A1,GABRA2,1,LARIS_neurotransmitter
SLC32A1,GABRA3,1,LARIS_neurotransmitter
SLC32A1,GABRA4,1,LARIS_neurotransmitter
SLC32A1,GABRA5,1,LARIS_neurotransmitter
SLC32A1,GABRA6,1,LARIS_neurotransmitter
SLC32A1,GABRB2,1,LARIS_neurotransmitter
SLC32A1,GABRB3,1,LARIS_neurotransmitter
SLC32A1,GABRD,1,LARIS_neurotransmitter
SLC32A1,GABRE,1,LARIS_neurotransmitter
SLC32A1,GABRG2,1,LARIS_neurotransmitter
SLC32A1,GABRQ,1,LARIS_neurotransmitter
SLC5A7,CHRM1,1,LARIS_neurotransmitter
SLC5A7,CHRM2,1,LARIS_neurotransmitter
SLC5A7,CHRM3,1,LARIS_neurotransmitter
SLC5A7,CHRM4,1,LARIS_neurotransmitter
SLC5A7,CHRM5,1,LARIS_neurotransmitter
SLC5A7,CHRNA1,1,LARIS_neurotransmitter
SLC5A7,CHRNA4,1,LARIS_neurotransmitter
SLC5A7,CHRNA7,1,LARIS_neurotransmitter
SLC5A7,CHRNB1,1,LARIS_neurotransmitter
SLC5A7,CHRNB2,1,LARIS_neurotransmitter
SLC5A7,CHRND,1,LARIS_neurotransmitter
SLC5A7,CHRNE,1,LARIS_neurotransmitter
SLC5A7,CHRNG,1,LARIS_neurotransmitter
SLC6A1,GABBR1,1,LARIS_neurotransmitter
SLC6A1,GABBR2,1,LARIS_neurotransmitter
SLC6A1,GABRA1,1,LARIS_neurotransmitter
SLC6A1,GABRA2,1,LARIS_neurotransmitter
SLC6A1,GABRA3,1,LARIS_neurotransmitter
SLC6A1,GABRA4,1,LARIS_neurotransmitter
SLC6A1,GABRA5,1,LARIS_neurotransmitter
SLC6A1,GABRA6,1,LARIS_neurotransmitter
SLC6A1,GABRB2,1,LARIS_neurotransmitter
SLC6A1,GABRB3,1,LARIS_neurotransmitter
SLC6A1,GABRD,1,LARIS_neurotransmitter
SLC6A1,GABRE,1,LARIS_neurotransmitter
SLC6A1,GABRG2,1,LARIS_neurotransmitter
SLC6A1,GABRQ,1,LARIS_neurotransmitter
SLC6A11,GABBR1,1,LARIS_neurotransmitter
SLC6A11,GABBR2,1,LARIS_neurotransmitter
SLC6A11,GABRA1,1,LARIS_neurotransmitter
SLC6A11,GABRA2,1,LARIS_neurotransmitter
SLC6A11,GABRA3,1,LARIS_neurotransmitter
SLC6A11,GABRA4,1,LARIS_neurotransmitter
SLC6A11,GABRA5,1,LARIS_neurotransmitter
SLC6A11,GABRA6,1,LARIS_neurotransmitter
SLC6A11,GABRB2,1,LARIS_neurotransmitter
SLC6A11,GABRB3,1,LARIS_neurotransmitter
SLC6A11,GABRD,1,LARIS_neurotransmitter
SLC6A11,GABRE,1,LARIS_neurotransmitter
SLC6A11,GABRG2,1,LARIS_neurotransmitter
SLC6A11,GABRQ,1,LARIS_neurotransmitter
SLC6A12,GABBR1,1,LARIS_neurotransmitter
SLC6A12,GABBR2,1,LARIS_neurotransmitter
SLC6A12,GABRA1,1,LARIS_neurotransmitter
SLC6A12,GABRA2,1,LARIS_neurotransmitter
SLC6A12,GABRA3,1,LARIS_neurotransmitter
SLC6A12,GABRA4,1,LARIS_neurotransmitter
SLC6A12,GABRA5,1,LARIS_neurotransmitter
SLC6A12,GABRA6,1,LARIS_neurotransmitter
SLC6A12,GABRB2,1,LARIS_neurotransmitter
SLC6A12,GABRB3,1,LARIS_neurotransmitter
SLC6A12,GABRD,1,LARIS_neurotransmitter
SLC6A12,GABRE,1,LARIS_neurotransmitter
SLC6A12,GABRG2,1,LARIS_neurotransmitter
SLC6A12,GABRQ,1,LARIS_neurotransmitter
SLC6A13,GABBR1,1,LARIS_neurotransmitter
SLC6A13,GABBR2,1,LARIS_neurotransmitter
SLC6A13,GABRA1,1,LARIS_neurotransmitter
SLC6A13,GABRA2,1,LARIS_neurotransmitter
SLC6A13,GABRA3,1,LARIS_neurotransmitter
SLC6A13,GABRA4,1,LARIS_neurotransmitter
SLC6A13,GABRA5,1,LARIS_neurotransmitter
SLC6A13,GABRA6,1,LARIS_neurotransmitter
SLC6A13,GABRB2,1,LARIS_neurotransmitter
SLC6A13,GABRB3,1,LARIS_neurotransmitter
SLC6A13,GABRD,1,LARIS_neurotransmitter
SLC6A13,GABRE,1,LARIS_neurotransmitter
SLC6A13,GABRG2,1,LARIS_neurotransmitter
SLC6A13,GABRQ,1,LARIS_neurotransmitter
SLC6A2,ADRA1A,1,LARIS_neurotransmitter
SLC6A2,ADRA1B,1,LARIS_neurotransmitter
SLC6A2,ADRA1D,1,LARIS_neurotransmitter
SLC6A2,ADRA2A,1,LARIS_neurotransmitter
SLC6A2,ADRA2B,1,LARIS_neurotransmitter
SLC6A2,ADRA2C,1,LARIS_neurotransmitter
SLC6A2,ADRB1,1,LARIS_neurotransmitter
SLC6A2,ADRB2,1,LARIS_neurotransmitter
SLC6A2,ADRB3,1,LARIS_neurotransmitter
SLC6A3,DRD1,1,LARIS_neurotransmitter
SLC6A3,DRD2,1,LARIS_neurotransmitter
SLC6A3,DRD3,1,LARIS_neurotransmitter
SLC6A3,DRD4,1,LARIS_neurotransmitter
SLC6A3,DRD5,1,LARIS_neurotransmitter
SLC6A4,HTR1A,1,LARIS_neurotransmitter
SLC6A4,HTR1B,1,LARIS_neurotransmitter
SLC6A4,HTR1D,1,LARIS_neurotransmitter
SLC6A4,HTR1E,1,LARIS_neurotransmitter
SLC6A4,HTR1F,1,LARIS_neurotransmitter
SLC6A4,HTR2A,1,LARIS_neurotransmitter
SLC6A4,HTR2B,1,LARIS_neurotransmitter
SLC6A4,HTR2C,1,LARIS_neurotransmitter
SLC6A4,HTR3A,1,LARIS_neurotransmitter
SLC6A4,HTR3B,1,LARIS_neurotransmitter
SLC6A4,HTR3C,1,LARIS_neurotransmitter
SLC6A4,HTR3D,1,LARIS_neurotransmitter
SLC6A4,HTR3E,1,LARIS_neurotransmitter
SLC6A4,HTR4,1,LARIS_neurotransmitter
SLC6A4,HTR5A,1,LARIS_neurotransmitter
SLC6A4,HTR6,1,LARIS_neurotransmitter
SLC6A4,HTR7,1,LARIS_neurotransmitter
SLC6A5,GLRA1,1,LARIS_neurotransmitter
SLC6A5,GLRA2,1,LARIS_neurotransmitter
SLC6A5,GLRB,1,LARIS_neurotransmitter
SLC6A6,GABBR1,1,LARIS_neurotransmitter
SLC6A6,GABBR2,1,LARIS_neurotransmitter
SLC6A6,GABRA1,1,LARIS_neurotransmitter
SLC6A6,GABRA2,1,LARIS_neurotransmitter
SLC6A6,GABRA3,1,LARIS_neurotransmitter
SLC6A6,GABRA4,1,LARIS_neurotransmitter
SLC6A6,GABRA5,1,LARIS_neurotransmitter
SLC6A6,GABRA6,1,LARIS_neurotransmitter
SLC6A6,GABRB2,1,LARIS_neurotransmitter
SLC6A6,GABRB3,1,LARIS_neurotransmitter
SLC6A6,GABRD,1,LARIS_neurotransmitter
SLC6A6,GABRE,1,LARIS_neurotransmitter
SLC6A6,GABRG2,1,LARIS_neurotransmitter
SLC6A6,GABRQ,1,LARIS_neurotransmitter
SLC6A8,GABBR1,1,LARIS_neurotransmitter
SLC6A8,GABBR2,1,LARIS_neurotransmitter
SLC6A8,GABRA1,1,LARIS_neurotransmitter
SLC6A8,GABRA2,1,LARIS_neurotransmitter
SLC6A8,GABRA3,1,LARIS_neurotransmitter
SLC6A8,GABRA4,1,LARIS_neurotransmitter
SLC6A8,GABRA5,1,LARIS_neurotransmitter
SLC6A8,GABRA6,1,LARIS_neurotransmitter
SLC6A8,GABRB2,1,LARIS_neurotransmitter
SLC6A8,GABRB3,1,LARIS_neurotransmitter
SLC6A8,GABRD,1,LARIS_neurotransmitter
SLC6A8,GABRE,1,LARIS_neurotransmitter
SLC6A8,GABRG2,1,LARIS_neurotransmitter
SLC6A8,GABRQ,1,LARIS_neurotransmitter
SLC6A8,LIFR,1,LIANA_consensus
SLC6A9,GLRA1,1,LARIS_neurotransmitter
SLC6A9,GLRA2,1,LARIS_neurotransmitter
SLC6A9,GLRB,1,LARIS_neurotransmitter
SLIT2,PLXNA1,1,LIANA_consensus
SLITRK1,ENPEP,1,LIANA_consensus
SLITRK1,TNFRSF11B,1,LIANA_consensus
SLITRK4,PTPRS,1,LARIS_neurotransmitter
SLITRK5,PTPRS,1,LARIS_neurotransmitter
SNX14,HTR6,1,LIANA_consensus
SOCS2,EPOR,1,LIANA_consensus
SORL1,CNTFR,1,stCASE
SPARC,ENG,1,LIANA_consensus
SPARC,FGFR1,1,LIANA_consensus
SPP1,CCR8,1,LIANA_consensus
SPP1,COMPLEX:ITGA4,1,stCASE
SPP1,COMPLEX:ITGA5,1,stCASE
SPP1,COMPLEX:ITGA8,1,stCASE
SPP1,COMPLEX:ITGA9,1,stCASE
SPP1,COMPLEX:ITGAV,1,stCASE
SRD5A1,AR,1,LARIS_neurotransmitter
SRD5A2,AR,1,LARIS_neurotransmitter
SRD5A3,AR,1,LARIS_neurotransmitter
SRGN,CD44,1,stCASE
SULT1A1,PPARA,1,LARIS_neurotransmitter
SULT1A1,PPARD,1,LARIS_neurotransmitter
SULT1A1,PPARG,1,LARIS_neurotransmitter
SULT1E1,PPARA,1,LARIS_neurotransmitter
SULT1E1,PPARD,1,LARIS_neurotransmitter
SULT1E1,PPARG,1,LARIS_neurotransmitter
SULT2A1,PPARA,1,LARIS_neurotransmitter
SULT2A1,PPARD,1,LARIS_neurotransmitter
SULT2A1,PPARG,1,LARIS_neurotransmitter
TAC1,DPP4,1,LIANA_consensus
TAC1,FAP,1,LIANA_consensus
TAC1,MRGPRX2,1,stCASE
TAX1BP3,ADGRB1,1,LARIS_neurotransmitter
TAX1BP3,ADGRB2,1,LARIS_neurotransmitter
TBXAS1,TBXA2R,1,LARIS_neurotransmitter
TENM1,ADGRL1,1,LARIS_neurotransmitter
TENM1,ADGRL2,1,LARIS_neurotransmitter
TENM1,ADGRL3,1,LARIS_neurotransmitter
TENM2,ADGRL1,1,LARIS_neurotransmitter
TENM2,ADGRL2,1,LARIS_neurotransmitter
TENM2,ADGRL3,1,LARIS_neurotransmitter
TENM3,ADGRL1,1,LARIS_neurotransmitter
TENM3,ADGRL2,1,LARIS_neurotransmitter
TENM3,ADGRL3,1,LARIS_neurotransmitter
TENM4,ADGRL1,1,LARIS_neurotransmitter
TENM4,ADGRL2,1,LARIS_neurotransmitter
TENM4,ADGRL3,1,LARIS_neurotransmitter
TG,THRA,1,LARIS_neurotransmitter
TG,THRB,1,LARIS_neurotransmitter
TGFA,COMPLEX:EGFR,1,stCASE
TGFA,PTPRD,1,LIANA_consensus
TGFB1,COMPLEX:ACVR1B,1,stCASE
TGFB1,COMPLEX:ACVR1C,1,stCASE
TGFB1,COMPLEX:TGFBR1,1,stCASE
TGFB1,LPP,1,LIANA_consensus
TGFB2,COMPLEX:ACVR1B,1,stCASE
TGFB2,COMPLEX:ACVR1C,1,stCASE
TGFB2,COMPLEX:TGFBR1,1,stCASE
TGFB3,COMPLEX:ACVR1B,1,stCASE
TGFB3,COMPLEX:ACVR1C,1,stCASE
TGFB3,COMPLEX:TGFBR1,1,stCASE
TGFBI,COMPLEX:ITGA3,1,stCASE
TGFBI,ITGB1,1,stCASE
TGFBR1,ENG,1,stCASE
TGFBR2,ENG,1,stCASE
TGFBR2,TGFBR1,1,stCASE
TGFBR2,TGFBR3,1,stCASE
THBS1,COMPLEX:ITGA3,1,stCASE
THBS1,COMPLEX:ITGAV,1,stCASE
THBS2,COMPLEX:ITGA3,1,stCASE
THBS2,COMPLEX:ITGAV,1,stCASE
THBS3,COMPLEX:ITGA3,1,stCASE
THBS3,COMPLEX:ITGAV,1,stCASE
THBS4,COMPLEX:ITGA3,1,stCASE
THBS4,COMPLEX:ITGAV,1,stCASE
THY1,ADGRE2,1,LARIS_neurotransmitter
THY1,ADGRE5,1,LARIS_neurotransmitter
THY1,COMPLEX:ITGAM,1,stCASE
THY1,COMPLEX:ITGAV,1,stCASE
THY1,COMPLEX:ITGAX,1,stCASE
TIMP3,DDR1,1,LIANA_consensus
TLR6,CD36,1,stCASE
TNC,COMPLEX:ITGA2B,1,stCASE
TNC,COMPLEX:ITGA8,1,stCASE
TNC,COMPLEX:ITGA9,1,stCASE
TNC,COMPLEX:ITGAV,1,stCASE
TNF,LTBR,1,stCASE
TNF,SEMA4C,1,LIANA_consensus
TNFRSF10A,TNFRSF10B,1,stCASE
TNFRSF14,TRAF5,1,stCASE
TNFRSF1A,TRAF2,1,stCASE
TNFRSF1B,TRAF2,1,stCASE
TNFSF10,CCR6,1,LIANA_consensus
TNFSF13B,HLA-DPB1,1,LIANA_consensus
TNFSF9,ADGRG5,1,LIANA_consensus
TNFSF9,FCRL1,1,LIANA_consensus
TNFSF9,HLA-DPA1,1,LIANA_consensus
TNFSF9,IL13RA2,1,LIANA_consensus
TNN,COMPLEX:ITGA2B,1,stCASE
TNN,COMPLEX:ITGA8,1,stCASE
TNN,COMPLEX:ITGA9,1,stCASE
TNN,COMPLEX:ITGAV,1,stCASE
TNR,COMPLEX:ITGA2B,1,stCASE
TNR,COMPLEX:ITGA8,1,stCASE
TNR,COMPLEX:ITGA9,1,stCASE
TNR,COMPLEX:ITGAV,1,stCASE
TNXB,COMPLEX:ITGA2B,1,stCASE
TNXB,COMPLEX:ITGA8,1,stCASE
TNXB,COMPLEX:ITGA9,1,stCASE
TNXB,COMPLEX:ITGAV,1,stCASE
TPH1,HTR3A,1,LARIS_neurotransmitter
TPH1,HTR3B,1,LARIS_neurotransmitter
TPH1,HTR3C,1,LARIS_neurotransmitter
TPH1,HTR3D,1,LARIS_neurotransmitter
TPH1,HTR3E,1,LARIS_neurotransmitter
TPH2,HTR1A,1,LARIS_neurotransmitter
TPH2,HTR1B,1,LARIS_neurotransmitter
TPH2,HTR1D,1,LARIS_neurotransmitter
TPH2,HTR1E,1,LARIS_neurotransmitter
TPH2,HTR1F,1,LARIS_neurotransmitter
TPH2,HTR2A,1,LARIS_neurotransmitter
TPH2,HTR2B,1,LARIS_neurotransmitter
TPH2,HTR2C,1,LARIS_neurotransmitter
TPH2,HTR3A,1,LARIS_neurotransmitter
TPH2,HTR3B,1,LARIS_neurotransmitter
TPH2,HTR3C,1,LARIS_neurotransmitter
TPH2,HTR3D,1,LARIS_neurotransmitter
TPH2,HTR3E,1,LARIS_neurotransmitter
TPH2,HTR4,1,LARIS_neurotransmitter
TPH2,HTR5A,1,LARIS_neurotransmitter
TPH2,HTR6,1,LARIS_neurotransmitter
TPH2,HTR7,1,LARIS_neurotransmitter
TPSAB1,F2RL1,1,LIANA_consensus
TPSB2,F2RL1,1,LIANA_consensus
TREML4,SIGLEC8,1,LIANA_consensus
TSLP,COMPLEX:CRLF2,1,stCASE
TSLP,COMPLEX:IL7R,1,stCASE
TSLP,TSLP,1,LIANA_consensus
TSPAN1,ITGB1,1,stCASE
TTR,NGFR,1,LIANA_consensus
TUB,MERTK,1,LARIS_neurotransmitter
TULP1,AXL,1,LARIS_neurotransmitter
TULP1,MERTK,1,LARIS_neurotransmitter
TULP1,TYRO3,1,LARIS_neurotransmitter
TULP2,TYRO3,1,LARIS_neurotransmitter
TXLNA,STX1A,1,LIANA_consensus
TXLNA,STX3,1,LIANA_consensus
TXLNA,STX4,1,LIANA_consensus
TYROBP,TREM1,1,stCASE
UBASH3B,ESR1,1,LARIS_neurotransmitter
UBASH3B,NR1I2,1,LARIS_neurotransmitter
UBASH3B,PPARA,1,LARIS_neurotransmitter
ULBP1,COMPLEX:KLRK1,1,stCASE
UNC5A,ADGRL3,1,LARIS_neurotransmitter
VCAM1,COMPLEX:ITGA4,1,stCASE
VCAM1,COMPLEX:ITGA9,1,stCASE
VCAM1,COMPLEX:ITGAD,1,stCASE
VCAN,SELPLG,1,stCASE
VEGFA,CD44,1,LIANA_consensus
VEGFA,COMPLEX:FLT1,1,stCASE
VEGFB,ADRB2,1,LIANA_consensus
VEGFB,COMPLEX:FLT1,1,stCASE
VEGFC,COMPLEX:FLT4,1,stCASE
VEGFD,COMPLEX:FLT4,1,stCASE
VGF,NTRK1,1,LIANA_consensus
VIP,ADRB1,1,LIANA_consensus
VSTM1,ADGRG3,1,LIANA_consensus
VSTM1,LAMP1,1,LIANA_consensus
VTN,COMPLEX:ITGA2B,1,stCASE
VTN,COMPLEX:ITGA8,1,stCASE
VTN,COMPLEX:ITGAV,1,stCASE
VWF,COMPLEX:GP1BA,1,stCASE
VWF,COMPLEX:ITGA2B,1,stCASE
VWF,COMPLEX:ITGAV,1,stCASE
VWF,ITGA4,1,LIANA_consensus
VWF,ITGA9,1,LIANA_consensus
VWF,ITGB1,1,LIANA_consensus
WFIKKN2,IGDCC3,1,LIANA_consensus
WFIKKN2,IGDCC4,1,LIANA_consensus
WFIKKN2,PRTG,1,LIANA_consensus
WNT1,CD36,1,LIANA_consensus
WNT1,COMPLEX:FZD1,1,stCASE
WNT1,COMPLEX:FZD10,1,stCASE
WNT1,COMPLEX:FZD2,1,stCASE
WNT1,COMPLEX:FZD3,1,stCASE
WNT1,COMPLEX:FZD4,1,stCASE
WNT1,COMPLEX:FZD5,1,stCASE
WNT1,COMPLEX:FZD6,1,stCASE
WNT1,COMPLEX:FZD7,1,stCASE
WNT1,COMPLEX:FZD8,1,stCASE
WNT1,COMPLEX:FZD9,1,stCASE
WNT1,JAG1,1,stCASE
WNT1,NOTCH1,1,stCASE
WNT10A,COMPLEX:FZD1,1,stCASE
WNT10A,COMPLEX:FZD10,1,stCASE
WNT10A,COMPLEX:FZD2,1,stCASE
WNT10A,COMPLEX:FZD3,1,stCASE
WNT10A,COMPLEX:FZD4,1,stCASE
WNT10A,COMPLEX:FZD5,1,stCASE
WNT10A,COMPLEX:FZD6,1,stCASE
WNT10A,COMPLEX:FZD7,1,stCASE
WNT10A,COMPLEX:FZD8,1,stCASE
WNT10A,COMPLEX:FZD9,1,stCASE
WNT10B,COMPLEX:FZD1,1,stCASE
WNT10B,COMPLEX:FZD10,1,stCASE
WNT10B,COMPLEX:FZD2,1,stCASE
WNT10B,COMPLEX:FZD3,1,stCASE
WNT10B,COMPLEX:FZD4,1,stCASE
WNT10B,COMPLEX:FZD5,1,stCASE
WNT10B,COMPLEX:FZD6,1,stCASE
WNT10B,COMPLEX:FZD7,1,stCASE
WNT10B,COMPLEX:FZD8,1,stCASE
WNT10B,COMPLEX:FZD9,1,stCASE
WNT16,COMPLEX:FZD1,1,stCASE
WNT16,COMPLEX:FZD10,1,stCASE
WNT16,COMPLEX:FZD2,1,stCASE
WNT16,COMPLEX:FZD3,1,stCASE
WNT16,COMPLEX:FZD4,1,stCASE
WNT16,COMPLEX:FZD5,1,stCASE
WNT16,COMPLEX:FZD6,1,stCASE
WNT16,COMPLEX:FZD7,1,stCASE
WNT16,COMPLEX:FZD8,1,stCASE
WNT16,COMPLEX:FZD9,1,stCASE
WNT2,COMPLEX:FZD1,1,stCASE
WNT2,COMPLEX:FZD10,1,stCASE
WNT2,COMPLEX:FZD2,1,stCASE
WNT2,COMPLEX:FZD3,1,stCASE
WNT2,COMPLEX:FZD4,1,stCASE
WNT2,COMPLEX:FZD5,1,stCASE
WNT2,COMPLEX:FZD6,1,stCASE
WNT2,COMPLEX:FZD7,1,stCASE
WNT2,COMPLEX:FZD8,1,stCASE
WNT2,COMPLEX:FZD9,1,stCASE
WNT2B,COMPLEX:FZD1,1,stCASE
WNT2B,COMPLEX:FZD10,1,stCASE
WNT2B,COMPLEX:FZD2,1,stCASE
WNT2B,COMPLEX:FZD3,1,stCASE
WNT2B,COMPLEX:FZD4,1,stCASE
WNT2B,COMPLEX:FZD5,1,stCASE
WNT2B,COMPLEX:FZD6,1,stCASE
WNT2B,COMPLEX:FZD7,1,stCASE
WNT2B,COMPLEX:FZD8,1,stCASE
WNT2B,COMPLEX:FZD9,1,stCASE
WNT3,COMPLEX:FZD1,1,stCASE
WNT3,COMPLEX:FZD10,1,stCASE
WNT3,COMPLEX:FZD2,1,stCASE
WNT3,COMPLEX:FZD3,1,stCASE
WNT3,COMPLEX:FZD4,1,stCASE
WNT3,COMPLEX:FZD5,1,stCASE
WNT3,COMPLEX:FZD6,1,stCASE
WNT3,COMPLEX:FZD7,1,stCASE
WNT3,COMPLEX:FZD8,1,stCASE
WNT3,COMPLEX:FZD9,1,stCASE
WNT3A,COMPLEX:FZD1,1,stCASE
WNT3A,COMPLEX:FZD10,1,stCASE
WNT3A,COMPLEX:FZD2,1,stCASE
WNT3A,COMPLEX:FZD3,1,stCASE
WNT3A,COMPLEX:FZD4,1,stCASE
WNT3A,COMPLEX:FZD5,1,stCASE
WNT3A,COMPLEX:FZD6,1,stCASE
WNT3A,COMPLEX:FZD7,1,stCASE
WNT3A,COMPLEX:FZD8,1,stCASE
WNT3A,COMPLEX:FZD9,1,stCASE
WNT4,COMPLEX:FZD1,1,stCASE
WNT4,COMPLEX:FZD10,1,stCASE
WNT4,COMPLEX:FZD2,1,stCASE
WNT4,COMPLEX:FZD3,1,stCASE
WNT4,COMPLEX:FZD4,1,stCASE
WNT4,COMPLEX:FZD5,1,stCASE
WNT4,COMPLEX:FZD6,1,stCASE
WNT4,COMPLEX:FZD7,1,stCASE
WNT4,COMPLEX:FZD8,1,stCASE
WNT4,COMPLEX:FZD9,1,stCASE
WNT5B,COMPLEX:FZD9,1,stCASE
WNT5B,LRP6,1,LIANA_consensus
WNT6,COMPLEX:FZD1,1,stCASE
WNT6,COMPLEX:FZD10,1,stCASE
WNT6,COMPLEX:FZD2,1,stCASE
WNT6,COMPLEX:FZD3,1,stCASE
WNT6,COMPLEX:FZD4,1,stCASE
WNT6,COMPLEX:FZD5,1,stCASE
WNT6,COMPLEX:FZD6,1,stCASE
WNT6,COMPLEX:FZD7,1,stCASE
WNT6,COMPLEX:FZD8,1,stCASE
WNT6,COMPLEX:FZD9,1,stCASE
WNT7A,ADGRA2,1,LIANA_consensus
WNT7A,COMPLEX:FZD1,1,stCASE
WNT7A,COMPLEX:FZD10,1,stCASE
WNT7A,COMPLEX:FZD2,1,stCASE
WNT7A,COMPLEX:FZD3,1,stCASE
WNT7A,COMPLEX:FZD4,1,stCASE
WNT7A,COMPLEX:FZD5,1,stCASE
WNT7A,COMPLEX:FZD6,1,stCASE
WNT7A,COMPLEX:FZD7,1,stCASE
WNT7A,COMPLEX:FZD8,1,stCASE
WNT7A,COMPLEX:FZD9,1,stCASE
WNT7B,ADGRA2,1,LIANA_consensus
WNT7B,COMPLEX:FZD1,1,stCASE
WNT7B,COMPLEX:FZD10,1,stCASE
WNT7B,COMPLEX:FZD2,1,stCASE
WNT7B,COMPLEX:FZD3,1,stCASE
WNT7B,COMPLEX:FZD4,1,stCASE
WNT7B,COMPLEX:FZD5,1,stCASE
WNT7B,COMPLEX:FZD6,1,stCASE
WNT7B,COMPLEX:FZD7,1,stCASE
WNT7B,COMPLEX:FZD8,1,stCASE
WNT7B,COMPLEX:FZD9,1,stCASE
WNT8A,COMPLEX:FZD1,1,stCASE
WNT8A,COMPLEX:FZD10,1,stCASE
WNT8A,COMPLEX:FZD2,1,stCASE
WNT8A,COMPLEX:FZD3,1,stCASE
WNT8A,COMPLEX:FZD4,1,stCASE
WNT8A,COMPLEX:FZD5,1,stCASE
WNT8A,COMPLEX:FZD6,1,stCASE
WNT8A,COMPLEX:FZD7,1,stCASE
WNT8A,COMPLEX:FZD8,1,stCASE
WNT8A,COMPLEX:FZD9,1,stCASE
WNT8B,COMPLEX:FZD1,1,stCASE
WNT8B,COMPLEX:FZD10,1,stCASE
WNT8B,COMPLEX:FZD2,1,stCASE
WNT8B,COMPLEX:FZD3,1,stCASE
WNT8B,COMPLEX:FZD4,1,stCASE
WNT8B,COMPLEX:FZD5,1,stCASE
WNT8B,COMPLEX:FZD6,1,stCASE
WNT8B,COMPLEX:FZD7,1,stCASE
WNT8B,COMPLEX:FZD8,1,stCASE
WNT8B,COMPLEX:FZD9,1,stCASE
WNT9A,COMPLEX:FZD1,1,stCASE
WNT9A,COMPLEX:FZD10,1,stCASE
WNT9A,COMPLEX:FZD2,1,stCASE
WNT9A,COMPLEX:FZD3,1,stCASE
WNT9A,COMPLEX:FZD4,1,stCASE
WNT9A,COMPLEX:FZD5,1,stCASE
WNT9A,COMPLEX:FZD6,1,stCASE
WNT9A,COMPLEX:FZD7,1,stCASE
WNT9A,COMPLEX:FZD8,1,stCASE
WNT9A,COMPLEX:FZD9,1,stCASE
WNT9B,COMPLEX:FZD1,1,stCASE
WNT9B,COMPLEX:FZD10,1,stCASE
WNT9B,COMPLEX:FZD2,1,stCASE
WNT9B,COMPLEX:FZD3,1,stCASE
WNT9B,COMPLEX:FZD4,1,stCASE
WNT9B,COMPLEX:FZD5,1,stCASE
WNT9B,COMPLEX:FZD6,1,stCASE
WNT9B,COMPLEX:FZD7,1,stCASE
WNT9B,COMPLEX:FZD8,1,stCASE
WNT9B,COMPLEX:FZD9,1,stCASE
YARS,CXCR1,1,SpaCcLink
