ligand,receptor,n_sources,sources
Adcyap1,Adcyap1r1,9,COMMOT_CellChat; CellChatDB; CellTalkDB; LARIS_neurotransmitter; LIANA_mouseconsensus; SPIDER_internal; SpaCcLink; connectomeDB2020_lit; stCASE
Adipoq,Adipor1,9,COMMOT_CellChat; CellChatDB; CellTalkDB; LARIS_neurotransmitter; LIANA_mouseconsensus; SPIDER_internal; SpaCcLink; connectomeDB2020_lit; stCASE
Adipoq,Adipor2,9,COMMOT_CellChat; CellChatDB; CellTalkDB; LARIS_neurotransmitter; LIANA_mouseconsensus; SPIDER_internal; SpaCcLink; connectomeDB2020_lit; stCASE
Amh,Amhr2,9,COMMOT_CellChat; CellChatDB; CellTalkDB; LARIS_neurotransmitter; LIANA_mouseconsensus; SPIDER_internal; SpaCcLink; connectomeDB2020_lit; stCASE
Angpt1,Tek,9,COMMOT_CellChat; CellChatDB; CellTalkDB; LARIS_neurotransmitter; LIANA_mouseconsensus; SPIDER_internal; SpaCcLink; connectomeDB2020_lit; stCASE
Angpt2,Tek,9,COMMOT_CellChat; CellChatDB; CellTalkDB; LARIS_neurotransmitter; LIANA_mouseconsensus; SPIDER_internal; SpaCcLink; connectomeDB2020_lit; stCASE
Angptl3,Itgb3,9,COMMOT_CellChat; CellChatDB; CellTalkDB; LARIS_neurotransmitter; LIANA_mouseconsensus; SPIDER_internal; SpaCcLink; connectomeDB2020_lit; stCASE
Anxa1,Fpr1,9,COMMOT_CellChat; CellChatDB; CellTalkDB; LARIS_neurotransmitter; LIANA_mouseconsensus; SPIDER_internal; SpaCcLink; connectomeDB2020_lit; stCASE
Apln,Aplnr,9,COMMOT_CellChat; CellChatDB; CellTalkDB; LARIS_neurotransmitter; LIANA_mouseconsensus; SPIDER_internal; SpaCcLink; connectomeDB2020_lit; stCASE
App,Cd74,9,COMMOT_CellChat; CellChatDB; CellTalkDB; LARIS_neurotransmitter; LIANA_mouseconsensus; SPIDER_internal; SpaCcLink; connectomeDB2020_lit; stCASE
Areg,Egfr,9,COMMOT_CellChat; CellChatDB; CellTalkDB; LARIS_neurotransmitter; LIANA_mouseconsensus; SPIDER_internal; SpaCcLink; connectomeDB2020_lit; stCASE
Artn,Ret,9,COMMOT_CellChat; CellChatDB; CellTalkDB; LARIS_neurotransmitter; LIANA_mouseconsensus; SPIDER_internal; SpaCcLink; connectomeDB2020_lit; stCASE
Avp,Avpr1a,9,COMMOT_CellChat; CellChatDB; CellTalkDB; LARIS_neurotransmitter; LIANA_mouseconsensus; SPIDER_internal; SpaCcLink; connectomeDB2020_lit; stCASE
Avp,Avpr1b,9,COMMOT_CellChat; CellChatDB; CellTalkDB; LARIS_neurotransmitter; LIANA_mouseconsensus; SPIDER_internal; SpaCcLink; connectomeDB2020_lit; stCASE
Avp,Avpr2,9,COMMOT_CellChat; CellChatDB; CellTalkDB; LARIS_neurotransmitter; LIANA_mouseconsensus; SPIDER_internal; SpaCcLink; connectomeDB2020_lit; stCASE
Bdnf,Ntrk2,9,COMMOT_CellChat; CellChatDB; CellTalkDB; LARIS_neurotransmitter; LIANA_mouseconsensus; SPIDER_internal; SpaCcLink; connectomeDB2020_lit; stCASE
Bmp10,Bmpr2,9,COMMOT_CellChat; CellChatDB; CellTalkDB; LARIS_neurotransmitter; LIANA_mouseconsensus; SPIDER_internal; SpaCcLink; connectomeDB2020_lit; stCASE
Bmp15,Bmpr2,9,COMMOT_CellChat; CellChatDB; CellTalkDB; LARIS_neurotransmitter; LIANA_mouseconsensus; SPIDER_internal; SpaCcLink; connectomeDB2020_lit; stCASE
Bmp2,Acvr2a,9,COMMOT_CellChat; CellChatDB; CellTalkDB; LARIS_neurotransmitter; LIANA_mouseconsensus; SPIDER_internal; SpaCcLink; connectomeDB2020_lit; stCASE
Bmp2,Acvr2b,9,COMMOT_CellChat; CellChatDB; CellTalkDB; LARIS_neurotransmitter; LIANA_mouseconsensus; SPIDER_internal; SpaCcLink; connectomeDB2020_lit; stCASE
Bmp2,Bmpr2,9,COMMOT_CellChat; CellChatDB; CellTalkDB; LARIS_neurotransmitter; LIANA_mouseconsensus; SPIDER_internal; SpaCcLink; connectomeDB2020_lit; stCASE
Bmp4,Bmpr2,9,COMMOT_CellChat; CellChatDB; CellTalkDB; LARIS_neurotransmitter; LIANA_mouseconsensus; SPIDER_internal; SpaCcLink; connectomeDB2020_lit; stCASE
Bmp6,Bmpr2,9,COMMOT_CellChat; CellChatDB; CellTalkDB; LARIS_neurotransmitter; LIANA_mouseconsensus; SPIDER_internal; SpaCcLink; connectomeDB2020_lit; stCASE
Bmp7,Acvr2a,9,COMMOT_CellChat; CellChatDB; CellTalkDB; LARIS_neurotransmitter; LIANA_mouseconsensus; SPIDER_internal; SpaCcLink; connectomeDB2020_lit; stCASE
Bmp7,Acvr2b,9,COMMOT_CellChat; CellChatDB; CellTalkDB; LARIS_neurotransmitter; LIANA_mouseconsensus; SPIDER_internal; SpaCcLink; connectomeDB2020_lit; stCASE
Bmp7,Bmpr2,9,COMMOT_CellChat; CellChatDB; CellTalkDB; LARIS_neurotransmitter; LIANA_mouseconsensus; SPIDER_internal; SpaCcLink; connectomeDB2020_lit; stCASE
Bmp8a,Acvr2a,9,COMMOT_CellChat; CellChatDB; CellTalkDB; LARIS_neurotransmitter; LIANA_mouseconsensus; SPIDER_internal; SpaCcLink; connectomeDB2020_lit; stCASE
Bmp8a,Acvr2b,9,COMMOT_CellChat; CellChatDB; CellTalkDB; LARIS_neurotransmitter; LIANA_mouseconsensus; SPIDER_internal; SpaCcLink; connectomeDB2020_lit; stCASE
Bmp8a,Bmpr2,9,COMMOT_CellChat; CellChatDB; CellTalkDB; LARIS_neurotransmitter; LIANA_mouseconsensus; SPIDER_internal; SpaCcLink; connectomeDB2020_lit; stCASE
Btc,Egfr,9,COMMOT_CellChat; CellChatDB; CellTalkDB; LARIS_neurotransmitter; LIANA_mouseconsensus; SPIDER_internal; SpaCcLink; connectomeDB2020_lit; stCASE
Btc,Erbb2,9,COMMOT_CellChat; CellChatDB; CellTalkDB; LARIS_neurotransmitter; LIANA_mouseconsensus; SPIDER_internal; SpaCcLink; connectomeDB2020_lit; stCASE
Btc,Erbb4,9,COMMOT_CellChat; CellChatDB; CellTalkDB; LARIS_neurotransmitter; LIANA_mouseconsensus; SPIDER_internal; SpaCcLink; connectomeDB2020_lit; stCASE
C3,C3ar1,9,COMMOT_CellChat; CellChatDB; CellTalkDB; LARIS_neurotransmitter; LIANA_mouseconsensus; SPIDER_internal; SpaCcLink; connectomeDB2020_lit; stCASE
Calca,Calcr,9,COMMOT_CellChat; CellChatDB; CellTalkDB; LARIS_neurotransmitter; LIANA_mouseconsensus; SPIDER_internal; SpaCcLink; connectomeDB2020_lit; stCASE
Cck,Cckar,9,COMMOT_CellChat; CellChatDB; CellTalkDB; LARIS_neurotransmitter; LIANA_mouseconsensus; SPIDER_internal; SpaCcLink; connectomeDB2020_lit; stCASE
Cck,Cckbr,9,COMMOT_CellChat; CellChatDB; CellTalkDB; LARIS_neurotransmitter; LIANA_mouseconsensus; SPIDER_internal; SpaCcLink; connectomeDB2020_lit; stCASE
Ccl11,Ackr2,9,COMMOT_CellChat; CellChatDB; CellTalkDB; LARIS_neurotransmitter; LIANA_mouseconsensus; SPIDER_internal; SpaCcLink; connectomeDB2020_lit; stCASE
Ccl11,Ccr3,9,COMMOT_CellChat; CellChatDB; CellTalkDB; LARIS_neurotransmitter; LIANA_mouseconsensus; SPIDER_internal; SpaCcLink; connectomeDB2020_lit; stCASE
Ccl17,Ackr2,9,COMMOT_CellChat; CellChatDB; CellTalkDB; LARIS_neurotransmitter; LIANA_mouseconsensus; SPIDER_internal; SpaCcLink; connectomeDB2020_lit; stCASE
Ccl17,Ccr4,9,COMMOT_CellChat; CellChatDB; CellTalkDB; LARIS_neurotransmitter; LIANA_mouseconsensus; SPIDER_internal; SpaCcLink; connectomeDB2020_lit; stCASE
Ccl2,Ackr2,9,COMMOT_CellChat; CellChatDB; CellTalkDB; LARIS_neurotransmitter; LIANA_mouseconsensus; SPIDER_internal; SpaCcLink; connectomeDB2020_lit; stCASE
Ccl2,Ccr2,9,COMMOT_CellChat; CellChatDB; CellTalkDB; LARIS_neurotransmitter; LIANA_mouseconsensus; SPIDER_internal; SpaCcLink; connectomeDB2020_lit; stCASE
Ccl20,Ccr6,9,COMMOT_CellChat; CellChatDB; CellTalkDB; LARIS_neurotransmitter; LIANA_mouseconsensus; SPIDER_internal; SpaCcLink; connectomeDB2020_lit; stCASE
Ccl22,Ackr2,9,COMMOT_CellChat; CellChatDB; CellTalkDB; LARIS_neurotransmitter; LIANA_mouseconsensus; SPIDER_internal; SpaCcLink; connectomeDB2020_lit; stCASE
Ccl22,Ccr4,9,COMMOT_CellChat; CellChatDB; CellTalkDB; LARIS_neurotransmitter; LIANA_mouseconsensus; SPIDER_internal; SpaCcLink; connectomeDB2020_lit; stCASE
Ccl24,Ccr3,9,COMMOT_CellChat; CellChatDB; CellTalkDB; LARIS_neurotransmitter; LIANA_mouseconsensus; SPIDER_internal; SpaCcLink; connectomeDB2020_lit; stCASE
Ccl25,Ccr9,9,COMMOT_CellChat; CellChatDB; CellTalkDB; LARIS_neurotransmitter; LIANA_mouseconsensus; SPIDER_internal; SpaCcLink; connectomeDB2020_lit; stCASE
Ccl28,Ccr10,9,COMMOT_CellChat; CellChatDB; CellTalkDB; LARIS_neurotransmitter; LIANA_mouseconsensus; SPIDER_internal; SpaCcLink; connectomeDB2020_lit; stCASE
Ccl28,Ccr3,9,COMMOT_CellChat; CellChatDB; CellTalkDB; LARIS_neurotransmitter; LIANA_mouseconsensus; SPIDER_internal; SpaCcLink; connectomeDB2020_lit; stCASE
Ccl4,Ackr2,9,COMMOT_CellChat; CellChatDB; CellTalkDB; LARIS_neurotransmitter; LIANA_mouseconsensus; SPIDER_internal; SpaCcLink; connectomeDB2020_lit; stCASE
Ccl4,Ccr5,9,COMMOT_CellChat; CellChatDB; CellTalkDB; LARIS_neurotransmitter; LIANA_mouseconsensus; SPIDER_internal; SpaCcLink; connectomeDB2020_lit; stCASE
Ccl5,Ackr2,9,COMMOT_CellChat; CellChatDB; CellTalkDB; LARIS_neurotransmitter; LIANA_mouseconsensus; SPIDER_internal; SpaCcLink; connectomeDB2020_lit; stCASE
Ccl5,Ccr1,9,COMMOT_CellChat; CellChatDB; CellTalkDB; LARIS_neurotransmitter; LIANA_mouseconsensus; SPIDER_internal; SpaCcLink; connectomeDB2020_lit; stCASE
Ccl5,Ccr3,9,COMMOT_CellChat; CellChatDB; CellTalkDB; LARIS_neurotransmitter; LIANA_mouseconsensus; SPIDER_internal; SpaCcLink; connectomeDB2020_lit; stCASE
Ccl5,Ccr4,9,COMMOT_CellChat; CellChatDB; CellTalkDB; LARIS_neurotransmitter; LIANA_mouseconsensus; SPIDER_internal; SpaCcLink; connectomeDB2020_lit; stCASE
Ccl5,Ccr5,9,COMMOT_CellChat; CellChatDB; CellTalkDB; LARIS_neurotransmitter; LIANA_mouseconsensus; SPIDER_internal; SpaCcLink; connectomeDB2020_lit; stCASE
Cd274,Pdcd1,9,COMMOT_CellChat; CellChatDB; CellTalkDB; LARIS_neurotransmitter; LIANA_mouseconsensus; SPIDER_internal; SpaCcLink; connectomeDB2020_lit; stCASE
Cd40lg,Cd40,9,COMMOT_CellChat; CellChatDB; CellTalkDB; LARIS_neurotransmitter; LIANA_mouseconsensus; SPIDER_internal; SpaCcLink; connectomeDB2020_lit; stCASE
Cd86,Cd28,9,COMMOT_CellChat; CellChatDB; CellTalkDB; LARIS_neurotransmitter; LIANA_mouseconsensus; SPIDER_internal; SpaCcLink; connectomeDB2020_lit; stCASE
Cdh1,Itgb7,9,COMMOT_CellChat; CellChatDB; CellTalkDB; LARIS_neurotransmitter; LIANA_mouseconsensus; SPIDER_internal; SpaCcLink; connectomeDB2020_lit; stCASE
Chad,Itgb1,9,COMMOT_CellChat; CellChatDB; CellTalkDB; LARIS_neurotransmitter; LIANA_mouseconsensus; SPIDER_internal; SpaCcLink; connectomeDB2020_lit; stCASE
Col1a1,Cd44,9,COMMOT_CellChat; CellChatDB; CellTalkDB; LARIS_neurotransmitter; LIANA_mouseconsensus; SPIDER_internal; SpaCcLink; connectomeDB2020_lit; stCASE
Col1a1,Itgb1,9,COMMOT_CellChat; CellChatDB; CellTalkDB; LARIS_neurotransmitter; LIANA_mouseconsensus; SPIDER_internal; SpaCcLink; connectomeDB2020_lit; stCASE
Col1a2,Cd44,9,COMMOT_CellChat; CellChatDB; CellTalkDB; LARIS_neurotransmitter; LIANA_mouseconsensus; SPIDER_internal; SpaCcLink; connectomeDB2020_lit; stCASE
Col1a2,Itgb1,9,COMMOT_CellChat; CellChatDB; CellTalkDB; LARIS_neurotransmitter; LIANA_mouseconsensus; SPIDER_internal; SpaCcLink; connectomeDB2020_lit; stCASE
Col4a1,Itgb1,9,COMMOT_CellChat; CellChatDB; CellTalkDB; LARIS_neurotransmitter; LIANA_mouseconsensus; SPIDER_internal; SpaCcLink; connectomeDB2020_lit; stCASE
Comp,Cd47,9,COMMOT_CellChat; CellChatDB; CellTalkDB; LARIS_neurotransmitter; LIANA_mouseconsensus; SPIDER_internal; SpaCcLink; connectomeDB2020_lit; stCASE
Cort,Sstr1,9,COMMOT_CellChat; CellChatDB; CellTalkDB; LARIS_neurotransmitter; LIANA_mouseconsensus; SPIDER_internal; SpaCcLink; connectomeDB2020_lit; stCASE
Cort,Sstr2,9,COMMOT_CellChat; CellChatDB; CellTalkDB; LARIS_neurotransmitter; LIANA_mouseconsensus; SPIDER_internal; SpaCcLink; connectomeDB2020_lit; stCASE
Cort,Sstr3,9,COMMOT_CellChat; CellChatDB; CellTalkDB; LARIS_neurotransmitter; LIANA_mouseconsensus; SPIDER_internal; SpaCcLink; connectomeDB2020_lit; stCASE
Cort,Sstr5,9,COMMOT_CellChat; CellChatDB; CellTalkDB; LARIS_neurotransmitter; LIANA_mouseconsensus; SPIDER_internal; SpaCcLink; connectomeDB2020_lit; stCASE
Crh,Crhr1,9,COMMOT_CellChat; CellChatDB; CellTalkDB; LARIS_neurotransmitter; LIANA_mouseconsensus; SPIDER_internal; SpaCcLink; connectomeDB2020_lit; stCASE
Crh,Crhr2,9,COMMOT_CellChat; CellChatDB; CellTalkDB; LARIS_neurotransmitter; LIANA_mouseconsensus; SPIDER_internal; SpaCcLink; connectomeDB2020_lit; stCASE
Csf1,Csf1r,9,COMMOT_CellChat; CellChatDB; CellTalkDB; LARIS_neurotransmitter; LIANA_mouseconsensus; SPIDER_internal; SpaCcLink; connectomeDB2020_lit; stCASE
Csf3,Csf3r,9,COMMOT_CellChat; CellChatDB; CellTalkDB; LARIS_neurotransmitter; LIANA_mouseconsensus; SPIDER_internal; SpaCcLink; connectomeDB2020_lit; stCASE
Cx3cl1,Cx3cr1,9,COMMOT_CellChat; CellChatDB; CellTalkDB; LARIS_neurotransmitter; LIANA_mouseconsensus; SPIDER_internal; SpaCcLink; connectomeDB2020_lit; stCASE
Cxcl1,Cxcr1,9,COMMOT_CellChat; CellChatDB; CellTalkDB; LARIS_neurotransmitter; LIANA_mouseconsensus; SPIDER_internal; SpaCcLink; connectomeDB2020_lit; stCASE
Cxcl1,Cxcr2,9,COMMOT_CellChat; CellChatDB; CellTalkDB; LARIS_neurotransmitter; LIANA_mouseconsensus; SPIDER_internal; SpaCcLink; connectomeDB2020_lit; stCASE
Cxcl10,Cxcr3,9,COMMOT_CellChat; CellChatDB; CellTalkDB; LARIS_neurotransmitter; LIANA_mouseconsensus; SPIDER_internal; SpaCcLink; connectomeDB2020_lit; stCASE
Cxcl12,Cxcr4,9,COMMOT_CellChat; CellChatDB; CellTalkDB; LARIS_neurotransmitter; LIANA_mouseconsensus; SPIDER_internal; SpaCcLink; connectomeDB2020_lit; stCASE
Cxcl13,Cxcr3,9,COMMOT_CellChat; CellChatDB; CellTalkDB; LARIS_neurotransmitter; LIANA_mouseconsensus; SPIDER_internal; SpaCcLink; connectomeDB2020_lit; stCASE
Cxcl13,Cxcr5,9,COMMOT_CellChat; CellChatDB; CellTalkDB; LARIS_neurotransmitter; LIANA_mouseconsensus; SPIDER_internal; SpaCcLink; connectomeDB2020_lit; stCASE
Cxcl16,Cxcr6,9,COMMOT_CellChat; CellChatDB; CellTalkDB; LARIS_neurotransmitter; LIANA_mouseconsensus; SPIDER_internal; SpaCcLink; connectomeDB2020_lit; stCASE
Cxcl2,Cxcr2,9,COMMOT_CellChat; CellChatDB; CellTalkDB; LARIS_neurotransmitter; LIANA_mouseconsensus; SPIDER_internal; SpaCcLink; connectomeDB2020_lit; stCASE
Cxcl5,Cxcr2,9,COMMOT_CellChat; CellChatDB; CellTalkDB; LARIS_neurotransmitter; LIANA_mouseconsensus; SPIDER_internal; SpaCcLink; connectomeDB2020_lit; stCASE
Dlk1,Notch1,9,COMMOT_CellChat; CellChatDB; CellTalkDB; LARIS_neurotransmitter; LIANA_mouseconsensus; SPIDER_internal; SpaCcLink; connectomeDB2020_lit; stCASE
Dlk1,Notch2,9,COMMOT_CellChat; CellChatDB; CellTalkDB; LARIS_neurotransmitter; LIANA_mouseconsensus; SPIDER_internal; SpaCcLink; connectomeDB2020_lit; stCASE
Dlk1,Notch3,9,COMMOT_CellChat; CellChatDB; CellTalkDB; LARIS_neurotransmitter; LIANA_mouseconsensus; SPIDER_internal; SpaCcLink; connectomeDB2020_lit; stCASE
Dll1,Notch1,9,COMMOT_CellChat; CellChatDB; CellTalkDB; LARIS_neurotransmitter; LIANA_mouseconsensus; SPIDER_internal; SpaCcLink; connectomeDB2020_lit; stCASE
Dll1,Notch2,9,COMMOT_CellChat; CellChatDB; CellTalkDB; LARIS_neurotransmitter; LIANA_mouseconsensus; SPIDER_internal; SpaCcLink; connectomeDB2020_lit; stCASE
Dll1,Notch3,9,COMMOT_CellChat; CellChatDB; CellTalkDB; LARIS_neurotransmitter; LIANA_mouseconsensus; SPIDER_internal; SpaCcLink; connectomeDB2020_lit; stCASE
Dll1,Notch4,9,COMMOT_CellChat; CellChatDB; CellTalkDB; LARIS_neurotransmitter; LIANA_mouseconsensus; SPIDER_internal; SpaCcLink; connectomeDB2020_lit; stCASE
Dll3,Notch1,9,COMMOT_CellChat; CellChatDB; CellTalkDB; LARIS_neurotransmitter; LIANA_mouseconsensus; SPIDER_internal; SpaCcLink; connectomeDB2020_lit; stCASE
Dll3,Notch2,9,COMMOT_CellChat; CellChatDB; CellTalkDB; LARIS_neurotransmitter; LIANA_mouseconsensus; SPIDER_internal; SpaCcLink; connectomeDB2020_lit; stCASE
Dll3,Notch3,9,COMMOT_CellChat; CellChatDB; CellTalkDB; LARIS_neurotransmitter; LIANA_mouseconsensus; SPIDER_internal; SpaCcLink; connectomeDB2020_lit; stCASE
Dll3,Notch4,9,COMMOT_CellChat; CellChatDB; CellTalkDB; LARIS_neurotransmitter; LIANA_mouseconsensus; SPIDER_internal; SpaCcLink; connectomeDB2020_lit; stCASE
Dll4,Notch1,9,COMMOT_CellChat; CellChatDB; CellTalkDB; LARIS_neurotransmitter; LIANA_mouseconsensus; SPIDER_internal; SpaCcLink; connectomeDB2020_lit; stCASE
Dll4,Notch2,9,COMMOT_CellChat; CellChatDB; CellTalkDB; LARIS_neurotransmitter; LIANA_mouseconsensus; SPIDER_internal; SpaCcLink; connectomeDB2020_lit; stCASE
Dll4,Notch3,9,COMMOT_CellChat; CellChatDB; CellTalkDB; LARIS_neurotransmitter; LIANA_mouseconsensus; SPIDER_internal; SpaCcLink; connectomeDB2020_lit; stCASE
Dll4,Notch4,9,COMMOT_CellChat; CellChatDB; CellTalkDB; LARIS_neurotransmitter; LIANA_mouseconsensus; SPIDER_internal; SpaCcLink; connectomeDB2020_lit; stCASE
Edn1,Ednra,9,COMMOT_CellChat; CellChatDB; CellTalkDB; LARIS_neurotransmitter; LIANA_mouseconsensus; SPIDER_internal; SpaCcLink; connectomeDB2020_lit; stCASE
Edn1,Ednrb,9,COMMOT_CellChat; CellChatDB; CellTalkDB; LARIS_neurotransmitter; LIANA_mouseconsensus; SPIDER_internal; SpaCcLink; connectomeDB2020_lit; stCASE
Edn2,Ednra,9,COMMOT_CellChat; CellChatDB; CellTalkDB; LARIS_neurotransmitter; LIANA_mouseconsensus; SPIDER_internal; SpaCcLink; connectomeDB2020_lit; stCASE
Edn2,Ednrb,9,COMMOT_CellChat; CellChatDB; CellTalkDB; LARIS_neurotransmitter; LIANA_mouseconsensus; SPIDER_internal; SpaCcLink; connectomeDB2020_lit; stCASE
Edn3,Ednra,9,COMMOT_CellChat; CellChatDB; CellTalkDB; LARIS_neurotransmitter; LIANA_mouseconsensus; SPIDER_internal; SpaCcLink; connectomeDB2020_lit; stCASE
Edn3,Ednrb,9,COMMOT_CellChat; CellChatDB; CellTalkDB; LARIS_neurotransmitter; LIANA_mouseconsensus; SPIDER_internal; SpaCcLink; connectomeDB2020_lit; stCASE
Efna1,Epha1,9,COMMOT_CellChat; CellChatDB; CellTalkDB; LARIS_neurotransmitter; LIANA_mouseconsensus; SPIDER_internal; SpaCcLink; connectomeDB2020_lit; stCASE
Efna1,Epha2,9,COMMOT_CellChat; CellChatDB; CellTalkDB; LARIS_neurotransmitter; LIANA_mouseconsensus; SPIDER_internal; SpaCcLink; connectomeDB2020_lit; stCASE
Efna1,Epha3,9,COMMOT_CellChat; CellChatDB; CellTalkDB; LARIS_neurotransmitter; LIANA_mouseconsensus; SPIDER_internal; SpaCcLink; connectomeDB2020_lit; stCASE
Efna1,Epha4,9,COMMOT_CellChat; CellChatDB; CellTalkDB; LARIS_neurotransmitter; LIANA_mouseconsensus; SPIDER_internal; SpaCcLink; connectomeDB2020_lit; stCASE
Efna1,Epha5,9,COMMOT_CellChat; CellChatDB; CellTalkDB; LARIS_neurotransmitter; LIANA_mouseconsensus; SPIDER_internal; SpaCcLink; connectomeDB2020_lit; stCASE
Efna1,Epha7,9,COMMOT_CellChat; CellChatDB; CellTalkDB; LARIS_neurotransmitter; LIANA_mouseconsensus; SPIDER_internal; SpaCcLink; connectomeDB2020_lit; stCASE
Efna1,Epha8,9,COMMOT_CellChat; CellChatDB; CellTalkDB; LARIS_neurotransmitter; LIANA_mouseconsensus; SPIDER_internal; SpaCcLink; connectomeDB2020_lit; stCASE
Efna2,Epha1,9,COMMOT_CellChat; CellChatDB; CellTalkDB; LARIS_neurotransmitter; LIANA_mouseconsensus; SPIDER_internal; SpaCcLink; connectomeDB2020_lit; stCASE
Efna2,Epha2,9,COMMOT_CellChat; CellChatDB; CellTalkDB; LARIS_neurotransmitter; LIANA_mouseconsensus; SPIDER_internal; SpaCcLink; connectomeDB2020_lit; stCASE
Efna2,Epha3,9,COMMOT_CellChat; CellChatDB; CellTalkDB; LARIS_neurotransmitter; LIANA_mouseconsensus; SPIDER_internal; SpaCcLink; connectomeDB2020_lit; stCASE
Efna2,Epha4,9,COMMOT_CellChat; CellChatDB; CellTalkDB; LARIS_neurotransmitter; LIANA_mouseconsensus; SPIDER_internal; SpaCcLink; connectomeDB2020_lit; stCASE
Efna2,Epha5,9,COMMOT_CellChat; CellChatDB; CellTalkDB; LARIS_neurotransmitter; LIANA_mouseconsensus; SPIDER_internal; SpaCcLink; connectomeDB2020_lit; stCASE
Efna2,Epha7,9,COMMOT_CellChat; CellChatDB; CellTalkDB; LARIS_neurotransmitter; LIANA_mouseconsensus; SPIDER_internal; SpaCcLink; connectomeDB2020_lit; stCASE
Efna2,Epha8,9,COMMOT_CellChat; CellChatDB; CellTalkDB; LARIS_neurotransmitter; LIANA_mouseconsensus; SPIDER_internal; SpaCcLink; connectomeDB2020_lit; stCASE
Efna3,Epha1,9,COMMOT_CellChat; CellChatDB; CellTalkDB; LARIS_neurotransmitter; LIANA_mouseconsensus; SPIDER_internal; SpaCcLink; connectomeDB2020_lit; stCASE
Efna3,Epha2,9,COMMOT_CellChat; CellChatDB; CellTalkDB; LARIS_neurotransmitter; LIANA_mouseconsensus; SPIDER_internal; SpaCcLink; connectomeDB2020_lit; stCASE
Efna3,Epha3,9,COMMOT_CellChat; CellChatDB; CellTalkDB; LARIS_neurotransmitter; LIANA_mouseconsensus; SPIDER_internal; SpaCcLink; connectomeDB2020_lit; stCASE
Efna3,Epha4,9,COMMOT_CellChat; CellChatDB; CellTalkDB; LARIS_neurotransmitter; LIANA_mouseconsensus; SPIDER_internal; SpaCcLink; connectomeDB2020_lit; stCASE
Efna3,Epha5,9,COMMOT_CellChat; CellChatDB; CellTalkDB; LARIS_neurotransmitter; LIANA_mouseconsensus; SPIDER_internal; SpaCcLink; connectomeDB2020_lit; stCASE
Efna3,Epha7,9,COMMOT_CellChat; CellChatDB; CellTalkDB; LARIS_neurotransmitter; LIANA_mouseconsensus; SPIDER_internal; SpaCcLink; connectomeDB2020_lit; stCASE
Efna3,Epha8,9,COMMOT_CellChat; CellChatDB; CellTalkDB; LARIS_neurotransmitter; LIANA_mouseconsensus; SPIDER_internal; SpaCcLink; connectomeDB2020_lit; stCASE
Efna4,Epha1,9,COMMOT_CellChat; CellChatDB; CellTalkDB; LARIS_neurotransmitter; LIANA_mouseconsensus; SPIDER_internal; SpaCcLink; connectomeDB2020_lit; stCASE
Efna4,Epha2,9,COMMOT_CellChat; CellChatDB; CellTalkDB; LARIS_neurotransmitter; LIANA_mouseconsensus; SPIDER_internal; SpaCcLink; connectomeDB2020_lit; stCASE
Efna4,Epha3,9,COMMOT_CellChat; CellChatDB; CellTalkDB; LARIS_neurotransmitter; LIANA_mouseconsensus; SPIDER_internal; SpaCcLink; connectomeDB2020_lit; stCASE
Efna4,Epha4,9,COMMOT_CellChat; CellChatDB; CellTalkDB; LARIS_neurotransmitter; LIANA_mouseconsensus; SPIDER_internal; SpaCcLink; connectomeDB2020_lit; stCASE
Efna4,Epha5,9,COMMOT_CellChat; CellChatDB; CellTalkDB; LARIS_neurotransmitter; LIANA_mouseconsensus; SPIDER_internal; SpaCcLink; connectomeDB2020_lit; stCASE
Efna4,Epha7,9,COMMOT_CellChat; CellChatDB; CellTalkDB; LARIS_neurotransmitter; LIANA_mouseconsensus; SPIDER_internal; SpaCcLink; connectomeDB2020_lit; stCASE
Efna4,Epha8,9,COMMOT_CellChat; CellChatDB; CellTalkDB; LARIS_neurotransmitter; LIANA_mouseconsensus; SPIDER_internal; SpaCcLink; connectomeDB2020_lit; stCASE
Efna5,Epha1,9,COMMOT_CellChat; CellChatDB; CellTalkDB; LARIS_neurotransmitter; LIANA_mouseconsensus; SPIDER_internal; SpaCcLink; connectomeDB2020_lit; stCASE
Efna5,Epha2,9,COMMOT_CellChat; CellChatDB; CellTalkDB; LARIS_neurotransmitter; LIANA_mouseconsensus; SPIDER_internal; SpaCcLink; connectomeDB2020_lit; stCASE
Efna5,Epha3,9,COMMOT_CellChat; CellChatDB; CellTalkDB; LARIS_neurotransmitter; LIANA_mouseconsensus; SPIDER_internal; SpaCcLink; connectomeDB2020_lit; stCASE
Efna5,Epha4,9,COMMOT_CellChat; CellChatDB; CellTalkDB; LARIS_neurotransmitter; LIANA_mouseconsensus; SPIDER_internal; SpaCcLink; connectomeDB2020_lit; stCASE
Efna5,Epha5,9,COMMOT_CellChat; CellChatDB; CellTalkDB; LARIS_neurotransmitter; LIANA_mouseconsensus; SPIDER_internal; SpaCcLink; connectomeDB2020_lit; stCASE
Efna5,Epha7,9,COMMOT_CellChat; CellChatDB; CellTalkDB; LARIS_neurotransmitter; LIANA_mouseconsensus; SPIDER_internal; SpaCcLink; connectomeDB2020_lit; stCASE
Efna5,Epha8,9,COMMOT_CellChat; CellChatDB; CellTalkDB; LARIS_neurotransmitter; LIANA_mouseconsensus; SPIDER_internal; SpaCcLink; connectomeDB2020_lit; stCASE
Efna5,Ephb2,9,COMMOT_CellChat; CellChatDB; CellTalkDB; LARIS_neurotransmitter; LIANA_mouseconsensus; SPIDER_internal; SpaCcLink; connectomeDB2020_lit; stCASE
Efnb1,Epha4,9,COMMOT_CellChat; CellChatDB; CellTalkDB; LARIS_neurotransmitter; LIANA_mouseconsensus; SPIDER_internal; SpaCcLink; connectomeDB2020_lit; stCASE
Efnb1,Ephb1,9,COMMOT_CellChat; CellChatDB; CellTalkDB; LARIS_neurotransmitter; LIANA_mouseconsensus; SPIDER_internal; SpaCcLink; connectomeDB2020_lit; stCASE
Efnb1,Ephb2,9,COMMOT_CellChat; CellChatDB; CellTalkDB; LARIS_neurotransmitter; LIANA_mouseconsensus; SPIDER_internal; SpaCcLink; connectomeDB2020_lit; stCASE
Efnb1,Ephb3,9,COMMOT_CellChat; CellChatDB; CellTalkDB; LARIS_neurotransmitter; LIANA_mouseconsensus; SPIDER_internal; SpaCcLink; connectomeDB2020_lit; stCASE
Efnb1,Ephb4,9,COMMOT_CellChat; CellChatDB; CellTalkDB; LARIS_neurotransmitter; LIANA_mouseconsensus; SPIDER_internal; SpaCcLink; connectomeDB2020_lit; stCASE
Efnb2,Epha4,9,COMMOT_CellChat; CellChatDB; CellTalkDB; LARIS_neurotransmitter; LIANA_mouseconsensus; SPIDER_internal; SpaCcLink; connectomeDB2020_lit; stCASE
Efnb2,Ephb1,9,COMMOT_CellChat; CellChatDB; CellTalkDB; LARIS_neurotransmitter; LIANA_mouseconsensus; SPIDER_internal; SpaCcLink; connectomeDB2020_lit; stCASE
Efnb2,Ephb2,9,COMMOT_CellChat; CellChatDB; CellTalkDB; LARIS_neurotransmitter; LIANA_mouseconsensus; SPIDER_internal; SpaCcLink; connectomeDB2020_lit; stCASE
Efnb2,Ephb3,9,COMMOT_CellChat; CellChatDB; CellTalkDB; LARIS_neurotransmitter; LIANA_mouseconsensus; SPIDER_internal; SpaCcLink; connectomeDB2020_lit; stCASE
Efnb2,Ephb4,9,COMMOT_CellChat; CellChatDB; CellTalkDB; LARIS_neurotransmitter; LIANA_mouseconsensus; SPIDER_internal; SpaCcLink; connectomeDB2020_lit; stCASE
Efnb3,Epha4,9,COMMOT_CellChat; CellChatDB; CellTalkDB; LARIS_neurotransmitter; LIANA_mouseconsensus; SPIDER_internal; SpaCcLink; connectomeDB2020_lit; stCASE
Efnb3,Ephb1,9,COMMOT_CellChat; CellChatDB; CellTalkDB; LARIS_neurotransmitter; LIANA_mouseconsensus; SPIDER_internal; SpaCcLink; connectomeDB2020_lit; stCASE
Efnb3,Ephb2,9,COMMOT_CellChat; CellChatDB; CellTalkDB; LARIS_neurotransmitter; LIANA_mouseconsensus; SPIDER_internal; SpaCcLink; connectomeDB2020_lit; stCASE
Efnb3,Ephb3,9,COMMOT_CellChat; CellChatDB; CellTalkDB; LARIS_neurotransmitter; LIANA_mouseconsensus; SPIDER_internal; SpaCcLink; connectomeDB2020_lit; stCASE
Efnb3,Ephb6,9,COMMOT_CellChat; CellChatDB; CellTalkDB; LARIS_neurotransmitter; LIANA_mouseconsensus; SPIDER_internal; SpaCcLink; connectomeDB2020_lit; stCASE
Egf,Egfr,9,COMMOT_CellChat; CellChatDB; CellTalkDB; LARIS_neurotransmitter; LIANA_mouseconsensus; SPIDER_internal; SpaCcLink; connectomeDB2020_lit; stCASE
Egf,Erbb2,9,COMMOT_CellChat; CellChatDB; CellTalkDB; LARIS_neurotransmitter; LIANA_mouseconsensus; SPIDER_internal; SpaCcLink; connectomeDB2020_lit; stCASE
Epgn,Egfr,9,COMMOT_CellChat; CellChatDB; CellTalkDB; LARIS_neurotransmitter; LIANA_mouseconsensus; SPIDER_internal; SpaCcLink; connectomeDB2020_lit; stCASE
Epo,Epor,9,COMMOT_CellChat; CellChatDB; CellTalkDB; LARIS_neurotransmitter; LIANA_mouseconsensus; SPIDER_internal; SpaCcLink; connectomeDB2020_lit; stCASE
F2,F2rl1,9,COMMOT_CellChat; CellChatDB; CellTalkDB; LARIS_neurotransmitter; LIANA_mouseconsensus; SPIDER_internal; SpaCcLink; connectomeDB2020_lit; stCASE
F2,F2rl2,9,COMMOT_CellChat; CellChatDB; CellTalkDB; LARIS_neurotransmitter; LIANA_mouseconsensus; SPIDER_internal; SpaCcLink; connectomeDB2020_lit; stCASE
Fgf1,Fgfr1,9,COMMOT_CellChat; CellChatDB; CellTalkDB; LARIS_neurotransmitter; LIANA_mouseconsensus; SPIDER_internal; SpaCcLink; connectomeDB2020_lit; stCASE
Fgf1,Fgfr2,9,COMMOT_CellChat; CellChatDB; CellTalkDB; LARIS_neurotransmitter; LIANA_mouseconsensus; SPIDER_internal; SpaCcLink; connectomeDB2020_lit; stCASE
Fgf1,Fgfr3,9,COMMOT_CellChat; CellChatDB; CellTalkDB; LARIS_neurotransmitter; LIANA_mouseconsensus; SPIDER_internal; SpaCcLink; connectomeDB2020_lit; stCASE
Fgf1,Fgfr4,9,COMMOT_CellChat; CellChatDB; CellTalkDB; LARIS_neurotransmitter; LIANA_mouseconsensus; SPIDER_internal; SpaCcLink; connectomeDB2020_lit; stCASE
Fgf10,Fgfr1,9,COMMOT_CellChat; CellChatDB; CellTalkDB; LARIS_neurotransmitter; LIANA_mouseconsensus; SPIDER_internal; SpaCcLink; connectomeDB2020_lit; stCASE
Fgf10,Fgfr2,9,COMMOT_CellChat; CellChatDB; CellTalkDB; LARIS_neurotransmitter; LIANA_mouseconsensus; SPIDER_internal; SpaCcLink; connectomeDB2020_lit; stCASE
Fgf16,Fgfr2,9,COMMOT_CellChat; CellChatDB; CellTalkDB; LARIS_neurotransmitter; LIANA_mouseconsensus; SPIDER_internal; SpaCcLink; connectomeDB2020_lit; stCASE
Fgf16,Fgfr3,9,COMMOT_CellChat; CellChatDB; CellTalkDB; LARIS_neurotransmitter; LIANA_mouseconsensus; SPIDER_internal; SpaCcLink; connectomeDB2020_lit; stCASE
Fgf16,Fgfr4,9,COMMOT_CellChat; CellChatDB; CellTalkDB; LARIS_neurotransmitter; LIANA_mouseconsensus; SPIDER_internal; SpaCcLink; connectomeDB2020_lit; stCASE
Fgf17,Fgfr1,9,COMMOT_CellChat; CellChatDB; CellTalkDB; LARIS_neurotransmitter; LIANA_mouseconsensus; SPIDER_internal; SpaCcLink; connectomeDB2020_lit; stCASE
Fgf17,Fgfr2,9,COMMOT_CellChat; CellChatDB; CellTalkDB; LARIS_neurotransmitter; LIANA_mouseconsensus; SPIDER_internal; SpaCcLink; connectomeDB2020_lit; stCASE
Fgf17,Fgfr3,9,COMMOT_CellChat; CellChatDB; CellTalkDB; LARIS_neurotransmitter; LIANA_mouseconsensus; SPIDER_internal; SpaCcLink; connectomeDB2020_lit; stCASE
Fgf17,Fgfr4,9,COMMOT_CellChat; CellChatDB; CellTalkDB; LARIS_neurotransmitter; LIANA_mouseconsensus; SPIDER_internal; SpaCcLink; connectomeDB2020_lit; stCASE
Fgf18,Fgfr1,9,COMMOT_CellChat; CellChatDB; CellTalkDB; LARIS_neurotransmitter; LIANA_mouseconsensus; SPIDER_internal; SpaCcLink; connectomeDB2020_lit; stCASE
Fgf18,Fgfr2,9,COMMOT_CellChat; CellChatDB; CellTalkDB; LARIS_neurotransmitter; LIANA_mouseconsensus; SPIDER_internal; SpaCcLink; connectomeDB2020_lit; stCASE
Fgf18,Fgfr3,9,COMMOT_CellChat; CellChatDB; CellTalkDB; LARIS_neurotransmitter; LIANA_mouseconsensus; SPIDER_internal; SpaCcLink; connectomeDB2020_lit; stCASE
Fgf18,Fgfr4,9,COMMOT_CellChat; CellChatDB; CellTalkDB; LARIS_neurotransmitter; LIANA_mouseconsensus; SPIDER_internal; SpaCcLink; connectomeDB2020_lit; stCASE
Fgf2,Fgfr1,9,COMMOT_CellChat; CellChatDB; CellTalkDB; LARIS_neurotransmitter; LIANA_mouseconsensus; SPIDER_internal; SpaCcLink; connectomeDB2020_lit; stCASE
Fgf2,Fgfr2,9,COMMOT_CellChat; CellChatDB; CellTalkDB; LARIS_neurotransmitter; LIANA_mouseconsensus; SPIDER_internal; SpaCcLink; connectomeDB2020_lit; stCASE
Fgf2,Fgfr3,9,COMMOT_CellChat; CellChatDB; CellTalkDB; LARIS_neurotransmitter; LIANA_mouseconsensus; SPIDER_internal; SpaCcLink; connectomeDB2020_lit; stCASE
Fgf2,Fgfr4,9,COMMOT_CellChat; CellChatDB; CellTalkDB; LARIS_neurotransmitter; LIANA_mouseconsensus; SPIDER_internal; SpaCcLink; connectomeDB2020_lit; stCASE
Fgf20,Fgfr1,9,COMMOT_CellChat; CellChatDB; CellTalkDB; LARIS_neurotransmitter; LIANA_mouseconsensus; SPIDER_internal; SpaCcLink; connectomeDB2020_lit; stCASE
Fgf20,Fgfr2,9,COMMOT_CellChat; CellChatDB; CellTalkDB; LARIS_neurotransmitter; LIANA_mouseconsensus; SPIDER_internal; SpaCcLink; connectomeDB2020_lit; stCASE
Fgf20,Fgfr3,9,COMMOT_CellChat; CellChatDB; CellTalkDB; LARIS_neurotransmitter; LIANA_mouseconsensus; SPIDER_internal; SpaCcLink; connectomeDB2020_lit; stCASE
Fgf20,Fgfr4,9,COMMOT_CellChat; CellChatDB; CellTalkDB; LARIS_neurotransmitter; LIANA_mouseconsensus; SPIDER_internal; SpaCcLink; connectomeDB2020_lit; stCASE
Fgf22,Fgfr2,9,COMMOT_CellChat; CellChatDB; CellTalkDB; LARIS_neurotransmitter; LIANA_mouseconsensus; SPIDER_internal; SpaCcLink; connectomeDB2020_lit; stCASE
Fgf23,Fgfr1,9,COMMOT_CellChat; CellChatDB; CellTalkDB; LARIS_neurotransmitter; LIANA_mouseconsensus; SPIDER_internal; SpaCcLink; connectomeDB2020_lit; stCASE
Fgf23,Fgfr3,9,COMMOT_CellChat; CellChatDB; CellTalkDB; LARIS_neurotransmitter; LIANA_mouseconsensus; SPIDER_internal; SpaCcLink; connectomeDB2020_lit; stCASE
Fgf23,Fgfr4,9,COMMOT_CellChat; CellChatDB; CellTalkDB; LARIS_neurotransmitter; LIANA_mouseconsensus; SPIDER_internal; SpaCcLink; connectomeDB2020_lit; stCASE
Fgf3,Fgfr1,9,COMMOT_CellChat; CellChatDB; CellTalkDB; LARIS_neurotransmitter; LIANA_mouseconsensus; SPIDER_internal; SpaCcLink; connectomeDB2020_lit; stCASE
Fgf3,Fgfr2,9,COMMOT_CellChat; CellChatDB; CellTalkDB; LARIS_neurotransmitter; LIANA_mouseconsensus; SPIDER_internal; SpaCcLink; connectomeDB2020_lit; stCASE
Fgf4,Fgfr1,9,COMMOT_CellChat; CellChatDB; CellTalkDB; LARIS_neurotransmitter; LIANA_mouseconsensus; SPIDER_internal; SpaCcLink; connectomeDB2020_lit; stCASE
Fgf4,Fgfr2,9,COMMOT_CellChat; CellChatDB; CellTalkDB; LARIS_neurotransmitter; LIANA_mouseconsensus; SPIDER_internal; SpaCcLink; connectomeDB2020_lit; stCASE
Fgf4,Fgfr3,9,COMMOT_CellChat; CellChatDB; CellTalkDB; LARIS_neurotransmitter; LIANA_mouseconsensus; SPIDER_internal; SpaCcLink; connectomeDB2020_lit; stCASE
Fgf4,Fgfr4,9,COMMOT_CellChat; CellChatDB; CellTalkDB; LARIS_neurotransmitter; LIANA_mouseconsensus; SPIDER_internal; SpaCcLink; connectomeDB2020_lit; stCASE
Fgf5,Fgfr1,9,COMMOT_CellChat; CellChatDB; CellTalkDB; LARIS_neurotransmitter; LIANA_mouseconsensus; SPIDER_internal; SpaCcLink; connectomeDB2020_lit; stCASE
Fgf5,Fgfr2,9,COMMOT_CellChat; CellChatDB; CellTalkDB; LARIS_neurotransmitter; LIANA_mouseconsensus; SPIDER_internal; SpaCcLink; connectomeDB2020_lit; stCASE
Fgf5,Fgfr3,9,COMMOT_CellChat; CellChatDB; CellTalkDB; LARIS_neurotransmitter; LIANA_mouseconsensus; SPIDER_internal; SpaCcLink; connectomeDB2020_lit; stCASE
Fgf5,Fgfr4,9,COMMOT_CellChat; CellChatDB; CellTalkDB; LARIS_neurotransmitter; LIANA_mouseconsensus; SPIDER_internal; SpaCcLink; connectomeDB2020_lit; stCASE
Fgf6,Fgfr1,9,COMMOT_CellChat; CellChatDB; CellTalkDB; LARIS_neurotransmitter; LIANA_mouseconsensus; SPIDER_internal; SpaCcLink; connectomeDB2020_lit; stCASE
Fgf6,Fgfr2,9,COMMOT_CellChat; CellChatDB; CellTalkDB; LARIS_neurotransmitter; LIANA_mouseconsensus; SPIDER_internal; SpaCcLink; connectomeDB2020_lit; stCASE
Fgf6,Fgfr3,9,COMMOT_CellChat; CellChatDB; CellTalkDB; LARIS_neurotransmitter; LIANA_mouseconsensus; SPIDER_internal; SpaCcLink; connectomeDB2020_lit; stCASE
Fgf6,Fgfr4,9,COMMOT_CellChat; CellChatDB; CellTalkDB; LARIS_neurotransmitter; LIANA_mouseconsensus; SPIDER_internal; SpaCcLink; connectomeDB2020_lit; stCASE
Fgf7,Fgfr1,9,COMMOT_CellChat; CellChatDB; CellTalkDB; LARIS_neurotransmitter; LIANA_mouseconsensus; SPIDER_internal; SpaCcLink; connectomeDB2020_lit; stCASE
Fgf7,Fgfr2,9,COMMOT_CellChat; CellChatDB; CellTalkDB; LARIS_neurotransmitter; LIANA_mouseconsensus; SPIDER_internal; SpaCcLink; connectomeDB2020_lit; stCASE
Fgf8,Fgfr1,9,COMMOT_CellChat; CellChatDB; CellTalkDB; LARIS_neurotransmitter; LIANA_mouseconsensus; SPIDER_internal; SpaCcLink; connectomeDB2020_lit; stCASE
Fgf8,Fgfr2,9,COMMOT_CellChat; CellChatDB; CellTalkDB; LARIS_neurotransmitter; LIANA_mouseconsensus; SPIDER_internal; SpaCcLink; connectomeDB2020_lit; stCASE
Fgf8,Fgfr3,9,COMMOT_CellChat; CellChatDB; CellTalkDB; LARIS_neurotransmitter; LIANA_mouseconsensus; SPIDER_internal; SpaCcLink; connectomeDB2020_lit; stCASE
Fgf8,Fgfr4,9,COMMOT_CellChat; CellChatDB; CellTalkDB; LARIS_neurotransmitter; LIANA_mouseconsensus; SPIDER_internal; SpaCcLink; connectomeDB2020_lit; stCASE
Fgf9,Fgfr1,9,COMMOT_CellChat; CellChatDB; CellTalkDB; LARIS_neurotransmitter; LIANA_mouseconsensus; SPIDER_internal; SpaCcLink; connectomeDB2020_lit; stCASE
Fgf9,Fgfr2,9,COMMOT_CellChat; CellChatDB; CellTalkDB; LARIS_neurotransmitter; LIANA_mouseconsensus; SPIDER_internal; SpaCcLink; connectomeDB2020_lit; stCASE
Fgf9,Fgfr3,9,COMMOT_CellChat; CellChatDB; CellTalkDB; LARIS_neurotransmitter; LIANA_mouseconsensus; SPIDER_internal; SpaCcLink; connectomeDB2020_lit; stCASE
Fgf9,Fgfr4,9,COMMOT_CellChat; CellChatDB; CellTalkDB; LARIS_neurotransmitter; LIANA_mouseconsensus; SPIDER_internal; SpaCcLink; connectomeDB2020_lit; stCASE
Fn1,Cd44,9,COMMOT_CellChat; CellChatDB; CellTalkDB; LARIS_neurotransmitter; LIANA_mouseconsensus; SPIDER_internal; SpaCcLink; connectomeDB2020_lit; stCASE
Fn1,Itgb1,9,COMMOT_CellChat; CellChatDB; CellTalkDB; LARIS_neurotransmitter; LIANA_mouseconsensus; SPIDER_internal; SpaCcLink; connectomeDB2020_lit; stCASE
Fn1,Itgb7,9,COMMOT_CellChat; CellChatDB; CellTalkDB; LARIS_neurotransmitter; LIANA_mouseconsensus; SPIDER_internal; SpaCcLink; connectomeDB2020_lit; stCASE
Fshb,Fshr,9,COMMOT_CellChat; CellChatDB; CellTalkDB; LARIS_neurotransmitter; LIANA_mouseconsensus; SPIDER_internal; SpaCcLink; connectomeDB2020_lit; stCASE
Gas6,Axl,9,COMMOT_CellChat; CellChatDB; CellTalkDB; LARIS_neurotransmitter; LIANA_mouseconsensus; SPIDER_internal; SpaCcLink; connectomeDB2020_lit; stCASE
Gdf11,Acvr2a,9,COMMOT_CellChat; CellChatDB; CellTalkDB; LARIS_neurotransmitter; LIANA_mouseconsensus; SPIDER_internal; SpaCcLink; connectomeDB2020_lit; stCASE
Gdf11,Acvr2b,9,COMMOT_CellChat; CellChatDB; CellTalkDB; LARIS_neurotransmitter; LIANA_mouseconsensus; SPIDER_internal; SpaCcLink; connectomeDB2020_lit; stCASE
Gdf2,Acvrl1,9,COMMOT_CellChat; CellChatDB; CellTalkDB; LARIS_neurotransmitter; LIANA_mouseconsensus; SPIDER_internal; SpaCcLink; connectomeDB2020_lit; stCASE
Gdf2,Bmpr2,9,COMMOT_CellChat; CellChatDB; CellTalkDB; LARIS_neurotransmitter; LIANA_mouseconsensus; SPIDER_internal; SpaCcLink; connectomeDB2020_lit; stCASE
Gdf5,Acvr2a,9,COMMOT_CellChat; CellChatDB; CellTalkDB; LARIS_neurotransmitter; LIANA_mouseconsensus; SPIDER_internal; SpaCcLink; connectomeDB2020_lit; stCASE
Gdf5,Acvr2b,9,COMMOT_CellChat; CellChatDB; CellTalkDB; LARIS_neurotransmitter; LIANA_mouseconsensus; SPIDER_internal; SpaCcLink; connectomeDB2020_lit; stCASE
Gdf5,Bmpr2,9,COMMOT_CellChat; CellChatDB; CellTalkDB; LARIS_neurotransmitter; LIANA_mouseconsensus; SPIDER_internal; SpaCcLink; connectomeDB2020_lit; stCASE
Gdf6,Bmpr2,9,COMMOT_CellChat; CellChatDB; CellTalkDB; LARIS_neurotransmitter; LIANA_mouseconsensus; SPIDER_internal; SpaCcLink; connectomeDB2020_lit; stCASE
Gdf7,Acvr2a,9,COMMOT_CellChat; CellChatDB; CellTalkDB; LARIS_neurotransmitter; LIANA_mouseconsensus; SPIDER_internal; SpaCcLink; connectomeDB2020_lit; stCASE
Gdf7,Bmpr2,9,COMMOT_CellChat; CellChatDB; CellTalkDB; LARIS_neurotransmitter; LIANA_mouseconsensus; SPIDER_internal; SpaCcLink; connectomeDB2020_lit; stCASE
Gdf9,Bmpr2,9,COMMOT_CellChat; CellChatDB; CellTalkDB; LARIS_neurotransmitter; LIANA_mouseconsensus; SPIDER_internal; SpaCcLink; connectomeDB2020_lit; stCASE
Gdnf,Ret,9,COMMOT_CellChat; CellChatDB; CellTalkDB; LARIS_neurotransmitter; LIANA_mouseconsensus; SPIDER_internal; SpaCcLink; connectomeDB2020_lit; stCASE
Ghrh,Ghrhr,9,COMMOT_CellChat; CellChatDB; CellTalkDB; LARIS_neurotransmitter; LIANA_mouseconsensus; SPIDER_internal; SpaCcLink; connectomeDB2020_lit; stCASE
Ghrh,Vipr1,9,COMMOT_CellChat; CellChatDB; CellTalkDB; LARIS_neurotransmitter; LIANA_mouseconsensus; SPIDER_internal; SpaCcLink; connectomeDB2020_lit; stCASE
Ghrl,Ghsr,9,COMMOT_CellChat; CellChatDB; CellTalkDB; LARIS_neurotransmitter; LIANA_mouseconsensus; SPIDER_internal; SpaCcLink; connectomeDB2020_lit; stCASE
Gip,Gipr,9,COMMOT_CellChat; CellChatDB; CellTalkDB; LARIS_neurotransmitter; LIANA_mouseconsensus; SPIDER_internal; SpaCcLink; connectomeDB2020_lit; stCASE
Gnrh1,Gnrhr,9,COMMOT_CellChat; CellChatDB; CellTalkDB; LARIS_neurotransmitter; LIANA_mouseconsensus; SPIDER_internal; SpaCcLink; connectomeDB2020_lit; stCASE
Grn,Sort1,9,COMMOT_CellChat; CellChatDB; CellTalkDB; LARIS_neurotransmitter; LIANA_mouseconsensus; SPIDER_internal; SpaCcLink; connectomeDB2020_lit; stCASE
Grp,Grpr,9,COMMOT_CellChat; CellChatDB; CellTalkDB; LARIS_neurotransmitter; LIANA_mouseconsensus; SPIDER_internal; SpaCcLink; connectomeDB2020_lit; stCASE
Guca2a,Gucy2c,9,COMMOT_CellChat; CellChatDB; CellTalkDB; LARIS_neurotransmitter; LIANA_mouseconsensus; SPIDER_internal; SpaCcLink; connectomeDB2020_lit; stCASE
Guca2b,Gucy2c,9,COMMOT_CellChat; CellChatDB; CellTalkDB; LARIS_neurotransmitter; LIANA_mouseconsensus; SPIDER_internal; SpaCcLink; connectomeDB2020_lit; stCASE
Hbegf,Erbb2,9,COMMOT_CellChat; CellChatDB; CellTalkDB; LARIS_neurotransmitter; LIANA_mouseconsensus; SPIDER_internal; SpaCcLink; connectomeDB2020_lit; stCASE
Hbegf,Erbb4,9,COMMOT_CellChat; CellChatDB; CellTalkDB; LARIS_neurotransmitter; LIANA_mouseconsensus; SPIDER_internal; SpaCcLink; connectomeDB2020_lit; stCASE
Hcrt,Hcrtr1,9,COMMOT_CellChat; CellChatDB; CellTalkDB; LARIS_neurotransmitter; LIANA_mouseconsensus; SPIDER_internal; SpaCcLink; connectomeDB2020_lit; stCASE
Hcrt,Hcrtr2,9,COMMOT_CellChat; CellChatDB; CellTalkDB; LARIS_neurotransmitter; LIANA_mouseconsensus; SPIDER_internal; SpaCcLink; connectomeDB2020_lit; stCASE
Hgf,Met,9,COMMOT_CellChat; CellChatDB; CellTalkDB; LARIS_neurotransmitter; LIANA_mouseconsensus; SPIDER_internal; SpaCcLink; connectomeDB2020_lit; stCASE
Iapp,Calcr,9,COMMOT_CellChat; CellChatDB; CellTalkDB; LARIS_neurotransmitter; LIANA_mouseconsensus; SPIDER_internal; SpaCcLink; connectomeDB2020_lit; stCASE
Icam1,Spn,9,COMMOT_CellChat; CellChatDB; CellTalkDB; LARIS_neurotransmitter; LIANA_mouseconsensus; SPIDER_internal; SpaCcLink; connectomeDB2020_lit; stCASE
Ifnb1,Ifnar2,9,COMMOT_CellChat; CellChatDB; CellTalkDB; LARIS_neurotransmitter; LIANA_mouseconsensus; SPIDER_internal; SpaCcLink; connectomeDB2020_lit; stCASE
Ifng,Ifngr2,9,COMMOT_CellChat; CellChatDB; CellTalkDB; LARIS_neurotransmitter; LIANA_mouseconsensus; SPIDER_internal; SpaCcLink; connectomeDB2020_lit; stCASE
Igf1,Igf1r,9,COMMOT_CellChat; CellChatDB; CellTalkDB; LARIS_neurotransmitter; LIANA_mouseconsensus; SPIDER_internal; SpaCcLink; connectomeDB2020_lit; stCASE
Igf2,Igf1r,9,COMMOT_CellChat; CellChatDB; CellTalkDB; LARIS_neurotransmitter; LIANA_mouseconsensus; SPIDER_internal; SpaCcLink; connectomeDB2020_lit; stCASE
Igf2,Igf2r,9,COMMOT_CellChat; CellChatDB; CellTalkDB; LARIS_neurotransmitter; LIANA_mouseconsensus; SPIDER_internal; SpaCcLink; connectomeDB2020_lit; stCASE
Il13,Il13ra1,9,COMMOT_CellChat; CellChatDB; CellTalkDB; LARIS_neurotransmitter; LIANA_mouseconsensus; SPIDER_internal; SpaCcLink; connectomeDB2020_lit; stCASE
Il13,Il13ra2,9,COMMOT_CellChat; CellChatDB; CellTalkDB; LARIS_neurotransmitter; LIANA_mouseconsensus; SPIDER_internal; SpaCcLink; connectomeDB2020_lit; stCASE
Il15,Il2rb,9,COMMOT_CellChat; CellChatDB; CellTalkDB; LARIS_neurotransmitter; LIANA_mouseconsensus; SPIDER_internal; SpaCcLink; connectomeDB2020_lit; stCASE
Il16,Cd4,9,COMMOT_CellChat; CellChatDB; CellTalkDB; LARIS_neurotransmitter; LIANA_mouseconsensus; SPIDER_internal; SpaCcLink; connectomeDB2020_lit; stCASE
Il17a,Il17rc,9,COMMOT_CellChat; CellChatDB; CellTalkDB; LARIS_neurotransmitter; LIANA_mouseconsensus; SPIDER_internal; SpaCcLink; connectomeDB2020_lit; stCASE
Il17b,Il17rb,9,COMMOT_CellChat; CellChatDB; CellTalkDB; LARIS_neurotransmitter; LIANA_mouseconsensus; SPIDER_internal; SpaCcLink; connectomeDB2020_lit; stCASE
Il17c,Il17re,9,COMMOT_CellChat; CellChatDB; CellTalkDB; LARIS_neurotransmitter; LIANA_mouseconsensus; SPIDER_internal; SpaCcLink; connectomeDB2020_lit; stCASE
Il18,Il18rap,9,COMMOT_CellChat; CellChatDB; CellTalkDB; LARIS_neurotransmitter; LIANA_mouseconsensus; SPIDER_internal; SpaCcLink; connectomeDB2020_lit; stCASE
Il19,Il20rb,9,COMMOT_CellChat; CellChatDB; CellTalkDB; LARIS_neurotransmitter; LIANA_mouseconsensus; SPIDER_internal; SpaCcLink; connectomeDB2020_lit; stCASE
Il1a,Il1rap,9,COMMOT_CellChat; CellChatDB; CellTalkDB; LARIS_neurotransmitter; LIANA_mouseconsensus; SPIDER_internal; SpaCcLink; connectomeDB2020_lit; stCASE
Il1b,Il1rap,9,COMMOT_CellChat; CellChatDB; CellTalkDB; LARIS_neurotransmitter; LIANA_mouseconsensus; SPIDER_internal; SpaCcLink; connectomeDB2020_lit; stCASE
Il2,Il2rb,9,COMMOT_CellChat; CellChatDB; CellTalkDB; LARIS_neurotransmitter; LIANA_mouseconsensus; SPIDER_internal; SpaCcLink; connectomeDB2020_lit; stCASE
Il20,Il20rb,9,COMMOT_CellChat; CellChatDB; CellTalkDB; LARIS_neurotransmitter; LIANA_mouseconsensus; SPIDER_internal; SpaCcLink; connectomeDB2020_lit; stCASE
Il20,Il22ra1,9,COMMOT_CellChat; CellChatDB; CellTalkDB; LARIS_neurotransmitter; LIANA_mouseconsensus; SPIDER_internal; SpaCcLink; connectomeDB2020_lit; stCASE
Il24,Il20rb,9,COMMOT_CellChat; CellChatDB; CellTalkDB; LARIS_neurotransmitter; LIANA_mouseconsensus; SPIDER_internal; SpaCcLink; connectomeDB2020_lit; stCASE
Il24,Il22ra1,9,COMMOT_CellChat; CellChatDB; CellTalkDB; LARIS_neurotransmitter; LIANA_mouseconsensus; SPIDER_internal; SpaCcLink; connectomeDB2020_lit; stCASE
Il25,Il17rb,9,COMMOT_CellChat; CellChatDB; CellTalkDB; LARIS_neurotransmitter; LIANA_mouseconsensus; SPIDER_internal; SpaCcLink; connectomeDB2020_lit; stCASE
Il33,Il1rl1,9,COMMOT_CellChat; CellChatDB; CellTalkDB; LARIS_neurotransmitter; LIANA_mouseconsensus; SPIDER_internal; SpaCcLink; connectomeDB2020_lit; stCASE
Il34,Csf1r,9,COMMOT_CellChat; CellChatDB; CellTalkDB; LARIS_neurotransmitter; LIANA_mouseconsensus; SPIDER_internal; SpaCcLink; connectomeDB2020_lit; stCASE
Il4,Il13ra1,9,COMMOT_CellChat; CellChatDB; CellTalkDB; LARIS_neurotransmitter; LIANA_mouseconsensus; SPIDER_internal; SpaCcLink; connectomeDB2020_lit; stCASE
Il4,Il13ra2,9,COMMOT_CellChat; CellChatDB; CellTalkDB; LARIS_neurotransmitter; LIANA_mouseconsensus; SPIDER_internal; SpaCcLink; connectomeDB2020_lit; stCASE
Il5,Il5ra,9,COMMOT_CellChat; CellChatDB; CellTalkDB; LARIS_neurotransmitter; LIANA_mouseconsensus; SPIDER_internal; SpaCcLink; connectomeDB2020_lit; stCASE
Il6,Il6st,9,COMMOT_CellChat; CellChatDB; CellTalkDB; LARIS_neurotransmitter; LIANA_mouseconsensus; SPIDER_internal; SpaCcLink; connectomeDB2020_lit; stCASE
Il7,Il7r,9,COMMOT_CellChat; CellChatDB; CellTalkDB; LARIS_neurotransmitter; LIANA_mouseconsensus; SPIDER_internal; SpaCcLink; connectomeDB2020_lit; stCASE
Il9,Il9r,9,COMMOT_CellChat; CellChatDB; CellTalkDB; LARIS_neurotransmitter; LIANA_mouseconsensus; SPIDER_internal; SpaCcLink; connectomeDB2020_lit; stCASE
Inhba,Acvr2a,9,COMMOT_CellChat; CellChatDB; CellTalkDB; LARIS_neurotransmitter; LIANA_mouseconsensus; SPIDER_internal; SpaCcLink; connectomeDB2020_lit; stCASE
Inhba,Acvr2b,9,COMMOT_CellChat; CellChatDB; CellTalkDB; LARIS_neurotransmitter; LIANA_mouseconsensus; SPIDER_internal; SpaCcLink; connectomeDB2020_lit; stCASE
Inhbb,Acvr2a,9,COMMOT_CellChat; CellChatDB; CellTalkDB; LARIS_neurotransmitter; LIANA_mouseconsensus; SPIDER_internal; SpaCcLink; connectomeDB2020_lit; stCASE
Inhbb,Acvr2b,9,COMMOT_CellChat; CellChatDB; CellTalkDB; LARIS_neurotransmitter; LIANA_mouseconsensus; SPIDER_internal; SpaCcLink; connectomeDB2020_lit; stCASE
Inhbc,Acvr2a,9,COMMOT_CellChat; CellChatDB; CellTalkDB; LARIS_neurotransmitter; LIANA_mouseconsensus; SPIDER_internal; SpaCcLink; connectomeDB2020_lit; stCASE
Inhbc,Acvr2b,9,COMMOT_CellChat; CellChatDB; CellTalkDB; LARIS_neurotransmitter; LIANA_mouseconsensus; SPIDER_internal; SpaCcLink; connectomeDB2020_lit; stCASE
Insl3,Rxfp2,9,COMMOT_CellChat; CellChatDB; CellTalkDB; LARIS_neurotransmitter; LIANA_mouseconsensus; SPIDER_internal; SpaCcLink; connectomeDB2020_lit; stCASE
Insl5,Rxfp4,9,COMMOT_CellChat; CellChatDB; CellTalkDB; LARIS_neurotransmitter; LIANA_mouseconsensus; SPIDER_internal; SpaCcLink; connectomeDB2020_lit; stCASE
Jag1,Notch1,9,COMMOT_CellChat; CellChatDB; CellTalkDB; LARIS_neurotransmitter; LIANA_mouseconsensus; SPIDER_internal; SpaCcLink; connectomeDB2020_lit; stCASE
Jag1,Notch2,9,COMMOT_CellChat; CellChatDB; CellTalkDB; LARIS_neurotransmitter; LIANA_mouseconsensus; SPIDER_internal; SpaCcLink; connectomeDB2020_lit; stCASE
Jag1,Notch3,9,COMMOT_CellChat; CellChatDB; CellTalkDB; LARIS_neurotransmitter; LIANA_mouseconsensus; SPIDER_internal; SpaCcLink; connectomeDB2020_lit; stCASE
Jag1,Notch4,9,COMMOT_CellChat; CellChatDB; CellTalkDB; LARIS_neurotransmitter; LIANA_mouseconsensus; SPIDER_internal; SpaCcLink; connectomeDB2020_lit; stCASE
Jag2,Notch1,9,COMMOT_CellChat; CellChatDB; CellTalkDB; LARIS_neurotransmitter; LIANA_mouseconsensus; SPIDER_internal; SpaCcLink; connectomeDB2020_lit; stCASE
Jag2,Notch2,9,COMMOT_CellChat; CellChatDB; CellTalkDB; LARIS_neurotransmitter; LIANA_mouseconsensus; SPIDER_internal; SpaCcLink; connectomeDB2020_lit; stCASE
Jag2,Notch3,9,COMMOT_CellChat; CellChatDB; CellTalkDB; LARIS_neurotransmitter; LIANA_mouseconsensus; SPIDER_internal; SpaCcLink; connectomeDB2020_lit; stCASE
Jag2,Notch4,9,COMMOT_CellChat; CellChatDB; CellTalkDB; LARIS_neurotransmitter; LIANA_mouseconsensus; SPIDER_internal; SpaCcLink; connectomeDB2020_lit; stCASE
Lama1,Itga1,9,COMMOT_CellChat; CellChatDB; CellTalkDB; LARIS_neurotransmitter; LIANA_mouseconsensus; SPIDER_internal; SpaCcLink; connectomeDB2020_lit; stCASE
Lama1,Itga2,9,COMMOT_CellChat; CellChatDB; CellTalkDB; LARIS_neurotransmitter; LIANA_mouseconsensus; SPIDER_internal; SpaCcLink; connectomeDB2020_lit; stCASE
Lama1,Itga7,9,COMMOT_CellChat; CellChatDB; CellTalkDB; LARIS_neurotransmitter; LIANA_mouseconsensus; SPIDER_internal; SpaCcLink; connectomeDB2020_lit; stCASE
Lama1,Itgb1,9,COMMOT_CellChat; CellChatDB; CellTalkDB; LARIS_neurotransmitter; LIANA_mouseconsensus; SPIDER_internal; SpaCcLink; connectomeDB2020_lit; stCASE
Lama2,Itga7,9,COMMOT_CellChat; CellChatDB; CellTalkDB; LARIS_neurotransmitter; LIANA_mouseconsensus; SPIDER_internal; SpaCcLink; connectomeDB2020_lit; stCASE
Lama2,Itgb1,9,COMMOT_CellChat; CellChatDB; CellTalkDB; LARIS_neurotransmitter; LIANA_mouseconsensus; SPIDER_internal; SpaCcLink; connectomeDB2020_lit; stCASE
Lamb1,Itgb1,9,COMMOT_CellChat; CellChatDB; CellTalkDB; LARIS_neurotransmitter; LIANA_mouseconsensus; SPIDER_internal; SpaCcLink; connectomeDB2020_lit; stCASE
Lamc2,Itga3,9,COMMOT_CellChat; CellChatDB; CellTalkDB; LARIS_neurotransmitter; LIANA_mouseconsensus; SPIDER_internal; SpaCcLink; connectomeDB2020_lit; stCASE
Lamc2,Itga6,9,COMMOT_CellChat; CellChatDB; CellTalkDB; LARIS_neurotransmitter; LIANA_mouseconsensus; SPIDER_internal; SpaCcLink; connectomeDB2020_lit; stCASE
Lamc2,Itgb1,9,COMMOT_CellChat; CellChatDB; CellTalkDB; LARIS_neurotransmitter; LIANA_mouseconsensus; SPIDER_internal; SpaCcLink; connectomeDB2020_lit; stCASE
Lamc2,Itgb4,9,COMMOT_CellChat; CellChatDB; CellTalkDB; LARIS_neurotransmitter; LIANA_mouseconsensus; SPIDER_internal; SpaCcLink; connectomeDB2020_lit; stCASE
Lep,Lepr,9,COMMOT_CellChat; CellChatDB; CellTalkDB; LARIS_neurotransmitter; LIANA_mouseconsensus; SPIDER_internal; SpaCcLink; connectomeDB2020_lit; stCASE
Lhb,Lhcgr,9,COMMOT_CellChat; CellChatDB; CellTalkDB; LARIS_neurotransmitter; LIANA_mouseconsensus; SPIDER_internal; SpaCcLink; connectomeDB2020_lit; stCASE
Lif,Lifr,9,COMMOT_CellChat; CellChatDB; CellTalkDB; LARIS_neurotransmitter; LIANA_mouseconsensus; SPIDER_internal; SpaCcLink; connectomeDB2020_lit; stCASE
Lta,Tnfrsf1a,9,COMMOT_CellChat; CellChatDB; CellTalkDB; LARIS_neurotransmitter; LIANA_mouseconsensus; SPIDER_internal; SpaCcLink; connectomeDB2020_lit; stCASE
Lta,Tnfrsf1b,9,COMMOT_CellChat; CellChatDB; CellTalkDB; LARIS_neurotransmitter; LIANA_mouseconsensus; SPIDER_internal; SpaCcLink; connectomeDB2020_lit; stCASE
Mdk,Alk,9,COMMOT_CellChat; CellChatDB; CellTalkDB; LARIS_neurotransmitter; LIANA_mouseconsensus; SPIDER_internal; SpaCcLink; connectomeDB2020_lit; stCASE
Mdk,Itgb1,9,COMMOT_CellChat; CellChatDB; CellTalkDB; LARIS_neurotransmitter; LIANA_mouseconsensus; SPIDER_internal; SpaCcLink; connectomeDB2020_lit; stCASE
Mdk,Lrp1,9,COMMOT_CellChat; CellChatDB; CellTalkDB; LARIS_neurotransmitter; LIANA_mouseconsensus; SPIDER_internal; SpaCcLink; connectomeDB2020_lit; stCASE
Mdk,Ptprz1,9,COMMOT_CellChat; CellChatDB; CellTalkDB; LARIS_neurotransmitter; LIANA_mouseconsensus; SPIDER_internal; SpaCcLink; connectomeDB2020_lit; stCASE
Mif,Cd74,9,COMMOT_CellChat; CellChatDB; CellTalkDB; LARIS_neurotransmitter; LIANA_mouseconsensus; SPIDER_internal; SpaCcLink; connectomeDB2020_lit; stCASE
Mif,Cxcr2,9,COMMOT_CellChat; CellChatDB; CellTalkDB; LARIS_neurotransmitter; LIANA_mouseconsensus; SPIDER_internal; SpaCcLink; connectomeDB2020_lit; stCASE
Mif,Cxcr4,9,COMMOT_CellChat; CellChatDB; CellTalkDB; LARIS_neurotransmitter; LIANA_mouseconsensus; SPIDER_internal; SpaCcLink; connectomeDB2020_lit; stCASE
Mstn,Acvr2b,9,COMMOT_CellChat; CellChatDB; CellTalkDB; LARIS_neurotransmitter; LIANA_mouseconsensus; SPIDER_internal; SpaCcLink; connectomeDB2020_lit; stCASE
Ncam1,Fgfr1,9,COMMOT_CellChat; CellChatDB; CellTalkDB; LARIS_neurotransmitter; LIANA_mouseconsensus; SPIDER_internal; SpaCcLink; connectomeDB2020_lit; stCASE
Ngf,Ngfr,9,COMMOT_CellChat; CellChatDB; CellTalkDB; LARIS_neurotransmitter; LIANA_mouseconsensus; SPIDER_internal; SpaCcLink; connectomeDB2020_lit; stCASE
Ngf,Ntrk1,9,COMMOT_CellChat; CellChatDB; CellTalkDB; LARIS_neurotransmitter; LIANA_mouseconsensus; SPIDER_internal; SpaCcLink; connectomeDB2020_lit; stCASE
Nmb,Nmbr,9,COMMOT_CellChat; CellChatDB; CellTalkDB; LARIS_neurotransmitter; LIANA_mouseconsensus; SPIDER_internal; SpaCcLink; connectomeDB2020_lit; stCASE
Nms,Nmur1,9,COMMOT_CellChat; CellChatDB; CellTalkDB; LARIS_neurotransmitter; LIANA_mouseconsensus; SPIDER_internal; SpaCcLink; connectomeDB2020_lit; stCASE
Nms,Nmur2,9,COMMOT_CellChat; CellChatDB; CellTalkDB; LARIS_neurotransmitter; LIANA_mouseconsensus; SPIDER_internal; SpaCcLink; connectomeDB2020_lit; stCASE
Nmu,Nmur1,9,COMMOT_CellChat; CellChatDB; CellTalkDB; LARIS_neurotransmitter; LIANA_mouseconsensus; SPIDER_internal; SpaCcLink; connectomeDB2020_lit; stCASE
Nmu,Nmur2,9,COMMOT_CellChat; CellChatDB; CellTalkDB; LARIS_neurotransmitter; LIANA_mouseconsensus; SPIDER_internal; SpaCcLink; connectomeDB2020_lit; stCASE
Nodal,Acvr2a,9,COMMOT_CellChat; CellChatDB; CellTalkDB; LARIS_neurotransmitter; LIANA_mouseconsensus; SPIDER_internal; SpaCcLink; connectomeDB2020_lit; stCASE
Nodal,Acvr2b,9,COMMOT_CellChat; CellChatDB; CellTalkDB; LARIS_neurotransmitter; LIANA_mouseconsensus; SPIDER_internal; SpaCcLink; connectomeDB2020_lit; stCASE
Npff,Npffr1,9,COMMOT_CellChat; CellChatDB; CellTalkDB; LARIS_neurotransmitter; LIANA_mouseconsensus; SPIDER_internal; SpaCcLink; connectomeDB2020_lit; stCASE
Npff,Npffr2,9,COMMOT_CellChat; CellChatDB; CellTalkDB; LARIS_neurotransmitter; LIANA_mouseconsensus; SPIDER_internal; SpaCcLink; connectomeDB2020_lit; stCASE
Nppa,Npr1,9,COMMOT_CellChat; CellChatDB; CellTalkDB; LARIS_neurotransmitter; LIANA_mouseconsensus; SPIDER_internal; SpaCcLink; connectomeDB2020_lit; stCASE
Nppc,Npr2,9,COMMOT_CellChat; CellChatDB; CellTalkDB; LARIS_neurotransmitter; LIANA_mouseconsensus; SPIDER_internal; SpaCcLink; connectomeDB2020_lit; stCASE
Nps,Npsr1,9,COMMOT_CellChat; CellChatDB; CellTalkDB; LARIS_neurotransmitter; LIANA_mouseconsensus; SPIDER_internal; SpaCcLink; connectomeDB2020_lit; stCASE
Npvf,Npffr1,9,COMMOT_CellChat; CellChatDB; CellTalkDB; LARIS_neurotransmitter; LIANA_mouseconsensus; SPIDER_internal; SpaCcLink; connectomeDB2020_lit; stCASE
Npvf,Npffr2,9,COMMOT_CellChat; CellChatDB; CellTalkDB; LARIS_neurotransmitter; LIANA_mouseconsensus; SPIDER_internal; SpaCcLink; connectomeDB2020_lit; stCASE
Npy,Npy1r,9,COMMOT_CellChat; CellChatDB; CellTalkDB; LARIS_neurotransmitter; LIANA_mouseconsensus; SPIDER_internal; SpaCcLink; connectomeDB2020_lit; stCASE
Nrg2,Erbb3,9,COMMOT_CellChat; CellChatDB; CellTalkDB; LARIS_neurotransmitter; LIANA_mouseconsensus; SPIDER_internal; SpaCcLink; connectomeDB2020_lit; stCASE
Nrg2,Erbb4,9,COMMOT_CellChat; CellChatDB; CellTalkDB; LARIS_neurotransmitter; LIANA_mouseconsensus; SPIDER_internal; SpaCcLink; connectomeDB2020_lit; stCASE
Nrg3,Erbb4,9,COMMOT_CellChat; CellChatDB; CellTalkDB; LARIS_neurotransmitter; LIANA_mouseconsensus; SPIDER_internal; SpaCcLink; connectomeDB2020_lit; stCASE
Nrg4,Erbb4,9,COMMOT_CellChat; CellChatDB; CellTalkDB; LARIS_neurotransmitter; LIANA_mouseconsensus; SPIDER_internal; SpaCcLink; connectomeDB2020_lit; stCASE
Nrtn,Ret,9,COMMOT_CellChat; CellChatDB; CellTalkDB; LARIS_neurotransmitter; LIANA_mouseconsensus; SPIDER_internal; SpaCcLink; connectomeDB2020_lit; stCASE
Ntf3,Ntrk1,9,COMMOT_CellChat; CellChatDB; CellTalkDB; LARIS_neurotransmitter; LIANA_mouseconsensus; SPIDER_internal; SpaCcLink; connectomeDB2020_lit; stCASE
Ntf3,Ntrk2,9,COMMOT_CellChat; CellChatDB; CellTalkDB; LARIS_neurotransmitter; LIANA_mouseconsensus; SPIDER_internal; SpaCcLink; connectomeDB2020_lit; stCASE
Ntf3,Ntrk3,9,COMMOT_CellChat; CellChatDB; CellTalkDB; LARIS_neurotransmitter; LIANA_mouseconsensus; SPIDER_internal; SpaCcLink; connectomeDB2020_lit; stCASE
Nts,Ntsr1,9,COMMOT_CellChat; CellChatDB; CellTalkDB; LARIS_neurotransmitter; LIANA_mouseconsensus; SPIDER_internal; SpaCcLink; connectomeDB2020_lit; stCASE
Nts,Ntsr2,9,COMMOT_CellChat; CellChatDB; CellTalkDB; LARIS_neurotransmitter; LIANA_mouseconsensus; SPIDER_internal; SpaCcLink; connectomeDB2020_lit; stCASE
Osm,Lifr,9,COMMOT_CellChat; CellChatDB; CellTalkDB; LARIS_neurotransmitter; LIANA_mouseconsensus; SPIDER_internal; SpaCcLink; connectomeDB2020_lit; stCASE
Osm,Osmr,9,COMMOT_CellChat; CellChatDB; CellTalkDB; LARIS_neurotransmitter; LIANA_mouseconsensus; SPIDER_internal; SpaCcLink; connectomeDB2020_lit; stCASE
Oxt,Oxtr,9,COMMOT_CellChat; CellChatDB; CellTalkDB; LARIS_neurotransmitter; LIANA_mouseconsensus; SPIDER_internal; SpaCcLink; connectomeDB2020_lit; stCASE
Pdcd1lg2,Pdcd1,9,COMMOT_CellChat; CellChatDB; CellTalkDB; LARIS_neurotransmitter; LIANA_mouseconsensus; SPIDER_internal; SpaCcLink; connectomeDB2020_lit; stCASE
Pdgfa,Pdgfra,9,COMMOT_CellChat; CellChatDB; CellTalkDB; LARIS_neurotransmitter; LIANA_mouseconsensus; SPIDER_internal; SpaCcLink; connectomeDB2020_lit; stCASE
Pdgfb,Pdgfra,9,COMMOT_CellChat; CellChatDB; CellTalkDB; LARIS_neurotransmitter; LIANA_mouseconsensus; SPIDER_internal; SpaCcLink; connectomeDB2020_lit; stCASE
Pdgfb,Pdgfrb,9,COMMOT_CellChat; CellChatDB; CellTalkDB; LARIS_neurotransmitter; LIANA_mouseconsensus; SPIDER_internal; SpaCcLink; connectomeDB2020_lit; stCASE
Pdgfc,Pdgfra,9,COMMOT_CellChat; CellChatDB; CellTalkDB; LARIS_neurotransmitter; LIANA_mouseconsensus; SPIDER_internal; SpaCcLink; connectomeDB2020_lit; stCASE
Pdgfd,Pdgfrb,9,COMMOT_CellChat; CellChatDB; CellTalkDB; LARIS_neurotransmitter; LIANA_mouseconsensus; SPIDER_internal; SpaCcLink; connectomeDB2020_lit; stCASE
Pdyn,Oprk1,9,COMMOT_CellChat; CellChatDB; CellTalkDB; LARIS_neurotransmitter; LIANA_mouseconsensus; SPIDER_internal; SpaCcLink; connectomeDB2020_lit; stCASE
Pf4,Cxcr3,9,COMMOT_CellChat; CellChatDB; CellTalkDB; LARIS_neurotransmitter; LIANA_mouseconsensus; SPIDER_internal; SpaCcLink; connectomeDB2020_lit; stCASE
Pgf,Flt1,9,COMMOT_CellChat; CellChatDB; CellTalkDB; LARIS_neurotransmitter; LIANA_mouseconsensus; SPIDER_internal; SpaCcLink; connectomeDB2020_lit; stCASE
Pmch,Mchr1,9,COMMOT_CellChat; CellChatDB; CellTalkDB; LARIS_neurotransmitter; LIANA_mouseconsensus; SPIDER_internal; SpaCcLink; connectomeDB2020_lit; stCASE
Pomc,Mc1r,9,COMMOT_CellChat; CellChatDB; CellTalkDB; LARIS_neurotransmitter; LIANA_mouseconsensus; SPIDER_internal; SpaCcLink; connectomeDB2020_lit; stCASE
Pomc,Mc2r,9,COMMOT_CellChat; CellChatDB; CellTalkDB; LARIS_neurotransmitter; LIANA_mouseconsensus; SPIDER_internal; SpaCcLink; connectomeDB2020_lit; stCASE
Pomc,Oprd1,9,COMMOT_CellChat; CellChatDB; CellTalkDB; LARIS_neurotransmitter; LIANA_mouseconsensus; SPIDER_internal; SpaCcLink; connectomeDB2020_lit; stCASE
Pomc,Oprm1,9,COMMOT_CellChat; CellChatDB; CellTalkDB; LARIS_neurotransmitter; LIANA_mouseconsensus; SPIDER_internal; SpaCcLink; connectomeDB2020_lit; stCASE
Prl,Prlr,9,COMMOT_CellChat; CellChatDB; CellTalkDB; LARIS_neurotransmitter; LIANA_mouseconsensus; SPIDER_internal; SpaCcLink; connectomeDB2020_lit; stCASE
Prok1,Prokr1,9,COMMOT_CellChat; CellChatDB; CellTalkDB; LARIS_neurotransmitter; LIANA_mouseconsensus; SPIDER_internal; SpaCcLink; connectomeDB2020_lit; stCASE
Prok1,Prokr2,9,COMMOT_CellChat; CellChatDB; CellTalkDB; LARIS_neurotransmitter; LIANA_mouseconsensus; SPIDER_internal; SpaCcLink; connectomeDB2020_lit; stCASE
Prok2,Prokr1,9,COMMOT_CellChat; CellChatDB; CellTalkDB; LARIS_neurotransmitter; LIANA_mouseconsensus; SPIDER_internal; SpaCcLink; connectomeDB2020_lit; stCASE
Prok2,Prokr2,9,COMMOT_CellChat; CellChatDB; CellTalkDB; LARIS_neurotransmitter; LIANA_mouseconsensus; SPIDER_internal; SpaCcLink; connectomeDB2020_lit; stCASE
Pros1,Axl,9,COMMOT_CellChat; CellChatDB; CellTalkDB; LARIS_neurotransmitter; LIANA_mouseconsensus; SPIDER_internal; SpaCcLink; connectomeDB2020_lit; stCASE
Pspn,Ret,9,COMMOT_CellChat; CellChatDB; CellTalkDB; LARIS_neurotransmitter; LIANA_mouseconsensus; SPIDER_internal; SpaCcLink; connectomeDB2020_lit; stCASE
Pth,Pth1r,9,COMMOT_CellChat; CellChatDB; CellTalkDB; LARIS_neurotransmitter; LIANA_mouseconsensus; SPIDER_internal; SpaCcLink; connectomeDB2020_lit; stCASE
Pthlh,Pth1r,9,COMMOT_CellChat; CellChatDB; CellTalkDB; LARIS_neurotransmitter; LIANA_mouseconsensus; SPIDER_internal; SpaCcLink; connectomeDB2020_lit; stCASE
Ptn,Alk,9,COMMOT_CellChat; CellChatDB; CellTalkDB; LARIS_neurotransmitter; LIANA_mouseconsensus; SPIDER_internal; SpaCcLink; connectomeDB2020_lit; stCASE
Ptn,Ptprz1,9,COMMOT_CellChat; CellChatDB; CellTalkDB; LARIS_neurotransmitter; LIANA_mouseconsensus; SPIDER_internal; SpaCcLink; connectomeDB2020_lit; stCASE
Pyy,Npy1r,9,COMMOT_CellChat; CellChatDB; CellTalkDB; LARIS_neurotransmitter; LIANA_mouseconsensus; SPIDER_internal; SpaCcLink; connectomeDB2020_lit; stCASE
Qrfp,Qrfpr,9,COMMOT_CellChat; CellChatDB; CellTalkDB; LARIS_neurotransmitter; LIANA_mouseconsensus; SPIDER_internal; SpaCcLink; connectomeDB2020_lit; stCASE
Reln,Itgb1,9,COMMOT_CellChat; CellChatDB; CellTalkDB; LARIS_neurotransmitter; LIANA_mouseconsensus; SPIDER_internal; SpaCcLink; connectomeDB2020_lit; stCASE
Rln3,Rxfp1,9,COMMOT_CellChat; CellChatDB; CellTalkDB; LARIS_neurotransmitter; LIANA_mouseconsensus; SPIDER_internal; SpaCcLink; connectomeDB2020_lit; stCASE
Rln3,Rxfp2,9,COMMOT_CellChat; CellChatDB; CellTalkDB; LARIS_neurotransmitter; LIANA_mouseconsensus; SPIDER_internal; SpaCcLink; connectomeDB2020_lit; stCASE
Rln3,Rxfp3,9,COMMOT_CellChat; CellChatDB; CellTalkDB; LARIS_neurotransmitter; LIANA_mouseconsensus; SPIDER_internal; SpaCcLink; connectomeDB2020_lit; stCASE
Rln3,Rxfp4,9,COMMOT_CellChat; CellChatDB; CellTalkDB; LARIS_neurotransmitter; LIANA_mouseconsensus; SPIDER_internal; SpaCcLink; connectomeDB2020_lit; stCASE
Sema3a,Plxna1,9,COMMOT_CellChat; CellChatDB; CellTalkDB; LARIS_neurotransmitter; LIANA_mouseconsensus; SPIDER_internal; SpaCcLink; connectomeDB2020_lit; stCASE
Sema3a,Plxna2,9,COMMOT_CellChat; CellChatDB; CellTalkDB; LARIS_neurotransmitter; LIANA_mouseconsensus; SPIDER_internal; SpaCcLink; connectomeDB2020_lit; stCASE
Sema3a,Plxna4,9,COMMOT_CellChat; CellChatDB; CellTalkDB; LARIS_neurotransmitter; LIANA_mouseconsensus; SPIDER_internal; SpaCcLink; connectomeDB2020_lit; stCASE
Sema3c,Nrp1,9,COMMOT_CellChat; CellChatDB; CellTalkDB; LARIS_neurotransmitter; LIANA_mouseconsensus; SPIDER_internal; SpaCcLink; connectomeDB2020_lit; stCASE
Sema3c,Plxnd1,9,COMMOT_CellChat; CellChatDB; CellTalkDB; LARIS_neurotransmitter; LIANA_mouseconsensus; SPIDER_internal; SpaCcLink; connectomeDB2020_lit; stCASE
Sema3d,Nrp1,9,COMMOT_CellChat; CellChatDB; CellTalkDB; LARIS_neurotransmitter; LIANA_mouseconsensus; SPIDER_internal; SpaCcLink; connectomeDB2020_lit; stCASE
Sema3e,Plxnd1,9,COMMOT_CellChat; CellChatDB; CellTalkDB; LARIS_neurotransmitter; LIANA_mouseconsensus; SPIDER_internal; SpaCcLink; connectomeDB2020_lit; stCASE
Sema3f,Plxna3,9,COMMOT_CellChat; CellChatDB; CellTalkDB; LARIS_neurotransmitter; LIANA_mouseconsensus; SPIDER_internal; SpaCcLink; connectomeDB2020_lit; stCASE
Sema4a,Plxnb1,9,COMMOT_CellChat; CellChatDB; CellTalkDB; LARIS_neurotransmitter; LIANA_mouseconsensus; SPIDER_internal; SpaCcLink; connectomeDB2020_lit; stCASE
Sema4a,Plxnb2,9,COMMOT_CellChat; CellChatDB; CellTalkDB; LARIS_neurotransmitter; LIANA_mouseconsensus; SPIDER_internal; SpaCcLink; connectomeDB2020_lit; stCASE
Sema4c,Plxnb2,9,COMMOT_CellChat; CellChatDB; CellTalkDB; LARIS_neurotransmitter; LIANA_mouseconsensus; SPIDER_internal; SpaCcLink; connectomeDB2020_lit; stCASE
Sema4d,Plxnb1,9,COMMOT_CellChat; CellChatDB; CellTalkDB; LARIS_neurotransmitter; LIANA_mouseconsensus; SPIDER_internal; SpaCcLink; connectomeDB2020_lit; stCASE
Sema4d,Plxnb2,9,COMMOT_CellChat; CellChatDB; CellTalkDB; LARIS_neurotransmitter; LIANA_mouseconsensus; SPIDER_internal; SpaCcLink; connectomeDB2020_lit; stCASE
Sema4g,Plxnb2,9,COMMOT_CellChat; CellChatDB; CellTalkDB; LARIS_neurotransmitter; LIANA_mouseconsensus; SPIDER_internal; SpaCcLink; connectomeDB2020_lit; stCASE
Sema5a,Plxnb3,9,COMMOT_CellChat; CellChatDB; CellTalkDB; LARIS_neurotransmitter; LIANA_mouseconsensus; SPIDER_internal; SpaCcLink; connectomeDB2020_lit; stCASE
Sema6a,Plxna2,9,COMMOT_CellChat; CellChatDB; CellTalkDB; LARIS_neurotransmitter; LIANA_mouseconsensus; SPIDER_internal; SpaCcLink; connectomeDB2020_lit; stCASE
Sema6a,Plxna4,9,COMMOT_CellChat; CellChatDB; CellTalkDB; LARIS_neurotransmitter; LIANA_mouseconsensus; SPIDER_internal; SpaCcLink; connectomeDB2020_lit; stCASE
Sema6d,Plxna1,9,COMMOT_CellChat; CellChatDB; CellTalkDB; LARIS_neurotransmitter; LIANA_mouseconsensus; SPIDER_internal; SpaCcLink; connectomeDB2020_lit; stCASE
Sema6d,Trem2,9,COMMOT_CellChat; CellChatDB; CellTalkDB; LARIS_neurotransmitter; LIANA_mouseconsensus; SPIDER_internal; SpaCcLink; connectomeDB2020_lit; stCASE
Shh,Smo,9,COMMOT_CellChat; CellChatDB; CellTalkDB; LARIS_neurotransmitter; LIANA_mouseconsensus; SPIDER_internal; SpaCcLink; connectomeDB2020_lit; stCASE
Slurp1,Chrna7,9,COMMOT_CellChat; CellChatDB; CellTalkDB; LARIS_neurotransmitter; LIANA_mouseconsensus; SPIDER_internal; SpaCcLink; connectomeDB2020_lit; stCASE
Spp1,Cd44,9,COMMOT_CellChat; CellChatDB; CellTalkDB; LARIS_neurotransmitter; LIANA_mouseconsensus; SPIDER_internal; SpaCcLink; connectomeDB2020_lit; stCASE
Spp1,Itgb1,9,COMMOT_CellChat; CellChatDB; CellTalkDB; LARIS_neurotransmitter; LIANA_mouseconsensus; SPIDER_internal; SpaCcLink; connectomeDB2020_lit; stCASE
Spp1,Itgb3,9,COMMOT_CellChat; CellChatDB; CellTalkDB; LARIS_neurotransmitter; LIANA_mouseconsensus; SPIDER_internal; SpaCcLink; connectomeDB2020_lit; stCASE
Spp1,Itgb5,9,COMMOT_CellChat; CellChatDB; CellTalkDB; LARIS_neurotransmitter; LIANA_mouseconsensus; SPIDER_internal; SpaCcLink; connectomeDB2020_lit; stCASE
Sst,Sstr1,9,COMMOT_CellChat; CellChatDB; CellTalkDB; LARIS_neurotransmitter; LIANA_mouseconsensus; SPIDER_internal; SpaCcLink; connectomeDB2020_lit; stCASE
Sst,Sstr2,9,COMMOT_CellChat; CellChatDB; CellTalkDB; LARIS_neurotransmitter; LIANA_mouseconsensus; SPIDER_internal; SpaCcLink; connectomeDB2020_lit; stCASE
Sst,Sstr3,9,COMMOT_CellChat; CellChatDB; CellTalkDB; LARIS_neurotransmitter; LIANA_mouseconsensus; SPIDER_internal; SpaCcLink; connectomeDB2020_lit; stCASE
Sst,Sstr5,9,COMMOT_CellChat; CellChatDB; CellTalkDB; LARIS_neurotransmitter; LIANA_mouseconsensus; SPIDER_internal; SpaCcLink; connectomeDB2020_lit; stCASE
Tac1,Tacr1,9,COMMOT_CellChat; CellChatDB; CellTalkDB; LARIS_neurotransmitter; LIANA_mouseconsensus; SPIDER_internal; SpaCcLink; connectomeDB2020_lit; stCASE
Tac1,Tacr2,9,COMMOT_CellChat; CellChatDB; CellTalkDB; LARIS_neurotransmitter; LIANA_mouseconsensus; SPIDER_internal; SpaCcLink; connectomeDB2020_lit; stCASE
Tgfa,Egfr,9,COMMOT_CellChat; CellChatDB; CellTalkDB; LARIS_neurotransmitter; LIANA_mouseconsensus; SPIDER_internal; SpaCcLink; connectomeDB2020_lit; stCASE
Tgfa,Erbb2,9,COMMOT_CellChat; CellChatDB; CellTalkDB; LARIS_neurotransmitter; LIANA_mouseconsensus; SPIDER_internal; SpaCcLink; connectomeDB2020_lit; stCASE
Tgfb3,Tgfbr1,9,COMMOT_CellChat; CellChatDB; CellTalkDB; LARIS_neurotransmitter; LIANA_mouseconsensus; SPIDER_internal; SpaCcLink; connectomeDB2020_lit; stCASE
Thbs1,Cd36,9,COMMOT_CellChat; CellChatDB; CellTalkDB; LARIS_neurotransmitter; LIANA_mouseconsensus; SPIDER_internal; SpaCcLink; connectomeDB2020_lit; stCASE
Thbs1,Cd47,9,COMMOT_CellChat; CellChatDB; CellTalkDB; LARIS_neurotransmitter; LIANA_mouseconsensus; SPIDER_internal; SpaCcLink; connectomeDB2020_lit; stCASE
Thbs1,Itga3,9,COMMOT_CellChat; CellChatDB; CellTalkDB; LARIS_neurotransmitter; LIANA_mouseconsensus; SPIDER_internal; SpaCcLink; connectomeDB2020_lit; stCASE
Thbs1,Itgb1,9,COMMOT_CellChat; CellChatDB; CellTalkDB; LARIS_neurotransmitter; LIANA_mouseconsensus; SPIDER_internal; SpaCcLink; connectomeDB2020_lit; stCASE
Thbs1,Itgb3,9,COMMOT_CellChat; CellChatDB; CellTalkDB; LARIS_neurotransmitter; LIANA_mouseconsensus; SPIDER_internal; SpaCcLink; connectomeDB2020_lit; stCASE
Thbs1,Sdc1,9,COMMOT_CellChat; CellChatDB; CellTalkDB; LARIS_neurotransmitter; LIANA_mouseconsensus; SPIDER_internal; SpaCcLink; connectomeDB2020_lit; stCASE
Thpo,Mpl,9,COMMOT_CellChat; CellChatDB; CellTalkDB; LARIS_neurotransmitter; LIANA_mouseconsensus; SPIDER_internal; SpaCcLink; connectomeDB2020_lit; stCASE
Tnc,Itgav,9,COMMOT_CellChat; CellChatDB; CellTalkDB; LARIS_neurotransmitter; LIANA_mouseconsensus; SPIDER_internal; SpaCcLink; connectomeDB2020_lit; stCASE
Tnc,Itgb1,9,COMMOT_CellChat; CellChatDB; CellTalkDB; LARIS_neurotransmitter; LIANA_mouseconsensus; SPIDER_internal; SpaCcLink; connectomeDB2020_lit; stCASE
Tnc,Itgb3,9,COMMOT_CellChat; CellChatDB; CellTalkDB; LARIS_neurotransmitter; LIANA_mouseconsensus; SPIDER_internal; SpaCcLink; connectomeDB2020_lit; stCASE
Tnf,Tnfrsf1a,9,COMMOT_CellChat; CellChatDB; CellTalkDB; LARIS_neurotransmitter; LIANA_mouseconsensus; SPIDER_internal; SpaCcLink; connectomeDB2020_lit; stCASE
Tnf,Tnfrsf1b,9,COMMOT_CellChat; CellChatDB; CellTalkDB; LARIS_neurotransmitter; LIANA_mouseconsensus; SPIDER_internal; SpaCcLink; connectomeDB2020_lit; stCASE
Tnfsf10,Tnfrsf10b,9,COMMOT_CellChat; CellChatDB; CellTalkDB; LARIS_neurotransmitter; LIANA_mouseconsensus; SPIDER_internal; SpaCcLink; connectomeDB2020_lit; stCASE
Tnfsf11,Tnfrsf11a,9,COMMOT_CellChat; CellChatDB; CellTalkDB; LARIS_neurotransmitter; LIANA_mouseconsensus; SPIDER_internal; SpaCcLink; connectomeDB2020_lit; stCASE
Tnfsf11,Tnfrsf11b,9,COMMOT_CellChat; CellChatDB; CellTalkDB; LARIS_neurotransmitter; LIANA_mouseconsensus; SPIDER_internal; SpaCcLink; connectomeDB2020_lit; stCASE
Tnfsf12,Tnfrsf12a,9,COMMOT_CellChat; CellChatDB; CellTalkDB; LARIS_neurotransmitter; LIANA_mouseconsensus; SPIDER_internal; SpaCcLink; connectomeDB2020_lit; stCASE
Tnfsf13b,Tnfrsf13c,9,COMMOT_CellChat; CellChatDB; CellTalkDB; LARIS_neurotransmitter; LIANA_mouseconsensus; SPIDER_internal; SpaCcLink; connectomeDB2020_lit; stCASE
Tnfsf14,Ltbr,9,COMMOT_CellChat; CellChatDB; CellTalkDB; LARIS_neurotransmitter; LIANA_mouseconsensus; SPIDER_internal; SpaCcLink; connectomeDB2020_lit; stCASE
Trh,Trhr,9,COMMOT_CellChat; CellChatDB; CellTalkDB; LARIS_neurotransmitter; LIANA_mouseconsensus; SPIDER_internal; SpaCcLink; connectomeDB2020_lit; stCASE
Tslp,Crlf2,9,COMMOT_CellChat; CellChatDB; CellTalkDB; LARIS_neurotransmitter; LIANA_mouseconsensus; SPIDER_internal; SpaCcLink; connectomeDB2020_lit; stCASE
Tslp,Il7r,9,COMMOT_CellChat; CellChatDB; CellTalkDB; LARIS_neurotransmitter; LIANA_mouseconsensus; SPIDER_internal; SpaCcLink; connectomeDB2020_lit; stCASE
Ucn,Crhr1,9,COMMOT_CellChat; CellChatDB; CellTalkDB; LARIS_neurotransmitter; LIANA_mouseconsensus; SPIDER_internal; SpaCcLink; connectomeDB2020_lit; stCASE
Ucn,Crhr2,9,COMMOT_CellChat; CellChatDB; CellTalkDB; LARIS_neurotransmitter; LIANA_mouseconsensus; SPIDER_internal; SpaCcLink; connectomeDB2020_lit; stCASE
Ucn2,Crhr1,9,COMMOT_CellChat; CellChatDB; CellTalkDB; LARIS_neurotransmitter; LIANA_mouseconsensus; SPIDER_internal; SpaCcLink; connectomeDB2020_lit; stCASE
Ucn2,Crhr2,9,COMMOT_CellChat; CellChatDB; CellTalkDB; LARIS_neurotransmitter; LIANA_mouseconsensus; SPIDER_internal; SpaCcLink; connectomeDB2020_lit; stCASE
Ucn3,Crhr1,9,COMMOT_CellChat; CellChatDB; CellTalkDB; LARIS_neurotransmitter; LIANA_mouseconsensus; SPIDER_internal; SpaCcLink; connectomeDB2020_lit; stCASE
Ucn3,Crhr2,9,COMMOT_CellChat; CellChatDB; CellTalkDB; LARIS_neurotransmitter; LIANA_mouseconsensus; SPIDER_internal; SpaCcLink; connectomeDB2020_lit; stCASE
Uts2,Uts2r,9,COMMOT_CellChat; CellChatDB; CellTalkDB; LARIS_neurotransmitter; LIANA_mouseconsensus; SPIDER_internal; SpaCcLink; connectomeDB2020_lit; stCASE
Uts2b,Uts2r,9,COMMOT_CellChat; CellChatDB; CellTalkDB; LARIS_neurotransmitter; LIANA_mouseconsensus; SPIDER_internal; SpaCcLink; connectomeDB2020_lit; stCASE
Vegfa,Flt1,9,COMMOT_CellChat; CellChatDB; CellTalkDB; LARIS_neurotransmitter; LIANA_mouseconsensus; SPIDER_internal; SpaCcLink; connectomeDB2020_lit; stCASE
Vegfa,Kdr,9,COMMOT_CellChat; CellChatDB; CellTalkDB; LARIS_neurotransmitter; LIANA_mouseconsensus; SPIDER_internal; SpaCcLink; connectomeDB2020_lit; stCASE
Vegfb,Flt1,9,COMMOT_CellChat; CellChatDB; CellTalkDB; LARIS_neurotransmitter; LIANA_mouseconsensus; SPIDER_internal; SpaCcLink; connectomeDB2020_lit; stCASE
Vegfc,Flt4,9,COMMOT_CellChat; CellChatDB; CellTalkDB; LARIS_neurotransmitter; LIANA_mouseconsensus; SPIDER_internal; SpaCcLink; connectomeDB2020_lit; stCASE
Vegfc,Kdr,9,COMMOT_CellChat; CellChatDB; CellTalkDB; LARIS_neurotransmitter; LIANA_mouseconsensus; SPIDER_internal; SpaCcLink; connectomeDB2020_lit; stCASE
Vip,Vipr1,9,COMMOT_CellChat; CellChatDB; CellTalkDB; LARIS_neurotransmitter; LIANA_mouseconsensus; SPIDER_internal; SpaCcLink; connectomeDB2020_lit; stCASE
Vip,Vipr2,9,COMMOT_CellChat; CellChatDB; CellTalkDB; LARIS_neurotransmitter; LIANA_mouseconsensus; SPIDER_internal; SpaCcLink; connectomeDB2020_lit; stCASE
Wnt1,Fzd8,9,COMMOT_CellChat; CellChatDB; CellTalkDB; LARIS_neurotransmitter; LIANA_mouseconsensus; SPIDER_internal; SpaCcLink; connectomeDB2020_lit; stCASE
Wnt1,Fzd9,9,COMMOT_CellChat; CellChatDB; CellTalkDB; LARIS_neurotransmitter; LIANA_mouseconsensus; SPIDER_internal; SpaCcLink; connectomeDB2020_lit; stCASE
Wnt1,Lrp6,9,COMMOT_CellChat; CellChatDB; CellTalkDB; LARIS_neurotransmitter; LIANA_mouseconsensus; SPIDER_internal; SpaCcLink; connectomeDB2020_lit; stCASE
Wnt11,Fzd7,9,COMMOT_CellChat; CellChatDB; CellTalkDB; LARIS_neurotransmitter; LIANA_mouseconsensus; SPIDER_internal; SpaCcLink; connectomeDB2020_lit; stCASE
Wnt2,Fzd2,9,COMMOT_CellChat; CellChatDB; CellTalkDB; LARIS_neurotransmitter; LIANA_mouseconsensus; SPIDER_internal; SpaCcLink; connectomeDB2020_lit; stCASE
Wnt2,Fzd3,9,COMMOT_CellChat; CellChatDB; CellTalkDB; LARIS_neurotransmitter; LIANA_mouseconsensus; SPIDER_internal; SpaCcLink; connectomeDB2020_lit; stCASE
Wnt2,Fzd4,9,COMMOT_CellChat; CellChatDB; CellTalkDB; LARIS_neurotransmitter; LIANA_mouseconsensus; SPIDER_internal; SpaCcLink; connectomeDB2020_lit; stCASE
Wnt2,Fzd5,9,COMMOT_CellChat; CellChatDB; CellTalkDB; LARIS_neurotransmitter; LIANA_mouseconsensus; SPIDER_internal; SpaCcLink; connectomeDB2020_lit; stCASE
Wnt2,Fzd7,9,COMMOT_CellChat; CellChatDB; CellTalkDB; LARIS_neurotransmitter; LIANA_mouseconsensus; SPIDER_internal; SpaCcLink; connectomeDB2020_lit; stCASE
Wnt2,Fzd8,9,COMMOT_CellChat; CellChatDB; CellTalkDB; LARIS_neurotransmitter; LIANA_mouseconsensus; SPIDER_internal; SpaCcLink; connectomeDB2020_lit; stCASE
Wnt2,Fzd9,9,COMMOT_CellChat; CellChatDB; CellTalkDB; LARIS_neurotransmitter; LIANA_mouseconsensus; SPIDER_internal; SpaCcLink; connectomeDB2020_lit; stCASE
Wnt2b,Fzd4,9,COMMOT_CellChat; CellChatDB; CellTalkDB; LARIS_neurotransmitter; LIANA_mouseconsensus; SPIDER_internal; SpaCcLink; connectomeDB2020_lit; stCASE
Wnt3,Fzd7,9,COMMOT_CellChat; CellChatDB; CellTalkDB; LARIS_neurotransmitter; LIANA_mouseconsensus; SPIDER_internal; SpaCcLink; connectomeDB2020_lit; stCASE
Wnt3,Fzd8,9,COMMOT_CellChat; CellChatDB; CellTalkDB; LARIS_neurotransmitter; LIANA_mouseconsensus; SPIDER_internal; SpaCcLink; connectomeDB2020_lit; stCASE
Wnt3,Lrp6,9,COMMOT_CellChat; CellChatDB; CellTalkDB; LARIS_neurotransmitter; LIANA_mouseconsensus; SPIDER_internal; SpaCcLink; connectomeDB2020_lit; stCASE
Wnt3a,Fzd2,9,COMMOT_CellChat; CellChatDB; CellTalkDB; LARIS_neurotransmitter; LIANA_mouseconsensus; SPIDER_internal; SpaCcLink; connectomeDB2020_lit; stCASE
Wnt3a,Fzd5,9,COMMOT_CellChat; CellChatDB; CellTalkDB; LARIS_neurotransmitter; LIANA_mouseconsensus; SPIDER_internal; SpaCcLink; connectomeDB2020_lit; stCASE
Wnt3a,Fzd6,9,COMMOT_CellChat; CellChatDB; CellTalkDB; LARIS_neurotransmitter; LIANA_mouseconsensus; SPIDER_internal; SpaCcLink; connectomeDB2020_lit; stCASE
Wnt3a,Fzd7,9,COMMOT_CellChat; CellChatDB; CellTalkDB; LARIS_neurotransmitter; LIANA_mouseconsensus; SPIDER_internal; SpaCcLink; connectomeDB2020_lit; stCASE
Wnt3a,Fzd8,9,COMMOT_CellChat; CellChatDB; CellTalkDB; LARIS_neurotransmitter; LIANA_mouseconsensus; SPIDER_internal; SpaCcLink; connectomeDB2020_lit; stCASE
Wnt3a,Lrp6,9,COMMOT_CellChat; CellChatDB; CellTalkDB; LARIS_neurotransmitter; LIANA_mouseconsensus; SPIDER_internal; SpaCcLink; connectomeDB2020_lit; stCASE
Wnt4,Fzd2,9,COMMOT_CellChat; CellChatDB; CellTalkDB; LARIS_neurotransmitter; LIANA_mouseconsensus; SPIDER_internal; SpaCcLink; connectomeDB2020_lit; stCASE
Wnt4,Fzd6,9,COMMOT_CellChat; CellChatDB; CellTalkDB; LARIS_neurotransmitter; LIANA_mouseconsensus; SPIDER_internal; SpaCcLink; connectomeDB2020_lit; stCASE
Wnt5a,Fzd1,9,COMMOT_CellChat; CellChatDB; CellTalkDB; LARIS_neurotransmitter; LIANA_mouseconsensus; SPIDER_internal; SpaCcLink; connectomeDB2020_lit; stCASE
Wnt5a,Fzd2,9,COMMOT_CellChat; CellChatDB; CellTalkDB; LARIS_neurotransmitter; LIANA_mouseconsensus; SPIDER_internal; SpaCcLink; connectomeDB2020_lit; stCASE
Wnt5a,Fzd3,9,COMMOT_CellChat; CellChatDB; CellTalkDB; LARIS_neurotransmitter; LIANA_mouseconsensus; SPIDER_internal; SpaCcLink; connectomeDB2020_lit; stCASE
Wnt5a,Fzd4,9,COMMOT_CellChat; CellChatDB; CellTalkDB; LARIS_neurotransmitter; LIANA_mouseconsensus; SPIDER_internal; SpaCcLink; connectomeDB2020_lit; stCASE
Wnt5a,Fzd5,9,COMMOT_CellChat; CellChatDB; CellTalkDB; LARIS_neurotransmitter; LIANA_mouseconsensus; SPIDER_internal; SpaCcLink; connectomeDB2020_lit; stCASE
Wnt5a,Fzd6,9,COMMOT_CellChat; CellChatDB; CellTalkDB; LARIS_neurotransmitter; LIANA_mouseconsensus; SPIDER_internal; SpaCcLink; connectomeDB2020_lit; stCASE
Wnt5a,Fzd7,9,COMMOT_CellChat; CellChatDB; CellTalkDB; LARIS_neurotransmitter; LIANA_mouseconsensus; SPIDER_internal; SpaCcLink; connectomeDB2020_lit; stCASE
Wnt5a,Fzd8,9,COMMOT_CellChat; CellChatDB; CellTalkDB; LARIS_neurotransmitter; LIANA_mouseconsensus; SPIDER_internal; SpaCcLink; connectomeDB2020_lit; stCASE
Wnt7a,Fzd5,9,COMMOT_CellChat; CellChatDB; CellTalkDB; LARIS_neurotransmitter; LIANA_mouseconsensus; SPIDER_internal; SpaCcLink; connectomeDB2020_lit; stCASE
Wnt7a,Fzd9,9,COMMOT_CellChat; CellChatDB; CellTalkDB; LARIS_neurotransmitter; LIANA_mouseconsensus; SPIDER_internal; SpaCcLink; connectomeDB2020_lit; stCASE
Wnt7b,Fzd10,9,COMMOT_CellChat; CellChatDB; CellTalkDB; LARIS_neurotransmitter; LIANA_mouseconsensus; SPIDER_internal; SpaCcLink; connectomeDB2020_lit; stCASE
Wnt7b,Fzd4,9,COMMOT_CellChat; CellChatDB; CellTalkDB; LARIS_neurotransmitter; LIANA_mouseconsensus; SPIDER_internal; SpaCcLink; connectomeDB2020_lit; stCASE
Wnt7b,Lrp5,9,COMMOT_CellChat; CellChatDB; CellTalkDB; LARIS_neurotransmitter; LIANA_mouseconsensus; SPIDER_internal; SpaCcLink; connectomeDB2020_lit; stCASE
Wnt9b,Fzd5,9,COMMOT_CellChat; CellChatDB; CellTalkDB; LARIS_neurotransmitter; LIANA_mouseconsensus; SPIDER_internal; SpaCcLink; connectomeDB2020_lit; stCASE
Xcl1,Xcr1,9,COMMOT_CellChat; CellChatDB; CellTalkDB; LARIS_neurotransmitter; LIANA_mouseconsensus; SPIDER_internal; SpaCcLink; connectomeDB2020_lit; stCASE
Agt,Agtr1a,8,COMMOT_CellChat; CellChatDB; CellTalkDB; LARIS_neurotransmitter; LIANA_mouseconsensus; SPIDER_internal; SpaCcLink; stCASE
Agt,Agtr2,8,CellChatDB; CellTalkDB; LARIS_neurotransmitter; LIANA_mouseconsensus; SPIDER_internal; SpaCcLink; connectomeDB2020_lit; stCASE
Agt,Mas1,8,COMMOT_CellChat; CellChatDB; CellTalkDB; LARIS_neurotransmitter; LIANA_mouseconsensus; SPIDER_internal; connectomeDB2020_lit; stCASE
Amh,Acvr1,8,COMMOT_CellChat; CellChatDB; CellTalkDB; LARIS_neurotransmitter; LIANA_mouseconsensus; SPIDER_internal; SpaCcLink; connectomeDB2020_lit
Amh,Bmpr1a,8,COMMOT_CellChat; CellChatDB; CellTalkDB; LARIS_neurotransmitter; LIANA_mouseconsensus; SPIDER_internal; SpaCcLink; stCASE
Angpt2,Itgb1,8,COMMOT_CellChat; CellChatDB; CellTalkDB; LARIS_neurotransmitter; LIANA_mouseconsensus; SPIDER_internal; SpaCcLink; stCASE
Angptl3,Itgav,8,COMMOT_CellChat; CellChatDB; CellTalkDB; LARIS_neurotransmitter; LIANA_mouseconsensus; SPIDER_internal; SpaCcLink; connectomeDB2020_lit
Anxa1,Fpr2,8,COMMOT_CellChat; CellChatDB; CellTalkDB; LARIS_neurotransmitter; SPIDER_internal; SpaCcLink; connectomeDB2020_lit; stCASE
Areg,Erbb2,8,COMMOT_CellChat; CellChatDB; CellTalkDB; LARIS_neurotransmitter; LIANA_mouseconsensus; SPIDER_internal; SpaCcLink; stCASE
Artn,Gfra1,8,COMMOT_CellChat; CellChatDB; CellTalkDB; LARIS_neurotransmitter; LIANA_mouseconsensus; SPIDER_internal; SpaCcLink; connectomeDB2020_lit
Artn,Gfra3,8,COMMOT_CellChat; CellChatDB; CellTalkDB; LARIS_neurotransmitter; LIANA_mouseconsensus; SPIDER_internal; SpaCcLink; connectomeDB2020_lit
Bdnf,Ngfr,8,CellChatDB; CellTalkDB; LARIS_neurotransmitter; LIANA_mouseconsensus; SPIDER_internal; SpaCcLink; connectomeDB2020_lit; stCASE
Bdnf,Sort1,8,CellChatDB; CellTalkDB; LARIS_neurotransmitter; LIANA_mouseconsensus; SPIDER_internal; SpaCcLink; connectomeDB2020_lit; stCASE
Bmp10,Acvrl1,8,COMMOT_CellChat; CellChatDB; CellTalkDB; LARIS_neurotransmitter; LIANA_mouseconsensus; SPIDER_internal; SpaCcLink; connectomeDB2020_lit
Bmp15,Bmpr1b,8,COMMOT_CellChat; CellChatDB; CellTalkDB; LARIS_neurotransmitter; LIANA_mouseconsensus; SPIDER_internal; SpaCcLink; connectomeDB2020_lit
Bmp2,Bmpr1a,8,COMMOT_CellChat; CellChatDB; CellTalkDB; LARIS_neurotransmitter; LIANA_mouseconsensus; SPIDER_internal; SpaCcLink; connectomeDB2020_lit
Bmp2,Bmpr1b,8,COMMOT_CellChat; CellChatDB; CellTalkDB; LARIS_neurotransmitter; LIANA_mouseconsensus; SPIDER_internal; SpaCcLink; connectomeDB2020_lit
Bmp4,Acvr2a,8,COMMOT_CellChat; CellChatDB; CellTalkDB; LARIS_neurotransmitter; LIANA_mouseconsensus; SPIDER_internal; SpaCcLink; stCASE
Bmp4,Bmpr1a,8,COMMOT_CellChat; CellChatDB; CellTalkDB; LARIS_neurotransmitter; LIANA_mouseconsensus; SPIDER_internal; SpaCcLink; connectomeDB2020_lit
Bmp4,Bmpr1b,8,COMMOT_CellChat; CellChatDB; CellTalkDB; LARIS_neurotransmitter; LIANA_mouseconsensus; SPIDER_internal; SpaCcLink; connectomeDB2020_lit
Bmp5,Bmpr2,8,COMMOT_CellChat; CellChatDB; CellTalkDB; LARIS_neurotransmitter; LIANA_mouseconsensus; SPIDER_internal; SpaCcLink; stCASE
Bmp6,Acvr1,8,COMMOT_CellChat; CellChatDB; CellTalkDB; LARIS_neurotransmitter; LIANA_mouseconsensus; SPIDER_internal; SpaCcLink; connectomeDB2020_lit
Bmp6,Acvr2b,8,COMMOT_CellChat; CellChatDB; CellTalkDB; LARIS_neurotransmitter; LIANA_mouseconsensus; SPIDER_internal; SpaCcLink; stCASE
Bmp6,Bmpr1a,8,COMMOT_CellChat; CellChatDB; CellTalkDB; LARIS_neurotransmitter; LIANA_mouseconsensus; SPIDER_internal; SpaCcLink; connectomeDB2020_lit
Bmp6,Bmpr1b,8,COMMOT_CellChat; CellChatDB; CellTalkDB; LARIS_neurotransmitter; LIANA_mouseconsensus; SPIDER_internal; SpaCcLink; connectomeDB2020_lit
Bmp7,Acvr1,8,COMMOT_CellChat; CellChatDB; CellTalkDB; LARIS_neurotransmitter; LIANA_mouseconsensus; SPIDER_internal; SpaCcLink; connectomeDB2020_lit
Bmp7,Bmpr1a,8,COMMOT_CellChat; CellChatDB; CellTalkDB; LARIS_neurotransmitter; LIANA_mouseconsensus; SPIDER_internal; SpaCcLink; connectomeDB2020_lit
Bmp7,Bmpr1b,8,COMMOT_CellChat; CellChatDB; CellTalkDB; LARIS_neurotransmitter; LIANA_mouseconsensus; SPIDER_internal; SpaCcLink; connectomeDB2020_lit
Bmp8a,Bmpr1a,8,COMMOT_CellChat; CellChatDB; CellTalkDB; LARIS_neurotransmitter; LIANA_mouseconsensus; SPIDER_internal; SpaCcLink; connectomeDB2020_lit
Btla,Tnfrsf14,8,COMMOT_CellChat; CellChatDB; CellTalkDB; LARIS_neurotransmitter; LIANA_mouseconsensus; SPIDER_internal; SpaCcLink; connectomeDB2020_lit
C3,Cr2,8,COMMOT_CellChat; CellChatDB; CellTalkDB; LARIS_neurotransmitter; LIANA_mouseconsensus; SPIDER_internal; connectomeDB2020_lit; stCASE
C3,Itgam,8,COMMOT_CellChat; CellChatDB; CellTalkDB; LARIS_neurotransmitter; LIANA_mouseconsensus; SPIDER_internal; SpaCcLink; connectomeDB2020_lit
Calca,Calcrl,8,COMMOT_CellChat; CellChatDB; CellTalkDB; LIANA_mouseconsensus; SPIDER_internal; SpaCcLink; connectomeDB2020_lit; stCASE
Ccl1,Ccr8,8,COMMOT_CellChat; CellChatDB; CellTalkDB; LARIS_neurotransmitter; LIANA_mouseconsensus; SPIDER_internal; SpaCcLink; connectomeDB2020_lit
Ccl12,Ccr2,8,COMMOT_CellChat; CellChatDB; CellTalkDB; LARIS_neurotransmitter; LIANA_mouseconsensus; SPIDER_internal; SpaCcLink; stCASE
Ccl19,Ccr7,8,COMMOT_CellChat; CellChatDB; CellTalkDB; LARIS_neurotransmitter; SPIDER_internal; SpaCcLink; connectomeDB2020_lit; stCASE
Ccl24,Ackr2,8,COMMOT_CellChat; CellChatDB; CellTalkDB; LARIS_neurotransmitter; LIANA_mouseconsensus; SPIDER_internal; SpaCcLink; stCASE
Ccl25,Ackr4,8,COMMOT_CellChat; CellChatDB; CellTalkDB; LARIS_neurotransmitter; LIANA_mouseconsensus; SPIDER_internal; connectomeDB2020_lit; stCASE
Ccl3,Ackr2,8,COMMOT_CellChat; CellChatDB; CellTalkDB; LARIS_neurotransmitter; SPIDER_internal; SpaCcLink; connectomeDB2020_lit; stCASE
Ccl3,Ccr1,8,COMMOT_CellChat; CellChatDB; CellTalkDB; LARIS_neurotransmitter; SPIDER_internal; SpaCcLink; connectomeDB2020_lit; stCASE
Ccl3,Ccr5,8,COMMOT_CellChat; CellChatDB; CellTalkDB; LARIS_neurotransmitter; SPIDER_internal; SpaCcLink; connectomeDB2020_lit; stCASE
Ccl7,Ccr1,8,COMMOT_CellChat; CellChatDB; CellTalkDB; LARIS_neurotransmitter; SPIDER_internal; SpaCcLink; connectomeDB2020_lit; stCASE
Ccl7,Ccr2,8,COMMOT_CellChat; CellChatDB; CellTalkDB; LARIS_neurotransmitter; SPIDER_internal; SpaCcLink; connectomeDB2020_lit; stCASE
Ccl7,Ccr3,8,COMMOT_CellChat; CellChatDB; CellTalkDB; LARIS_neurotransmitter; SPIDER_internal; SpaCcLink; connectomeDB2020_lit; stCASE
Cd200,Cd200r1,8,COMMOT_CellChat; CellChatDB; CellTalkDB; LARIS_neurotransmitter; LIANA_mouseconsensus; SPIDER_internal; connectomeDB2020_lit; stCASE
Cd70,Cd27,8,COMMOT_CellChat; CellChatDB; CellTalkDB; LARIS_neurotransmitter; LIANA_mouseconsensus; SPIDER_internal; connectomeDB2020_lit; stCASE
Cdh1,Itgae,8,COMMOT_CellChat; CellChatDB; CellTalkDB; LARIS_neurotransmitter; LIANA_mouseconsensus; SPIDER_internal; SpaCcLink; connectomeDB2020_lit
Cdh1,Klrg1,8,COMMOT_CellChat; CellChatDB; CellTalkDB; LARIS_neurotransmitter; LIANA_mouseconsensus; SPIDER_internal; connectomeDB2020_lit; stCASE
Chad,Itga2,8,COMMOT_CellChat; CellChatDB; CellTalkDB; LARIS_neurotransmitter; LIANA_mouseconsensus; SPIDER_internal; SpaCcLink; connectomeDB2020_lit
Clcf1,Cntfr,8,COMMOT_CellChat; CellChatDB; CellTalkDB; LARIS_neurotransmitter; LIANA_mouseconsensus; SPIDER_internal; SpaCcLink; connectomeDB2020_lit
Cntf,Cntfr,8,COMMOT_CellChat; CellChatDB; CellTalkDB; LARIS_neurotransmitter; LIANA_mouseconsensus; SPIDER_internal; SpaCcLink; connectomeDB2020_lit
Col1a2,Itga2,8,COMMOT_CellChat; CellChatDB; CellTalkDB; LARIS_neurotransmitter; LIANA_mouseconsensus; SPIDER_internal; SpaCcLink; connectomeDB2020_lit
Col2a1,Itga2,8,COMMOT_CellChat; CellChatDB; CellTalkDB; LARIS_neurotransmitter; LIANA_mouseconsensus; SPIDER_internal; SpaCcLink; connectomeDB2020_lit
Col4a2,Itgb1,8,COMMOT_CellChat; CellChatDB; CellTalkDB; LARIS_neurotransmitter; LIANA_mouseconsensus; SPIDER_internal; SpaCcLink; stCASE
Col4a3,Itgb1,8,COMMOT_CellChat; CellChatDB; CellTalkDB; LARIS_neurotransmitter; LIANA_mouseconsensus; SPIDER_internal; SpaCcLink; stCASE
Col4a4,Itgb1,8,COMMOT_CellChat; CellChatDB; CellTalkDB; LARIS_neurotransmitter; LIANA_mouseconsensus; SPIDER_internal; SpaCcLink; stCASE
Col4a5,Itgb1,8,COMMOT_CellChat; CellChatDB; CellTalkDB; LARIS_neurotransmitter; LIANA_mouseconsensus; SPIDER_internal; SpaCcLink; stCASE
Col4a6,Itgb1,8,COMMOT_CellChat; CellChatDB; CellTalkDB; LARIS_neurotransmitter; LIANA_mouseconsensus; SPIDER_internal; SpaCcLink; stCASE
Comp,Cd36,8,COMMOT_CellChat; CellChatDB; CellTalkDB; LARIS_neurotransmitter; LIANA_mouseconsensus; SPIDER_internal; SpaCcLink; stCASE
Cort,Sstr4,8,COMMOT_CellChat; CellChatDB; CellTalkDB; LARIS_neurotransmitter; LIANA_mouseconsensus; SPIDER_internal; connectomeDB2020_lit; stCASE
Csf2,Csf2ra,8,COMMOT_CellChat; CellChatDB; CellTalkDB; LARIS_neurotransmitter; LIANA_mouseconsensus; SPIDER_internal; SpaCcLink; connectomeDB2020_lit
Csf2,Csf2rb,8,COMMOT_CellChat; CellChatDB; CellTalkDB; LARIS_neurotransmitter; LIANA_mouseconsensus; SPIDER_internal; SpaCcLink; connectomeDB2020_lit
Ctf1,Il6st,8,COMMOT_CellChat; CellChatDB; CellTalkDB; LARIS_neurotransmitter; LIANA_mouseconsensus; SPIDER_internal; SpaCcLink; connectomeDB2020_lit
Cxcl12,Ackr3,8,COMMOT_CellChat; CellChatDB; CellTalkDB; LARIS_neurotransmitter; LIANA_mouseconsensus; SPIDER_internal; connectomeDB2020_lit; stCASE
Cxcl9,Cxcr3,8,COMMOT_CellChat; CellChatDB; CellTalkDB; LARIS_neurotransmitter; SPIDER_internal; SpaCcLink; connectomeDB2020_lit; stCASE
Dspp,Itgb6,8,COMMOT_CellChat; CellChatDB; CellTalkDB; LARIS_neurotransmitter; SPIDER_internal; SpaCcLink; connectomeDB2020_lit; stCASE
Ebi3,Il6st,8,COMMOT_CellChat; CellTalkDB; LARIS_neurotransmitter; LIANA_mouseconsensus; SPIDER_internal; SpaCcLink; connectomeDB2020_lit; stCASE
Eda,Eda2r,8,COMMOT_CellChat; CellChatDB; CellTalkDB; LARIS_neurotransmitter; SPIDER_internal; SpaCcLink; connectomeDB2020_lit; stCASE
Eda,Edar,8,COMMOT_CellChat; CellChatDB; CellTalkDB; LARIS_neurotransmitter; SPIDER_internal; SpaCcLink; connectomeDB2020_lit; stCASE
Ereg,Egfr,8,COMMOT_CellChat; CellChatDB; CellTalkDB; LARIS_neurotransmitter; LIANA_mouseconsensus; SPIDER_internal; SpaCcLink; connectomeDB2020_lit
Fasl,Fas,8,COMMOT_CellChat; CellChatDB; CellTalkDB; LARIS_neurotransmitter; LIANA_mouseconsensus; SPIDER_internal; SpaCcLink; stCASE
Fgf15,Fgfr1,8,COMMOT_CellChat; CellChatDB; CellTalkDB; LARIS_neurotransmitter; LIANA_mouseconsensus; SPIDER_internal; SpaCcLink; stCASE
Fgf15,Fgfr2,8,COMMOT_CellChat; CellChatDB; CellTalkDB; LARIS_neurotransmitter; LIANA_mouseconsensus; SPIDER_internal; SpaCcLink; stCASE
Fgf15,Fgfr3,8,COMMOT_CellChat; CellChatDB; CellTalkDB; LARIS_neurotransmitter; LIANA_mouseconsensus; SPIDER_internal; SpaCcLink; stCASE
Fgf15,Fgfr4,8,COMMOT_CellChat; CellChatDB; CellTalkDB; LARIS_neurotransmitter; LIANA_mouseconsensus; SPIDER_internal; SpaCcLink; stCASE
Fgf16,Fgfr1,8,COMMOT_CellChat; CellChatDB; CellTalkDB; LARIS_neurotransmitter; LIANA_mouseconsensus; SPIDER_internal; SpaCcLink; stCASE
Fgf21,Fgfr1,8,COMMOT_CellChat; CellChatDB; CellTalkDB; LARIS_neurotransmitter; LIANA_mouseconsensus; SPIDER_internal; SpaCcLink; stCASE
Fgf21,Fgfr3,8,COMMOT_CellChat; CellChatDB; CellTalkDB; LARIS_neurotransmitter; LIANA_mouseconsensus; SPIDER_internal; SpaCcLink; stCASE
Flt3l,Flt3,8,COMMOT_CellChat; CellChatDB; CellTalkDB; LARIS_neurotransmitter; LIANA_mouseconsensus; SPIDER_internal; SpaCcLink; stCASE
Fn1,Itga2b,8,COMMOT_CellChat; CellChatDB; CellTalkDB; LARIS_neurotransmitter; LIANA_mouseconsensus; SPIDER_internal; SpaCcLink; connectomeDB2020_lit
Fn1,Itga5,8,COMMOT_CellChat; CellChatDB; CellTalkDB; LARIS_neurotransmitter; LIANA_mouseconsensus; SPIDER_internal; SpaCcLink; connectomeDB2020_lit
Gal,Galr1,8,COMMOT_CellChat; CellChatDB; CellTalkDB; LARIS_neurotransmitter; LIANA_mouseconsensus; SPIDER_internal; connectomeDB2020_lit; stCASE
Gal,Galr2,8,COMMOT_CellChat; CellChatDB; CellTalkDB; LARIS_neurotransmitter; LIANA_mouseconsensus; SPIDER_internal; connectomeDB2020_lit; stCASE
Galp,Galr1,8,COMMOT_CellChat; CellChatDB; CellTalkDB; LARIS_neurotransmitter; LIANA_mouseconsensus; SPIDER_internal; connectomeDB2020_lit; stCASE
Galp,Galr2,8,COMMOT_CellChat; CellChatDB; CellTalkDB; LARIS_neurotransmitter; LIANA_mouseconsensus; SPIDER_internal; connectomeDB2020_lit; stCASE
Gas6,Mertk,8,COMMOT_CellChat; CellChatDB; CellTalkDB; LARIS_neurotransmitter; LIANA_mouseconsensus; SPIDER_internal; connectomeDB2020_lit; stCASE
Gas6,Tyro3,8,COMMOT_CellChat; CellChatDB; CellTalkDB; LARIS_neurotransmitter; LIANA_mouseconsensus; SPIDER_internal; connectomeDB2020_lit; stCASE
Gcg,Gcgr,8,COMMOT_CellChat; CellChatDB; CellTalkDB; LARIS_neurotransmitter; SPIDER_internal; SpaCcLink; connectomeDB2020_lit; stCASE
Gcg,Glp1r,8,COMMOT_CellChat; CellChatDB; CellTalkDB; LARIS_neurotransmitter; SPIDER_internal; SpaCcLink; connectomeDB2020_lit; stCASE
Gcg,Glp2r,8,COMMOT_CellChat; CellChatDB; CellTalkDB; LARIS_neurotransmitter; SPIDER_internal; SpaCcLink; connectomeDB2020_lit; stCASE
Gdf11,Acvr1b,8,COMMOT_CellChat; CellChatDB; CellTalkDB; LARIS_neurotransmitter; LIANA_mouseconsensus; SPIDER_internal; SpaCcLink; connectomeDB2020_lit
Gdf11,Tgfbr1,8,COMMOT_CellChat; CellChatDB; CellTalkDB; LARIS_neurotransmitter; LIANA_mouseconsensus; SPIDER_internal; SpaCcLink; stCASE
Gdf15,Tgfbr2,8,COMMOT_CellChat; CellChatDB; CellTalkDB; LARIS_neurotransmitter; LIANA_mouseconsensus; SPIDER_internal; SpaCcLink; stCASE
Gdf3,Acvr2a,8,COMMOT_CellChat; CellChatDB; CellTalkDB; LARIS_neurotransmitter; LIANA_mouseconsensus; SPIDER_internal; SpaCcLink; stCASE
Gdf3,Acvr2b,8,COMMOT_CellChat; CellChatDB; CellTalkDB; LARIS_neurotransmitter; LIANA_mouseconsensus; SPIDER_internal; SpaCcLink; stCASE
Gdf5,Bmpr1b,8,COMMOT_CellChat; CellChatDB; CellTalkDB; LARIS_neurotransmitter; LIANA_mouseconsensus; SPIDER_internal; SpaCcLink; connectomeDB2020_lit
Gdf6,Acvr2a,8,COMMOT_CellChat; CellChatDB; CellTalkDB; LARIS_neurotransmitter; LIANA_mouseconsensus; SPIDER_internal; SpaCcLink; stCASE
Gdf6,Bmpr1a,8,COMMOT_CellChat; CellChatDB; CellTalkDB; LARIS_neurotransmitter; LIANA_mouseconsensus; SPIDER_internal; SpaCcLink; connectomeDB2020_lit
Gdf6,Bmpr1b,8,COMMOT_CellChat; CellChatDB; CellTalkDB; LARIS_neurotransmitter; LIANA_mouseconsensus; SPIDER_internal; SpaCcLink; connectomeDB2020_lit
Gdf7,Bmpr1a,8,COMMOT_CellChat; CellChatDB; CellTalkDB; LARIS_neurotransmitter; LIANA_mouseconsensus; SPIDER_internal; SpaCcLink; connectomeDB2020_lit
Gdnf,Gfra1,8,COMMOT_CellChat; CellChatDB; CellTalkDB; LARIS_neurotransmitter; LIANA_mouseconsensus; SPIDER_internal; SpaCcLink; connectomeDB2020_lit
Gh,Ghr,8,COMMOT_CellChat; CellChatDB; CellTalkDB; LARIS_neurotransmitter; LIANA_mouseconsensus; SPIDER_internal; SpaCcLink; stCASE
Grp,Nmbr,8,CellChatDB; CellTalkDB; LARIS_neurotransmitter; LIANA_mouseconsensus; SPIDER_internal; SpaCcLink; connectomeDB2020_lit; stCASE
Hbegf,Egfr,8,COMMOT_CellChat; CellChatDB; CellTalkDB; LARIS_neurotransmitter; LIANA_mouseconsensus; SPIDER_internal; SpaCcLink; connectomeDB2020_lit
Hc,C5ar1,8,COMMOT_CellChat; CellChatDB; CellTalkDB; LARIS_neurotransmitter; LIANA_mouseconsensus; SPIDER_internal; SpaCcLink; stCASE
Icam1,Itgal,8,COMMOT_CellChat; CellChatDB; CellTalkDB; LARIS_neurotransmitter; LIANA_mouseconsensus; SPIDER_internal; SpaCcLink; connectomeDB2020_lit
Icam1,Itgam,8,COMMOT_CellChat; CellChatDB; CellTalkDB; LARIS_neurotransmitter; LIANA_mouseconsensus; SPIDER_internal; SpaCcLink; connectomeDB2020_lit
Icam1,Itgb2,8,COMMOT_CellChat; CellChatDB; CellTalkDB; LARIS_neurotransmitter; LIANA_mouseconsensus; SPIDER_internal; SpaCcLink; connectomeDB2020_lit
Icam2,Itgal,8,COMMOT_CellChat; CellChatDB; CellTalkDB; LARIS_neurotransmitter; LIANA_mouseconsensus; SPIDER_internal; SpaCcLink; connectomeDB2020_lit
Icam2,Itgam,8,COMMOT_CellChat; CellChatDB; CellTalkDB; LARIS_neurotransmitter; LIANA_mouseconsensus; SPIDER_internal; SpaCcLink; connectomeDB2020_lit
Icam2,Itgb2,8,COMMOT_CellChat; CellChatDB; CellTalkDB; LARIS_neurotransmitter; LIANA_mouseconsensus; SPIDER_internal; SpaCcLink; connectomeDB2020_lit
Icosl,Cd28,8,COMMOT_CellChat; CellChatDB; CellTalkDB; LARIS_neurotransmitter; LIANA_mouseconsensus; SPIDER_internal; SpaCcLink; stCASE
Icosl,Icos,8,COMMOT_CellChat; CellChatDB; CellTalkDB; LARIS_neurotransmitter; LIANA_mouseconsensus; SPIDER_internal; SpaCcLink; stCASE
Ifnb1,Ifnar1,8,COMMOT_CellChat; CellChatDB; CellTalkDB; LARIS_neurotransmitter; LIANA_mouseconsensus; SPIDER_internal; SpaCcLink; connectomeDB2020_lit
Ifng,Ifngr1,8,COMMOT_CellChat; CellChatDB; CellTalkDB; LARIS_neurotransmitter; LIANA_mouseconsensus; SPIDER_internal; SpaCcLink; connectomeDB2020_lit
Igf1,Itgb3,8,COMMOT_CellChat; CellChatDB; CellTalkDB; LARIS_neurotransmitter; LIANA_mouseconsensus; SPIDER_internal; SpaCcLink; stCASE
Ihh,Ptch1,8,COMMOT_CellChat; CellChatDB; CellTalkDB; LARIS_neurotransmitter; LIANA_mouseconsensus; SPIDER_internal; SpaCcLink; connectomeDB2020_lit
Ihh,Ptch2,8,COMMOT_CellChat; CellChatDB; CellTalkDB; LARIS_neurotransmitter; LIANA_mouseconsensus; SPIDER_internal; SpaCcLink; connectomeDB2020_lit
Ihh,Smo,8,COMMOT_CellChat; CellChatDB; CellTalkDB; LARIS_neurotransmitter; LIANA_mouseconsensus; SPIDER_internal; SpaCcLink; stCASE
Il10,Il10ra,8,COMMOT_CellChat; CellChatDB; CellTalkDB; LARIS_neurotransmitter; LIANA_mouseconsensus; SPIDER_internal; SpaCcLink; connectomeDB2020_lit
Il10,Il10rb,8,COMMOT_CellChat; CellChatDB; CellTalkDB; LARIS_neurotransmitter; LIANA_mouseconsensus; SPIDER_internal; SpaCcLink; connectomeDB2020_lit
Il11,Il6st,8,COMMOT_CellChat; CellTalkDB; LARIS_neurotransmitter; LIANA_mouseconsensus; SPIDER_internal; SpaCcLink; connectomeDB2020_lit; stCASE
Il15,Il15ra,8,COMMOT_CellChat; CellChatDB; CellTalkDB; LARIS_neurotransmitter; LIANA_mouseconsensus; SPIDER_internal; SpaCcLink; connectomeDB2020_lit
Il17a,Il17ra,8,COMMOT_CellChat; CellChatDB; CellTalkDB; LARIS_neurotransmitter; LIANA_mouseconsensus; SPIDER_internal; SpaCcLink; connectomeDB2020_lit
Il17f,Il17ra,8,COMMOT_CellChat; CellChatDB; CellTalkDB; LARIS_neurotransmitter; LIANA_mouseconsensus; SPIDER_internal; SpaCcLink; connectomeDB2020_lit
Il17f,Il17rc,8,COMMOT_CellChat; CellChatDB; CellTalkDB; LARIS_neurotransmitter; LIANA_mouseconsensus; SPIDER_internal; SpaCcLink; stCASE
Il18,Il18r1,8,COMMOT_CellChat; CellChatDB; CellTalkDB; LARIS_neurotransmitter; LIANA_mouseconsensus; SPIDER_internal; SpaCcLink; connectomeDB2020_lit
Il19,Il20ra,8,COMMOT_CellChat; CellChatDB; CellTalkDB; LARIS_neurotransmitter; LIANA_mouseconsensus; SPIDER_internal; SpaCcLink; connectomeDB2020_lit
Il1a,Il1r1,8,COMMOT_CellChat; CellChatDB; CellTalkDB; LARIS_neurotransmitter; LIANA_mouseconsensus; SPIDER_internal; SpaCcLink; connectomeDB2020_lit
Il1b,Il1r1,8,COMMOT_CellChat; CellChatDB; CellTalkDB; LARIS_neurotransmitter; LIANA_mouseconsensus; SPIDER_internal; SpaCcLink; connectomeDB2020_lit
Il2,Il2ra,8,COMMOT_CellChat; CellChatDB; CellTalkDB; LARIS_neurotransmitter; LIANA_mouseconsensus; SPIDER_internal; SpaCcLink; connectomeDB2020_lit
Il2,Il2rg,8,COMMOT_CellChat; CellChatDB; CellTalkDB; LARIS_neurotransmitter; LIANA_mouseconsensus; SPIDER_internal; SpaCcLink; connectomeDB2020_lit
Il20,Il20ra,8,COMMOT_CellChat; CellChatDB; CellTalkDB; LARIS_neurotransmitter; LIANA_mouseconsensus; SPIDER_internal; SpaCcLink; connectomeDB2020_lit
Il21,Il21r,8,COMMOT_CellChat; CellChatDB; CellTalkDB; LARIS_neurotransmitter; LIANA_mouseconsensus; SPIDER_internal; SpaCcLink; connectomeDB2020_lit
Il21,Il2rg,8,COMMOT_CellChat; CellChatDB; CellTalkDB; LARIS_neurotransmitter; LIANA_mouseconsensus; SPIDER_internal; SpaCcLink; connectomeDB2020_lit
Il22,Il22ra1,8,COMMOT_CellChat; CellChatDB; CellTalkDB; LARIS_neurotransmitter; SPIDER_internal; SpaCcLink; connectomeDB2020_lit; stCASE
Il23a,Il12rb1,8,COMMOT_CellChat; CellTalkDB; LARIS_neurotransmitter; LIANA_mouseconsensus; SPIDER_internal; SpaCcLink; connectomeDB2020_lit; stCASE
Il23a,Il23r,8,COMMOT_CellChat; CellTalkDB; LARIS_neurotransmitter; LIANA_mouseconsensus; SPIDER_internal; SpaCcLink; connectomeDB2020_lit; stCASE
Il24,Il20ra,8,COMMOT_CellChat; CellChatDB; CellTalkDB; LARIS_neurotransmitter; LIANA_mouseconsensus; SPIDER_internal; SpaCcLink; connectomeDB2020_lit
Il27,Il27ra,8,COMMOT_CellChat; CellTalkDB; LARIS_neurotransmitter; LIANA_mouseconsensus; SPIDER_internal; SpaCcLink; connectomeDB2020_lit; stCASE
Il3,Il3ra,8,COMMOT_CellChat; CellChatDB; CellTalkDB; LARIS_neurotransmitter; SPIDER_internal; SpaCcLink; connectomeDB2020_lit; stCASE
Il31,Osmr,8,COMMOT_CellChat; CellChatDB; CellTalkDB; LARIS_neurotransmitter; SPIDER_internal; SpaCcLink; connectomeDB2020_lit; stCASE
Il33,Il1rap,8,COMMOT_CellChat; CellChatDB; CellTalkDB; LARIS_neurotransmitter; LIANA_mouseconsensus; SPIDER_internal; SpaCcLink; stCASE
Il4,Il2rg,8,COMMOT_CellChat; CellChatDB; CellTalkDB; LARIS_neurotransmitter; LIANA_mouseconsensus; SPIDER_internal; SpaCcLink; connectomeDB2020_lit
Il4,Il4ra,8,COMMOT_CellChat; CellChatDB; CellTalkDB; LARIS_neurotransmitter; LIANA_mouseconsensus; SPIDER_internal; SpaCcLink; stCASE
Il5,Csf2rb,8,COMMOT_CellChat; CellChatDB; CellTalkDB; LARIS_neurotransmitter; LIANA_mouseconsensus; SPIDER_internal; SpaCcLink; connectomeDB2020_lit
Il7,Il2rg,8,COMMOT_CellChat; CellChatDB; CellTalkDB; LARIS_neurotransmitter; LIANA_mouseconsensus; SPIDER_internal; SpaCcLink; connectomeDB2020_lit
Inhba,Acvr1b,8,COMMOT_CellChat; CellChatDB; CellTalkDB; LARIS_neurotransmitter; LIANA_mouseconsensus; SPIDER_internal; SpaCcLink; connectomeDB2020_lit
Inhbb,Acvr1c,8,COMMOT_CellChat; CellChatDB; CellTalkDB; LARIS_neurotransmitter; LIANA_mouseconsensus; SPIDER_internal; SpaCcLink; connectomeDB2020_lit
Inhbe,Acvr2a,8,COMMOT_CellChat; CellChatDB; CellTalkDB; LARIS_neurotransmitter; LIANA_mouseconsensus; SPIDER_internal; SpaCcLink; stCASE
Inhbe,Acvr2b,8,COMMOT_CellChat; CellChatDB; CellTalkDB; LARIS_neurotransmitter; LIANA_mouseconsensus; SPIDER_internal; SpaCcLink; stCASE
Insl3,Rxfp1,8,COMMOT_CellChat; CellChatDB; CellTalkDB; LARIS_neurotransmitter; LIANA_mouseconsensus; SPIDER_internal; SpaCcLink; stCASE
Jam2,Itgb1,8,COMMOT_CellChat; CellChatDB; CellTalkDB; LARIS_neurotransmitter; LIANA_mouseconsensus; SPIDER_internal; SpaCcLink; stCASE
Kitl,Kit,8,COMMOT_CellChat; CellChatDB; CellTalkDB; LARIS_neurotransmitter; LIANA_mouseconsensus; SPIDER_internal; SpaCcLink; stCASE
L1cam,Itgav,8,COMMOT_CellChat; CellChatDB; CellTalkDB; LARIS_neurotransmitter; LIANA_mouseconsensus; SPIDER_internal; SpaCcLink; connectomeDB2020_lit
L1cam,Itgb3,8,COMMOT_CellChat; CellChatDB; CellTalkDB; LARIS_neurotransmitter; LIANA_mouseconsensus; SPIDER_internal; SpaCcLink; stCASE
Lama1,Itgb4,8,COMMOT_CellChat; CellChatDB; CellTalkDB; LARIS_neurotransmitter; LIANA_mouseconsensus; SPIDER_internal; SpaCcLink; stCASE
Lama2,Itgb4,8,COMMOT_CellChat; CellChatDB; CellTalkDB; LARIS_neurotransmitter; LIANA_mouseconsensus; SPIDER_internal; SpaCcLink; stCASE
Lama3,Itgb4,8,COMMOT_CellChat; CellChatDB; CellTalkDB; LARIS_neurotransmitter; LIANA_mouseconsensus; SPIDER_internal; SpaCcLink; stCASE
Lama4,Itgb1,8,COMMOT_CellChat; CellChatDB; CellTalkDB; LARIS_neurotransmitter; LIANA_mouseconsensus; SPIDER_internal; SpaCcLink; stCASE
Lama5,Itgb4,8,COMMOT_CellChat; CellChatDB; CellTalkDB; LARIS_neurotransmitter; LIANA_mouseconsensus; SPIDER_internal; SpaCcLink; stCASE
Lamb1,Itga6,8,COMMOT_CellChat; CellChatDB; CellTalkDB; LARIS_neurotransmitter; LIANA_mouseconsensus; SPIDER_internal; SpaCcLink; connectomeDB2020_lit
Lif,Il6st,8,COMMOT_CellChat; CellChatDB; CellTalkDB; LARIS_neurotransmitter; LIANA_mouseconsensus; SPIDER_internal; SpaCcLink; connectomeDB2020_lit
Lta,Tnfrsf14,8,COMMOT_CellChat; CellChatDB; CellTalkDB; LARIS_neurotransmitter; LIANA_mouseconsensus; SPIDER_internal; SpaCcLink; connectomeDB2020_lit
Madcam1,Itgb7,8,COMMOT_CellChat; CellChatDB; CellTalkDB; LARIS_neurotransmitter; SPIDER_internal; SpaCcLink; connectomeDB2020_lit; stCASE
Mstn,Acvr2a,8,COMMOT_CellChat; CellChatDB; CellTalkDB; LARIS_neurotransmitter; LIANA_mouseconsensus; SPIDER_internal; SpaCcLink; stCASE
Mstn,Tgfbr1,8,COMMOT_CellChat; CellChatDB; CellTalkDB; LARIS_neurotransmitter; LIANA_mouseconsensus; SPIDER_internal; SpaCcLink; stCASE
Nodal,Acvr1b,8,COMMOT_CellChat; CellChatDB; CellTalkDB; LARIS_neurotransmitter; LIANA_mouseconsensus; SPIDER_internal; SpaCcLink; connectomeDB2020_lit
Nodal,Acvr1c,8,COMMOT_CellChat; CellChatDB; CellTalkDB; LARIS_neurotransmitter; LIANA_mouseconsensus; SPIDER_internal; SpaCcLink; connectomeDB2020_lit
Npb,Npbwr1,8,COMMOT_CellChat; CellChatDB; CellTalkDB; LARIS_neurotransmitter; LIANA_mouseconsensus; SPIDER_internal; connectomeDB2020_lit; stCASE
Nppb,Npr1,8,COMMOT_CellChat; CellChatDB; CellTalkDB; LARIS_neurotransmitter; SPIDER_internal; SpaCcLink; connectomeDB2020_lit; stCASE
Npw,Npbwr1,8,COMMOT_CellChat; CellChatDB; CellTalkDB; LARIS_neurotransmitter; LIANA_mouseconsensus; SPIDER_internal; connectomeDB2020_lit; stCASE
Npy,Npy2r,8,COMMOT_CellChat; CellChatDB; CellTalkDB; LARIS_neurotransmitter; LIANA_mouseconsensus; SPIDER_internal; connectomeDB2020_lit; stCASE
Npy,Npy5r,8,COMMOT_CellChat; CellChatDB; CellTalkDB; LARIS_neurotransmitter; LIANA_mouseconsensus; SPIDER_internal; connectomeDB2020_lit; stCASE
Nrg1,Erbb3,8,COMMOT_CellChat; CellChatDB; CellTalkDB; LARIS_neurotransmitter; SPIDER_internal; SpaCcLink; connectomeDB2020_lit; stCASE
Nrg1,Erbb4,8,COMMOT_CellChat; CellChatDB; CellTalkDB; LARIS_neurotransmitter; SPIDER_internal; SpaCcLink; connectomeDB2020_lit; stCASE
Nrtn,Gfra2,8,COMMOT_CellChat; CellChatDB; CellTalkDB; LARIS_neurotransmitter; LIANA_mouseconsensus; SPIDER_internal; SpaCcLink; connectomeDB2020_lit
Ntf3,Ngfr,8,CellChatDB; CellTalkDB; LARIS_neurotransmitter; LIANA_mouseconsensus; SPIDER_internal; SpaCcLink; connectomeDB2020_lit; stCASE
Ntn1,Dcc,8,CellChatDB; CellTalkDB; LARIS_neurotransmitter; LIANA_mouseconsensus; SPIDER_internal; SpaCcLink; connectomeDB2020_lit; stCASE
Ntn1,Unc5a,8,CellChatDB; CellTalkDB; LARIS_neurotransmitter; LIANA_mouseconsensus; SPIDER_internal; SpaCcLink; connectomeDB2020_lit; stCASE
Ntn1,Unc5b,8,CellChatDB; CellTalkDB; LARIS_neurotransmitter; LIANA_mouseconsensus; SPIDER_internal; SpaCcLink; connectomeDB2020_lit; stCASE
Ntn1,Unc5c,8,CellChatDB; CellTalkDB; LARIS_neurotransmitter; LIANA_mouseconsensus; SPIDER_internal; SpaCcLink; connectomeDB2020_lit; stCASE
Nts,Sort1,8,CellChatDB; CellTalkDB; LARIS_neurotransmitter; LIANA_mouseconsensus; SPIDER_internal; SpaCcLink; connectomeDB2020_lit; stCASE
Osm,Il6st,8,COMMOT_CellChat; CellChatDB; CellTalkDB; LARIS_neurotransmitter; LIANA_mouseconsensus; SPIDER_internal; SpaCcLink; connectomeDB2020_lit
Ostn,Npr3,8,COMMOT_CellChat; CellChatDB; CellTalkDB; LARIS_neurotransmitter; LIANA_mouseconsensus; SPIDER_internal; connectomeDB2020_lit; stCASE
Pdgfa,Pdgfrb,8,COMMOT_CellChat; CellChatDB; CellTalkDB; LARIS_neurotransmitter; LIANA_mouseconsensus; SPIDER_internal; SpaCcLink; stCASE
Pomc,Mc3r,8,COMMOT_CellChat; CellChatDB; CellTalkDB; LARIS_neurotransmitter; LIANA_mouseconsensus; SPIDER_internal; connectomeDB2020_lit; stCASE
Pomc,Mc4r,8,COMMOT_CellChat; CellChatDB; CellTalkDB; LARIS_neurotransmitter; LIANA_mouseconsensus; SPIDER_internal; connectomeDB2020_lit; stCASE
Pomc,Mc5r,8,COMMOT_CellChat; CellChatDB; CellTalkDB; LARIS_neurotransmitter; LIANA_mouseconsensus; SPIDER_internal; connectomeDB2020_lit; stCASE
Postn,Itgb3,8,COMMOT_CellChat; CellChatDB; CellTalkDB; LARIS_neurotransmitter; LIANA_mouseconsensus; SPIDER_internal; SpaCcLink; stCASE
Ppbp,Cxcr2,8,COMMOT_CellChat; CellChatDB; CellTalkDB; LARIS_neurotransmitter; SPIDER_internal; SpaCcLink; connectomeDB2020_lit; stCASE
Prlh,Prlhr,8,COMMOT_CellChat; CellChatDB; CellTalkDB; LARIS_neurotransmitter; LIANA_mouseconsensus; SPIDER_internal; connectomeDB2020_lit; stCASE
Pros1,Tyro3,8,COMMOT_CellChat; CellChatDB; CellTalkDB; LARIS_neurotransmitter; LIANA_mouseconsensus; SPIDER_internal; connectomeDB2020_lit; stCASE
Psap,Gpr37,8,COMMOT_CellChat; CellChatDB; CellTalkDB; LARIS_neurotransmitter; LIANA_mouseconsensus; SPIDER_internal; connectomeDB2020_lit; stCASE
Psap,Gpr37l1,8,COMMOT_CellChat; CellChatDB; CellTalkDB; LARIS_neurotransmitter; LIANA_mouseconsensus; SPIDER_internal; connectomeDB2020_lit; stCASE
Pspn,Gfra4,8,COMMOT_CellChat; CellChatDB; CellTalkDB; LARIS_neurotransmitter; LIANA_mouseconsensus; SPIDER_internal; SpaCcLink; connectomeDB2020_lit
Pth,Pth2r,8,COMMOT_CellChat; CellChatDB; CellTalkDB; LARIS_neurotransmitter; LIANA_mouseconsensus; SPIDER_internal; connectomeDB2020_lit; stCASE
Pth2,Pth2r,8,COMMOT_CellChat; CellChatDB; CellTalkDB; LARIS_neurotransmitter; LIANA_mouseconsensus; SPIDER_internal; connectomeDB2020_lit; stCASE
Ptn,Sdc1,8,COMMOT_CellChat; CellChatDB; CellTalkDB; LARIS_neurotransmitter; LIANA_mouseconsensus; SPIDER_internal; SpaCcLink; stCASE
Ptn,Sdc2,8,COMMOT_CellChat; CellChatDB; CellTalkDB; LARIS_neurotransmitter; LIANA_mouseconsensus; SPIDER_internal; SpaCcLink; stCASE
Ptn,Sdc4,8,COMMOT_CellChat; CellChatDB; CellTalkDB; LARIS_neurotransmitter; LIANA_mouseconsensus; SPIDER_internal; SpaCcLink; stCASE
Pyy,Npy5r,8,COMMOT_CellChat; CellChatDB; CellTalkDB; LARIS_neurotransmitter; LIANA_mouseconsensus; SPIDER_internal; connectomeDB2020_lit; stCASE
Reln,Itga3,8,COMMOT_CellChat; CellChatDB; CellTalkDB; LARIS_neurotransmitter; LIANA_mouseconsensus; SPIDER_internal; SpaCcLink; connectomeDB2020_lit
Reln,Vldlr,8,CellChatDB; CellTalkDB; LARIS_neurotransmitter; LIANA_mouseconsensus; SPIDER_internal; SpaCcLink; connectomeDB2020_lit; stCASE
Retn,Tlr4,8,COMMOT_CellChat; CellChatDB; CellTalkDB; LARIS_neurotransmitter; LIANA_mouseconsensus; SPIDER_internal; SpaCcLink; stCASE
Sct,Sctr,8,COMMOT_CellChat; CellChatDB; CellTalkDB; LARIS_neurotransmitter; SPIDER_internal; SpaCcLink; connectomeDB2020_lit; stCASE
Selplg,Sele,8,COMMOT_CellChat; CellChatDB; CellTalkDB; LARIS_neurotransmitter; SPIDER_internal; SpaCcLink; connectomeDB2020_lit; stCASE
Selplg,Sell,8,COMMOT_CellChat; CellChatDB; CellTalkDB; LARIS_neurotransmitter; LIANA_mouseconsensus; SPIDER_internal; connectomeDB2020_lit; stCASE
Selplg,Selp,8,COMMOT_CellChat; CellChatDB; CellTalkDB; LARIS_neurotransmitter; LIANA_mouseconsensus; SPIDER_internal; connectomeDB2020_lit; stCASE
Sema3a,Nrp1,8,COMMOT_CellChat; CellChatDB; CellTalkDB; LARIS_neurotransmitter; LIANA_mouseconsensus; SPIDER_internal; SpaCcLink; connectomeDB2020_lit
Sema3b,Nrp1,8,COMMOT_CellChat; CellChatDB; CellTalkDB; LARIS_neurotransmitter; LIANA_mouseconsensus; SPIDER_internal; SpaCcLink; connectomeDB2020_lit
Sema3b,Plxna1,8,COMMOT_CellChat; CellChatDB; CellTalkDB; LARIS_neurotransmitter; LIANA_mouseconsensus; SPIDER_internal; SpaCcLink; stCASE
Sema3c,Nrp2,8,COMMOT_CellChat; CellChatDB; CellTalkDB; LARIS_neurotransmitter; LIANA_mouseconsensus; SPIDER_internal; connectomeDB2020_lit; stCASE
Sema3c,Plxna4,8,COMMOT_CellChat; CellChatDB; CellTalkDB; LARIS_neurotransmitter; LIANA_mouseconsensus; SPIDER_internal; SpaCcLink; stCASE
Sema3g,Plxna4,8,COMMOT_CellChat; CellChatDB; CellTalkDB; LARIS_neurotransmitter; LIANA_mouseconsensus; SPIDER_internal; SpaCcLink; stCASE
Sema4d,Cd72,8,COMMOT_CellChat; CellChatDB; CellTalkDB; LARIS_neurotransmitter; LIANA_mouseconsensus; SPIDER_internal; connectomeDB2020_lit; stCASE
Sema5a,Plxna1,8,COMMOT_CellChat; CellChatDB; CellTalkDB; LARIS_neurotransmitter; LIANA_mouseconsensus; SPIDER_internal; SpaCcLink; stCASE
Sema6b,Plxna4,8,COMMOT_CellChat; CellChatDB; CellTalkDB; LARIS_neurotransmitter; LIANA_mouseconsensus; SPIDER_internal; SpaCcLink; stCASE
Sema6d,Kdr,8,COMMOT_CellChat; CellChatDB; CellTalkDB; LARIS_neurotransmitter; LIANA_mouseconsensus; SPIDER_internal; SpaCcLink; connectomeDB2020_lit
Sema6d,Tyrobp,8,COMMOT_CellChat; CellTalkDB; LARIS_neurotransmitter; LIANA_mouseconsensus; SPIDER_internal; SpaCcLink; connectomeDB2020_lit; stCASE
Sema7a,Itgb1,8,COMMOT_CellChat; CellChatDB; CellTalkDB; LARIS_neurotransmitter; LIANA_mouseconsensus; SPIDER_internal; SpaCcLink; connectomeDB2020_lit
Shh,Ptch1,8,COMMOT_CellChat; CellChatDB; CellTalkDB; LARIS_neurotransmitter; LIANA_mouseconsensus; SPIDER_internal; SpaCcLink; connectomeDB2020_lit
Shh,Ptch2,8,COMMOT_CellChat; CellChatDB; CellTalkDB; LARIS_neurotransmitter; LIANA_mouseconsensus; SPIDER_internal; SpaCcLink; connectomeDB2020_lit
Slit1,Robo1,8,CellChatDB; CellTalkDB; LARIS_neurotransmitter; LIANA_mouseconsensus; SPIDER_internal; SpaCcLink; connectomeDB2020_lit; stCASE
Slit2,Robo1,8,CellChatDB; CellTalkDB; LARIS_neurotransmitter; LIANA_mouseconsensus; SPIDER_internal; SpaCcLink; connectomeDB2020_lit; stCASE
Slit2,Robo2,8,CellChatDB; CellTalkDB; LARIS_neurotransmitter; LIANA_mouseconsensus; SPIDER_internal; SpaCcLink; connectomeDB2020_lit; stCASE
Spp1,Itga4,8,COMMOT_CellChat; CellChatDB; CellTalkDB; LARIS_neurotransmitter; LIANA_mouseconsensus; SPIDER_internal; SpaCcLink; connectomeDB2020_lit
Spp1,Itga9,8,COMMOT_CellChat; CellChatDB; CellTalkDB; LARIS_neurotransmitter; LIANA_mouseconsensus; SPIDER_internal; SpaCcLink; connectomeDB2020_lit
Spp1,Itgav,8,COMMOT_CellChat; CellChatDB; CellTalkDB; LARIS_neurotransmitter; LIANA_mouseconsensus; SPIDER_internal; SpaCcLink; connectomeDB2020_lit
Sst,Sstr4,8,COMMOT_CellChat; CellChatDB; CellTalkDB; LARIS_neurotransmitter; LIANA_mouseconsensus; SPIDER_internal; connectomeDB2020_lit; stCASE
Tac2,Tacr3,8,COMMOT_CellChat; CellChatDB; CellTalkDB; LARIS_neurotransmitter; LIANA_mouseconsensus; SPIDER_internal; SpaCcLink; stCASE
Tac4,Tacr1,8,COMMOT_CellChat; CellChatDB; CellTalkDB; LARIS_neurotransmitter; SPIDER_internal; SpaCcLink; connectomeDB2020_lit; stCASE
Tgfb1,Tgfbr1,8,COMMOT_CellChat; CellChatDB; CellTalkDB; LARIS_neurotransmitter; LIANA_mouseconsensus; SPIDER_internal; SpaCcLink; connectomeDB2020_lit
Tgfb1,Tgfbr2,8,COMMOT_CellChat; CellChatDB; CellTalkDB; LARIS_neurotransmitter; LIANA_mouseconsensus; SPIDER_internal; SpaCcLink; connectomeDB2020_lit
Tgfb2,Tgfbr1,8,COMMOT_CellChat; CellChatDB; CellTalkDB; LARIS_neurotransmitter; LIANA_mouseconsensus; SPIDER_internal; SpaCcLink; connectomeDB2020_lit
Tgfb2,Tgfbr2,8,COMMOT_CellChat; CellChatDB; CellTalkDB; LARIS_neurotransmitter; LIANA_mouseconsensus; SPIDER_internal; SpaCcLink; connectomeDB2020_lit
Tgfb3,Acvr1,8,COMMOT_CellChat; CellChatDB; CellTalkDB; LARIS_neurotransmitter; LIANA_mouseconsensus; SPIDER_internal; SpaCcLink; stCASE
Tgfb3,Tgfbr2,8,COMMOT_CellChat; CellChatDB; CellTalkDB; LARIS_neurotransmitter; LIANA_mouseconsensus; SPIDER_internal; SpaCcLink; connectomeDB2020_lit
Tnc,Itgb6,8,COMMOT_CellChat; CellChatDB; CellTalkDB; LARIS_neurotransmitter; LIANA_mouseconsensus; SPIDER_internal; SpaCcLink; stCASE
Tnc,Sdc4,8,COMMOT_CellChat; CellChatDB; CellTalkDB; LARIS_neurotransmitter; LIANA_mouseconsensus; SPIDER_internal; SpaCcLink; stCASE
Tnfsf13,Tnfrsf13b,8,COMMOT_CellChat; CellChatDB; CellTalkDB; LARIS_neurotransmitter; LIANA_mouseconsensus; SPIDER_internal; connectomeDB2020_lit; stCASE
Tnfsf13,Tnfrsf17,8,COMMOT_CellChat; CellChatDB; CellTalkDB; LARIS_neurotransmitter; LIANA_mouseconsensus; SPIDER_internal; connectomeDB2020_lit; stCASE
Tnfsf13b,Tnfrsf13b,8,COMMOT_CellChat; CellChatDB; CellTalkDB; LARIS_neurotransmitter; LIANA_mouseconsensus; SPIDER_internal; connectomeDB2020_lit; stCASE
Tnfsf13b,Tnfrsf17,8,COMMOT_CellChat; CellChatDB; CellTalkDB; LARIS_neurotransmitter; LIANA_mouseconsensus; SPIDER_internal; connectomeDB2020_lit; stCASE
Tnfsf14,Tnfrsf14,8,COMMOT_CellChat; CellChatDB; CellTalkDB; LARIS_neurotransmitter; LIANA_mouseconsensus; SPIDER_internal; SpaCcLink; connectomeDB2020_lit
Tnfsf15,Tnfrsf25,8,COMMOT_CellChat; CellChatDB; CellTalkDB; LARIS_neurotransmitter; LIANA_mouseconsensus; SPIDER_internal; connectomeDB2020_lit; stCASE
Tnfsf18,Tnfrsf18,8,COMMOT_CellChat; CellChatDB; CellTalkDB; LARIS_neurotransmitter; LIANA_mouseconsensus; SPIDER_internal; connectomeDB2020_lit; stCASE
Tnfsf4,Tnfrsf4,8,COMMOT_CellChat; CellChatDB; CellTalkDB; LARIS_neurotransmitter; LIANA_mouseconsensus; SPIDER_internal; connectomeDB2020_lit; stCASE
Tnfsf8,Tnfrsf8,8,COMMOT_CellChat; CellChatDB; CellTalkDB; LARIS_neurotransmitter; LIANA_mouseconsensus; SPIDER_internal; connectomeDB2020_lit; stCASE
Uts2b,Sstr5,8,COMMOT_CellChat; CellChatDB; CellTalkDB; LARIS_neurotransmitter; LIANA_mouseconsensus; SPIDER_internal; SpaCcLink; stCASE
Vegfd,Flt4,8,COMMOT_CellChat; CellChatDB; CellTalkDB; LARIS_neurotransmitter; SPIDER_internal; SpaCcLink; connectomeDB2020_lit; stCASE
Vegfd,Kdr,8,COMMOT_CellChat; CellChatDB; CellTalkDB; LARIS_neurotransmitter; SPIDER_internal; SpaCcLink; connectomeDB2020_lit; stCASE
Vtn,Itga8,8,COMMOT_CellChat; CellChatDB; CellTalkDB; LARIS_neurotransmitter; LIANA_mouseconsensus; SPIDER_internal; SpaCcLink; connectomeDB2020_lit
Vtn,Itgav,8,COMMOT_CellChat; CellChatDB; CellTalkDB; LARIS_neurotransmitter; LIANA_mouseconsensus; SPIDER_internal; SpaCcLink; connectomeDB2020_lit
Vtn,Itgb5,8,COMMOT_CellChat; CellChatDB; CellTalkDB; LARIS_neurotransmitter; LIANA_mouseconsensus; SPIDER_internal; SpaCcLink; stCASE
Vtn,Plaur,8,CellChatDB; CellTalkDB; LARIS_neurotransmitter; LIANA_mouseconsensus; SPIDER_internal; SpaCcLink; connectomeDB2020_lit; stCASE
Vwf,Itga2b,8,COMMOT_CellChat; CellChatDB; CellTalkDB; LARIS_neurotransmitter; LIANA_mouseconsensus; SPIDER_internal; SpaCcLink; connectomeDB2020_lit
Vwf,Itgb3,8,COMMOT_CellChat; CellChatDB; CellTalkDB; LARIS_neurotransmitter; LIANA_mouseconsensus; SPIDER_internal; SpaCcLink; stCASE
Wnt1,Fzd1,8,COMMOT_CellChat; CellChatDB; CellTalkDB; LARIS_neurotransmitter; LIANA_mouseconsensus; SPIDER_internal; SpaCcLink; connectomeDB2020_lit
Wnt1,Fzd10,8,COMMOT_CellChat; CellChatDB; CellTalkDB; LARIS_neurotransmitter; LIANA_mouseconsensus; SPIDER_internal; SpaCcLink; connectomeDB2020_lit
Wnt1,Lrp5,8,COMMOT_CellChat; CellChatDB; CellTalkDB; LARIS_neurotransmitter; LIANA_mouseconsensus; SPIDER_internal; SpaCcLink; stCASE
Wnt10b,Fzd5,8,COMMOT_CellChat; CellChatDB; CellTalkDB; LARIS_neurotransmitter; LIANA_mouseconsensus; SPIDER_internal; SpaCcLink; stCASE
Wnt10b,Fzd7,8,COMMOT_CellChat; CellChatDB; CellTalkDB; LARIS_neurotransmitter; LIANA_mouseconsensus; SPIDER_internal; SpaCcLink; connectomeDB2020_lit
Wnt10b,Lrp6,8,COMMOT_CellChat; CellChatDB; CellTalkDB; LARIS_neurotransmitter; LIANA_mouseconsensus; SPIDER_internal; SpaCcLink; stCASE
Wnt2,Fzd1,8,COMMOT_CellChat; CellChatDB; CellTalkDB; LARIS_neurotransmitter; LIANA_mouseconsensus; SPIDER_internal; SpaCcLink; connectomeDB2020_lit
Wnt2,Lrp5,8,COMMOT_CellChat; CellChatDB; CellTalkDB; LARIS_neurotransmitter; LIANA_mouseconsensus; SPIDER_internal; SpaCcLink; stCASE
Wnt3,Fzd1,8,COMMOT_CellChat; CellChatDB; CellTalkDB; LARIS_neurotransmitter; LIANA_mouseconsensus; SPIDER_internal; SpaCcLink; connectomeDB2020_lit
Wnt3,Lrp5,8,COMMOT_CellChat; CellChatDB; CellTalkDB; LARIS_neurotransmitter; LIANA_mouseconsensus; SPIDER_internal; SpaCcLink; stCASE
Wnt3a,Fzd1,8,COMMOT_CellChat; CellChatDB; CellTalkDB; LARIS_neurotransmitter; LIANA_mouseconsensus; SPIDER_internal; SpaCcLink; connectomeDB2020_lit
Wnt3a,Fzd3,8,COMMOT_CellChat; CellChatDB; CellTalkDB; LARIS_neurotransmitter; LIANA_mouseconsensus; SPIDER_internal; SpaCcLink; stCASE
Wnt3a,Lrp5,8,COMMOT_CellChat; CellChatDB; CellTalkDB; LARIS_neurotransmitter; LIANA_mouseconsensus; SPIDER_internal; SpaCcLink; stCASE
Wnt4,Lrp6,8,COMMOT_CellChat; CellChatDB; CellTalkDB; LARIS_neurotransmitter; LIANA_mouseconsensus; SPIDER_internal; SpaCcLink; stCASE
Wnt5a,Fzd9,8,COMMOT_CellChat; CellChatDB; CellTalkDB; LARIS_neurotransmitter; LIANA_mouseconsensus; SPIDER_internal; SpaCcLink; stCASE
Wnt7a,Fzd1,8,COMMOT_CellChat; CellChatDB; CellTalkDB; LARIS_neurotransmitter; LIANA_mouseconsensus; SPIDER_internal; SpaCcLink; connectomeDB2020_lit
Wnt7a,Fzd7,8,COMMOT_CellChat; CellChatDB; CellTalkDB; LARIS_neurotransmitter; LIANA_mouseconsensus; SPIDER_internal; SpaCcLink; stCASE
Wnt7a,Lrp5,8,COMMOT_CellChat; CellChatDB; CellTalkDB; LARIS_neurotransmitter; LIANA_mouseconsensus; SPIDER_internal; SpaCcLink; stCASE
Wnt7a,Lrp6,8,COMMOT_CellChat; CellChatDB; CellTalkDB; LARIS_neurotransmitter; LIANA_mouseconsensus; SPIDER_internal; SpaCcLink; stCASE
Wnt7b,Fzd1,8,COMMOT_CellChat; CellChatDB; CellTalkDB; LARIS_neurotransmitter; LIANA_mouseconsensus; SPIDER_internal; SpaCcLink; connectomeDB2020_lit
Wnt8a,Fzd4,8,COMMOT_CellChat; CellChatDB; CellTalkDB; LARIS_neurotransmitter; LIANA_mouseconsensus; SPIDER_internal; SpaCcLink; connectomeDB2020_lit
Wnt8a,Fzd5,8,COMMOT_CellChat; CellChatDB; CellTalkDB; LARIS_neurotransmitter; LIANA_mouseconsensus; SPIDER_internal; SpaCcLink; connectomeDB2020_lit
Wnt8a,Fzd7,8,COMMOT_CellChat; CellChatDB; CellTalkDB; LARIS_neurotransmitter; LIANA_mouseconsensus; SPIDER_internal; SpaCcLink; stCASE
Wnt8a,Lrp6,8,COMMOT_CellChat; CellChatDB; CellTalkDB; LARIS_neurotransmitter; LIANA_mouseconsensus; SPIDER_internal; SpaCcLink; stCASE
Wnt8b,Lrp6,8,COMMOT_CellChat; CellChatDB; CellTalkDB; LARIS_neurotransmitter; LIANA_mouseconsensus; SPIDER_internal; SpaCcLink; stCASE
Wnt9a,Fzd4,8,COMMOT_CellChat; CellChatDB; CellTalkDB; LARIS_neurotransmitter; LIANA_mouseconsensus; SPIDER_internal; SpaCcLink; connectomeDB2020_lit
Wnt9b,Lrp5,8,COMMOT_CellChat; CellChatDB; CellTalkDB; LARIS_neurotransmitter; LIANA_mouseconsensus; SPIDER_internal; SpaCcLink; stCASE
Wnt9b,Lrp6,8,COMMOT_CellChat; CellChatDB; CellTalkDB; LARIS_neurotransmitter; LIANA_mouseconsensus; SPIDER_internal; SpaCcLink; stCASE
Adm,Calcr,7,COMMOT_CellChat; CellChatDB; LARIS_neurotransmitter; LIANA_mouseconsensus; SpaCcLink; connectomeDB2020_lit; stCASE
Angpt2,Itga5,7,COMMOT_CellChat; CellChatDB; CellTalkDB; LARIS_neurotransmitter; LIANA_mouseconsensus; SPIDER_internal; SpaCcLink
Apela,Aplnr,7,COMMOT_CellChat; CellChatDB; CellTalkDB; LARIS_neurotransmitter; SPIDER_internal; SpaCcLink; connectomeDB2020_lit
Apoe,Trem2,7,CellChatDB; CellTalkDB; LARIS_neurotransmitter; LIANA_mouseconsensus; SPIDER_internal; SpaCcLink; stCASE
App,Tnfrsf21,7,CellChatDB; CellTalkDB; LARIS_neurotransmitter; LIANA_mouseconsensus; SPIDER_internal; connectomeDB2020_lit; stCASE
Bmp10,Acvr2a,7,COMMOT_CellChat; CellChatDB; LARIS_neurotransmitter; LIANA_mouseconsensus; SpaCcLink; connectomeDB2020_lit; stCASE
Bmp5,Bmpr1a,7,COMMOT_CellChat; CellChatDB; CellTalkDB; LARIS_neurotransmitter; LIANA_mouseconsensus; SPIDER_internal; SpaCcLink
Bmp5,Bmpr1b,7,COMMOT_CellChat; CellChatDB; CellTalkDB; LARIS_neurotransmitter; LIANA_mouseconsensus; SPIDER_internal; SpaCcLink
Bmp6,Acvr2a,7,COMMOT_CellChat; CellChatDB; LARIS_neurotransmitter; LIANA_mouseconsensus; SpaCcLink; connectomeDB2020_lit; stCASE
C3,Itgb2,7,COMMOT_CellChat; CellChatDB; CellTalkDB; LARIS_neurotransmitter; SPIDER_internal; SpaCcLink; connectomeDB2020_lit
Ccl17,Ackr1,7,COMMOT_CellChat; CellChatDB; CellTalkDB; LARIS_neurotransmitter; SPIDER_internal; connectomeDB2020_lit; stCASE
Ccl19,Ackr4,7,COMMOT_CellChat; CellChatDB; CellTalkDB; LARIS_neurotransmitter; SPIDER_internal; connectomeDB2020_lit; stCASE
Ccl2,Ackr1,7,COMMOT_CellChat; CellChatDB; CellTalkDB; LARIS_neurotransmitter; SPIDER_internal; connectomeDB2020_lit; stCASE
Ccl21b,Ccr7,7,COMMOT_CellChat; CellChatDB; CellTalkDB; LARIS_neurotransmitter; LIANA_mouseconsensus; SPIDER_internal; SpaCcLink
Ccl26,Ccr3,7,COMMOT_CellChat; CellChatDB; CellTalkDB; LARIS_neurotransmitter; SPIDER_internal; SpaCcLink; connectomeDB2020_lit
Ccl27b,Ccr10,7,COMMOT_CellChat; CellChatDB; CellTalkDB; LARIS_neurotransmitter; LIANA_mouseconsensus; SPIDER_internal; SpaCcLink
Ccl5,Ackr1,7,COMMOT_CellChat; CellChatDB; CellTalkDB; LARIS_neurotransmitter; SPIDER_internal; connectomeDB2020_lit; stCASE
Ccl8,Ccr1,7,COMMOT_CellChat; CellChatDB; CellTalkDB; LARIS_neurotransmitter; SPIDER_internal; SpaCcLink; connectomeDB2020_lit
Ccl8,Ccr2,7,COMMOT_CellChat; CellChatDB; CellTalkDB; LARIS_neurotransmitter; SPIDER_internal; SpaCcLink; connectomeDB2020_lit
Ccl8,Ccr5,7,COMMOT_CellChat; CellChatDB; CellTalkDB; LARIS_neurotransmitter; SPIDER_internal; SpaCcLink; connectomeDB2020_lit
Ccl9,Ccr1,7,COMMOT_CellChat; CellChatDB; CellTalkDB; LARIS_neurotransmitter; SPIDER_internal; SpaCcLink; stCASE
Cd6,Alcam,7,COMMOT_CellChat; CellChatDB; CellTalkDB; LARIS_neurotransmitter; SPIDER_internal; connectomeDB2020_lit; stCASE
Cd80,Cd28,7,COMMOT_CellChat; CellChatDB; LARIS_neurotransmitter; LIANA_mouseconsensus; SpaCcLink; connectomeDB2020_lit; stCASE
Cd80,Ctla4,7,COMMOT_CellChat; CellChatDB; LARIS_neurotransmitter; LIANA_mouseconsensus; SpaCcLink; connectomeDB2020_lit; stCASE
Cd86,Ctla4,7,COMMOT_CellChat; CellChatDB; LARIS_neurotransmitter; LIANA_mouseconsensus; SpaCcLink; connectomeDB2020_lit; stCASE
Cga,Lhcgr,7,COMMOT_CellChat; CellChatDB; LARIS_neurotransmitter; LIANA_mouseconsensus; SpaCcLink; connectomeDB2020_lit; stCASE
Clcf1,Il6st,7,COMMOT_CellChat; CellTalkDB; LARIS_neurotransmitter; LIANA_mouseconsensus; SPIDER_internal; SpaCcLink; connectomeDB2020_lit
Clcf1,Lifr,7,COMMOT_CellChat; CellChatDB; LARIS_neurotransmitter; LIANA_mouseconsensus; SpaCcLink; connectomeDB2020_lit; stCASE
Cntf,Il6st,7,COMMOT_CellChat; CellTalkDB; LARIS_neurotransmitter; LIANA_mouseconsensus; SPIDER_internal; SpaCcLink; connectomeDB2020_lit
Cntf,Lifr,7,COMMOT_CellChat; CellChatDB; LARIS_neurotransmitter; LIANA_mouseconsensus; SpaCcLink; connectomeDB2020_lit; stCASE
Col2a1,Itga1,7,COMMOT_CellChat; CellChatDB; CellTalkDB; LARIS_neurotransmitter; LIANA_mouseconsensus; SPIDER_internal; SpaCcLink
Col2a1,Itgav,7,COMMOT_CellChat; CellChatDB; CellTalkDB; LARIS_neurotransmitter; LIANA_mouseconsensus; SPIDER_internal; SpaCcLink
Col2a1,Itgb1,7,COMMOT_CellChat; CellChatDB; LARIS_neurotransmitter; LIANA_mouseconsensus; SpaCcLink; connectomeDB2020_lit; stCASE
Col4a1,Itgav,7,COMMOT_CellChat; CellChatDB; LARIS_neurotransmitter; LIANA_mouseconsensus; SpaCcLink; connectomeDB2020_lit; stCASE
Col4a1,Itgb8,7,COMMOT_CellChat; CellChatDB; LARIS_neurotransmitter; LIANA_mouseconsensus; SpaCcLink; connectomeDB2020_lit; stCASE
Col4a3,Itga2,7,COMMOT_CellChat; CellChatDB; CellTalkDB; LARIS_neurotransmitter; LIANA_mouseconsensus; SPIDER_internal; SpaCcLink
Comp,Itgav,7,COMMOT_CellChat; CellChatDB; CellTalkDB; LARIS_neurotransmitter; LIANA_mouseconsensus; SPIDER_internal; SpaCcLink
Ctf1,Lifr,7,COMMOT_CellChat; CellChatDB; LARIS_neurotransmitter; LIANA_mouseconsensus; SpaCcLink; connectomeDB2020_lit; stCASE
Cxcl1,Ackr1,7,COMMOT_CellChat; CellChatDB; CellTalkDB; LARIS_neurotransmitter; SPIDER_internal; connectomeDB2020_lit; stCASE
Cxcl2,Cxcr1,7,COMMOT_CellChat; CellChatDB; LARIS_neurotransmitter; LIANA_mouseconsensus; SpaCcLink; connectomeDB2020_lit; stCASE
Cxcl3,Cxcr2,7,COMMOT_CellChat; CellChatDB; CellTalkDB; LARIS_neurotransmitter; SPIDER_internal; SpaCcLink; connectomeDB2020_lit
Cxcl5,Ackr1,7,COMMOT_CellChat; CellChatDB; CellTalkDB; LARIS_neurotransmitter; SPIDER_internal; connectomeDB2020_lit; stCASE
Cxcl5,Cxcr1,7,COMMOT_CellChat; CellChatDB; LARIS_neurotransmitter; LIANA_mouseconsensus; SpaCcLink; connectomeDB2020_lit; stCASE
Ebi3,Il27ra,7,COMMOT_CellChat; CellTalkDB; LARIS_neurotransmitter; LIANA_mouseconsensus; SPIDER_internal; SpaCcLink; connectomeDB2020_lit
Efnb3,Ephb4,7,COMMOT_CellChat; CellChatDB; LARIS_neurotransmitter; LIANA_mouseconsensus; SpaCcLink; connectomeDB2020_lit; stCASE
Ereg,Erbb4,7,COMMOT_CellChat; CellChatDB; LARIS_neurotransmitter; LIANA_mouseconsensus; SpaCcLink; connectomeDB2020_lit; stCASE
F2,F2r,7,COMMOT_CellChat; CellChatDB; LARIS_neurotransmitter; LIANA_mouseconsensus; SpaCcLink; connectomeDB2020_lit; stCASE
F2,F2rl3,7,COMMOT_CellChat; CellChatDB; LARIS_neurotransmitter; LIANA_mouseconsensus; SpaCcLink; connectomeDB2020_lit; stCASE
Fn1,Itga3,7,COMMOT_CellChat; CellChatDB; CellTalkDB; LARIS_neurotransmitter; LIANA_mouseconsensus; SPIDER_internal; SpaCcLink
Fn1,Itgb3,7,COMMOT_CellChat; CellChatDB; LARIS_neurotransmitter; LIANA_mouseconsensus; SpaCcLink; connectomeDB2020_lit; stCASE
Fn1,Itgb6,7,COMMOT_CellChat; CellChatDB; LARIS_neurotransmitter; LIANA_mouseconsensus; SpaCcLink; connectomeDB2020_lit; stCASE
Fn1,Itgb8,7,COMMOT_CellChat; CellChatDB; LARIS_neurotransmitter; LIANA_mouseconsensus; SpaCcLink; connectomeDB2020_lit; stCASE
Gdf2,Acvr2a,7,COMMOT_CellChat; CellChatDB; LARIS_neurotransmitter; LIANA_mouseconsensus; SpaCcLink; connectomeDB2020_lit; stCASE
Gdf3,Acvr1b,7,COMMOT_CellChat; CellChatDB; CellTalkDB; LARIS_neurotransmitter; LIANA_mouseconsensus; SPIDER_internal; SpaCcLink
Gdf3,Acvr1c,7,COMMOT_CellChat; CellChatDB; CellTalkDB; LARIS_neurotransmitter; LIANA_mouseconsensus; SPIDER_internal; SpaCcLink
Gdf7,Bmpr1b,7,COMMOT_CellChat; CellChatDB; CellTalkDB; LARIS_neurotransmitter; LIANA_mouseconsensus; SPIDER_internal; SpaCcLink
Gdf9,Acvr1b,7,COMMOT_CellChat; CellChatDB; CellTalkDB; LARIS_neurotransmitter; LIANA_mouseconsensus; SPIDER_internal; SpaCcLink
Iapp,Ramp3,7,CellChatDB; CellTalkDB; LARIS_neurotransmitter; LIANA_mouseconsensus; SPIDER_internal; SpaCcLink; stCASE
Igf1,Itgav,7,COMMOT_CellChat; CellChatDB; CellTalkDB; LARIS_neurotransmitter; LIANA_mouseconsensus; SPIDER_internal; SpaCcLink
Il12a,Il12rb1,7,COMMOT_CellChat; CellTalkDB; LARIS_neurotransmitter; LIANA_mouseconsensus; SPIDER_internal; SpaCcLink; connectomeDB2020_lit
Il13,Il4ra,7,COMMOT_CellChat; CellTalkDB; LARIS_neurotransmitter; LIANA_mouseconsensus; SPIDER_internal; SpaCcLink; stCASE
Il15,Il2rg,7,COMMOT_CellChat; CellTalkDB; LARIS_neurotransmitter; LIANA_mouseconsensus; SPIDER_internal; SpaCcLink; connectomeDB2020_lit
Il27,Il6st,7,COMMOT_CellChat; CellTalkDB; LARIS_neurotransmitter; LIANA_mouseconsensus; SPIDER_internal; SpaCcLink; stCASE
Inha,Acvr2a,7,COMMOT_CellChat; CellTalkDB; LARIS_neurotransmitter; LIANA_mouseconsensus; SPIDER_internal; SpaCcLink; connectomeDB2020_lit
Inhba,Acvr1c,7,COMMOT_CellChat; CellTalkDB; LARIS_neurotransmitter; LIANA_mouseconsensus; SPIDER_internal; SpaCcLink; connectomeDB2020_lit
Insl5,Rxfp3,7,COMMOT_CellChat; CellChatDB; LARIS_neurotransmitter; LIANA_mouseconsensus; SpaCcLink; connectomeDB2020_lit; stCASE
Jam3,Itgam,7,COMMOT_CellChat; CellChatDB; CellTalkDB; LARIS_neurotransmitter; LIANA_mouseconsensus; SPIDER_internal; SpaCcLink
Jam3,Itgb2,7,COMMOT_CellChat; CellChatDB; CellTalkDB; LARIS_neurotransmitter; LIANA_mouseconsensus; SPIDER_internal; SpaCcLink
Lama1,Itgb8,7,COMMOT_CellChat; CellChatDB; LARIS_neurotransmitter; LIANA_mouseconsensus; SpaCcLink; connectomeDB2020_lit; stCASE
Lama2,Itga2,7,COMMOT_CellChat; CellChatDB; CellTalkDB; LARIS_neurotransmitter; LIANA_mouseconsensus; SPIDER_internal; SpaCcLink
Lta,Ltbr,7,COMMOT_CellChat; CellTalkDB; LARIS_neurotransmitter; LIANA_mouseconsensus; SPIDER_internal; SpaCcLink; connectomeDB2020_lit
Ltb,Ltbr,7,COMMOT_CellChat; CellTalkDB; LARIS_neurotransmitter; LIANA_mouseconsensus; SPIDER_internal; SpaCcLink; connectomeDB2020_lit
Madcam1,Itga4,7,COMMOT_CellChat; CellChatDB; CellTalkDB; LARIS_neurotransmitter; SPIDER_internal; SpaCcLink; connectomeDB2020_lit
Mdk,Sdc1,7,COMMOT_CellChat; CellChatDB; LARIS_neurotransmitter; LIANA_mouseconsensus; SpaCcLink; connectomeDB2020_lit; stCASE
Mdk,Sdc4,7,COMMOT_CellChat; CellChatDB; LARIS_neurotransmitter; LIANA_mouseconsensus; SpaCcLink; connectomeDB2020_lit; stCASE
Mif,Ackr3,7,COMMOT_CellChat; CellChatDB; CellTalkDB; LARIS_neurotransmitter; LIANA_mouseconsensus; SPIDER_internal; stCASE
Mif,Cd44,7,COMMOT_CellChat; CellChatDB; CellTalkDB; LARIS_neurotransmitter; LIANA_mouseconsensus; SPIDER_internal; SpaCcLink
Mstn,Acvr1b,7,COMMOT_CellChat; CellChatDB; CellTalkDB; LARIS_neurotransmitter; LIANA_mouseconsensus; SPIDER_internal; SpaCcLink
Npnt,Itga8,7,COMMOT_CellChat; CellTalkDB; LARIS_neurotransmitter; LIANA_mouseconsensus; SPIDER_internal; SpaCcLink; connectomeDB2020_lit
Npnt,Itgb1,7,COMMOT_CellChat; CellTalkDB; LARIS_neurotransmitter; LIANA_mouseconsensus; SPIDER_internal; SpaCcLink; connectomeDB2020_lit
Npy,Npy4r,7,COMMOT_CellChat; CellChatDB; CellTalkDB; LARIS_neurotransmitter; SPIDER_internal; connectomeDB2020_lit; stCASE
Nrg1,Erbb2,7,COMMOT_CellChat; CellChatDB; CellTalkDB; LARIS_neurotransmitter; SPIDER_internal; SpaCcLink; connectomeDB2020_lit
Ntf5,Ngfr,7,CellChatDB; CellTalkDB; LARIS_neurotransmitter; LIANA_mouseconsensus; SPIDER_internal; SpaCcLink; stCASE
Pdyn,Oprd1,7,COMMOT_CellChat; CellChatDB; LARIS_neurotransmitter; LIANA_mouseconsensus; SpaCcLink; connectomeDB2020_lit; stCASE
Pdyn,Oprm1,7,COMMOT_CellChat; CellChatDB; LARIS_neurotransmitter; LIANA_mouseconsensus; SpaCcLink; connectomeDB2020_lit; stCASE
Penk,Oprd1,7,COMMOT_CellChat; CellChatDB; LARIS_neurotransmitter; LIANA_mouseconsensus; SpaCcLink; connectomeDB2020_lit; stCASE
Penk,Oprm1,7,COMMOT_CellChat; CellChatDB; LARIS_neurotransmitter; LIANA_mouseconsensus; SpaCcLink; connectomeDB2020_lit; stCASE
Plau,Plaur,7,CellChatDB; CellTalkDB; LARIS_neurotransmitter; LIANA_mouseconsensus; SPIDER_internal; SpaCcLink; connectomeDB2020_lit
Pnoc,Oprl1,7,CellChatDB; CellTalkDB; LARIS_neurotransmitter; LIANA_mouseconsensus; SPIDER_internal; connectomeDB2020_lit; stCASE
Pomc,Oprk1,7,COMMOT_CellChat; CellChatDB; LARIS_neurotransmitter; LIANA_mouseconsensus; SpaCcLink; connectomeDB2020_lit; stCASE
Postn,Itgav,7,COMMOT_CellChat; CellChatDB; CellTalkDB; LARIS_neurotransmitter; LIANA_mouseconsensus; SPIDER_internal; SpaCcLink
Ppy,Npy2r,7,COMMOT_CellChat; CellChatDB; CellTalkDB; LARIS_neurotransmitter; LIANA_mouseconsensus; SPIDER_internal; stCASE
Pth2,Pth1r,7,COMMOT_CellChat; CellChatDB; LARIS_neurotransmitter; LIANA_mouseconsensus; SpaCcLink; connectomeDB2020_lit; stCASE
Ptn,Sdc3,7,COMMOT_CellChat; CellChatDB; LARIS_neurotransmitter; LIANA_mouseconsensus; SpaCcLink; connectomeDB2020_lit; stCASE
Reln,Lrp8,7,CellChatDB; CellTalkDB; LARIS_neurotransmitter; LIANA_mouseconsensus; SPIDER_internal; connectomeDB2020_lit; stCASE
Rln1,Rxfp1,7,COMMOT_CellChat; CellChatDB; LARIS_neurotransmitter; LIANA_mouseconsensus; SpaCcLink; connectomeDB2020_lit; stCASE
Rln1,Rxfp2,7,COMMOT_CellChat; CellChatDB; LARIS_neurotransmitter; LIANA_mouseconsensus; SpaCcLink; connectomeDB2020_lit; stCASE
Sema3b,Nrp2,7,COMMOT_CellChat; CellChatDB; CellTalkDB; LARIS_neurotransmitter; LIANA_mouseconsensus; SPIDER_internal; connectomeDB2020_lit
Sema3f,Nrp2,7,COMMOT_CellChat; CellChatDB; CellTalkDB; LARIS_neurotransmitter; LIANA_mouseconsensus; SPIDER_internal; connectomeDB2020_lit
Sema3g,Nrp2,7,COMMOT_CellChat; CellChatDB; CellTalkDB; LARIS_neurotransmitter; LIANA_mouseconsensus; SPIDER_internal; connectomeDB2020_lit
Sema4a,Nrp1,7,COMMOT_CellChat; CellChatDB; CellTalkDB; LARIS_neurotransmitter; LIANA_mouseconsensus; SPIDER_internal; SpaCcLink
Sema7a,Itga1,7,COMMOT_CellChat; CellChatDB; LARIS_neurotransmitter; LIANA_mouseconsensus; SpaCcLink; connectomeDB2020_lit; stCASE
Sema7a,Plxnc1,7,COMMOT_CellChat; CellChatDB; LARIS_neurotransmitter; LIANA_mouseconsensus; SpaCcLink; connectomeDB2020_lit; stCASE
Spp1,Itga8,7,COMMOT_CellChat; CellChatDB; CellTalkDB; LARIS_neurotransmitter; LIANA_mouseconsensus; SPIDER_internal; SpaCcLink
Thbs1,Itgav,7,COMMOT_CellChat; CellChatDB; CellTalkDB; LARIS_neurotransmitter; LIANA_mouseconsensus; SPIDER_internal; SpaCcLink
Thbs2,Cd47,7,COMMOT_CellChat; CellChatDB; LARIS_neurotransmitter; LIANA_mouseconsensus; SpaCcLink; connectomeDB2020_lit; stCASE
Thbs2,Itgb1,7,COMMOT_CellChat; CellChatDB; LARIS_neurotransmitter; LIANA_mouseconsensus; SpaCcLink; connectomeDB2020_lit; stCASE
Tnc,Itga8,7,COMMOT_CellChat; CellChatDB; CellTalkDB; LARIS_neurotransmitter; LIANA_mouseconsensus; SPIDER_internal; SpaCcLink
Tnc,Itga9,7,COMMOT_CellChat; CellChatDB; CellTalkDB; LARIS_neurotransmitter; LIANA_mouseconsensus; SPIDER_internal; SpaCcLink
Tnfsf9,Tnfrsf9,7,COMMOT_CellChat; CellChatDB; CellTalkDB; LARIS_neurotransmitter; SPIDER_internal; connectomeDB2020_lit; stCASE
Tshb,Tshr,7,COMMOT_CellChat; CellChatDB; LARIS_neurotransmitter; LIANA_mouseconsensus; SpaCcLink; connectomeDB2020_lit; stCASE
Vcam1,Itgb2,7,CellChatDB; CellTalkDB; LARIS_neurotransmitter; LIANA_mouseconsensus; SPIDER_internal; SpaCcLink; connectomeDB2020_lit
Vtn,Itgb3,7,COMMOT_CellChat; CellChatDB; LARIS_neurotransmitter; LIANA_mouseconsensus; SpaCcLink; connectomeDB2020_lit; stCASE
Vtn,Itgb8,7,COMMOT_CellChat; CellChatDB; LARIS_neurotransmitter; LIANA_mouseconsensus; SpaCcLink; connectomeDB2020_lit; stCASE
Vwf,Gp1ba,7,COMMOT_CellChat; CellTalkDB; LARIS_neurotransmitter; LIANA_mouseconsensus; SPIDER_internal; SpaCcLink; connectomeDB2020_lit
Vwf,Gp1bb,7,COMMOT_CellChat; CellTalkDB; LARIS_neurotransmitter; LIANA_mouseconsensus; SPIDER_internal; SpaCcLink; stCASE
Vwf,Itgav,7,COMMOT_CellChat; CellChatDB; CellTalkDB; LARIS_neurotransmitter; LIANA_mouseconsensus; SPIDER_internal; SpaCcLink
Wnt1,Fzd3,7,COMMOT_CellChat; CellChatDB; LARIS_neurotransmitter; LIANA_mouseconsensus; SpaCcLink; connectomeDB2020_lit; stCASE
Wnt1,Fzd5,7,COMMOT_CellChat; CellChatDB; CellTalkDB; LARIS_neurotransmitter; LIANA_mouseconsensus; SPIDER_internal; SpaCcLink
Wnt1,Fzd6,7,COMMOT_CellChat; CellChatDB; CellTalkDB; LARIS_neurotransmitter; LIANA_mouseconsensus; SPIDER_internal; SpaCcLink
Wnt1,Fzd7,7,COMMOT_CellChat; CellChatDB; CellTalkDB; LARIS_neurotransmitter; LIANA_mouseconsensus; SPIDER_internal; SpaCcLink
Wnt10a,Fzd10,7,COMMOT_CellChat; CellChatDB; CellTalkDB; LARIS_neurotransmitter; LIANA_mouseconsensus; SPIDER_internal; SpaCcLink
Wnt10b,Fzd4,7,COMMOT_CellChat; CellChatDB; CellTalkDB; LARIS_neurotransmitter; LIANA_mouseconsensus; SPIDER_internal; SpaCcLink
Wnt10b,Fzd6,7,COMMOT_CellChat; CellChatDB; CellTalkDB; LARIS_neurotransmitter; LIANA_mouseconsensus; SPIDER_internal; SpaCcLink
Wnt10b,Fzd8,7,COMMOT_CellChat; CellChatDB; CellTalkDB; LARIS_neurotransmitter; LIANA_mouseconsensus; SPIDER_internal; SpaCcLink
Wnt3,Fzd2,7,COMMOT_CellChat; CellChatDB; CellTalkDB; LARIS_neurotransmitter; LIANA_mouseconsensus; SPIDER_internal; SpaCcLink
Wnt3,Fzd3,7,COMMOT_CellChat; CellChatDB; CellTalkDB; LARIS_neurotransmitter; LIANA_mouseconsensus; SPIDER_internal; SpaCcLink
Wnt3,Fzd5,7,COMMOT_CellChat; CellChatDB; CellTalkDB; LARIS_neurotransmitter; LIANA_mouseconsensus; SPIDER_internal; SpaCcLink
Wnt3,Fzd6,7,COMMOT_CellChat; CellChatDB; CellTalkDB; LARIS_neurotransmitter; LIANA_mouseconsensus; SPIDER_internal; SpaCcLink
Wnt3a,Fzd4,7,COMMOT_CellChat; CellChatDB; CellTalkDB; LARIS_neurotransmitter; LIANA_mouseconsensus; SPIDER_internal; SpaCcLink
Wnt4,Fzd1,7,COMMOT_CellChat; CellChatDB; CellTalkDB; LARIS_neurotransmitter; LIANA_mouseconsensus; SPIDER_internal; SpaCcLink
Wnt4,Fzd10,7,COMMOT_CellChat; CellChatDB; CellTalkDB; LARIS_neurotransmitter; LIANA_mouseconsensus; SPIDER_internal; SpaCcLink
Wnt4,Fzd4,7,COMMOT_CellChat; CellChatDB; CellTalkDB; LARIS_neurotransmitter; LIANA_mouseconsensus; SPIDER_internal; SpaCcLink
Wnt4,Fzd5,7,COMMOT_CellChat; CellChatDB; CellTalkDB; LARIS_neurotransmitter; LIANA_mouseconsensus; SPIDER_internal; SpaCcLink
Wnt4,Fzd7,7,COMMOT_CellChat; CellChatDB; CellTalkDB; LARIS_neurotransmitter; LIANA_mouseconsensus; SPIDER_internal; SpaCcLink
Wnt4,Fzd8,7,COMMOT_CellChat; CellChatDB; CellTalkDB; LARIS_neurotransmitter; LIANA_mouseconsensus; SPIDER_internal; SpaCcLink
Wnt5a,Mcam,7,COMMOT_CellChat; CellChatDB; LARIS_neurotransmitter; LIANA_mouseconsensus; SpaCcLink; connectomeDB2020_lit; stCASE
Wnt7a,Fzd10,7,COMMOT_CellChat; CellChatDB; LARIS_neurotransmitter; LIANA_mouseconsensus; SpaCcLink; connectomeDB2020_lit; stCASE
Wnt7a,Fzd3,7,COMMOT_CellChat; CellChatDB; CellTalkDB; LARIS_neurotransmitter; LIANA_mouseconsensus; SPIDER_internal; SpaCcLink
Wnt7a,Fzd4,7,COMMOT_CellChat; CellChatDB; CellTalkDB; LARIS_neurotransmitter; LIANA_mouseconsensus; SPIDER_internal; SpaCcLink
Wnt7b,Fzd3,7,COMMOT_CellChat; CellChatDB; CellTalkDB; LARIS_neurotransmitter; LIANA_mouseconsensus; SPIDER_internal; SpaCcLink
Wnt7b,Fzd7,7,COMMOT_CellChat; CellChatDB; CellTalkDB; LARIS_neurotransmitter; LIANA_mouseconsensus; SPIDER_internal; SpaCcLink
Wnt8a,Fzd1,7,COMMOT_CellChat; CellChatDB; CellTalkDB; LARIS_neurotransmitter; LIANA_mouseconsensus; SPIDER_internal; SpaCcLink
Wnt8b,Fzd10,7,COMMOT_CellChat; CellChatDB; CellTalkDB; LARIS_neurotransmitter; LIANA_mouseconsensus; SPIDER_internal; SpaCcLink
Wnt8b,Fzd7,7,COMMOT_CellChat; CellChatDB; CellTalkDB; LARIS_neurotransmitter; LIANA_mouseconsensus; SPIDER_internal; SpaCcLink
Wnt9a,Fzd7,7,COMMOT_CellChat; CellChatDB; CellTalkDB; LARIS_neurotransmitter; LIANA_mouseconsensus; SPIDER_internal; SpaCcLink
Wnt9a,Fzd9,7,COMMOT_CellChat; CellChatDB; CellTalkDB; LARIS_neurotransmitter; LIANA_mouseconsensus; SPIDER_internal; SpaCcLink
Adam10,Epha3,6,CellTalkDB; LIANA_mouseconsensus; SPIDER_internal; SpaCcLink; connectomeDB2020_lit; stCASE
Adam12,Itga9,6,CellTalkDB; LIANA_mouseconsensus; SPIDER_internal; SpaCcLink; connectomeDB2020_lit; stCASE
Adam12,Itgb1,6,CellTalkDB; LIANA_mouseconsensus; SPIDER_internal; SpaCcLink; connectomeDB2020_lit; stCASE
Adam12,Sdc4,6,CellTalkDB; LIANA_mouseconsensus; SPIDER_internal; SpaCcLink; connectomeDB2020_lit; stCASE
Adam15,Itga9,6,CellTalkDB; LIANA_mouseconsensus; SPIDER_internal; SpaCcLink; connectomeDB2020_lit; stCASE
Adam15,Itgav,6,CellTalkDB; LIANA_mouseconsensus; SPIDER_internal; SpaCcLink; connectomeDB2020_lit; stCASE
Adam15,Itgb1,6,CellTalkDB; LIANA_mouseconsensus; SPIDER_internal; SpaCcLink; connectomeDB2020_lit; stCASE
Adam17,Itga5,6,CellTalkDB; LIANA_mouseconsensus; SPIDER_internal; SpaCcLink; connectomeDB2020_lit; stCASE
Adam17,Itgb1,6,CellTalkDB; LIANA_mouseconsensus; SPIDER_internal; SpaCcLink; connectomeDB2020_lit; stCASE
Adam17,Notch1,6,CellTalkDB; LIANA_mouseconsensus; SPIDER_internal; SpaCcLink; connectomeDB2020_lit; stCASE
Adam2,Itga6,6,CellTalkDB; LIANA_mouseconsensus; SPIDER_internal; SpaCcLink; connectomeDB2020_lit; stCASE
Adam2,Itga9,6,CellTalkDB; LIANA_mouseconsensus; SPIDER_internal; SpaCcLink; connectomeDB2020_lit; stCASE
Adam2,Itgb1,6,CellTalkDB; LIANA_mouseconsensus; SPIDER_internal; SpaCcLink; connectomeDB2020_lit; stCASE
Adam2,Itgb7,6,CellTalkDB; LIANA_mouseconsensus; SPIDER_internal; SpaCcLink; connectomeDB2020_lit; stCASE
Adam9,Itga6,6,CellTalkDB; LIANA_mouseconsensus; SPIDER_internal; SpaCcLink; connectomeDB2020_lit; stCASE
Adam9,Itgav,6,CellTalkDB; LIANA_mouseconsensus; SPIDER_internal; SpaCcLink; connectomeDB2020_lit; stCASE
Adam9,Itgb1,6,CellTalkDB; LIANA_mouseconsensus; SPIDER_internal; SpaCcLink; connectomeDB2020_lit; stCASE
Adam9,Itgb5,6,CellTalkDB; LIANA_mouseconsensus; SPIDER_internal; SpaCcLink; connectomeDB2020_lit; stCASE
Adcyap1,Vipr1,6,CellTalkDB; LIANA_mouseconsensus; SPIDER_internal; SpaCcLink; connectomeDB2020_lit; stCASE
Adcyap1,Vipr2,6,CellTalkDB; LIANA_mouseconsensus; SPIDER_internal; SpaCcLink; connectomeDB2020_lit; stCASE
Adm,Calcrl,6,COMMOT_CellChat; CellChatDB; LIANA_mouseconsensus; SpaCcLink; connectomeDB2020_lit; stCASE
Adm,Ramp2,6,CellChatDB; LARIS_neurotransmitter; LIANA_mouseconsensus; SpaCcLink; connectomeDB2020_lit; stCASE
Adm2,Calcrl,6,CellTalkDB; LIANA_mouseconsensus; SPIDER_internal; SpaCcLink; connectomeDB2020_lit; stCASE
Adm2,Ramp3,6,CellTalkDB; LIANA_mouseconsensus; SPIDER_internal; SpaCcLink; connectomeDB2020_lit; stCASE
Agrn,Atp1a3,6,CellTalkDB; LIANA_mouseconsensus; SPIDER_internal; SpaCcLink; connectomeDB2020_lit; stCASE
Agrn,Dag1,6,COMMOT_CellChat; CellChatDB; LARIS_neurotransmitter; LIANA_mouseconsensus; connectomeDB2020_lit; stCASE
Agrp,Sdc3,6,CellTalkDB; LIANA_mouseconsensus; SPIDER_internal; SpaCcLink; connectomeDB2020_lit; stCASE
Agt,Agtr1b,6,COMMOT_CellChat; CellChatDB; CellTalkDB; LARIS_neurotransmitter; SPIDER_internal; SpaCcLink
Angpt4,Tek,6,CellTalkDB; LIANA_mouseconsensus; SPIDER_internal; SpaCcLink; connectomeDB2020_lit; stCASE
Angptl1,Tek,6,CellTalkDB; LIANA_mouseconsensus; SPIDER_internal; SpaCcLink; connectomeDB2020_lit; stCASE
Angptl2,Itgb1,6,COMMOT_CellChat; CellChatDB; LARIS_neurotransmitter; LIANA_mouseconsensus; connectomeDB2020_lit; stCASE
Angptl3,Itga5,6,CellTalkDB; LIANA_mouseconsensus; SPIDER_internal; SpaCcLink; connectomeDB2020_lit; stCASE
Apoa1,Abca1,6,CellChatDB; CellTalkDB; LARIS_neurotransmitter; LIANA_mouseconsensus; SPIDER_internal; SpaCcLink
Apob,Ldlr,6,CellTalkDB; LIANA_mouseconsensus; SPIDER_internal; SpaCcLink; connectomeDB2020_lit; stCASE
Apoe,Ldlr,6,CellTalkDB; LIANA_mouseconsensus; SPIDER_internal; SpaCcLink; connectomeDB2020_lit; stCASE
Apoe,Lrp1,6,CellTalkDB; LIANA_mouseconsensus; SPIDER_internal; SpaCcLink; connectomeDB2020_lit; stCASE
Apoe,Lrp5,6,CellTalkDB; LIANA_mouseconsensus; SPIDER_internal; SpaCcLink; connectomeDB2020_lit; stCASE
Apoe,Vldlr,6,CellTalkDB; LIANA_mouseconsensus; SPIDER_internal; SpaCcLink; connectomeDB2020_lit; stCASE
App,Fpr2,6,CellTalkDB; LIANA_mouseconsensus; SPIDER_internal; SpaCcLink; connectomeDB2020_lit; stCASE
App,Lrp1,6,CellTalkDB; LIANA_mouseconsensus; SPIDER_internal; SpaCcLink; connectomeDB2020_lit; stCASE
App,Ncstn,6,CellTalkDB; LIANA_mouseconsensus; SPIDER_internal; SpaCcLink; connectomeDB2020_lit; stCASE
Areg,Erbb3,6,CellTalkDB; LIANA_mouseconsensus; SPIDER_internal; SpaCcLink; connectomeDB2020_lit; stCASE
Avp,Oxtr,6,CellTalkDB; LIANA_mouseconsensus; SPIDER_internal; SpaCcLink; connectomeDB2020_lit; stCASE
Bgn,Tlr2,6,CellTalkDB; LIANA_mouseconsensus; SPIDER_internal; SpaCcLink; connectomeDB2020_lit; stCASE
Bgn,Tlr4,6,CellTalkDB; LIANA_mouseconsensus; SPIDER_internal; SpaCcLink; connectomeDB2020_lit; stCASE
Bmp10,Bmpr1a,6,CellTalkDB; LIANA_mouseconsensus; SPIDER_internal; SpaCcLink; connectomeDB2020_lit; stCASE
Bmp10,Bmpr1b,6,CellTalkDB; LIANA_mouseconsensus; SPIDER_internal; SpaCcLink; connectomeDB2020_lit; stCASE
Bmp15,Bmpr1a,6,CellTalkDB; LIANA_mouseconsensus; SPIDER_internal; SpaCcLink; connectomeDB2020_lit; stCASE
Bmp3,Acvr2b,6,CellTalkDB; LIANA_mouseconsensus; SPIDER_internal; SpaCcLink; connectomeDB2020_lit; stCASE
Bmp8b,Acvr2a,6,COMMOT_CellChat; CellChatDB; CellTalkDB; LARIS_neurotransmitter; SPIDER_internal; SpaCcLink
Bmp8b,Acvr2b,6,COMMOT_CellChat; CellChatDB; CellTalkDB; LARIS_neurotransmitter; SPIDER_internal; SpaCcLink
Bmp8b,Bmpr1a,6,COMMOT_CellChat; CellChatDB; CellTalkDB; LARIS_neurotransmitter; SPIDER_internal; SpaCcLink
Bmp8b,Bmpr1b,6,COMMOT_CellChat; CellChatDB; CellTalkDB; LARIS_neurotransmitter; SPIDER_internal; SpaCcLink
Bmp8b,Bmpr2,6,COMMOT_CellChat; CellChatDB; CellTalkDB; LARIS_neurotransmitter; SPIDER_internal; SpaCcLink
C3,Itgax,6,COMMOT_CellChat; CellChatDB; LARIS_neurotransmitter; LIANA_mouseconsensus; SpaCcLink; connectomeDB2020_lit
C4a,C3ar1,6,COMMOT_CellChat; CellChatDB; LARIS_neurotransmitter; LIANA_mouseconsensus; SpaCcLink; connectomeDB2020_lit
Calca,Ramp1,6,CellChatDB; LARIS_neurotransmitter; LIANA_mouseconsensus; SpaCcLink; connectomeDB2020_lit; stCASE
Calca,Ramp2,6,CellChatDB; LARIS_neurotransmitter; LIANA_mouseconsensus; SpaCcLink; connectomeDB2020_lit; stCASE
Calcb,Calcr,6,COMMOT_CellChat; CellChatDB; LARIS_neurotransmitter; SpaCcLink; connectomeDB2020_lit; stCASE
Calr,Lrp1,6,CellTalkDB; LIANA_mouseconsensus; SPIDER_internal; SpaCcLink; connectomeDB2020_lit; stCASE
Ccl11,Ccr2,6,CellTalkDB; LIANA_mouseconsensus; SPIDER_internal; SpaCcLink; connectomeDB2020_lit; stCASE
Ccl11,Ccr5,6,CellTalkDB; LIANA_mouseconsensus; SPIDER_internal; SpaCcLink; connectomeDB2020_lit; stCASE
Ccl17,Ccr8,6,CellTalkDB; LIANA_mouseconsensus; SPIDER_internal; SpaCcLink; connectomeDB2020_lit; stCASE
Ccl20,Cxcr3,6,CellTalkDB; LIANA_mouseconsensus; SPIDER_internal; SpaCcLink; connectomeDB2020_lit; stCASE
Ccl21a,Ccr7,6,COMMOT_CellChat; CellChatDB; CellTalkDB; LARIS_neurotransmitter; SPIDER_internal; SpaCcLink
Ccl21d,Ccr7,6,CellChatDB; CellTalkDB; LARIS_neurotransmitter; SPIDER_internal; SpaCcLink; stCASE
Ccl25,Ackr2,6,CellTalkDB; LIANA_mouseconsensus; SPIDER_internal; SpaCcLink; connectomeDB2020_lit; stCASE
Ccl27a,Ccr10,6,COMMOT_CellChat; CellChatDB; CellTalkDB; LARIS_neurotransmitter; SPIDER_internal; SpaCcLink
Ccl28,Ackr2,6,CellTalkDB; LIANA_mouseconsensus; SPIDER_internal; SpaCcLink; connectomeDB2020_lit; stCASE
Ccl4,Ccr3,6,CellTalkDB; LIANA_mouseconsensus; SPIDER_internal; SpaCcLink; connectomeDB2020_lit; stCASE
Ccl4,Ccr8,6,CellTalkDB; LIANA_mouseconsensus; SPIDER_internal; SpaCcLink; connectomeDB2020_lit; stCASE
Ccl6,Ccr1,6,COMMOT_CellChat; CellChatDB; CellTalkDB; LARIS_neurotransmitter; SPIDER_internal; SpaCcLink
Cd14,Itga4,6,CellTalkDB; LIANA_mouseconsensus; SPIDER_internal; SpaCcLink; connectomeDB2020_lit; stCASE
Cd14,Itgb1,6,CellTalkDB; LIANA_mouseconsensus; SPIDER_internal; SpaCcLink; connectomeDB2020_lit; stCASE
Cd160,Tnfrsf14,6,CellChatDB; CellTalkDB; LARIS_neurotransmitter; SPIDER_internal; SpaCcLink; connectomeDB2020_lit
Cd200,Cd200r2,6,COMMOT_CellChat; CellChatDB; CellTalkDB; LARIS_neurotransmitter; LIANA_mouseconsensus; SPIDER_internal
Cd274,Cd80,6,CellTalkDB; LIANA_mouseconsensus; SPIDER_internal; SpaCcLink; connectomeDB2020_lit; stCASE
Cd34,Selp,6,COMMOT_CellChat; CellChatDB; LARIS_neurotransmitter; LIANA_mouseconsensus; connectomeDB2020_lit; stCASE
Cdh1,Egfr,6,CellTalkDB; LIANA_mouseconsensus; SPIDER_internal; SpaCcLink; connectomeDB2020_lit; stCASE
Cdh1,Ptprm,6,CellTalkDB; LIANA_mouseconsensus; SPIDER_internal; SpaCcLink; connectomeDB2020_lit; stCASE
Cga,Fshr,6,COMMOT_CellChat; CellChatDB; LARIS_neurotransmitter; LIANA_mouseconsensus; SpaCcLink; stCASE
Cga,Tshr,6,COMMOT_CellChat; CellChatDB; LARIS_neurotransmitter; LIANA_mouseconsensus; SpaCcLink; stCASE
Col18a1,Gpc1,6,CellTalkDB; LIANA_mouseconsensus; SPIDER_internal; SpaCcLink; connectomeDB2020_lit; stCASE
Col18a1,Gpc4,6,CellTalkDB; LIANA_mouseconsensus; SPIDER_internal; SpaCcLink; connectomeDB2020_lit; stCASE
Col1a1,Gp6,6,COMMOT_CellChat; CellChatDB; LARIS_neurotransmitter; LIANA_mouseconsensus; connectomeDB2020_lit; stCASE
Col1a1,Itga11,6,COMMOT_CellChat; CellChatDB; LARIS_neurotransmitter; LIANA_mouseconsensus; SpaCcLink; connectomeDB2020_lit
Col1a1,Itga2,6,COMMOT_CellChat; CellChatDB; LARIS_neurotransmitter; LIANA_mouseconsensus; SpaCcLink; connectomeDB2020_lit
Col1a2,Gp6,6,COMMOT_CellChat; CellChatDB; LARIS_neurotransmitter; LIANA_mouseconsensus; connectomeDB2020_lit; stCASE
Col2a1,Itga10,6,COMMOT_CellChat; CellChatDB; LARIS_neurotransmitter; LIANA_mouseconsensus; SpaCcLink; connectomeDB2020_lit
Col2a1,Mag,6,CellTalkDB; LIANA_mouseconsensus; SPIDER_internal; SpaCcLink; connectomeDB2020_lit; stCASE
Col3a1,Mag,6,CellTalkDB; LIANA_mouseconsensus; SPIDER_internal; SpaCcLink; connectomeDB2020_lit; stCASE
Col4a1,Itga1,6,COMMOT_CellChat; CellChatDB; LARIS_neurotransmitter; LIANA_mouseconsensus; SpaCcLink; connectomeDB2020_lit
Col4a3,Itgav,6,COMMOT_CellChat; CellChatDB; LARIS_neurotransmitter; LIANA_mouseconsensus; SpaCcLink; connectomeDB2020_lit
Col9a1,Mag,6,CellTalkDB; LIANA_mouseconsensus; SPIDER_internal; SpaCcLink; connectomeDB2020_lit; stCASE
Col9a2,Mag,6,CellTalkDB; LIANA_mouseconsensus; SPIDER_internal; SpaCcLink; connectomeDB2020_lit; stCASE
Col9a3,Mag,6,CellTalkDB; LIANA_mouseconsensus; SPIDER_internal; SpaCcLink; connectomeDB2020_lit; stCASE
Comp,Itgb3,6,COMMOT_CellChat; CellChatDB; LARIS_neurotransmitter; LIANA_mouseconsensus; connectomeDB2020_lit; stCASE
Cort,Ghsr,6,CellTalkDB; LIANA_mouseconsensus; SPIDER_internal; SpaCcLink; connectomeDB2020_lit; stCASE
Csf2,Csf3r,6,CellTalkDB; LIANA_mouseconsensus; SPIDER_internal; SpaCcLink; connectomeDB2020_lit; stCASE
Csf2,Sdc2,6,CellTalkDB; LIANA_mouseconsensus; SPIDER_internal; SpaCcLink; connectomeDB2020_lit; stCASE
Cthrc1,Fzd3,6,CellTalkDB; LIANA_mouseconsensus; SPIDER_internal; SpaCcLink; connectomeDB2020_lit; stCASE
Cthrc1,Fzd5,6,CellTalkDB; LIANA_mouseconsensus; SPIDER_internal; SpaCcLink; connectomeDB2020_lit; stCASE
Cthrc1,Fzd6,6,CellTalkDB; LIANA_mouseconsensus; SPIDER_internal; SpaCcLink; connectomeDB2020_lit; stCASE
Cx3cl1,Itgb3,6,CellTalkDB; LIANA_mouseconsensus; SPIDER_internal; SpaCcLink; connectomeDB2020_lit; stCASE
Cxcl10,Sdc4,6,CellTalkDB; LIANA_mouseconsensus; SPIDER_internal; SpaCcLink; connectomeDB2020_lit; stCASE
Cxcl11,Cxcr3,6,COMMOT_CellChat; CellChatDB; LARIS_neurotransmitter; SpaCcLink; connectomeDB2020_lit; stCASE
Cxcl12,Itgb1,6,CellTalkDB; LIANA_mouseconsensus; SPIDER_internal; SpaCcLink; connectomeDB2020_lit; stCASE
Cxcl14,Cxcr4,6,CellTalkDB; LIANA_mouseconsensus; SPIDER_internal; SpaCcLink; connectomeDB2020_lit; stCASE
Cxcl2,Ackr1,6,COMMOT_CellChat; CellChatDB; CellTalkDB; LARIS_neurotransmitter; SPIDER_internal; stCASE
Dhh,Ptch1,6,COMMOT_CellChat; CellChatDB; LARIS_neurotransmitter; LIANA_mouseconsensus; SpaCcLink; connectomeDB2020_lit
Dhh,Ptch2,6,COMMOT_CellChat; CellChatDB; LARIS_neurotransmitter; LIANA_mouseconsensus; SpaCcLink; connectomeDB2020_lit
Dkk1,Kremen1,6,CellTalkDB; LIANA_mouseconsensus; SPIDER_internal; SpaCcLink; connectomeDB2020_lit; stCASE
Dkk1,Kremen2,6,CellTalkDB; LIANA_mouseconsensus; SPIDER_internal; SpaCcLink; connectomeDB2020_lit; stCASE
Dkk2,Lrp6,6,CellTalkDB; LIANA_mouseconsensus; SPIDER_internal; SpaCcLink; connectomeDB2020_lit; stCASE
Dkk4,Kremen1,6,CellTalkDB; LIANA_mouseconsensus; SPIDER_internal; SpaCcLink; connectomeDB2020_lit; stCASE
Dlk1,Notch4,6,COMMOT_CellChat; CellChatDB; LARIS_neurotransmitter; LIANA_mouseconsensus; connectomeDB2020_lit; stCASE
Dsg2,Dsc3,6,COMMOT_CellChat; CellChatDB; LARIS_neurotransmitter; LIANA_mouseconsensus; connectomeDB2020_lit; stCASE
Dspp,Itgav,6,COMMOT_CellChat; CellChatDB; CellTalkDB; LARIS_neurotransmitter; SPIDER_internal; SpaCcLink
Efna1,Epha6,6,CellTalkDB; LIANA_mouseconsensus; SPIDER_internal; SpaCcLink; connectomeDB2020_lit; stCASE
Efna4,Epha6,6,CellTalkDB; LIANA_mouseconsensus; SPIDER_internal; SpaCcLink; connectomeDB2020_lit; stCASE
Efna5,Epha6,6,CellTalkDB; LIANA_mouseconsensus; SPIDER_internal; SpaCcLink; connectomeDB2020_lit; stCASE
Efnb1,Ephb6,6,CellTalkDB; LIANA_mouseconsensus; SPIDER_internal; SpaCcLink; connectomeDB2020_lit; stCASE
Efnb2,Epha3,6,CellTalkDB; LIANA_mouseconsensus; SPIDER_internal; SpaCcLink; connectomeDB2020_lit; stCASE
Efnb2,Epha6,6,CellTalkDB; LIANA_mouseconsensus; SPIDER_internal; SpaCcLink; connectomeDB2020_lit; stCASE
Efnb2,Ephb6,6,CellTalkDB; LIANA_mouseconsensus; SPIDER_internal; SpaCcLink; connectomeDB2020_lit; stCASE
Egf,Erbb3,6,CellTalkDB; LIANA_mouseconsensus; SPIDER_internal; SpaCcLink; connectomeDB2020_lit; stCASE
Egf,Erbb4,6,CellTalkDB; LIANA_mouseconsensus; SPIDER_internal; SpaCcLink; connectomeDB2020_lit; stCASE
Enho,Gpr19,6,COMMOT_CellChat; CellChatDB; LARIS_neurotransmitter; LIANA_mouseconsensus; connectomeDB2020_lit; stCASE
Fat4,Dchs1,6,CellTalkDB; LIANA_mouseconsensus; SPIDER_internal; SpaCcLink; connectomeDB2020_lit; stCASE
Fbln1,Itgb1,6,CellTalkDB; LIANA_mouseconsensus; SPIDER_internal; SpaCcLink; connectomeDB2020_lit; stCASE
Fgf1,Cd44,6,CellTalkDB; LIANA_mouseconsensus; SPIDER_internal; SpaCcLink; connectomeDB2020_lit; stCASE
Fgf1,Nrp1,6,CellTalkDB; LIANA_mouseconsensus; SPIDER_internal; SpaCcLink; connectomeDB2020_lit; stCASE
Fgf2,Cd44,6,CellTalkDB; LIANA_mouseconsensus; SPIDER_internal; SpaCcLink; connectomeDB2020_lit; stCASE
Fgf2,Fgfrl1,6,CellTalkDB; LIANA_mouseconsensus; SPIDER_internal; SpaCcLink; connectomeDB2020_lit; stCASE
Fgf2,Gpc4,6,CellTalkDB; LIANA_mouseconsensus; SPIDER_internal; SpaCcLink; connectomeDB2020_lit; stCASE
Fgf2,Nrp1,6,CellTalkDB; LIANA_mouseconsensus; SPIDER_internal; SpaCcLink; connectomeDB2020_lit; stCASE
Fgf2,Sdc1,6,CellTalkDB; LIANA_mouseconsensus; SPIDER_internal; SpaCcLink; connectomeDB2020_lit; stCASE
Fgf2,Sdc2,6,CellTalkDB; LIANA_mouseconsensus; SPIDER_internal; SpaCcLink; connectomeDB2020_lit; stCASE
Fgf2,Sdc3,6,CellTalkDB; LIANA_mouseconsensus; SPIDER_internal; SpaCcLink; connectomeDB2020_lit; stCASE
Fgf2,Sdc4,6,CellTalkDB; LIANA_mouseconsensus; SPIDER_internal; SpaCcLink; connectomeDB2020_lit; stCASE
Fgf22,Fgfr1,6,CellTalkDB; LIANA_mouseconsensus; SPIDER_internal; SpaCcLink; connectomeDB2020_lit; stCASE
Fgf23,Fgfr2,6,CellTalkDB; LIANA_mouseconsensus; SPIDER_internal; SpaCcLink; connectomeDB2020_lit; stCASE
Fgf3,Fgfr3,6,CellTalkDB; LIANA_mouseconsensus; SPIDER_internal; SpaCcLink; connectomeDB2020_lit; stCASE
Fgf4,Nrp1,6,CellTalkDB; LIANA_mouseconsensus; SPIDER_internal; SpaCcLink; connectomeDB2020_lit; stCASE
Fgf7,Fgfr3,6,CellTalkDB; LIANA_mouseconsensus; SPIDER_internal; SpaCcLink; connectomeDB2020_lit; stCASE
Fgf7,Nrp1,6,CellTalkDB; LIANA_mouseconsensus; SPIDER_internal; SpaCcLink; connectomeDB2020_lit; stCASE
Fgf8,Fgfrl1,6,CellTalkDB; LIANA_mouseconsensus; SPIDER_internal; SpaCcLink; connectomeDB2020_lit; stCASE
Fn1,Itga4,6,COMMOT_CellChat; CellChatDB; LARIS_neurotransmitter; LIANA_mouseconsensus; SpaCcLink; connectomeDB2020_lit
Fn1,Itga8,6,COMMOT_CellChat; CellChatDB; LARIS_neurotransmitter; LIANA_mouseconsensus; SpaCcLink; connectomeDB2020_lit
Fn1,Itgav,6,COMMOT_CellChat; CellChatDB; LARIS_neurotransmitter; LIANA_mouseconsensus; SpaCcLink; connectomeDB2020_lit
Gal,Galr3,6,COMMOT_CellChat; CellChatDB; LARIS_neurotransmitter; LIANA_mouseconsensus; connectomeDB2020_lit; stCASE
Gdf2,Acvr1,6,CellTalkDB; LIANA_mouseconsensus; SPIDER_internal; SpaCcLink; connectomeDB2020_lit; stCASE
Gdf5,Bmpr1a,6,COMMOT_CellChat; CellChatDB; LARIS_neurotransmitter; LIANA_mouseconsensus; SpaCcLink; connectomeDB2020_lit
Gdf9,Acvr2a,6,CellTalkDB; LIANA_mouseconsensus; SPIDER_internal; SpaCcLink; connectomeDB2020_lit; stCASE
Gdf9,Bmpr1a,6,CellTalkDB; LIANA_mouseconsensus; SPIDER_internal; SpaCcLink; connectomeDB2020_lit; stCASE
Gdf9,Bmpr1b,6,CellTalkDB; LIANA_mouseconsensus; SPIDER_internal; SpaCcLink; connectomeDB2020_lit; stCASE
Gdf9,Tgfbr1,6,CellTalkDB; LIANA_mouseconsensus; SPIDER_internal; SpaCcLink; connectomeDB2020_lit; stCASE
Gh,Prlr,6,COMMOT_CellChat; CellChatDB; LARIS_neurotransmitter; LIANA_mouseconsensus; SpaCcLink; stCASE
Gnas,Gcgr,6,CellTalkDB; LIANA_mouseconsensus; SPIDER_internal; SpaCcLink; connectomeDB2020_lit; stCASE
Gnas,Lhcgr,6,CellTalkDB; LIANA_mouseconsensus; SPIDER_internal; SpaCcLink; connectomeDB2020_lit; stCASE
Gpha2,Tshr,6,CellChatDB; LARIS_neurotransmitter; LIANA_mouseconsensus; SpaCcLink; connectomeDB2020_lit; stCASE
Grn,Tnfrsf1b,6,CellTalkDB; LIANA_mouseconsensus; SPIDER_internal; SpaCcLink; connectomeDB2020_lit; stCASE
Hgf,Cd44,6,CellTalkDB; LIANA_mouseconsensus; SPIDER_internal; SpaCcLink; connectomeDB2020_lit; stCASE
Hgf,Sdc2,6,CellTalkDB; LIANA_mouseconsensus; SPIDER_internal; SpaCcLink; connectomeDB2020_lit; stCASE
Hp,Itgam,6,CellTalkDB; LIANA_mouseconsensus; SPIDER_internal; SpaCcLink; connectomeDB2020_lit; stCASE
Hsp90aa1,Egfr,6,CellTalkDB; LIANA_mouseconsensus; SPIDER_internal; SpaCcLink; connectomeDB2020_lit; stCASE
Hspg2,Itgb1,6,CellTalkDB; LIANA_mouseconsensus; SPIDER_internal; SpaCcLink; connectomeDB2020_lit; stCASE
Hspg2,Ptprs,6,CellTalkDB; LIANA_mouseconsensus; SPIDER_internal; SpaCcLink; connectomeDB2020_lit; stCASE
Iapp,Ramp1,6,CellChatDB; LARIS_neurotransmitter; LIANA_mouseconsensus; SpaCcLink; connectomeDB2020_lit; stCASE
Iapp,Ramp2,6,CellChatDB; LARIS_neurotransmitter; LIANA_mouseconsensus; SpaCcLink; connectomeDB2020_lit; stCASE
Icam1,Itgax,6,COMMOT_CellChat; CellChatDB; LARIS_neurotransmitter; LIANA_mouseconsensus; SpaCcLink; connectomeDB2020_lit
Icam4,Itgam,6,CellTalkDB; LIANA_mouseconsensus; SPIDER_internal; SpaCcLink; connectomeDB2020_lit; stCASE
Icam4,Itgav,6,CellTalkDB; LIANA_mouseconsensus; SPIDER_internal; SpaCcLink; connectomeDB2020_lit; stCASE
Icam5,Itgal,6,CellTalkDB; LIANA_mouseconsensus; SPIDER_internal; SpaCcLink; connectomeDB2020_lit; stCASE
Icosl,Ctla4,6,COMMOT_CellChat; CellChatDB; LARIS_neurotransmitter; LIANA_mouseconsensus; SpaCcLink; stCASE
Ifne,Ifnar2,6,COMMOT_CellChat; CellChatDB; LARIS_neurotransmitter; LIANA_mouseconsensus; connectomeDB2020_lit; stCASE
Ifnk,Ifnar2,6,COMMOT_CellChat; CellChatDB; LARIS_neurotransmitter; LIANA_mouseconsensus; connectomeDB2020_lit; stCASE
Ifnl2,Ifnlr1,6,COMMOT_CellChat; CellChatDB; LARIS_neurotransmitter; SpaCcLink; connectomeDB2020_lit; stCASE
Igf2,Insr,6,CellTalkDB; LIANA_mouseconsensus; SPIDER_internal; SpaCcLink; connectomeDB2020_lit; stCASE
Igfl3,Igflr1,6,COMMOT_CellChat; CellChatDB; LARIS_neurotransmitter; LIANA_mouseconsensus; connectomeDB2020_lit; stCASE
Ihh,Cdon,6,CellTalkDB; LIANA_mouseconsensus; SPIDER_internal; SpaCcLink; connectomeDB2020_lit; stCASE
Il11,Il11ra1,6,COMMOT_CellChat; CellTalkDB; LARIS_neurotransmitter; LIANA_mouseconsensus; SPIDER_internal; SpaCcLink
Il12b,Il12rb2,6,COMMOT_CellChat; LARIS_neurotransmitter; LIANA_mouseconsensus; SpaCcLink; connectomeDB2020_lit; stCASE
Il1a,Il1r2,6,CellTalkDB; LIANA_mouseconsensus; SPIDER_internal; SpaCcLink; connectomeDB2020_lit; stCASE
Il1b,Il1r2,6,CellTalkDB; LIANA_mouseconsensus; SPIDER_internal; SpaCcLink; connectomeDB2020_lit; stCASE
Il31,Il31ra,6,COMMOT_CellChat; CellChatDB; CellTalkDB; LARIS_neurotransmitter; SPIDER_internal; connectomeDB2020_lit
Il6,Il6ra,6,COMMOT_CellChat; CellTalkDB; LARIS_neurotransmitter; LIANA_mouseconsensus; SPIDER_internal; SpaCcLink
Il9,Il2rg,6,COMMOT_CellChat; CellChatDB; LARIS_neurotransmitter; LIANA_mouseconsensus; SpaCcLink; connectomeDB2020_lit
Inhbb,Acvr1b,6,COMMOT_CellChat; CellChatDB; LARIS_neurotransmitter; LIANA_mouseconsensus; SpaCcLink; connectomeDB2020_lit
Kiss1,Kiss1r,6,COMMOT_CellChat; CellChatDB; LARIS_neurotransmitter; LIANA_mouseconsensus; SpaCcLink; connectomeDB2020_lit
Kng1,Bdkrb1,6,COMMOT_CellChat; CellChatDB; LARIS_neurotransmitter; LIANA_mouseconsensus; SpaCcLink; connectomeDB2020_lit
Kng1,Bdkrb2,6,COMMOT_CellChat; CellChatDB; LARIS_neurotransmitter; LIANA_mouseconsensus; SpaCcLink; connectomeDB2020_lit
Kng2,Bdkrb1,6,COMMOT_CellChat; CellChatDB; LARIS_neurotransmitter; LIANA_mouseconsensus; SpaCcLink; stCASE
Kng2,Bdkrb2,6,COMMOT_CellChat; CellChatDB; LARIS_neurotransmitter; LIANA_mouseconsensus; SpaCcLink; stCASE
L1cam,Erbb2,6,CellTalkDB; LIANA_mouseconsensus; SPIDER_internal; SpaCcLink; connectomeDB2020_lit; stCASE
L1cam,Erbb3,6,CellTalkDB; LIANA_mouseconsensus; SPIDER_internal; SpaCcLink; connectomeDB2020_lit; stCASE
Lama2,Dag1,6,COMMOT_CellChat; CellChatDB; LARIS_neurotransmitter; LIANA_mouseconsensus; connectomeDB2020_lit; stCASE
Lefty2,Acvr2b,6,CellTalkDB; LIANA_mouseconsensus; SPIDER_internal; SpaCcLink; connectomeDB2020_lit; stCASE
Lgals3bp,Itgb1,6,CellTalkDB; LIANA_mouseconsensus; SPIDER_internal; SpaCcLink; connectomeDB2020_lit; stCASE
Lgals9,Havcr2,6,COMMOT_CellChat; CellChatDB; CellTalkDB; LARIS_neurotransmitter; SPIDER_internal; connectomeDB2020_lit
Lin7c,Htr2c,6,CellTalkDB; LIANA_mouseconsensus; SPIDER_internal; SpaCcLink; connectomeDB2020_lit; stCASE
Liph,Lpar1,6,CellTalkDB; LIANA_mouseconsensus; SPIDER_internal; SpaCcLink; connectomeDB2020_lit; stCASE
Lrrc4b,Ptprf,6,COMMOT_CellChat; CellChatDB; LARIS_neurotransmitter; LIANA_mouseconsensus; connectomeDB2020_lit; stCASE
Mdk,Itga6,6,COMMOT_CellChat; CellChatDB; LARIS_neurotransmitter; LIANA_mouseconsensus; connectomeDB2020_lit; stCASE
Mfge8,Itgb3,6,CellTalkDB; LIANA_mouseconsensus; SPIDER_internal; SpaCcLink; connectomeDB2020_lit; stCASE
Mfge8,Pdgfrb,6,CellTalkDB; LIANA_mouseconsensus; SPIDER_internal; SpaCcLink; connectomeDB2020_lit; stCASE
Mmp13,Lrp1,6,CellTalkDB; LIANA_mouseconsensus; SPIDER_internal; SpaCcLink; connectomeDB2020_lit; stCASE
Mmp2,Itgb3,6,CellChatDB; CellTalkDB; LARIS_neurotransmitter; SPIDER_internal; SpaCcLink; stCASE
Mmp7,Cd44,6,CellTalkDB; LIANA_mouseconsensus; SPIDER_internal; SpaCcLink; connectomeDB2020_lit; stCASE
Mmp9,Cd44,6,CellTalkDB; LIANA_mouseconsensus; SPIDER_internal; SpaCcLink; connectomeDB2020_lit; stCASE
Mmp9,Ephb2,6,CellTalkDB; LIANA_mouseconsensus; SPIDER_internal; SpaCcLink; connectomeDB2020_lit; stCASE
Mmp9,Lrp1,6,CellTalkDB; LIANA_mouseconsensus; SPIDER_internal; SpaCcLink; connectomeDB2020_lit; stCASE
Mst1,Mst1r,6,CellTalkDB; LIANA_mouseconsensus; SPIDER_internal; SpaCcLink; connectomeDB2020_lit; stCASE
Ngf,Sort1,6,CellTalkDB; LIANA_mouseconsensus; SPIDER_internal; SpaCcLink; connectomeDB2020_lit; stCASE
Nmb,Brs3,6,CellTalkDB; LIANA_mouseconsensus; SPIDER_internal; SpaCcLink; connectomeDB2020_lit; stCASE
Nodal,Cfc1,6,COMMOT_CellChat; CellChatDB; LARIS_neurotransmitter; LIANA_mouseconsensus; connectomeDB2020_lit; stCASE
Nppa,Npr2,6,CellTalkDB; LIANA_mouseconsensus; SPIDER_internal; SpaCcLink; connectomeDB2020_lit; stCASE
Ntf5,Ntrk2,6,COMMOT_CellChat; CellChatDB; LARIS_neurotransmitter; LIANA_mouseconsensus; SpaCcLink; stCASE
Ntn1,Adora2b,6,CellTalkDB; LIANA_mouseconsensus; SPIDER_internal; SpaCcLink; connectomeDB2020_lit; stCASE
Ntn1,Neo1,6,CellTalkDB; LIANA_mouseconsensus; SPIDER_internal; SpaCcLink; connectomeDB2020_lit; stCASE
Ntn1,Unc5d,6,CellTalkDB; LIANA_mouseconsensus; SPIDER_internal; SpaCcLink; connectomeDB2020_lit; stCASE
Ntn3,Neo1,6,CellTalkDB; LIANA_mouseconsensus; SPIDER_internal; SpaCcLink; connectomeDB2020_lit; stCASE
Oxt,Avpr2,6,CellTalkDB; LIANA_mouseconsensus; SPIDER_internal; SpaCcLink; connectomeDB2020_lit; stCASE
Pcsk9,Vldlr,6,CellTalkDB; LIANA_mouseconsensus; SPIDER_internal; SpaCcLink; connectomeDB2020_lit; stCASE
Pdgfb,Lrp1,6,CellTalkDB; LIANA_mouseconsensus; SPIDER_internal; SpaCcLink; connectomeDB2020_lit; stCASE
Pdgfc,Pdgfrb,6,CellTalkDB; LIANA_mouseconsensus; SPIDER_internal; SpaCcLink; connectomeDB2020_lit; stCASE
Pf4,Fgfr2,6,CellTalkDB; LIANA_mouseconsensus; SPIDER_internal; SpaCcLink; connectomeDB2020_lit; stCASE
Pf4,Thbd,6,CellTalkDB; LIANA_mouseconsensus; SPIDER_internal; SpaCcLink; connectomeDB2020_lit; stCASE
Pgf,Nrp1,6,CellTalkDB; LIANA_mouseconsensus; SPIDER_internal; SpaCcLink; connectomeDB2020_lit; stCASE
Ppy,Npy5r,6,COMMOT_CellChat; CellChatDB; LARIS_neurotransmitter; LIANA_mouseconsensus; connectomeDB2020_lit; stCASE
Proc,Procr,6,CellChatDB; CellTalkDB; LARIS_neurotransmitter; LIANA_mouseconsensus; SPIDER_internal; connectomeDB2020_lit
Pros1,Mertk,6,CellChatDB; CellTalkDB; LARIS_neurotransmitter; LIANA_mouseconsensus; SPIDER_internal; connectomeDB2020_lit
Ptn,Ptprb,6,CellTalkDB; LIANA_mouseconsensus; SPIDER_internal; SpaCcLink; connectomeDB2020_lit; stCASE
Pyy,Npy2r,6,COMMOT_CellChat; CellChatDB; LARIS_neurotransmitter; LIANA_mouseconsensus; connectomeDB2020_lit; stCASE
Rarres2,Cmklr1,6,COMMOT_CellChat; CellChatDB; LARIS_neurotransmitter; LIANA_mouseconsensus; connectomeDB2020_lit; stCASE
Rbp3,Notch1,6,CellTalkDB; LIANA_mouseconsensus; SPIDER_internal; SpaCcLink; connectomeDB2020_lit; stCASE
Rbp4,Stra6,6,CellChatDB; CellTalkDB; LARIS_neurotransmitter; LIANA_mouseconsensus; SPIDER_internal; connectomeDB2020_lit
Rspo1,Lrp6,6,CellTalkDB; LIANA_mouseconsensus; SPIDER_internal; SpaCcLink; connectomeDB2020_lit; stCASE
Rspo3,Fzd8,6,CellTalkDB; LIANA_mouseconsensus; SPIDER_internal; SpaCcLink; connectomeDB2020_lit; stCASE
Rspo3,Lrp6,6,CellTalkDB; LIANA_mouseconsensus; SPIDER_internal; SpaCcLink; connectomeDB2020_lit; stCASE
Rspo3,Sdc4,6,CellTalkDB; LIANA_mouseconsensus; SPIDER_internal; SpaCcLink; connectomeDB2020_lit; stCASE
Scgb3a2,Marco,6,COMMOT_CellChat; CellChatDB; LARIS_neurotransmitter; LIANA_mouseconsensus; connectomeDB2020_lit; stCASE
Sele,Cd44,6,COMMOT_CellChat; CellChatDB; LARIS_neurotransmitter; LIANA_mouseconsensus; connectomeDB2020_lit; stCASE
Sema4a,Plxnd1,6,CellTalkDB; LIANA_mouseconsensus; SPIDER_internal; SpaCcLink; connectomeDB2020_lit; stCASE
Sema4d,Erbb2,6,CellTalkDB; LIANA_mouseconsensus; SPIDER_internal; SpaCcLink; connectomeDB2020_lit; stCASE
Sema6b,Plxna2,6,COMMOT_CellChat; CellChatDB; LARIS_neurotransmitter; LIANA_mouseconsensus; connectomeDB2020_lit; stCASE
Shh,Cdon,6,CellTalkDB; LIANA_mouseconsensus; SPIDER_internal; SpaCcLink; connectomeDB2020_lit; stCASE
Slit1,Gpc1,6,CellTalkDB; LIANA_mouseconsensus; SPIDER_internal; SpaCcLink; connectomeDB2020_lit; stCASE
Slit1,Robo2,6,CellTalkDB; LIANA_mouseconsensus; SPIDER_internal; SpaCcLink; connectomeDB2020_lit; stCASE
Slit3,Robo1,6,CellTalkDB; LIANA_mouseconsensus; SPIDER_internal; SpaCcLink; connectomeDB2020_lit; stCASE
Slit3,Robo2,6,CellTalkDB; LIANA_mouseconsensus; SPIDER_internal; SpaCcLink; connectomeDB2020_lit; stCASE
Sost,Lrp5,6,CellTalkDB; LIANA_mouseconsensus; SPIDER_internal; SpaCcLink; connectomeDB2020_lit; stCASE
Tdgf1,Acvr1b,6,CellTalkDB; LIANA_mouseconsensus; SPIDER_internal; SpaCcLink; connectomeDB2020_lit; stCASE
Tgfa,Erbb4,6,CellTalkDB; LIANA_mouseconsensus; SPIDER_internal; SpaCcLink; connectomeDB2020_lit; stCASE
Tgfb1,Acvrl1,6,CellTalkDB; LIANA_mouseconsensus; SPIDER_internal; SpaCcLink; connectomeDB2020_lit; stCASE
Tgfb1,Itgb8,6,CellTalkDB; LIANA_mouseconsensus; SPIDER_internal; SpaCcLink; connectomeDB2020_lit; stCASE
Tgfb1,Sdc2,6,CellTalkDB; LIANA_mouseconsensus; SPIDER_internal; SpaCcLink; connectomeDB2020_lit; stCASE
Tgfb2,Acvr1,6,COMMOT_CellChat; CellChatDB; LARIS_neurotransmitter; LIANA_mouseconsensus; connectomeDB2020_lit; stCASE
Thbs1,Lrp1,6,CellTalkDB; LIANA_mouseconsensus; SPIDER_internal; SpaCcLink; connectomeDB2020_lit; stCASE
Thbs1,Ptprj,6,CellTalkDB; LIANA_mouseconsensus; SPIDER_internal; SpaCcLink; connectomeDB2020_lit; stCASE
Thbs1,Sdc4,6,COMMOT_CellChat; CellChatDB; LARIS_neurotransmitter; LIANA_mouseconsensus; connectomeDB2020_lit; stCASE
Thbs2,Notch3,6,CellTalkDB; LIANA_mouseconsensus; SPIDER_internal; SpaCcLink; connectomeDB2020_lit; stCASE
Tnc,Egfr,6,CellTalkDB; LIANA_mouseconsensus; SPIDER_internal; SpaCcLink; connectomeDB2020_lit; stCASE
Tnc,Itga7,6,CellTalkDB; LIANA_mouseconsensus; SPIDER_internal; SpaCcLink; connectomeDB2020_lit; stCASE
Tnfsf10,Tnfrsf11b,6,CellTalkDB; LIANA_mouseconsensus; SPIDER_internal; SpaCcLink; connectomeDB2020_lit; stCASE
Ulbp1,Klrk1,6,COMMOT_CellChat; CellChatDB; LARIS_neurotransmitter; SpaCcLink; connectomeDB2020_lit; stCASE
Vcam1,Itgb1,6,CellTalkDB; LIANA_mouseconsensus; SPIDER_internal; SpaCcLink; connectomeDB2020_lit; stCASE
Vcam1,Itgb7,6,CellTalkDB; LIANA_mouseconsensus; SPIDER_internal; SpaCcLink; connectomeDB2020_lit; stCASE
Vcan,Cd44,6,CellTalkDB; LIANA_mouseconsensus; SPIDER_internal; SpaCcLink; connectomeDB2020_lit; stCASE
Vcan,Egfr,6,CellTalkDB; LIANA_mouseconsensus; SPIDER_internal; SpaCcLink; connectomeDB2020_lit; stCASE
Vcan,Tlr2,6,CellTalkDB; LIANA_mouseconsensus; SPIDER_internal; SpaCcLink; connectomeDB2020_lit; stCASE
Vegfa,Gpc1,6,CellTalkDB; LIANA_mouseconsensus; SPIDER_internal; SpaCcLink; connectomeDB2020_lit; stCASE
Vegfa,Nrp1,6,CellTalkDB; LIANA_mouseconsensus; SPIDER_internal; SpaCcLink; connectomeDB2020_lit; stCASE
Vegfb,Nrp1,6,CellTalkDB; LIANA_mouseconsensus; SPIDER_internal; SpaCcLink; connectomeDB2020_lit; stCASE
Vip,Adcyap1r1,6,CellTalkDB; LIANA_mouseconsensus; SPIDER_internal; SpaCcLink; connectomeDB2020_lit; stCASE
Vip,Sctr,6,CellChatDB; LARIS_neurotransmitter; LIANA_mouseconsensus; SpaCcLink; connectomeDB2020_lit; stCASE
Vwf,Gp5,6,COMMOT_CellChat; CellTalkDB; LARIS_neurotransmitter; SPIDER_internal; SpaCcLink; stCASE
Vwf,Gp9,6,COMMOT_CellChat; CellTalkDB; LARIS_neurotransmitter; SPIDER_internal; SpaCcLink; stCASE
Vwf,Tnfrsf11b,6,CellTalkDB; LIANA_mouseconsensus; SPIDER_internal; SpaCcLink; connectomeDB2020_lit; stCASE
Wnt11,Fzd8,6,COMMOT_CellChat; CellChatDB; LARIS_neurotransmitter; LIANA_mouseconsensus; connectomeDB2020_lit; stCASE
Wnt16,Lrp5,6,COMMOT_CellChat; CellChatDB; LARIS_neurotransmitter; LIANA_mouseconsensus; connectomeDB2020_lit; stCASE
Wnt5a,Lrp5,6,CellTalkDB; LIANA_mouseconsensus; SPIDER_internal; SpaCcLink; connectomeDB2020_lit; stCASE
Wnt5a,Ror1,6,CellTalkDB; LIANA_mouseconsensus; SPIDER_internal; SpaCcLink; connectomeDB2020_lit; stCASE
Wnt5a,Ryk,6,CellTalkDB; LIANA_mouseconsensus; SPIDER_internal; SpaCcLink; connectomeDB2020_lit; stCASE
Wnt5b,Fzd2,6,COMMOT_CellChat; CellChatDB; LARIS_neurotransmitter; LIANA_mouseconsensus; connectomeDB2020_lit; stCASE
Wnt5b,Fzd8,6,COMMOT_CellChat; CellChatDB; LARIS_neurotransmitter; LIANA_mouseconsensus; connectomeDB2020_lit; stCASE
Wnt8a,Fzd8,6,COMMOT_CellChat; CellChatDB; LARIS_neurotransmitter; LIANA_mouseconsensus; connectomeDB2020_lit; stCASE
Zp3,Egfr,6,CellTalkDB; LIANA_mouseconsensus; SPIDER_internal; SpaCcLink; connectomeDB2020_lit; stCASE
Adam10,Axl,5,CellTalkDB; LIANA_mouseconsensus; SPIDER_internal; SpaCcLink; stCASE
Adam10,Notch1,5,CellTalkDB; LIANA_mouseconsensus; SPIDER_internal; SpaCcLink; stCASE
Adam17,Erbb4,5,CellTalkDB; LIANA_mouseconsensus; SPIDER_internal; SpaCcLink; stCASE
Adm,Ramp3,5,CellChatDB; LARIS_neurotransmitter; LIANA_mouseconsensus; connectomeDB2020_lit; stCASE
Agrn,Lrp4,5,CellTalkDB; LIANA_mouseconsensus; SPIDER_internal; connectomeDB2020_lit; stCASE
Agrn,Musk,5,CellTalkDB; LIANA_mouseconsensus; SPIDER_internal; connectomeDB2020_lit; stCASE
Agt,Lrp2,5,CellTalkDB; LIANA_mouseconsensus; SPIDER_internal; connectomeDB2020_lit; stCASE
Ahsg,Insr,5,CellTalkDB; LIANA_mouseconsensus; SPIDER_internal; SpaCcLink; connectomeDB2020_lit
Alkal1,Alk,5,CellTalkDB; SPIDER_internal; SpaCcLink; connectomeDB2020_lit; stCASE
Alkal2,Alk,5,CellTalkDB; SPIDER_internal; SpaCcLink; connectomeDB2020_lit; stCASE
Amelx,Lamp1,5,CellTalkDB; LIANA_mouseconsensus; SPIDER_internal; connectomeDB2020_lit; stCASE
Ang,Egfr,5,CellTalkDB; LIANA_mouseconsensus; SPIDER_internal; SpaCcLink; stCASE
Angpt1,Itga5,5,CellTalkDB; LIANA_mouseconsensus; SPIDER_internal; SpaCcLink; connectomeDB2020_lit
Angptl1,Itgb1,5,COMMOT_CellChat; CellChatDB; LARIS_neurotransmitter; LIANA_mouseconsensus; stCASE
Angptl1,Pirb,5,COMMOT_CellChat; CellChatDB; LARIS_neurotransmitter; LIANA_mouseconsensus; stCASE
Angptl2,Itga5,5,COMMOT_CellChat; CellChatDB; LARIS_neurotransmitter; LIANA_mouseconsensus; connectomeDB2020_lit
Angptl2,Tlr4,5,COMMOT_CellChat; CellChatDB; LARIS_neurotransmitter; LIANA_mouseconsensus; stCASE
Angptl4,Cdh11,5,COMMOT_CellChat; CellChatDB; LARIS_neurotransmitter; LIANA_mouseconsensus; stCASE
Angptl4,Cdh5,5,COMMOT_CellChat; CellChatDB; LARIS_neurotransmitter; LIANA_mouseconsensus; stCASE
Angptl4,Itgb1,5,COMMOT_CellChat; CellChatDB; LARIS_neurotransmitter; LIANA_mouseconsensus; stCASE
Angptl4,Itgb3,5,COMMOT_CellChat; CellChatDB; LARIS_neurotransmitter; LIANA_mouseconsensus; stCASE
Angptl4,Sdc1,5,COMMOT_CellChat; CellChatDB; LARIS_neurotransmitter; LIANA_mouseconsensus; stCASE
Angptl4,Sdc2,5,COMMOT_CellChat; CellChatDB; LARIS_neurotransmitter; LIANA_mouseconsensus; stCASE
Angptl4,Sdc3,5,COMMOT_CellChat; CellChatDB; LARIS_neurotransmitter; LIANA_mouseconsensus; stCASE
Angptl4,Sdc4,5,COMMOT_CellChat; CellChatDB; LARIS_neurotransmitter; LIANA_mouseconsensus; stCASE
Angptl7,Pirb,5,COMMOT_CellChat; CellChatDB; LARIS_neurotransmitter; LIANA_mouseconsensus; stCASE
Anxa1,Dysf,5,CellTalkDB; LIANA_mouseconsensus; SPIDER_internal; SpaCcLink; connectomeDB2020_lit
Anxa1,Fpr3,5,COMMOT_CellChat; CellChatDB; LARIS_neurotransmitter; SpaCcLink; connectomeDB2020_lit
Apob,Lrp2,5,CellTalkDB; LIANA_mouseconsensus; SPIDER_internal; connectomeDB2020_lit; stCASE
Apob,Lsr,5,CellTalkDB; LIANA_mouseconsensus; SPIDER_internal; connectomeDB2020_lit; stCASE
Apoe,Lrp2,5,CellTalkDB; LIANA_mouseconsensus; SPIDER_internal; connectomeDB2020_lit; stCASE
Apoe,Lrp8,5,CellTalkDB; LIANA_mouseconsensus; SPIDER_internal; connectomeDB2020_lit; stCASE
Apoe,Scarb1,5,CellTalkDB; LIANA_mouseconsensus; SPIDER_internal; connectomeDB2020_lit; stCASE
Apoe,Sorl1,5,CellTalkDB; LIANA_mouseconsensus; SPIDER_internal; connectomeDB2020_lit; stCASE
App,Ngfr,5,CellTalkDB; LIANA_mouseconsensus; SPIDER_internal; SpaCcLink; stCASE
App,Sorl1,5,CellChatDB; CellTalkDB; LARIS_neurotransmitter; SPIDER_internal; stCASE
Bmp10,Eng,5,CellTalkDB; LIANA_mouseconsensus; SPIDER_internal; connectomeDB2020_lit; stCASE
Bmp2,Acvr1,5,CellTalkDB; LIANA_mouseconsensus; SPIDER_internal; SpaCcLink; stCASE
Bmp3,Acvr2a,5,CellTalkDB; LIANA_mouseconsensus; SPIDER_internal; SpaCcLink; stCASE
Bmp4,Acvr2b,5,COMMOT_CellChat; CellChatDB; LARIS_neurotransmitter; LIANA_mouseconsensus; stCASE
Bmp5,Acvr2a,5,COMMOT_CellChat; CellChatDB; LARIS_neurotransmitter; LIANA_mouseconsensus; stCASE
Bmp5,Acvr2b,5,COMMOT_CellChat; CellChatDB; LARIS_neurotransmitter; LIANA_mouseconsensus; stCASE
Bmp8a,Tgfbr1,5,CellTalkDB; LIANA_mouseconsensus; SPIDER_internal; SpaCcLink; connectomeDB2020_lit
Bmp8a,Tgfbr2,5,CellTalkDB; LIANA_mouseconsensus; SPIDER_internal; SpaCcLink; connectomeDB2020_lit
Bsg,Slc16a1,5,CellTalkDB; LIANA_mouseconsensus; SPIDER_internal; SpaCcLink; connectomeDB2020_lit
Bsg,Slc16a7,5,CellTalkDB; LIANA_mouseconsensus; SPIDER_internal; SpaCcLink; connectomeDB2020_lit
C3,C5ar2,5,CellTalkDB; LIANA_mouseconsensus; SPIDER_internal; SpaCcLink; connectomeDB2020_lit
C3,Cd19,5,CellTalkDB; LIANA_mouseconsensus; SPIDER_internal; SpaCcLink; connectomeDB2020_lit
C3,Cd46,5,CellTalkDB; LIANA_mouseconsensus; SPIDER_internal; SpaCcLink; connectomeDB2020_lit
C3,Lrp1,5,CellTalkDB; LIANA_mouseconsensus; SPIDER_internal; SpaCcLink; connectomeDB2020_lit
C4b,Cr2,5,COMMOT_CellChat; CellChatDB; LARIS_neurotransmitter; LIANA_mouseconsensus; stCASE
Cadm3,Cadm1,5,CellChatDB; LARIS_neurotransmitter; LIANA_mouseconsensus; connectomeDB2020_lit; stCASE
Calcb,Calcrl,5,COMMOT_CellChat; CellChatDB; SpaCcLink; connectomeDB2020_lit; stCASE
Calcb,Ramp1,5,CellChatDB; LARIS_neurotransmitter; SpaCcLink; connectomeDB2020_lit; stCASE
Calr,Mpl,5,CellTalkDB; LIANA_mouseconsensus; SPIDER_internal; SpaCcLink; stCASE
Calr,Scarf1,5,CellTalkDB; LIANA_mouseconsensus; SPIDER_internal; connectomeDB2020_lit; stCASE
Ccl11,Ackr4,5,CellTalkDB; LIANA_mouseconsensus; SPIDER_internal; connectomeDB2020_lit; stCASE
Ccl11,Cxcr3,5,CellTalkDB; LIANA_mouseconsensus; SPIDER_internal; SpaCcLink; connectomeDB2020_lit
Ccl12,Ccr4,5,CellTalkDB; LIANA_mouseconsensus; SPIDER_internal; SpaCcLink; stCASE
Ccl19,Cxcr3,5,CellTalkDB; SPIDER_internal; SpaCcLink; connectomeDB2020_lit; stCASE
Ccl24,Ccr2,5,CellTalkDB; LIANA_mouseconsensus; SPIDER_internal; SpaCcLink; connectomeDB2020_lit
Ccl3,Ccr3,5,CellTalkDB; SPIDER_internal; SpaCcLink; connectomeDB2020_lit; stCASE
Ccl4,Ccr1,5,CellTalkDB; LIANA_mouseconsensus; SPIDER_internal; SpaCcLink; connectomeDB2020_lit
Ccl5,Gpr75,5,CellTalkDB; LIANA_mouseconsensus; SPIDER_internal; connectomeDB2020_lit; stCASE
Ccl7,Ackr1,5,COMMOT_CellChat; CellChatDB; LARIS_neurotransmitter; connectomeDB2020_lit; stCASE
Ccl7,Ccr10,5,CellTalkDB; SPIDER_internal; SpaCcLink; connectomeDB2020_lit; stCASE
Ccn1,Itgam,5,CellTalkDB; SPIDER_internal; SpaCcLink; connectomeDB2020_lit; stCASE
Ccn1,Itgav,5,CellTalkDB; SPIDER_internal; SpaCcLink; connectomeDB2020_lit; stCASE
Ccn2,Fgfr2,5,CellTalkDB; SPIDER_internal; SpaCcLink; connectomeDB2020_lit; stCASE
Ccn2,Itga5,5,CellTalkDB; SPIDER_internal; SpaCcLink; connectomeDB2020_lit; stCASE
Ccn2,Itgam,5,CellTalkDB; SPIDER_internal; SpaCcLink; connectomeDB2020_lit; stCASE
Ccn2,Lrp1,5,CellTalkDB; SPIDER_internal; SpaCcLink; connectomeDB2020_lit; stCASE
Ccn2,Lrp6,5,CellTalkDB; SPIDER_internal; SpaCcLink; connectomeDB2020_lit; stCASE
Ccn2,Ntrk1,5,CellTalkDB; SPIDER_internal; SpaCcLink; connectomeDB2020_lit; stCASE
Ccn3,Notch1,5,CellTalkDB; SPIDER_internal; SpaCcLink; connectomeDB2020_lit; stCASE
Cd14,Tlr4,5,CellTalkDB; LIANA_mouseconsensus; SPIDER_internal; SpaCcLink; stCASE
Cd14,Tlr9,5,CellTalkDB; LIANA_mouseconsensus; SPIDER_internal; SpaCcLink; stCASE
Cd40lg,Itgb1,5,COMMOT_CellChat; CellChatDB; LARIS_neurotransmitter; LIANA_mouseconsensus; stCASE
Cd40lg,Itgb3,5,COMMOT_CellChat; CellChatDB; LARIS_neurotransmitter; LIANA_mouseconsensus; stCASE
Cd48,Cd244a,5,COMMOT_CellChat; CellChatDB; LARIS_neurotransmitter; SpaCcLink; stCASE
Cd80,Cd274,5,COMMOT_CellChat; CellChatDB; LARIS_neurotransmitter; connectomeDB2020_lit; stCASE
Cd96,Pvr,5,COMMOT_CellChat; CellChatDB; LARIS_neurotransmitter; connectomeDB2020_lit; stCASE
Cdh1,Igf1r,5,CellTalkDB; LIANA_mouseconsensus; SPIDER_internal; SpaCcLink; connectomeDB2020_lit
Cdh1,Itgb1,5,COMMOT_CellChat; CellChatDB; LARIS_neurotransmitter; LIANA_mouseconsensus; stCASE
Cel,Cxcr4,5,CellTalkDB; LIANA_mouseconsensus; SPIDER_internal; SpaCcLink; connectomeDB2020_lit
Cfh,Itgam,5,CellTalkDB; LIANA_mouseconsensus; SPIDER_internal; SpaCcLink; connectomeDB2020_lit
Clcf1,Crlf1,5,CellTalkDB; LIANA_mouseconsensus; SPIDER_internal; SpaCcLink; connectomeDB2020_lit
Clec2d,Klrb1b,5,COMMOT_CellChat; CellChatDB; CellTalkDB; LARIS_neurotransmitter; SPIDER_internal
Cntn1,Notch1,5,CellChatDB; LARIS_neurotransmitter; LIANA_mouseconsensus; connectomeDB2020_lit; stCASE
Cntn1,Notch2,5,CellChatDB; LARIS_neurotransmitter; LIANA_mouseconsensus; connectomeDB2020_lit; stCASE
Cntn1,Nrcam,5,COMMOT_CellChat; CellChatDB; LARIS_neurotransmitter; LIANA_mouseconsensus; stCASE
Cntn2,Cntn1,5,CellTalkDB; LIANA_mouseconsensus; SPIDER_internal; connectomeDB2020_lit; stCASE
Cntn2,Cntnap2,5,COMMOT_CellChat; CellChatDB; LARIS_neurotransmitter; connectomeDB2020_lit; stCASE
Cntn6,Notch1,5,CellTalkDB; LIANA_mouseconsensus; SPIDER_internal; SpaCcLink; connectomeDB2020_lit
Col1a1,Cd93,5,CellTalkDB; LIANA_mouseconsensus; SPIDER_internal; connectomeDB2020_lit; stCASE
Col1a1,Itgb8,5,COMMOT_CellChat; CellChatDB; LARIS_neurotransmitter; LIANA_mouseconsensus; stCASE
Col1a1,Sdc1,5,COMMOT_CellChat; CellChatDB; LARIS_neurotransmitter; LIANA_mouseconsensus; stCASE
Col1a2,Cd93,5,CellTalkDB; LIANA_mouseconsensus; SPIDER_internal; connectomeDB2020_lit; stCASE
Col1a2,Itga11,5,COMMOT_CellChat; CellChatDB; LARIS_neurotransmitter; LIANA_mouseconsensus; connectomeDB2020_lit
Col1a2,Itgb8,5,COMMOT_CellChat; CellChatDB; LARIS_neurotransmitter; LIANA_mouseconsensus; stCASE
Col1a2,Sdc1,5,COMMOT_CellChat; CellChatDB; LARIS_neurotransmitter; LIANA_mouseconsensus; stCASE
Col2a1,Cd44,5,COMMOT_CellChat; CellChatDB; LARIS_neurotransmitter; LIANA_mouseconsensus; stCASE
Col2a1,Gp6,5,COMMOT_CellChat; CellChatDB; LARIS_neurotransmitter; LIANA_mouseconsensus; stCASE
Col2a1,Itga2b,5,CellTalkDB; LIANA_mouseconsensus; SPIDER_internal; SpaCcLink; stCASE
Col2a1,Itgb8,5,COMMOT_CellChat; CellChatDB; LARIS_neurotransmitter; LIANA_mouseconsensus; stCASE
Col2a1,Sdc1,5,COMMOT_CellChat; CellChatDB; LARIS_neurotransmitter; LIANA_mouseconsensus; stCASE
Col3a1,Ddr2,5,CellTalkDB; LIANA_mouseconsensus; SPIDER_internal; connectomeDB2020_lit; stCASE
Col3a1,Itgb1,5,CellTalkDB; LIANA_mouseconsensus; SPIDER_internal; SpaCcLink; stCASE
Col4a1,Cd44,5,COMMOT_CellChat; CellChatDB; LARIS_neurotransmitter; LIANA_mouseconsensus; stCASE
Col4a1,Cd93,5,CellTalkDB; LIANA_mouseconsensus; SPIDER_internal; connectomeDB2020_lit; stCASE
Col4a1,Gp6,5,COMMOT_CellChat; CellChatDB; LARIS_neurotransmitter; LIANA_mouseconsensus; stCASE
Col4a1,Sdc1,5,COMMOT_CellChat; CellChatDB; LARIS_neurotransmitter; LIANA_mouseconsensus; stCASE
Col4a2,Cd44,5,COMMOT_CellChat; CellChatDB; LARIS_neurotransmitter; LIANA_mouseconsensus; stCASE
Col4a2,Cd93,5,CellTalkDB; LIANA_mouseconsensus; SPIDER_internal; connectomeDB2020_lit; stCASE
Col4a2,Gp6,5,COMMOT_CellChat; CellChatDB; LARIS_neurotransmitter; LIANA_mouseconsensus; stCASE
Col4a2,Itgb8,5,COMMOT_CellChat; CellChatDB; LARIS_neurotransmitter; LIANA_mouseconsensus; stCASE
Col4a2,Sdc1,5,COMMOT_CellChat; CellChatDB; LARIS_neurotransmitter; LIANA_mouseconsensus; stCASE
Col4a3,Cd44,5,COMMOT_CellChat; CellChatDB; LARIS_neurotransmitter; LIANA_mouseconsensus; stCASE
Col4a3,Gp6,5,COMMOT_CellChat; CellChatDB; LARIS_neurotransmitter; LIANA_mouseconsensus; stCASE
Col4a3,Itgb8,5,COMMOT_CellChat; CellChatDB; LARIS_neurotransmitter; LIANA_mouseconsensus; stCASE
Col4a3,Sdc1,5,COMMOT_CellChat; CellChatDB; LARIS_neurotransmitter; LIANA_mouseconsensus; stCASE
Col4a4,Cd44,5,COMMOT_CellChat; CellChatDB; LARIS_neurotransmitter; LIANA_mouseconsensus; stCASE
Col4a4,Gp6,5,COMMOT_CellChat; CellChatDB; LARIS_neurotransmitter; LIANA_mouseconsensus; stCASE
Col4a4,Itgb8,5,COMMOT_CellChat; CellChatDB; LARIS_neurotransmitter; LIANA_mouseconsensus; stCASE
Col4a4,Sdc1,5,COMMOT_CellChat; CellChatDB; LARIS_neurotransmitter; LIANA_mouseconsensus; stCASE
Col4a5,Cd44,5,COMMOT_CellChat; CellChatDB; LARIS_neurotransmitter; LIANA_mouseconsensus; stCASE
Col4a5,Gp6,5,COMMOT_CellChat; CellChatDB; LARIS_neurotransmitter; LIANA_mouseconsensus; stCASE
Col4a5,Itgb8,5,COMMOT_CellChat; CellChatDB; LARIS_neurotransmitter; LIANA_mouseconsensus; stCASE
Col4a5,Sdc1,5,COMMOT_CellChat; CellChatDB; LARIS_neurotransmitter; LIANA_mouseconsensus; stCASE
Col4a6,Cd44,5,COMMOT_CellChat; CellChatDB; LARIS_neurotransmitter; LIANA_mouseconsensus; stCASE
Col4a6,Cd93,5,CellTalkDB; LIANA_mouseconsensus; SPIDER_internal; connectomeDB2020_lit; stCASE
Col4a6,Gp6,5,COMMOT_CellChat; CellChatDB; LARIS_neurotransmitter; LIANA_mouseconsensus; stCASE
Col4a6,Itgb8,5,COMMOT_CellChat; CellChatDB; LARIS_neurotransmitter; LIANA_mouseconsensus; stCASE
Col4a6,Sdc1,5,COMMOT_CellChat; CellChatDB; LARIS_neurotransmitter; LIANA_mouseconsensus; stCASE
Col6a1,Cd44,5,COMMOT_CellChat; CellChatDB; LARIS_neurotransmitter; LIANA_mouseconsensus; stCASE
Col6a1,Gp6,5,COMMOT_CellChat; CellChatDB; LARIS_neurotransmitter; LIANA_mouseconsensus; stCASE
Col6a1,Itgb1,5,COMMOT_CellChat; CellChatDB; LARIS_neurotransmitter; LIANA_mouseconsensus; stCASE
Col6a1,Itgb8,5,COMMOT_CellChat; CellChatDB; LARIS_neurotransmitter; LIANA_mouseconsensus; stCASE
Col6a1,Sdc1,5,COMMOT_CellChat; CellChatDB; LARIS_neurotransmitter; LIANA_mouseconsensus; stCASE
Col6a2,Cd44,5,COMMOT_CellChat; CellChatDB; LARIS_neurotransmitter; LIANA_mouseconsensus; stCASE
Col6a2,Gp6,5,COMMOT_CellChat; CellChatDB; LARIS_neurotransmitter; LIANA_mouseconsensus; stCASE
Col6a2,Itgb1,5,COMMOT_CellChat; CellChatDB; LARIS_neurotransmitter; LIANA_mouseconsensus; stCASE
Col6a2,Itgb8,5,COMMOT_CellChat; CellChatDB; LARIS_neurotransmitter; LIANA_mouseconsensus; stCASE
Col6a2,Sdc1,5,COMMOT_CellChat; CellChatDB; LARIS_neurotransmitter; LIANA_mouseconsensus; stCASE
Col6a3,Cd44,5,COMMOT_CellChat; CellChatDB; LARIS_neurotransmitter; LIANA_mouseconsensus; stCASE
Col6a3,Gp6,5,COMMOT_CellChat; CellChatDB; LARIS_neurotransmitter; LIANA_mouseconsensus; stCASE
Col6a3,Itgb1,5,COMMOT_CellChat; CellChatDB; LARIS_neurotransmitter; LIANA_mouseconsensus; stCASE
Col6a3,Itgb8,5,COMMOT_CellChat; CellChatDB; LARIS_neurotransmitter; LIANA_mouseconsensus; stCASE
Col6a3,Sdc1,5,COMMOT_CellChat; CellChatDB; LARIS_neurotransmitter; LIANA_mouseconsensus; stCASE
Col6a5,Cd44,5,COMMOT_CellChat; CellChatDB; LARIS_neurotransmitter; LIANA_mouseconsensus; stCASE
Col6a5,Gp6,5,COMMOT_CellChat; CellChatDB; LARIS_neurotransmitter; LIANA_mouseconsensus; stCASE
Col6a5,Itgb1,5,COMMOT_CellChat; CellChatDB; LARIS_neurotransmitter; LIANA_mouseconsensus; stCASE
Col6a5,Itgb8,5,COMMOT_CellChat; CellChatDB; LARIS_neurotransmitter; LIANA_mouseconsensus; stCASE
Col6a5,Sdc1,5,COMMOT_CellChat; CellChatDB; LARIS_neurotransmitter; LIANA_mouseconsensus; stCASE
Col6a6,Cd44,5,COMMOT_CellChat; CellChatDB; LARIS_neurotransmitter; LIANA_mouseconsensus; stCASE
Col6a6,Gp6,5,COMMOT_CellChat; CellChatDB; LARIS_neurotransmitter; LIANA_mouseconsensus; stCASE
Col6a6,Itgb1,5,COMMOT_CellChat; CellChatDB; LARIS_neurotransmitter; LIANA_mouseconsensus; stCASE
Col6a6,Itgb8,5,COMMOT_CellChat; CellChatDB; LARIS_neurotransmitter; LIANA_mouseconsensus; stCASE
Col6a6,Sdc1,5,COMMOT_CellChat; CellChatDB; LARIS_neurotransmitter; LIANA_mouseconsensus; stCASE
Col8a1,Itga1,5,CellTalkDB; LIANA_mouseconsensus; SPIDER_internal; SpaCcLink; connectomeDB2020_lit
Col8a1,Itga2,5,CellTalkDB; LIANA_mouseconsensus; SPIDER_internal; SpaCcLink; connectomeDB2020_lit
Col9a1,Cd44,5,COMMOT_CellChat; CellChatDB; LARIS_neurotransmitter; LIANA_mouseconsensus; stCASE
Col9a1,Gp6,5,COMMOT_CellChat; CellChatDB; LARIS_neurotransmitter; LIANA_mouseconsensus; stCASE
Col9a1,Itgb1,5,COMMOT_CellChat; CellChatDB; LARIS_neurotransmitter; LIANA_mouseconsensus; stCASE
Col9a1,Itgb8,5,COMMOT_CellChat; CellChatDB; LARIS_neurotransmitter; LIANA_mouseconsensus; stCASE
Col9a1,Sdc1,5,COMMOT_CellChat; CellChatDB; LARIS_neurotransmitter; LIANA_mouseconsensus; stCASE
Col9a2,Cd44,5,COMMOT_CellChat; CellChatDB; LARIS_neurotransmitter; LIANA_mouseconsensus; stCASE
Col9a2,Gp6,5,COMMOT_CellChat; CellChatDB; LARIS_neurotransmitter; LIANA_mouseconsensus; stCASE
Col9a2,Itgb1,5,COMMOT_CellChat; CellChatDB; LARIS_neurotransmitter; LIANA_mouseconsensus; stCASE
Col9a2,Itgb8,5,COMMOT_CellChat; CellChatDB; LARIS_neurotransmitter; LIANA_mouseconsensus; stCASE
Col9a2,Sdc1,5,COMMOT_CellChat; CellChatDB; LARIS_neurotransmitter; LIANA_mouseconsensus; stCASE
Col9a3,Cd44,5,COMMOT_CellChat; CellChatDB; LARIS_neurotransmitter; LIANA_mouseconsensus; stCASE
Col9a3,Gp6,5,COMMOT_CellChat; CellChatDB; LARIS_neurotransmitter; LIANA_mouseconsensus; stCASE
Col9a3,Itgb1,5,COMMOT_CellChat; CellChatDB; LARIS_neurotransmitter; LIANA_mouseconsensus; stCASE
Col9a3,Itgb8,5,COMMOT_CellChat; CellChatDB; LARIS_neurotransmitter; LIANA_mouseconsensus; stCASE
Col9a3,Sdc1,5,COMMOT_CellChat; CellChatDB; LARIS_neurotransmitter; LIANA_mouseconsensus; stCASE
Colq,Musk,5,CellTalkDB; LIANA_mouseconsensus; SPIDER_internal; connectomeDB2020_lit; stCASE
Comp,Itgb1,5,COMMOT_CellChat; CellChatDB; LARIS_neurotransmitter; LIANA_mouseconsensus; stCASE
Comp,Sdc1,5,COMMOT_CellChat; CellChatDB; LARIS_neurotransmitter; LIANA_mouseconsensus; stCASE
Cp,Slc40a1,5,CellTalkDB; LIANA_mouseconsensus; SPIDER_internal; SpaCcLink; connectomeDB2020_lit
Crp,Olr1,5,CellTalkDB; LIANA_mouseconsensus; SPIDER_internal; SpaCcLink; connectomeDB2020_lit
Crtam,Cadm1,5,CellChatDB; LARIS_neurotransmitter; LIANA_mouseconsensus; connectomeDB2020_lit; stCASE
Cspg4,Itgb1,5,COMMOT_CellChat; CellChatDB; LARIS_neurotransmitter; LIANA_mouseconsensus; stCASE
Cx3cl1,Itgav,5,CellTalkDB; LIANA_mouseconsensus; SPIDER_internal; SpaCcLink; connectomeDB2020_lit
Cxcl11,Ackr3,5,COMMOT_CellChat; CellChatDB; LARIS_neurotransmitter; connectomeDB2020_lit; stCASE
Cxcl12,Itga4,5,CellTalkDB; LIANA_mouseconsensus; SPIDER_internal; SpaCcLink; connectomeDB2020_lit
Cxcl12,Itga5,5,CellTalkDB; LIANA_mouseconsensus; SPIDER_internal; SpaCcLink; connectomeDB2020_lit
Cxcl12,Itgav,5,CellTalkDB; LIANA_mouseconsensus; SPIDER_internal; SpaCcLink; connectomeDB2020_lit
Cxcl12,Itgb3,5,CellTalkDB; LIANA_mouseconsensus; SPIDER_internal; SpaCcLink; connectomeDB2020_lit
Cxcl13,Ackr4,5,CellTalkDB; LIANA_mouseconsensus; SPIDER_internal; connectomeDB2020_lit; stCASE
Cxcl17,Gpr35,5,CellTalkDB; LIANA_mouseconsensus; SPIDER_internal; connectomeDB2020_lit; stCASE
Cxcl3,Cxcr1,5,COMMOT_CellChat; CellChatDB; LARIS_neurotransmitter; SpaCcLink; connectomeDB2020_lit
Dhh,Smo,5,COMMOT_CellChat; CellChatDB; LARIS_neurotransmitter; LIANA_mouseconsensus; stCASE
Dkk1,Lrp5,5,CellTalkDB; LIANA_mouseconsensus; SPIDER_internal; SpaCcLink; connectomeDB2020_lit
Dkk1,Lrp6,5,CellTalkDB; LIANA_mouseconsensus; SPIDER_internal; SpaCcLink; connectomeDB2020_lit
Dkk4,Lrp6,5,CellTalkDB; LIANA_mouseconsensus; SPIDER_internal; SpaCcLink; connectomeDB2020_lit
Dlk2,Notch1,5,CellTalkDB; LIANA_mouseconsensus; SPIDER_internal; SpaCcLink; connectomeDB2020_lit
Dmp1,Itgb3,5,COMMOT_CellChat; CellChatDB; LARIS_neurotransmitter; LIANA_mouseconsensus; stCASE
Dsc1,Dsg2,5,COMMOT_CellChat; CellChatDB; LARIS_neurotransmitter; connectomeDB2020_lit; stCASE
Dsc1,Dsg3,5,CellChatDB; LARIS_neurotransmitter; LIANA_mouseconsensus; connectomeDB2020_lit; stCASE
Dsc1,Dsg4,5,CellChatDB; LARIS_neurotransmitter; LIANA_mouseconsensus; connectomeDB2020_lit; stCASE
Dsc2,Dsg2,5,COMMOT_CellChat; CellChatDB; LARIS_neurotransmitter; connectomeDB2020_lit; stCASE
Dsc2,Dsg3,5,CellChatDB; LARIS_neurotransmitter; LIANA_mouseconsensus; connectomeDB2020_lit; stCASE
Dsc2,Dsg4,5,CellChatDB; LARIS_neurotransmitter; LIANA_mouseconsensus; connectomeDB2020_lit; stCASE
Dsc3,Dsg3,5,CellChatDB; LARIS_neurotransmitter; LIANA_mouseconsensus; connectomeDB2020_lit; stCASE
Dsc3,Dsg4,5,CellChatDB; LARIS_neurotransmitter; LIANA_mouseconsensus; connectomeDB2020_lit; stCASE
Edn1,Kel,5,CellTalkDB; LIANA_mouseconsensus; SPIDER_internal; SpaCcLink; connectomeDB2020_lit
Edn2,Kel,5,CellTalkDB; LIANA_mouseconsensus; SPIDER_internal; SpaCcLink; connectomeDB2020_lit
Edn3,Kel,5,CellTalkDB; LIANA_mouseconsensus; SPIDER_internal; SpaCcLink; connectomeDB2020_lit
Efna1,Epha10,5,CellTalkDB; LIANA_mouseconsensus; SPIDER_internal; SpaCcLink; stCASE
Efna2,Epha6,5,CellTalkDB; LIANA_mouseconsensus; SPIDER_internal; SpaCcLink; connectomeDB2020_lit
Efna3,Epha6,5,CellTalkDB; LIANA_mouseconsensus; SPIDER_internal; SpaCcLink; connectomeDB2020_lit
Efna3,Ephb1,5,CellTalkDB; LIANA_mouseconsensus; SPIDER_internal; SpaCcLink; connectomeDB2020_lit
Efna4,Epha10,5,CellTalkDB; LIANA_mouseconsensus; SPIDER_internal; SpaCcLink; stCASE
Efna5,Epha10,5,CellTalkDB; LIANA_mouseconsensus; SPIDER_internal; SpaCcLink; stCASE
Entpd1,Adora1,5,COMMOT_CellChat; CellChatDB; LARIS_neurotransmitter; LIANA_mouseconsensus; stCASE
Entpd1,Adora2a,5,COMMOT_CellChat; CellChatDB; LARIS_neurotransmitter; LIANA_mouseconsensus; stCASE
Entpd1,Adora2b,5,COMMOT_CellChat; CellChatDB; LARIS_neurotransmitter; LIANA_mouseconsensus; stCASE
Ereg,Erbb2,5,COMMOT_CellChat; CellChatDB; LARIS_neurotransmitter; LIANA_mouseconsensus; stCASE
F2,Itga2b,5,CellTalkDB; LIANA_mouseconsensus; SPIDER_internal; SpaCcLink; connectomeDB2020_lit
F2,Thbd,5,CellTalkDB; LIANA_mouseconsensus; SPIDER_internal; SpaCcLink; connectomeDB2020_lit
F8,Ldlr,5,CellTalkDB; LIANA_mouseconsensus; SPIDER_internal; SpaCcLink; connectomeDB2020_lit
F8,Lrp1,5,CellTalkDB; LIANA_mouseconsensus; SPIDER_internal; SpaCcLink; connectomeDB2020_lit
F9,Lrp1,5,CellTalkDB; LIANA_mouseconsensus; SPIDER_internal; SpaCcLink; connectomeDB2020_lit
Fbn1,Itgav,5,CellTalkDB; SPIDER_internal; SpaCcLink; connectomeDB2020_lit; stCASE
Fcer2a,Cr2,5,COMMOT_CellChat; CellChatDB; LARIS_neurotransmitter; LIANA_mouseconsensus; stCASE
Fcer2a,Itgb3,5,COMMOT_CellChat; CellChatDB; LARIS_neurotransmitter; LIANA_mouseconsensus; stCASE
Fga,Itga2b,5,CellTalkDB; LIANA_mouseconsensus; SPIDER_internal; SpaCcLink; connectomeDB2020_lit
Fga,Itga5,5,CellTalkDB; LIANA_mouseconsensus; SPIDER_internal; SpaCcLink; connectomeDB2020_lit
Fga,Itgb1,5,CellTalkDB; LIANA_mouseconsensus; SPIDER_internal; SpaCcLink; connectomeDB2020_lit
Fga,Itgb3,5,CellTalkDB; LIANA_mouseconsensus; SPIDER_internal; SpaCcLink; connectomeDB2020_lit
Fga,Tlr4,5,CellTalkDB; LIANA_mouseconsensus; SPIDER_internal; SpaCcLink; connectomeDB2020_lit
Fgb,Itga5,5,CellTalkDB; LIANA_mouseconsensus; SPIDER_internal; SpaCcLink; connectomeDB2020_lit
Fgf13,Fgfr1,5,CellTalkDB; LIANA_mouseconsensus; SPIDER_internal; SpaCcLink; stCASE
Fgf13,Fgfr2,5,CellTalkDB; LIANA_mouseconsensus; SPIDER_internal; SpaCcLink; stCASE
Fgf13,Fgfr3,5,CellTalkDB; LIANA_mouseconsensus; SPIDER_internal; SpaCcLink; stCASE
Fgf13,Fgfr4,5,CellTalkDB; LIANA_mouseconsensus; SPIDER_internal; SpaCcLink; stCASE
Fgf13,Scn5a,5,CellTalkDB; LIANA_mouseconsensus; SPIDER_internal; SpaCcLink; connectomeDB2020_lit
Fgf15,Klb,5,CellTalkDB; LIANA_mouseconsensus; SPIDER_internal; SpaCcLink; stCASE
Fgf21,Fgfr2,5,CellTalkDB; LIANA_mouseconsensus; SPIDER_internal; SpaCcLink; stCASE
Fgf21,Klb,5,CellTalkDB; LIANA_mouseconsensus; SPIDER_internal; SpaCcLink; stCASE
Fgf23,Kl,5,CellTalkDB; SPIDER_internal; SpaCcLink; connectomeDB2020_lit; stCASE
Fgg,Itga2b,5,CellTalkDB; LIANA_mouseconsensus; SPIDER_internal; SpaCcLink; connectomeDB2020_lit
Fgg,Itga5,5,CellTalkDB; LIANA_mouseconsensus; SPIDER_internal; SpaCcLink; connectomeDB2020_lit
Fn1,Cd79a,5,CellTalkDB; LIANA_mouseconsensus; SPIDER_internal; SpaCcLink; stCASE
Fn1,Sdc1,5,COMMOT_CellChat; CellChatDB; LARIS_neurotransmitter; LIANA_mouseconsensus; stCASE
Gal,Gpr151,5,CellTalkDB; LIANA_mouseconsensus; SPIDER_internal; connectomeDB2020_lit; stCASE
Galp,Galr3,5,CellChatDB; LARIS_neurotransmitter; LIANA_mouseconsensus; connectomeDB2020_lit; stCASE
Gdf15,Gfral,5,CellTalkDB; LIANA_mouseconsensus; SPIDER_internal; connectomeDB2020_lit; stCASE
Gdf5,Acvr1,5,CellTalkDB; LIANA_mouseconsensus; SPIDER_internal; SpaCcLink; connectomeDB2020_lit
Gdf6,Acvr2b,5,COMMOT_CellChat; CellChatDB; LARIS_neurotransmitter; LIANA_mouseconsensus; stCASE
Gdf7,Acvr2b,5,COMMOT_CellChat; CellChatDB; LARIS_neurotransmitter; LIANA_mouseconsensus; stCASE
Gdnf,Gfra2,5,CellTalkDB; LIANA_mouseconsensus; SPIDER_internal; SpaCcLink; connectomeDB2020_lit
Ghrh,Ghsr,5,COMMOT_CellChat; CellChatDB; LARIS_neurotransmitter; LIANA_mouseconsensus; stCASE
Ghrh,Vipr2,5,COMMOT_CellChat; CellChatDB; LARIS_neurotransmitter; LIANA_mouseconsensus; stCASE
Gip,Dpp4,5,CellTalkDB; LIANA_mouseconsensus; SPIDER_internal; SpaCcLink; connectomeDB2020_lit
Gnai2,Adra2b,5,CellTalkDB; LIANA_mouseconsensus; SPIDER_internal; SpaCcLink; connectomeDB2020_lit
Gnai2,C5ar1,5,CellTalkDB; LIANA_mouseconsensus; SPIDER_internal; SpaCcLink; connectomeDB2020_lit
Gnai2,Cav1,5,CellTalkDB; LIANA_mouseconsensus; SPIDER_internal; SpaCcLink; connectomeDB2020_lit
Gnai2,Cnr1,5,CellTalkDB; LIANA_mouseconsensus; SPIDER_internal; SpaCcLink; connectomeDB2020_lit
Gnai2,Igf1r,5,CellTalkDB; LIANA_mouseconsensus; SPIDER_internal; SpaCcLink; connectomeDB2020_lit
Gnai2,Lhcgr,5,CellTalkDB; LIANA_mouseconsensus; SPIDER_internal; SpaCcLink; connectomeDB2020_lit
Gnai2,Mtnr1b,5,CellTalkDB; LIANA_mouseconsensus; SPIDER_internal; SpaCcLink; connectomeDB2020_lit
Gnai2,Oprd1,5,CellTalkDB; LIANA_mouseconsensus; SPIDER_internal; SpaCcLink; connectomeDB2020_lit
Gnas,Htr6,5,CellTalkDB; LIANA_mouseconsensus; SPIDER_internal; SpaCcLink; stCASE
Gnas,Ptgdr,5,CellTalkDB; LIANA_mouseconsensus; SPIDER_internal; connectomeDB2020_lit; stCASE
Gpc3,Igf1r,5,CellTalkDB; LIANA_mouseconsensus; SPIDER_internal; SpaCcLink; connectomeDB2020_lit
Grn,Tnfrsf1a,5,CellTalkDB; LIANA_mouseconsensus; SPIDER_internal; SpaCcLink; connectomeDB2020_lit
Gzma,F2r,5,COMMOT_CellChat; CellChatDB; LARIS_neurotransmitter; LIANA_mouseconsensus; stCASE
Gzma,F2rl1,5,COMMOT_CellChat; CellChatDB; LARIS_neurotransmitter; LIANA_mouseconsensus; stCASE
Gzma,F2rl2,5,COMMOT_CellChat; CellChatDB; LARIS_neurotransmitter; LIANA_mouseconsensus; stCASE
Gzma,F2rl3,5,COMMOT_CellChat; CellChatDB; LARIS_neurotransmitter; LIANA_mouseconsensus; stCASE
Gzma,Pard3,5,COMMOT_CellChat; CellChatDB; LARIS_neurotransmitter; LIANA_mouseconsensus; stCASE
H2-aa,Cd4,5,COMMOT_CellChat; CellChatDB; LARIS_neurotransmitter; LIANA_mouseconsensus; stCASE
H2-ab1,Cd4,5,COMMOT_CellChat; CellChatDB; LARIS_neurotransmitter; LIANA_mouseconsensus; stCASE
H2-dma,Cd4,5,COMMOT_CellChat; CellChatDB; LARIS_neurotransmitter; LIANA_mouseconsensus; stCASE
H2-dmb2,Cd4,5,COMMOT_CellChat; CellChatDB; LARIS_neurotransmitter; LIANA_mouseconsensus; stCASE
H2-k1,Cd8a,5,COMMOT_CellChat; CellChatDB; LARIS_neurotransmitter; LIANA_mouseconsensus; stCASE
H2-k1,Cd8b1,5,COMMOT_CellChat; CellChatDB; LARIS_neurotransmitter; LIANA_mouseconsensus; stCASE
H2-m3,Cd8a,5,COMMOT_CellChat; CellChatDB; LARIS_neurotransmitter; LIANA_mouseconsensus; stCASE
H2-m3,Cd8b1,5,COMMOT_CellChat; CellChatDB; LARIS_neurotransmitter; LIANA_mouseconsensus; stCASE
H2-ob,Cd4,5,COMMOT_CellChat; CellChatDB; LARIS_neurotransmitter; LIANA_mouseconsensus; stCASE
Has2,Cd44,5,CellTalkDB; LIANA_mouseconsensus; SPIDER_internal; SpaCcLink; connectomeDB2020_lit
Has2,Hmmr,5,CellTalkDB; LIANA_mouseconsensus; SPIDER_internal; SpaCcLink; connectomeDB2020_lit
Hbegf,Cd9,5,CellTalkDB; LIANA_mouseconsensus; SPIDER_internal; connectomeDB2020_lit; stCASE
Hras,Cav1,5,CellTalkDB; LIANA_mouseconsensus; SPIDER_internal; SpaCcLink; connectomeDB2020_lit
Hsp90aa1,Cftr,5,CellTalkDB; LIANA_mouseconsensus; SPIDER_internal; SpaCcLink; connectomeDB2020_lit
Hsp90aa1,Fgfr3,5,CellTalkDB; SPIDER_internal; SpaCcLink; connectomeDB2020_lit; stCASE
Hspg2,Dag1,5,COMMOT_CellChat; CellChatDB; LARIS_neurotransmitter; LIANA_mouseconsensus; stCASE
Ibsp,Itgb3,5,COMMOT_CellChat; CellChatDB; LARIS_neurotransmitter; LIANA_mouseconsensus; stCASE
Ibsp,Itgb5,5,COMMOT_CellChat; CellChatDB; LARIS_neurotransmitter; LIANA_mouseconsensus; stCASE
Icam5,Itgb2,5,CellTalkDB; LIANA_mouseconsensus; SPIDER_internal; SpaCcLink; connectomeDB2020_lit
Ifna1,Ifnar1,5,COMMOT_CellChat; CellChatDB; LARIS_neurotransmitter; SpaCcLink; connectomeDB2020_lit
Ifna1,Ifnar2,5,COMMOT_CellChat; CellChatDB; LARIS_neurotransmitter; SpaCcLink; connectomeDB2020_lit
Ifna11,Ifnar1,5,COMMOT_CellChat; CellChatDB; LARIS_neurotransmitter; LIANA_mouseconsensus; SpaCcLink
Ifna11,Ifnar2,5,COMMOT_CellChat; CellChatDB; LARIS_neurotransmitter; LIANA_mouseconsensus; SpaCcLink
Ifna13,Ifnar1,5,COMMOT_CellChat; CellChatDB; LARIS_neurotransmitter; SpaCcLink; connectomeDB2020_lit
Ifna13,Ifnar2,5,COMMOT_CellChat; CellChatDB; LARIS_neurotransmitter; SpaCcLink; connectomeDB2020_lit
Ifna14,Ifnar1,5,COMMOT_CellChat; CellChatDB; LARIS_neurotransmitter; SpaCcLink; connectomeDB2020_lit
Ifna14,Ifnar2,5,COMMOT_CellChat; CellChatDB; LARIS_neurotransmitter; SpaCcLink; connectomeDB2020_lit
Ifna15,Ifnar2,5,COMMOT_CellChat; CellChatDB; LARIS_neurotransmitter; SpaCcLink; stCASE
Ifna2,Ifnar1,5,COMMOT_CellChat; CellChatDB; LARIS_neurotransmitter; SpaCcLink; connectomeDB2020_lit
Ifna2,Ifnar2,5,COMMOT_CellChat; CellChatDB; LARIS_neurotransmitter; SpaCcLink; connectomeDB2020_lit
Ifna4,Ifnar1,5,COMMOT_CellChat; CellChatDB; LARIS_neurotransmitter; SpaCcLink; connectomeDB2020_lit
Ifna4,Ifnar2,5,COMMOT_CellChat; CellChatDB; LARIS_neurotransmitter; SpaCcLink; connectomeDB2020_lit
Ifna5,Ifnar1,5,COMMOT_CellChat; CellChatDB; LARIS_neurotransmitter; SpaCcLink; connectomeDB2020_lit
Ifna5,Ifnar2,5,COMMOT_CellChat; CellChatDB; LARIS_neurotransmitter; SpaCcLink; connectomeDB2020_lit
Ifna6,Ifnar1,5,COMMOT_CellChat; CellChatDB; LARIS_neurotransmitter; SpaCcLink; connectomeDB2020_lit
Ifna6,Ifnar2,5,COMMOT_CellChat; CellChatDB; LARIS_neurotransmitter; SpaCcLink; connectomeDB2020_lit
Ifna7,Ifnar1,5,COMMOT_CellChat; CellChatDB; LARIS_neurotransmitter; SpaCcLink; connectomeDB2020_lit
Ifna7,Ifnar2,5,COMMOT_CellChat; CellChatDB; LARIS_neurotransmitter; SpaCcLink; connectomeDB2020_lit
Ifne,Ifnar1,5,COMMOT_CellChat; CellChatDB; LARIS_neurotransmitter; LIANA_mouseconsensus; connectomeDB2020_lit
Ifnk,Ifnar1,5,COMMOT_CellChat; CellChatDB; LARIS_neurotransmitter; LIANA_mouseconsensus; connectomeDB2020_lit
Ifnl2,Il10rb,5,COMMOT_CellChat; CellChatDB; LARIS_neurotransmitter; SpaCcLink; connectomeDB2020_lit
Ifnl3,Ifnlr1,5,COMMOT_CellChat; CellChatDB; LARIS_neurotransmitter; SpaCcLink; connectomeDB2020_lit
Ifnl3,Il10rb,5,COMMOT_CellChat; CellChatDB; LARIS_neurotransmitter; SpaCcLink; connectomeDB2020_lit
Igf1,Insr,5,CellTalkDB; LIANA_mouseconsensus; SPIDER_internal; SpaCcLink; stCASE
Igf1,Itgb4,5,COMMOT_CellChat; CellChatDB; LARIS_neurotransmitter; LIANA_mouseconsensus; stCASE
Igf2,Itgb3,5,COMMOT_CellChat; CellChatDB; LARIS_neurotransmitter; LIANA_mouseconsensus; stCASE
Igf2,Itgb4,5,COMMOT_CellChat; CellChatDB; LARIS_neurotransmitter; LIANA_mouseconsensus; stCASE
Igfbp4,Lrp6,5,CellTalkDB; LIANA_mouseconsensus; SPIDER_internal; SpaCcLink; connectomeDB2020_lit
Ihh,Hhip,5,CellTalkDB; LIANA_mouseconsensus; SPIDER_internal; SpaCcLink; connectomeDB2020_lit
Il12a,Il12rb2,5,COMMOT_CellChat; LARIS_neurotransmitter; LIANA_mouseconsensus; SpaCcLink; connectomeDB2020_lit
Il12b,Il12rb1,5,COMMOT_CellChat; LARIS_neurotransmitter; LIANA_mouseconsensus; SpaCcLink; connectomeDB2020_lit
Il12b,Il23r,5,COMMOT_CellChat; LARIS_neurotransmitter; LIANA_mouseconsensus; SpaCcLink; connectomeDB2020_lit
Il15,Il2ra,5,CellTalkDB; LIANA_mouseconsensus; SPIDER_internal; SpaCcLink; connectomeDB2020_lit
Il16,Grin2d,5,CellTalkDB; LIANA_mouseconsensus; SPIDER_internal; SpaCcLink; connectomeDB2020_lit
Il16,Kcna3,5,CellTalkDB; LIANA_mouseconsensus; SPIDER_internal; SpaCcLink; stCASE
Il16,Kcnj10,5,CellTalkDB; LIANA_mouseconsensus; SPIDER_internal; SpaCcLink; connectomeDB2020_lit
Il16,Kcnj15,5,CellTalkDB; LIANA_mouseconsensus; SPIDER_internal; SpaCcLink; connectomeDB2020_lit
Il17c,Il17ra,5,COMMOT_CellChat; CellChatDB; LARIS_neurotransmitter; LIANA_mouseconsensus; connectomeDB2020_lit
Il1f10,Il1rap,5,COMMOT_CellChat; CellChatDB; LARIS_neurotransmitter; LIANA_mouseconsensus; stCASE
Il1f10,Il1rl2,5,COMMOT_CellChat; CellChatDB; LARIS_neurotransmitter; LIANA_mouseconsensus; stCASE
Il1rn,Il1r2,5,CellTalkDB; SPIDER_internal; SpaCcLink; connectomeDB2020_lit; stCASE
Il2,Ngfr,5,CellTalkDB; LIANA_mouseconsensus; SPIDER_internal; SpaCcLink; stCASE
Il22,Il10rb,5,COMMOT_CellChat; CellChatDB; LARIS_neurotransmitter; SpaCcLink; connectomeDB2020_lit
Il22,Il22ra2,5,CellTalkDB; LIANA_mouseconsensus; SPIDER_internal; SpaCcLink; connectomeDB2020_lit
Il3,Csf2rb,5,COMMOT_CellChat; CellChatDB; LARIS_neurotransmitter; SpaCcLink; connectomeDB2020_lit
Il36a,Il1rl2,5,CellChatDB; LARIS_neurotransmitter; SPIDER_internal; connectomeDB2020_lit; stCASE
Inhba,Tgfbr3,5,CellTalkDB; LIANA_mouseconsensus; SPIDER_internal; connectomeDB2020_lit; stCASE
Inhbc,Acvr1b,5,COMMOT_CellChat; CellChatDB; LARIS_neurotransmitter; LIANA_mouseconsensus; SpaCcLink
Ins2,Insr,5,COMMOT_CellChat; CellChatDB; LARIS_neurotransmitter; LIANA_mouseconsensus; SpaCcLink
Insl3,Rxfp3,5,COMMOT_CellChat; CellChatDB; LARIS_neurotransmitter; LIANA_mouseconsensus; stCASE
Insl3,Rxfp4,5,COMMOT_CellChat; CellChatDB; LARIS_neurotransmitter; LIANA_mouseconsensus; stCASE
Insl5,Rxfp1,5,COMMOT_CellChat; CellChatDB; LARIS_neurotransmitter; LIANA_mouseconsensus; stCASE
Insl5,Rxfp2,5,COMMOT_CellChat; CellChatDB; LARIS_neurotransmitter; LIANA_mouseconsensus; stCASE
Jam2,F11r,5,COMMOT_CellChat; CellChatDB; LARIS_neurotransmitter; connectomeDB2020_lit; stCASE
Jam2,Jam3,5,COMMOT_CellChat; CellChatDB; LARIS_neurotransmitter; connectomeDB2020_lit; stCASE
Kitl,Epor,5,CellTalkDB; LIANA_mouseconsensus; SPIDER_internal; SpaCcLink; stCASE
L1cam,Cntn1,5,CellTalkDB; LIANA_mouseconsensus; SPIDER_internal; connectomeDB2020_lit; stCASE
L1cam,Itga5,5,CellTalkDB; LIANA_mouseconsensus; SPIDER_internal; SpaCcLink; connectomeDB2020_lit
L1cam,Itgb7,5,COMMOT_CellChat; CellChatDB; LARIS_neurotransmitter; LIANA_mouseconsensus; stCASE
Lama1,Cd44,5,COMMOT_CellChat; CellChatDB; LARIS_neurotransmitter; LIANA_mouseconsensus; stCASE
Lama1,Dag1,5,COMMOT_CellChat; CellChatDB; LARIS_neurotransmitter; LIANA_mouseconsensus; stCASE
Lama1,Itga6,5,COMMOT_CellChat; CellChatDB; LARIS_neurotransmitter; LIANA_mouseconsensus; stCASE
Lama2,Cd44,5,COMMOT_CellChat; CellChatDB; LARIS_neurotransmitter; LIANA_mouseconsensus; stCASE
Lama2,Itga6,5,COMMOT_CellChat; CellChatDB; LARIS_neurotransmitter; LIANA_mouseconsensus; stCASE
Lama2,Itgb8,5,COMMOT_CellChat; CellChatDB; LARIS_neurotransmitter; LIANA_mouseconsensus; stCASE
Lama3,Cd44,5,COMMOT_CellChat; CellChatDB; LARIS_neurotransmitter; LIANA_mouseconsensus; stCASE
Lama3,Dag1,5,COMMOT_CellChat; CellChatDB; LARIS_neurotransmitter; LIANA_mouseconsensus; stCASE
Lama3,Itgb1,5,COMMOT_CellChat; CellChatDB; LARIS_neurotransmitter; LIANA_mouseconsensus; stCASE
Lama3,Itgb8,5,COMMOT_CellChat; CellChatDB; LARIS_neurotransmitter; LIANA_mouseconsensus; stCASE
Lama4,Cd44,5,COMMOT_CellChat; CellChatDB; LARIS_neurotransmitter; LIANA_mouseconsensus; stCASE
Lama4,Dag1,5,COMMOT_CellChat; CellChatDB; LARIS_neurotransmitter; LIANA_mouseconsensus; stCASE
Lama4,Itgb4,5,COMMOT_CellChat; CellChatDB; LARIS_neurotransmitter; LIANA_mouseconsensus; stCASE
Lama4,Itgb8,5,COMMOT_CellChat; CellChatDB; LARIS_neurotransmitter; LIANA_mouseconsensus; stCASE
Lama5,Bcam,5,CellTalkDB; LIANA_mouseconsensus; SPIDER_internal; connectomeDB2020_lit; stCASE
Lama5,Cd44,5,COMMOT_CellChat; CellChatDB; LARIS_neurotransmitter; LIANA_mouseconsensus; stCASE
Lama5,Dag1,5,COMMOT_CellChat; CellChatDB; LARIS_neurotransmitter; LIANA_mouseconsensus; stCASE
Lama5,Itga6,5,COMMOT_CellChat; CellChatDB; LARIS_neurotransmitter; LIANA_mouseconsensus; stCASE
Lama5,Itgb1,5,COMMOT_CellChat; CellChatDB; LARIS_neurotransmitter; LIANA_mouseconsensus; stCASE
Lama5,Itgb8,5,COMMOT_CellChat; CellChatDB; LARIS_neurotransmitter; LIANA_mouseconsensus; stCASE
Lamb1,Cd44,5,COMMOT_CellChat; CellChatDB; LARIS_neurotransmitter; LIANA_mouseconsensus; stCASE
Lamb1,Dag1,5,COMMOT_CellChat; CellChatDB; LARIS_neurotransmitter; LIANA_mouseconsensus; stCASE
Lamb1,Itgb4,5,COMMOT_CellChat; CellChatDB; LARIS_neurotransmitter; LIANA_mouseconsensus; stCASE
Lamb1,Itgb8,5,COMMOT_CellChat; CellChatDB; LARIS_neurotransmitter; LIANA_mouseconsensus; stCASE
Lamb2,Cd44,5,COMMOT_CellChat; CellChatDB; LARIS_neurotransmitter; LIANA_mouseconsensus; stCASE
Lamb2,Dag1,5,COMMOT_CellChat; CellChatDB; LARIS_neurotransmitter; LIANA_mouseconsensus; stCASE
Lamb2,Itgb1,5,COMMOT_CellChat; CellChatDB; LARIS_neurotransmitter; LIANA_mouseconsensus; stCASE
Lamb2,Itgb4,5,COMMOT_CellChat; CellChatDB; LARIS_neurotransmitter; LIANA_mouseconsensus; stCASE
Lamb2,Itgb8,5,COMMOT_CellChat; CellChatDB; LARIS_neurotransmitter; LIANA_mouseconsensus; stCASE
Lamb3,Cd44,5,COMMOT_CellChat; CellChatDB; LARIS_neurotransmitter; LIANA_mouseconsensus; stCASE
Lamb3,Dag1,5,COMMOT_CellChat; CellChatDB; LARIS_neurotransmitter; LIANA_mouseconsensus; stCASE
Lamb3,Itga6,5,COMMOT_CellChat; CellChatDB; LARIS_neurotransmitter; LIANA_mouseconsensus; stCASE
Lamb3,Itgb1,5,COMMOT_CellChat; CellChatDB; LARIS_neurotransmitter; LIANA_mouseconsensus; stCASE
Lamb3,Itgb4,5,COMMOT_CellChat; CellChatDB; LARIS_neurotransmitter; LIANA_mouseconsensus; stCASE
Lamb3,Itgb8,5,COMMOT_CellChat; CellChatDB; LARIS_neurotransmitter; LIANA_mouseconsensus; stCASE
Lamc1,Cd44,5,COMMOT_CellChat; CellChatDB; LARIS_neurotransmitter; LIANA_mouseconsensus; stCASE
Lamc1,Dag1,5,COMMOT_CellChat; CellChatDB; LARIS_neurotransmitter; LIANA_mouseconsensus; stCASE
Lamc1,Itgb1,5,COMMOT_CellChat; CellChatDB; LARIS_neurotransmitter; LIANA_mouseconsensus; stCASE
Lamc1,Itgb4,5,COMMOT_CellChat; CellChatDB; LARIS_neurotransmitter; LIANA_mouseconsensus; stCASE
Lamc1,Itgb8,5,COMMOT_CellChat; CellChatDB; LARIS_neurotransmitter; LIANA_mouseconsensus; stCASE
Lamc2,Cd44,5,COMMOT_CellChat; CellChatDB; LARIS_neurotransmitter; LIANA_mouseconsensus; stCASE
Lamc2,Dag1,5,COMMOT_CellChat; CellChatDB; LARIS_neurotransmitter; LIANA_mouseconsensus; stCASE
Lamc2,Itgb8,5,COMMOT_CellChat; CellChatDB; LARIS_neurotransmitter; LIANA_mouseconsensus; stCASE
Lamc3,Cd44,5,COMMOT_CellChat; CellChatDB; LARIS_neurotransmitter; LIANA_mouseconsensus; stCASE
Lamc3,Dag1,5,COMMOT_CellChat; CellChatDB; LARIS_neurotransmitter; LIANA_mouseconsensus; stCASE
Lamc3,Itgb1,5,COMMOT_CellChat; CellChatDB; LARIS_neurotransmitter; LIANA_mouseconsensus; stCASE
Lamc3,Itgb4,5,COMMOT_CellChat; CellChatDB; LARIS_neurotransmitter; LIANA_mouseconsensus; stCASE
Lamc3,Itgb8,5,COMMOT_CellChat; CellChatDB; LARIS_neurotransmitter; LIANA_mouseconsensus; stCASE
Lefty2,Acvr2a,5,CellTalkDB; LIANA_mouseconsensus; SPIDER_internal; SpaCcLink; stCASE
Lipc,Lrp1,5,CellTalkDB; LIANA_mouseconsensus; SPIDER_internal; SpaCcLink; connectomeDB2020_lit
Ltb,Cd40,5,CellTalkDB; LIANA_mouseconsensus; SPIDER_internal; SpaCcLink; connectomeDB2020_lit
Ltb,Tnfrsf1a,5,CellTalkDB; LIANA_mouseconsensus; SPIDER_internal; SpaCcLink; connectomeDB2020_lit
Mdk,Itga4,5,COMMOT_CellChat; CellChatDB; LARIS_neurotransmitter; LIANA_mouseconsensus; connectomeDB2020_lit
Mdk,Ncl,5,COMMOT_CellChat; CellChatDB; LARIS_neurotransmitter; LIANA_mouseconsensus; stCASE
Mdk,Sdc2,5,COMMOT_CellChat; CellChatDB; LARIS_neurotransmitter; LIANA_mouseconsensus; stCASE
Mfap2,Notch1,5,CellTalkDB; LIANA_mouseconsensus; SPIDER_internal; SpaCcLink; stCASE
Mfge8,Itgav,5,CellTalkDB; LIANA_mouseconsensus; SPIDER_internal; SpaCcLink; connectomeDB2020_lit
Mfge8,Itgb5,5,CellTalkDB; LIANA_mouseconsensus; SPIDER_internal; SpaCcLink; stCASE
Mfng,Notch1,5,CellTalkDB; LIANA_mouseconsensus; SPIDER_internal; SpaCcLink; connectomeDB2020_lit
Mmp12,Plaur,5,CellTalkDB; LIANA_mouseconsensus; SPIDER_internal; SpaCcLink; connectomeDB2020_lit
Mmp2,Itgav,5,CellChatDB; CellTalkDB; LARIS_neurotransmitter; SPIDER_internal; SpaCcLink
Mmp2,Sdc2,5,CellTalkDB; SPIDER_internal; SpaCcLink; connectomeDB2020_lit; stCASE
Mpz,Mpzl1,5,COMMOT_CellChat; CellChatDB; LARIS_neurotransmitter; LIANA_mouseconsensus; stCASE
Nampt,Insr,5,COMMOT_CellChat; LIANA_mouseconsensus; SpaCcLink; connectomeDB2020_lit; stCASE
Nampt,Itgb1,5,COMMOT_CellChat; CellChatDB; LARIS_neurotransmitter; LIANA_mouseconsensus; stCASE
Ncam1,Ncam2,5,COMMOT_CellChat; CellChatDB; LARIS_neurotransmitter; LIANA_mouseconsensus; stCASE
Nectin1,Cadm3,5,COMMOT_CellChat; CellChatDB; LARIS_neurotransmitter; connectomeDB2020_lit; stCASE
Nectin1,Cd96,5,COMMOT_CellChat; CellChatDB; LARIS_neurotransmitter; connectomeDB2020_lit; stCASE
Nectin1,Nectin3,5,COMMOT_CellChat; CellChatDB; LARIS_neurotransmitter; connectomeDB2020_lit; stCASE
Nectin1,Nectin4,5,COMMOT_CellChat; CellChatDB; LARIS_neurotransmitter; connectomeDB2020_lit; stCASE
Nectin2,Cd226,5,COMMOT_CellChat; CellChatDB; LARIS_neurotransmitter; connectomeDB2020_lit; stCASE
Nectin2,Tigit,5,COMMOT_CellChat; CellChatDB; LARIS_neurotransmitter; connectomeDB2020_lit; stCASE
Nectin3,Nectin2,5,COMMOT_CellChat; CellChatDB; LARIS_neurotransmitter; connectomeDB2020_lit; stCASE
Nectin3,Pvr,5,COMMOT_CellChat; CellChatDB; LARIS_neurotransmitter; connectomeDB2020_lit; stCASE
Nfasc,Cntnap1,5,COMMOT_CellChat; CellChatDB; LARIS_neurotransmitter; LIANA_mouseconsensus; stCASE
Nlgn1,Nrxn1,5,CellTalkDB; LIANA_mouseconsensus; SPIDER_internal; SpaCcLink; connectomeDB2020_lit
Nlgn1,Nrxn2,5,CellTalkDB; LIANA_mouseconsensus; SPIDER_internal; SpaCcLink; connectomeDB2020_lit
Nlgn2,Nrxn1,5,CellTalkDB; LIANA_mouseconsensus; SPIDER_internal; SpaCcLink; connectomeDB2020_lit
Nlgn2,Nrxn2,5,CellTalkDB; LIANA_mouseconsensus; SPIDER_internal; SpaCcLink; connectomeDB2020_lit
Nlgn3,Nrxn1,5,CellTalkDB; LIANA_mouseconsensus; SPIDER_internal; SpaCcLink; connectomeDB2020_lit
Nlgn3,Nrxn2,5,CellTalkDB; LIANA_mouseconsensus; SPIDER_internal; SpaCcLink; connectomeDB2020_lit
Nppa,Npr3,5,CellTalkDB; LIANA_mouseconsensus; SPIDER_internal; connectomeDB2020_lit; stCASE
Nppb,Npr2,5,CellTalkDB; SPIDER_internal; SpaCcLink; connectomeDB2020_lit; stCASE
Nppc,Npr3,5,CellTalkDB; LIANA_mouseconsensus; SPIDER_internal; connectomeDB2020_lit; stCASE
Npy,Gpr83,5,COMMOT_CellChat; CellChatDB; LARIS_neurotransmitter; LIANA_mouseconsensus; stCASE
Npy,Npy6r,5,COMMOT_CellChat; CellChatDB; CellTalkDB; LARIS_neurotransmitter; SPIDER_internal
Nrtn,Gfra1,5,CellTalkDB; LIANA_mouseconsensus; SPIDER_internal; SpaCcLink; connectomeDB2020_lit
Nrxn1,Nlgn1,5,COMMOT_CellChat; CellChatDB; LARIS_neurotransmitter; LIANA_mouseconsensus; stCASE
Nrxn1,Nlgn2,5,COMMOT_CellChat; CellChatDB; LARIS_neurotransmitter; LIANA_mouseconsensus; stCASE
Nrxn1,Nlgn3,5,COMMOT_CellChat; CellChatDB; LARIS_neurotransmitter; LIANA_mouseconsensus; stCASE
Nrxn2,Nlgn1,5,COMMOT_CellChat; CellChatDB; LARIS_neurotransmitter; LIANA_mouseconsensus; stCASE
Nrxn2,Nlgn2,5,COMMOT_CellChat; CellChatDB; LARIS_neurotransmitter; LIANA_mouseconsensus; stCASE
Nrxn2,Nlgn3,5,COMMOT_CellChat; CellChatDB; LARIS_neurotransmitter; LIANA_mouseconsensus; stCASE
Ntf5,Ntrk1,5,CellTalkDB; LIANA_mouseconsensus; SPIDER_internal; SpaCcLink; stCASE
Ntn1,Mcam,5,CellTalkDB; LIANA_mouseconsensus; SPIDER_internal; SpaCcLink; connectomeDB2020_lit
Nxph1,Nrxn1,5,CellTalkDB; LIANA_mouseconsensus; SPIDER_internal; SpaCcLink; connectomeDB2020_lit
Nxph1,Nrxn2,5,CellTalkDB; LIANA_mouseconsensus; SPIDER_internal; SpaCcLink; connectomeDB2020_lit
Nxph2,Nrxn1,5,CellTalkDB; LIANA_mouseconsensus; SPIDER_internal; SpaCcLink; connectomeDB2020_lit
Nxph3,Nrxn1,5,CellTalkDB; LIANA_mouseconsensus; SPIDER_internal; SpaCcLink; connectomeDB2020_lit
Nxph3,Nrxn2,5,CellTalkDB; LIANA_mouseconsensus; SPIDER_internal; SpaCcLink; connectomeDB2020_lit
Pdyn,Oprl1,5,COMMOT_CellChat; CellChatDB; LARIS_neurotransmitter; LIANA_mouseconsensus; stCASE
Penk,Oprk1,5,COMMOT_CellChat; CellChatDB; LARIS_neurotransmitter; LIANA_mouseconsensus; stCASE
Penk,Oprl1,5,COMMOT_CellChat; CellChatDB; LARIS_neurotransmitter; LIANA_mouseconsensus; stCASE
Pf4,Procr,5,CellTalkDB; LIANA_mouseconsensus; SPIDER_internal; connectomeDB2020_lit; stCASE
Pgf,Nrp2,5,CellTalkDB; LIANA_mouseconsensus; SPIDER_internal; connectomeDB2020_lit; stCASE
Pla2g10,Pla2r1,5,CellTalkDB; LIANA_mouseconsensus; SPIDER_internal; SpaCcLink; connectomeDB2020_lit
Plat,Lrp1,5,CellTalkDB; LIANA_mouseconsensus; SPIDER_internal; SpaCcLink; connectomeDB2020_lit
Plau,Igf2r,5,CellTalkDB; LIANA_mouseconsensus; SPIDER_internal; SpaCcLink; connectomeDB2020_lit
Plau,Lrp1,5,CellTalkDB; LIANA_mouseconsensus; SPIDER_internal; SpaCcLink; connectomeDB2020_lit
Plg,F2rl3,5,COMMOT_CellChat; CellChatDB; LARIS_neurotransmitter; LIANA_mouseconsensus; stCASE
Plg,Pard3,5,COMMOT_CellChat; CellChatDB; LARIS_neurotransmitter; LIANA_mouseconsensus; stCASE
Pltp,Abca1,5,CellTalkDB; LIANA_mouseconsensus; SPIDER_internal; SpaCcLink; connectomeDB2020_lit
Pmch,Mertk,5,COMMOT_CellChat; CellChatDB; LARIS_neurotransmitter; LIANA_mouseconsensus; stCASE
Pomc,Oprl1,5,COMMOT_CellChat; CellChatDB; LARIS_neurotransmitter; LIANA_mouseconsensus; stCASE
Postn,Itgb5,5,COMMOT_CellChat; CellChatDB; LARIS_neurotransmitter; LIANA_mouseconsensus; stCASE
Ppbp,Cxcr1,5,CellTalkDB; SPIDER_internal; SpaCcLink; connectomeDB2020_lit; stCASE
Ppy,Gpr83,5,COMMOT_CellChat; CellChatDB; LARIS_neurotransmitter; LIANA_mouseconsensus; stCASE
Ppy,Npy1r,5,COMMOT_CellChat; CellChatDB; LARIS_neurotransmitter; LIANA_mouseconsensus; stCASE
Ppy,Npy4r,5,COMMOT_CellChat; CellChatDB; LARIS_neurotransmitter; connectomeDB2020_lit; stCASE
Prnd,Rpsa,5,CellTalkDB; LIANA_mouseconsensus; SPIDER_internal; SpaCcLink; connectomeDB2020_lit
Psap,Lrp1,5,CellTalkDB; LIANA_mouseconsensus; SPIDER_internal; SpaCcLink; connectomeDB2020_lit
Psen1,Ncstn,5,CellTalkDB; LIANA_mouseconsensus; SPIDER_internal; SpaCcLink; connectomeDB2020_lit
Psen1,Notch1,5,CellTalkDB; LIANA_mouseconsensus; SPIDER_internal; SpaCcLink; connectomeDB2020_lit
Psen1,Notch2,5,CellTalkDB; LIANA_mouseconsensus; SPIDER_internal; SpaCcLink; connectomeDB2020_lit
Psen1,Notch3,5,CellTalkDB; LIANA_mouseconsensus; SPIDER_internal; SpaCcLink; connectomeDB2020_lit
Psen1,Notch4,5,CellTalkDB; LIANA_mouseconsensus; SPIDER_internal; SpaCcLink; connectomeDB2020_lit
Pth,Lrp6,5,CellTalkDB; LIANA_mouseconsensus; SPIDER_internal; SpaCcLink; stCASE
Ptn,Itgb3,5,COMMOT_CellChat; CellChatDB; LARIS_neurotransmitter; LIANA_mouseconsensus; stCASE
Ptn,Ncl,5,COMMOT_CellChat; CellChatDB; LARIS_neurotransmitter; LIANA_mouseconsensus; stCASE
Ptprc,Cd22,5,COMMOT_CellChat; CellChatDB; LARIS_neurotransmitter; connectomeDB2020_lit; stCASE
Ptprc,Mrc1,5,COMMOT_CellChat; CellChatDB; LARIS_neurotransmitter; connectomeDB2020_lit; stCASE
Pvr,Cd226,5,COMMOT_CellChat; CellChatDB; LARIS_neurotransmitter; connectomeDB2020_lit; stCASE
Pvr,Tigit,5,COMMOT_CellChat; CellChatDB; LARIS_neurotransmitter; connectomeDB2020_lit; stCASE
Pyy,Gpr83,5,COMMOT_CellChat; CellChatDB; LARIS_neurotransmitter; LIANA_mouseconsensus; stCASE
Pyy,Npy4r,5,COMMOT_CellChat; CellChatDB; LARIS_neurotransmitter; connectomeDB2020_lit; stCASE
Rarres2,Ccrl2,5,CellTalkDB; LIANA_mouseconsensus; SPIDER_internal; connectomeDB2020_lit; stCASE
Retn,Cap1,5,COMMOT_CellChat; CellChatDB; LARIS_neurotransmitter; LIANA_mouseconsensus; stCASE
Rgma,Neo1,5,CellTalkDB; LIANA_mouseconsensus; SPIDER_internal; SpaCcLink; connectomeDB2020_lit
Rgmb,Neo1,5,CellTalkDB; LIANA_mouseconsensus; SPIDER_internal; SpaCcLink; connectomeDB2020_lit
Rln1,Rxfp3,5,COMMOT_CellChat; CellChatDB; LARIS_neurotransmitter; LIANA_mouseconsensus; stCASE
Rln1,Rxfp4,5,COMMOT_CellChat; CellChatDB; LARIS_neurotransmitter; LIANA_mouseconsensus; stCASE
Rspo1,Lgr4,5,CellTalkDB; LIANA_mouseconsensus; SPIDER_internal; connectomeDB2020_lit; stCASE
Rspo1,Lgr5,5,CellTalkDB; LIANA_mouseconsensus; SPIDER_internal; connectomeDB2020_lit; stCASE
Rspo1,Lgr6,5,CellTalkDB; LIANA_mouseconsensus; SPIDER_internal; connectomeDB2020_lit; stCASE
Rspo1,Znrf3,5,CellTalkDB; LIANA_mouseconsensus; SPIDER_internal; SpaCcLink; connectomeDB2020_lit
Rspo2,Lgr4,5,CellTalkDB; LIANA_mouseconsensus; SPIDER_internal; connectomeDB2020_lit; stCASE
Rspo2,Lgr5,5,CellTalkDB; LIANA_mouseconsensus; SPIDER_internal; connectomeDB2020_lit; stCASE
Rspo2,Lgr6,5,CellTalkDB; LIANA_mouseconsensus; SPIDER_internal; connectomeDB2020_lit; stCASE
Rspo2,Znrf3,5,CellTalkDB; LIANA_mouseconsensus; SPIDER_internal; SpaCcLink; connectomeDB2020_lit
Rspo3,Lgr4,5,CellTalkDB; LIANA_mouseconsensus; SPIDER_internal; connectomeDB2020_lit; stCASE
Rspo3,Lgr5,5,CellTalkDB; LIANA_mouseconsensus; SPIDER_internal; connectomeDB2020_lit; stCASE
Rspo3,Lgr6,5,CellTalkDB; LIANA_mouseconsensus; SPIDER_internal; connectomeDB2020_lit; stCASE
Rspo4,Lgr4,5,CellTalkDB; LIANA_mouseconsensus; SPIDER_internal; connectomeDB2020_lit; stCASE
Rspo4,Lgr6,5,CellTalkDB; LIANA_mouseconsensus; SPIDER_internal; connectomeDB2020_lit; stCASE
Rtn4,S1pr2,5,CellTalkDB; LIANA_mouseconsensus; SPIDER_internal; SpaCcLink; connectomeDB2020_lit
S100a4,Egfr,5,CellTalkDB; LIANA_mouseconsensus; SPIDER_internal; SpaCcLink; stCASE
S100a8,Tlr4,5,CellTalkDB; LIANA_mouseconsensus; SPIDER_internal; SpaCcLink; connectomeDB2020_lit
S100a9,Tlr4,5,CellTalkDB; LIANA_mouseconsensus; SPIDER_internal; SpaCcLink; connectomeDB2020_lit
Saa2,Fpr2,5,COMMOT_CellChat; CellChatDB; LARIS_neurotransmitter; LIANA_mouseconsensus; SpaCcLink
Scgb1a1,Lrp2,5,CellTalkDB; LIANA_mouseconsensus; SPIDER_internal; connectomeDB2020_lit; stCASE
Sct,Vipr2,5,CellTalkDB; SPIDER_internal; SpaCcLink; connectomeDB2020_lit; stCASE
Sele,Ceacam1,5,COMMOT_CellChat; CellChatDB; LARIS_neurotransmitter; LIANA_mouseconsensus; stCASE
Sele,Glg1,5,COMMOT_CellChat; CellChatDB; LARIS_neurotransmitter; LIANA_mouseconsensus; stCASE
Sema3a,Nrp2,5,CellTalkDB; LIANA_mouseconsensus; SPIDER_internal; connectomeDB2020_lit; stCASE
Sema3a,Plxna3,5,COMMOT_CellChat; CellChatDB; LARIS_neurotransmitter; LIANA_mouseconsensus; stCASE
Sema3b,Plxna2,5,COMMOT_CellChat; CellChatDB; LARIS_neurotransmitter; LIANA_mouseconsensus; stCASE
Sema3b,Plxna3,5,COMMOT_CellChat; CellChatDB; LARIS_neurotransmitter; LIANA_mouseconsensus; stCASE
Sema3b,Plxna4,5,COMMOT_CellChat; CellChatDB; LARIS_neurotransmitter; LIANA_mouseconsensus; stCASE
Sema3c,Plxna1,5,COMMOT_CellChat; CellChatDB; LARIS_neurotransmitter; LIANA_mouseconsensus; stCASE
Sema3c,Plxna2,5,COMMOT_CellChat; CellChatDB; LARIS_neurotransmitter; LIANA_mouseconsensus; stCASE
Sema3c,Plxna3,5,COMMOT_CellChat; CellChatDB; LARIS_neurotransmitter; LIANA_mouseconsensus; stCASE
Sema3d,Plxna1,5,COMMOT_CellChat; CellChatDB; LARIS_neurotransmitter; LIANA_mouseconsensus; stCASE
Sema3d,Plxna2,5,COMMOT_CellChat; CellChatDB; LARIS_neurotransmitter; LIANA_mouseconsensus; stCASE
Sema3d,Plxna3,5,COMMOT_CellChat; CellChatDB; LARIS_neurotransmitter; LIANA_mouseconsensus; stCASE
Sema3d,Plxna4,5,COMMOT_CellChat; CellChatDB; LARIS_neurotransmitter; LIANA_mouseconsensus; stCASE
Sema3e,Nrp1,5,CellTalkDB; LIANA_mouseconsensus; SPIDER_internal; SpaCcLink; stCASE
Sema3f,Nrp1,5,CellTalkDB; LIANA_mouseconsensus; SPIDER_internal; SpaCcLink; connectomeDB2020_lit
Sema3f,Plxna1,5,COMMOT_CellChat; CellChatDB; LARIS_neurotransmitter; LIANA_mouseconsensus; stCASE
Sema3f,Plxna2,5,COMMOT_CellChat; CellChatDB; LARIS_neurotransmitter; LIANA_mouseconsensus; stCASE
Sema3f,Plxna4,5,COMMOT_CellChat; CellChatDB; LARIS_neurotransmitter; LIANA_mouseconsensus; stCASE
Sema3g,Plxna1,5,COMMOT_CellChat; CellChatDB; LARIS_neurotransmitter; LIANA_mouseconsensus; stCASE
Sema3g,Plxna2,5,COMMOT_CellChat; CellChatDB; LARIS_neurotransmitter; LIANA_mouseconsensus; stCASE
Sema3g,Plxna3,5,COMMOT_CellChat; CellChatDB; LARIS_neurotransmitter; LIANA_mouseconsensus; stCASE
Sema4a,Plxna1,5,COMMOT_CellChat; CellChatDB; LARIS_neurotransmitter; LIANA_mouseconsensus; stCASE
Sema4a,Plxna2,5,COMMOT_CellChat; CellChatDB; LARIS_neurotransmitter; LIANA_mouseconsensus; stCASE
Sema4a,Plxna3,5,COMMOT_CellChat; CellChatDB; LARIS_neurotransmitter; LIANA_mouseconsensus; stCASE
Sema4a,Plxna4,5,COMMOT_CellChat; CellChatDB; LARIS_neurotransmitter; LIANA_mouseconsensus; stCASE
Sema4a,Plxnb3,5,COMMOT_CellChat; CellChatDB; LARIS_neurotransmitter; LIANA_mouseconsensus; stCASE
Sema4d,Met,5,CellTalkDB; LIANA_mouseconsensus; SPIDER_internal; SpaCcLink; connectomeDB2020_lit
Sema4d,Plxnb3,5,COMMOT_CellChat; CellChatDB; LARIS_neurotransmitter; LIANA_mouseconsensus; stCASE
Sema5a,Met,5,CellTalkDB; LIANA_mouseconsensus; SPIDER_internal; SpaCcLink; connectomeDB2020_lit
Sema5a,Plxna3,5,COMMOT_CellChat; CellChatDB; LARIS_neurotransmitter; LIANA_mouseconsensus; stCASE
Sema5b,Plxna1,5,COMMOT_CellChat; CellChatDB; LARIS_neurotransmitter; LIANA_mouseconsensus; stCASE
Sema5b,Plxna3,5,COMMOT_CellChat; CellChatDB; LARIS_neurotransmitter; LIANA_mouseconsensus; stCASE
Serpine1,Lrp1,5,CellTalkDB; LIANA_mouseconsensus; SPIDER_internal; SpaCcLink; connectomeDB2020_lit
Sfrp1,Fzd2,5,CellTalkDB; LIANA_mouseconsensus; SPIDER_internal; SpaCcLink; connectomeDB2020_lit
Sfrp2,Fzd5,5,CellTalkDB; LIANA_mouseconsensus; SPIDER_internal; SpaCcLink; connectomeDB2020_lit
Sftpd,Sirpa,5,CellTalkDB; LIANA_mouseconsensus; SPIDER_internal; SpaCcLink; connectomeDB2020_lit
Sftpd,Tlr4,5,CellTalkDB; LIANA_mouseconsensus; SPIDER_internal; SpaCcLink; stCASE
Shh,Gas1,5,CellTalkDB; LIANA_mouseconsensus; SPIDER_internal; SpaCcLink; connectomeDB2020_lit
Shh,Hhip,5,CellTalkDB; LIANA_mouseconsensus; SPIDER_internal; SpaCcLink; connectomeDB2020_lit
Shh,Lrp2,5,CellTalkDB; LIANA_mouseconsensus; SPIDER_internal; connectomeDB2020_lit; stCASE
Siglec1,Spn,5,COMMOT_CellChat; CellChatDB; LARIS_neurotransmitter; connectomeDB2020_lit; stCASE
Slit2,Robo4,5,CellTalkDB; LIANA_mouseconsensus; SPIDER_internal; connectomeDB2020_lit; stCASE
Slitrk1,Ptprs,5,CellChatDB; LARIS_neurotransmitter; LIANA_mouseconsensus; connectomeDB2020_lit; stCASE
Slurp1,Chrna10,5,COMMOT_CellChat; CellChatDB; LARIS_neurotransmitter; LIANA_mouseconsensus; stCASE
Slurp1,Chrna3,5,COMMOT_CellChat; CellChatDB; LARIS_neurotransmitter; LIANA_mouseconsensus; stCASE
Slurp1,Chrna4,5,COMMOT_CellChat; CellChatDB; LARIS_neurotransmitter; LIANA_mouseconsensus; stCASE
Slurp1,Chrna9,5,COMMOT_CellChat; CellChatDB; LARIS_neurotransmitter; LIANA_mouseconsensus; stCASE
Slurp1,Chrnb2,5,COMMOT_CellChat; CellChatDB; LARIS_neurotransmitter; LIANA_mouseconsensus; stCASE
Slurp1,Chrnb4,5,COMMOT_CellChat; CellChatDB; LARIS_neurotransmitter; LIANA_mouseconsensus; stCASE
Sost,Lrp6,5,CellTalkDB; LIANA_mouseconsensus; SPIDER_internal; SpaCcLink; connectomeDB2020_lit
Sostdc1,Lrp6,5,CellTalkDB; LIANA_mouseconsensus; SPIDER_internal; SpaCcLink; connectomeDB2020_lit
Spon2,Itgb2,5,CellTalkDB; LIANA_mouseconsensus; SPIDER_internal; SpaCcLink; connectomeDB2020_lit
Spp1,Itga5,5,COMMOT_CellChat; CellChatDB; LARIS_neurotransmitter; LIANA_mouseconsensus; SpaCcLink
Spp1,Itgb6,5,COMMOT_CellChat; CellChatDB; LARIS_neurotransmitter; LIANA_mouseconsensus; stCASE
St6gal1,Cd22,5,CellTalkDB; LIANA_mouseconsensus; SPIDER_internal; SpaCcLink; connectomeDB2020_lit
Tac1,Tacr3,5,CellTalkDB; LIANA_mouseconsensus; SPIDER_internal; SpaCcLink; connectomeDB2020_lit
Tac2,Tacr2,5,CellTalkDB; LIANA_mouseconsensus; SPIDER_internal; SpaCcLink; stCASE
Tctn1,Tmem67,5,CellTalkDB; LIANA_mouseconsensus; SPIDER_internal; SpaCcLink; connectomeDB2020_lit
Tdgf1,Acvr1c,5,CellTalkDB; LIANA_mouseconsensus; SPIDER_internal; SpaCcLink; stCASE
Tdgf1,Acvr2a,5,CellTalkDB; LIANA_mouseconsensus; SPIDER_internal; SpaCcLink; connectomeDB2020_lit
Tdgf1,Gpc1,5,CellTalkDB; LIANA_mouseconsensus; SPIDER_internal; SpaCcLink; stCASE
Tg,Lrp2,5,CellTalkDB; LIANA_mouseconsensus; SPIDER_internal; connectomeDB2020_lit; stCASE
Tgfb1,Acvr1,5,COMMOT_CellChat; CellChatDB; LARIS_neurotransmitter; LIANA_mouseconsensus; stCASE
Tgfb1,Acvr1b,5,COMMOT_CellChat; CellChatDB; LARIS_neurotransmitter; LIANA_mouseconsensus; stCASE
Tgfb1,Acvr1c,5,COMMOT_CellChat; CellChatDB; LARIS_neurotransmitter; LIANA_mouseconsensus; stCASE
Tgfb1,Eng,5,CellTalkDB; LIANA_mouseconsensus; SPIDER_internal; connectomeDB2020_lit; stCASE
Tgfb1,Itgb1,5,CellTalkDB; LIANA_mouseconsensus; SPIDER_internal; SpaCcLink; stCASE
Tgfb1,Tgfbr3,5,CellTalkDB; LIANA_mouseconsensus; SPIDER_internal; connectomeDB2020_lit; stCASE
Tgfb2,Acvr1b,5,COMMOT_CellChat; CellChatDB; LARIS_neurotransmitter; LIANA_mouseconsensus; stCASE
Tgfb2,Acvr1c,5,COMMOT_CellChat; CellChatDB; LARIS_neurotransmitter; LIANA_mouseconsensus; stCASE
Tgfb2,Tgfbr3,5,CellTalkDB; LIANA_mouseconsensus; SPIDER_internal; connectomeDB2020_lit; stCASE
Tgfb3,Acvr1b,5,COMMOT_CellChat; CellChatDB; LARIS_neurotransmitter; LIANA_mouseconsensus; stCASE
Tgfb3,Acvr1c,5,COMMOT_CellChat; CellChatDB; LARIS_neurotransmitter; LIANA_mouseconsensus; stCASE
Tgfb3,Eng,5,CellTalkDB; LIANA_mouseconsensus; SPIDER_internal; connectomeDB2020_lit; stCASE
Tgfb3,Tgfbr3,5,CellTalkDB; LIANA_mouseconsensus; SPIDER_internal; connectomeDB2020_lit; stCASE
Tgm2,Sdc4,5,CellTalkDB; LIANA_mouseconsensus; SPIDER_internal; SpaCcLink; connectomeDB2020_lit
Thbs2,Cd36,5,COMMOT_CellChat; CellChatDB; LARIS_neurotransmitter; LIANA_mouseconsensus; stCASE
Thbs2,Itgb3,5,COMMOT_CellChat; CellChatDB; LARIS_neurotransmitter; LIANA_mouseconsensus; stCASE
Thbs2,Sdc1,5,COMMOT_CellChat; CellChatDB; LARIS_neurotransmitter; LIANA_mouseconsensus; stCASE
Thbs3,Itgb1,5,COMMOT_CellChat; CellChatDB; LARIS_neurotransmitter; LIANA_mouseconsensus; stCASE
Thbs3,Itgb3,5,COMMOT_CellChat; CellChatDB; LARIS_neurotransmitter; LIANA_mouseconsensus; stCASE
Thbs4,Cd36,5,COMMOT_CellChat; CellChatDB; LARIS_neurotransmitter; LIANA_mouseconsensus; stCASE
Thbs4,Cd47,5,COMMOT_CellChat; CellChatDB; LARIS_neurotransmitter; LIANA_mouseconsensus; stCASE
Thbs4,Itgb1,5,COMMOT_CellChat; CellChatDB; LARIS_neurotransmitter; LIANA_mouseconsensus; stCASE
Thbs4,Itgb3,5,COMMOT_CellChat; CellChatDB; LARIS_neurotransmitter; LIANA_mouseconsensus; stCASE
Thbs4,Sdc1,5,COMMOT_CellChat; CellChatDB; LARIS_neurotransmitter; LIANA_mouseconsensus; stCASE
Thy1,Itgb3,5,COMMOT_CellChat; CellChatDB; LARIS_neurotransmitter; LIANA_mouseconsensus; stCASE
Tnc,Sdc1,5,COMMOT_CellChat; CellChatDB; LARIS_neurotransmitter; LIANA_mouseconsensus; stCASE
Tnn,Itgb1,5,COMMOT_CellChat; CellChatDB; LARIS_neurotransmitter; LIANA_mouseconsensus; stCASE
Tnn,Itgb3,5,COMMOT_CellChat; CellChatDB; LARIS_neurotransmitter; LIANA_mouseconsensus; stCASE
Tnn,Itgb6,5,COMMOT_CellChat; CellChatDB; LARIS_neurotransmitter; LIANA_mouseconsensus; stCASE
Tnn,Sdc1,5,COMMOT_CellChat; CellChatDB; LARIS_neurotransmitter; LIANA_mouseconsensus; stCASE
Tnr,Itgb1,5,COMMOT_CellChat; CellChatDB; LARIS_neurotransmitter; LIANA_mouseconsensus; stCASE
Tnr,Itgb3,5,COMMOT_CellChat; CellChatDB; LARIS_neurotransmitter; LIANA_mouseconsensus; stCASE
Tnr,Itgb6,5,COMMOT_CellChat; CellChatDB; LARIS_neurotransmitter; LIANA_mouseconsensus; stCASE
Tnr,Sdc1,5,COMMOT_CellChat; CellChatDB; LARIS_neurotransmitter; LIANA_mouseconsensus; stCASE
Tnxb,Itgb1,5,COMMOT_CellChat; CellChatDB; LARIS_neurotransmitter; LIANA_mouseconsensus; stCASE
Tnxb,Itgb3,5,COMMOT_CellChat; CellChatDB; LARIS_neurotransmitter; LIANA_mouseconsensus; stCASE
Tnxb,Itgb6,5,COMMOT_CellChat; CellChatDB; LARIS_neurotransmitter; LIANA_mouseconsensus; stCASE
Tnxb,Sdc1,5,COMMOT_CellChat; CellChatDB; LARIS_neurotransmitter; LIANA_mouseconsensus; stCASE
Trf,Tfrc,5,CellTalkDB; LIANA_mouseconsensus; SPIDER_internal; SpaCcLink; stCASE
Try4,F2r,5,COMMOT_CellChat; CellChatDB; LARIS_neurotransmitter; LIANA_mouseconsensus; stCASE
Try4,F2rl1,5,COMMOT_CellChat; CellChatDB; LARIS_neurotransmitter; LIANA_mouseconsensus; stCASE
Try4,F2rl2,5,COMMOT_CellChat; CellChatDB; LARIS_neurotransmitter; LIANA_mouseconsensus; stCASE
Try4,F2rl3,5,COMMOT_CellChat; CellChatDB; LARIS_neurotransmitter; LIANA_mouseconsensus; stCASE
Try4,Pard3,5,COMMOT_CellChat; CellChatDB; LARIS_neurotransmitter; LIANA_mouseconsensus; stCASE
Ucn2,Il10rb,5,CellTalkDB; LIANA_mouseconsensus; SPIDER_internal; SpaCcLink; connectomeDB2020_lit
Ucn3,Il10rb,5,CellTalkDB; LIANA_mouseconsensus; SPIDER_internal; SpaCcLink; connectomeDB2020_lit
Vcam1,Itga4,5,CellTalkDB; LIANA_mouseconsensus; SPIDER_internal; SpaCcLink; connectomeDB2020_lit
Vcam1,Itga9,5,CellTalkDB; LIANA_mouseconsensus; SPIDER_internal; SpaCcLink; connectomeDB2020_lit
Vcam1,Itgad,5,CellChatDB; LARIS_neurotransmitter; LIANA_mouseconsensus; SpaCcLink; connectomeDB2020_lit
Vcan,Selp,5,CellTalkDB; LIANA_mouseconsensus; SPIDER_internal; connectomeDB2020_lit; stCASE
Vegfa,Nrp2,5,CellTalkDB; LIANA_mouseconsensus; SPIDER_internal; connectomeDB2020_lit; stCASE
Vegfc,Nrp2,5,CellTalkDB; LIANA_mouseconsensus; SPIDER_internal; connectomeDB2020_lit; stCASE
Vegfd,Itga9,5,CellTalkDB; SPIDER_internal; SpaCcLink; connectomeDB2020_lit; stCASE
Vim,Cd44,5,CellTalkDB; LIANA_mouseconsensus; SPIDER_internal; SpaCcLink; connectomeDB2020_lit
Vtn,Itgb1,5,COMMOT_CellChat; CellChatDB; LARIS_neurotransmitter; LIANA_mouseconsensus; stCASE
Wnt1,Fzd2,5,COMMOT_CellChat; CellChatDB; LARIS_neurotransmitter; LIANA_mouseconsensus; connectomeDB2020_lit
Wnt1,Fzd4,5,COMMOT_CellChat; CellChatDB; LARIS_neurotransmitter; LIANA_mouseconsensus; connectomeDB2020_lit
Wnt10a,Fzd1,5,COMMOT_CellChat; CellChatDB; LARIS_neurotransmitter; LIANA_mouseconsensus; connectomeDB2020_lit
Wnt10a,Fzd5,5,COMMOT_CellChat; CellChatDB; LARIS_neurotransmitter; LIANA_mouseconsensus; connectomeDB2020_lit
Wnt10a,Fzd8,5,COMMOT_CellChat; CellChatDB; LARIS_neurotransmitter; LIANA_mouseconsensus; connectomeDB2020_lit
Wnt10a,Lrp5,5,COMMOT_CellChat; CellChatDB; LARIS_neurotransmitter; LIANA_mouseconsensus; stCASE
Wnt10a,Lrp6,5,COMMOT_CellChat; CellChatDB; LARIS_neurotransmitter; LIANA_mouseconsensus; stCASE
Wnt10b,Lrp5,5,COMMOT_CellChat; CellChatDB; LARIS_neurotransmitter; LIANA_mouseconsensus; stCASE
Wnt11,Fzd10,5,COMMOT_CellChat; CellChatDB; LARIS_neurotransmitter; LIANA_mouseconsensus; stCASE
Wnt11,Fzd2,5,COMMOT_CellChat; CellChatDB; LARIS_neurotransmitter; LIANA_mouseconsensus; stCASE
Wnt11,Fzd3,5,COMMOT_CellChat; CellChatDB; LARIS_neurotransmitter; LIANA_mouseconsensus; stCASE
Wnt11,Fzd4,5,COMMOT_CellChat; CellChatDB; LARIS_neurotransmitter; LIANA_mouseconsensus; stCASE
Wnt11,Fzd5,5,COMMOT_CellChat; CellChatDB; LARIS_neurotransmitter; LIANA_mouseconsensus; stCASE
Wnt11,Fzd6,5,COMMOT_CellChat; CellChatDB; LARIS_neurotransmitter; LIANA_mouseconsensus; stCASE
Wnt11,Fzd9,5,COMMOT_CellChat; CellChatDB; LARIS_neurotransmitter; LIANA_mouseconsensus; stCASE
Wnt16,Fzd2,5,COMMOT_CellChat; CellChatDB; LARIS_neurotransmitter; LIANA_mouseconsensus; connectomeDB2020_lit
Wnt16,Lrp6,5,COMMOT_CellChat; CellChatDB; LARIS_neurotransmitter; LIANA_mouseconsensus; stCASE
Wnt2,Lrp6,5,COMMOT_CellChat; CellChatDB; LARIS_neurotransmitter; LIANA_mouseconsensus; stCASE
Wnt2b,Fzd7,5,COMMOT_CellChat; CellChatDB; LARIS_neurotransmitter; LIANA_mouseconsensus; connectomeDB2020_lit
Wnt2b,Lrp5,5,COMMOT_CellChat; CellChatDB; LARIS_neurotransmitter; LIANA_mouseconsensus; stCASE
Wnt2b,Lrp6,5,COMMOT_CellChat; CellChatDB; LARIS_neurotransmitter; LIANA_mouseconsensus; stCASE
Wnt3a,Apcdd1,5,CellTalkDB; LIANA_mouseconsensus; SPIDER_internal; connectomeDB2020_lit; stCASE
Wnt3a,Fzd10,5,COMMOT_CellChat; CellChatDB; LARIS_neurotransmitter; LIANA_mouseconsensus; connectomeDB2020_lit
Wnt4,Fzd3,5,COMMOT_CellChat; CellChatDB; LARIS_neurotransmitter; LIANA_mouseconsensus; stCASE
Wnt4,Lrp5,5,COMMOT_CellChat; CellChatDB; LARIS_neurotransmitter; LIANA_mouseconsensus; stCASE
Wnt5a,Fzd10,5,COMMOT_CellChat; CellChatDB; LARIS_neurotransmitter; LIANA_mouseconsensus; stCASE
Wnt5a,Lrp6,5,CellTalkDB; LIANA_mouseconsensus; SPIDER_internal; SpaCcLink; stCASE
Wnt5a,Ror2,5,CellTalkDB; LIANA_mouseconsensus; SPIDER_internal; connectomeDB2020_lit; stCASE
Wnt5b,Fzd1,5,COMMOT_CellChat; CellChatDB; LARIS_neurotransmitter; LIANA_mouseconsensus; stCASE
Wnt5b,Fzd10,5,COMMOT_CellChat; CellChatDB; LARIS_neurotransmitter; LIANA_mouseconsensus; stCASE
Wnt5b,Fzd3,5,COMMOT_CellChat; CellChatDB; LARIS_neurotransmitter; LIANA_mouseconsensus; stCASE
Wnt5b,Fzd4,5,COMMOT_CellChat; CellChatDB; LARIS_neurotransmitter; LIANA_mouseconsensus; stCASE
Wnt5b,Fzd5,5,COMMOT_CellChat; CellChatDB; LARIS_neurotransmitter; LIANA_mouseconsensus; stCASE
Wnt5b,Fzd6,5,COMMOT_CellChat; CellChatDB; LARIS_neurotransmitter; LIANA_mouseconsensus; stCASE
Wnt5b,Fzd7,5,COMMOT_CellChat; CellChatDB; LARIS_neurotransmitter; LIANA_mouseconsensus; stCASE
Wnt5b,Fzd9,5,COMMOT_CellChat; CellChatDB; LARIS_neurotransmitter; LIANA_mouseconsensus; stCASE
Wnt6,Fzd7,5,COMMOT_CellChat; CellChatDB; LARIS_neurotransmitter; LIANA_mouseconsensus; connectomeDB2020_lit
Wnt6,Lrp5,5,COMMOT_CellChat; CellChatDB; LARIS_neurotransmitter; LIANA_mouseconsensus; stCASE
Wnt6,Lrp6,5,COMMOT_CellChat; CellChatDB; LARIS_neurotransmitter; LIANA_mouseconsensus; stCASE
Wnt7b,Fzd5,5,COMMOT_CellChat; CellChatDB; LARIS_neurotransmitter; LIANA_mouseconsensus; connectomeDB2020_lit
Wnt7b,Fzd8,5,COMMOT_CellChat; CellChatDB; LARIS_neurotransmitter; LIANA_mouseconsensus; connectomeDB2020_lit
Wnt7b,Lrp6,5,COMMOT_CellChat; CellChatDB; LARIS_neurotransmitter; LIANA_mouseconsensus; stCASE
Wnt8a,Lrp5,5,COMMOT_CellChat; CellChatDB; LARIS_neurotransmitter; LIANA_mouseconsensus; stCASE
Wnt8b,Lrp5,5,COMMOT_CellChat; CellChatDB; LARIS_neurotransmitter; LIANA_mouseconsensus; stCASE
Wnt9a,Fzd10,5,COMMOT_CellChat; CellChatDB; LARIS_neurotransmitter; LIANA_mouseconsensus; connectomeDB2020_lit
Wnt9a,Lrp5,5,COMMOT_CellChat; CellChatDB; LARIS_neurotransmitter; LIANA_mouseconsensus; stCASE
Wnt9a,Lrp6,5,COMMOT_CellChat; CellChatDB; LARIS_neurotransmitter; LIANA_mouseconsensus; stCASE
Wnt9b,Fzd10,5,COMMOT_CellChat; CellChatDB; LARIS_neurotransmitter; LIANA_mouseconsensus; connectomeDB2020_lit
Wnt9b,Fzd4,5,COMMOT_CellChat; CellChatDB; LARIS_neurotransmitter; LIANA_mouseconsensus; connectomeDB2020_lit
Wnt9b,Fzd8,5,COMMOT_CellChat; CellChatDB; LARIS_neurotransmitter; LIANA_mouseconsensus; connectomeDB2020_lit
A,Mc1r,4,CellTalkDB; LIANA_mouseconsensus; SPIDER_internal; SpaCcLink
Ace,Bdkrb2,4,LIANA_mouseconsensus; SpaCcLink; connectomeDB2020_lit; stCASE
Ada,Dpp4,4,CellTalkDB; LIANA_mouseconsensus; SPIDER_internal; SpaCcLink
Adam10,Gpnmb,4,CellTalkDB; LIANA_mouseconsensus; SPIDER_internal; SpaCcLink
Adam10,Il6ra,4,CellTalkDB; LIANA_mouseconsensus; SPIDER_internal; SpaCcLink
Adam10,Notch3,4,CellTalkDB; SPIDER_internal; SpaCcLink; stCASE
Adam10,Tspan10,4,CellTalkDB; LIANA_mouseconsensus; SPIDER_internal; stCASE
Adam10,Tspan14,4,CellTalkDB; LIANA_mouseconsensus; SPIDER_internal; stCASE
Adam10,Tspan15,4,CellTalkDB; LIANA_mouseconsensus; SPIDER_internal; stCASE
Adam10,Tspan17,4,CellTalkDB; LIANA_mouseconsensus; SPIDER_internal; stCASE
Adam10,Tspan5,4,CellTalkDB; LIANA_mouseconsensus; SPIDER_internal; stCASE
Adam15,Itga5,4,LIANA_mouseconsensus; SpaCcLink; connectomeDB2020_lit; stCASE
Adam15,Itgb3,4,LIANA_mouseconsensus; SpaCcLink; connectomeDB2020_lit; stCASE
Adam2,Cd9,4,CellTalkDB; LIANA_mouseconsensus; SPIDER_internal; stCASE
Adam23,Itga5,4,LIANA_mouseconsensus; SpaCcLink; connectomeDB2020_lit; stCASE
Adam23,Itgb3,4,LIANA_mouseconsensus; SpaCcLink; connectomeDB2020_lit; stCASE
Adam28,Itga4,4,LIANA_mouseconsensus; SpaCcLink; connectomeDB2020_lit; stCASE
Adam9,Itga3,4,LIANA_mouseconsensus; SpaCcLink; connectomeDB2020_lit; stCASE
Adcyap1,Adrb3,4,CellTalkDB; LIANA_mouseconsensus; SPIDER_internal; SpaCcLink
Adcyap1,Dpp4,4,CellTalkDB; LIANA_mouseconsensus; SPIDER_internal; SpaCcLink
Adcyap1,Ramp2,4,CellTalkDB; LIANA_mouseconsensus; SPIDER_internal; SpaCcLink
Adcyap1,Ramp3,4,CellTalkDB; LIANA_mouseconsensus; SPIDER_internal; SpaCcLink
Adcyap1,Sctr,4,LIANA_mouseconsensus; SpaCcLink; connectomeDB2020_lit; stCASE
Adm,Ramp1,4,CellChatDB; LARIS_neurotransmitter; LIANA_mouseconsensus; stCASE
Adm2,Ramp1,4,LIANA_mouseconsensus; SpaCcLink; connectomeDB2020_lit; stCASE
Afdn,Nectin1,4,CellTalkDB; SPIDER_internal; SpaCcLink; connectomeDB2020_lit
Afdn,Nectin2,4,CellTalkDB; SPIDER_internal; SpaCcLink; connectomeDB2020_lit
Afdn,Nectin3,4,CellTalkDB; SPIDER_internal; SpaCcLink; connectomeDB2020_lit
Afdn,Nectin4,4,CellTalkDB; SPIDER_internal; SpaCcLink; connectomeDB2020_lit
Agrp,Mc3r,4,CellTalkDB; LIANA_mouseconsensus; SPIDER_internal; connectomeDB2020_lit
Agrp,Mc5r,4,CellTalkDB; LIANA_mouseconsensus; SPIDER_internal; connectomeDB2020_lit
Alcam,Cd6,4,COMMOT_CellChat; LIANA_mouseconsensus; connectomeDB2020_lit; stCASE
Amelx,Cd63,4,CellTalkDB; LIANA_mouseconsensus; SPIDER_internal; connectomeDB2020_lit
Amh,Egfr,4,LIANA_mouseconsensus; SpaCcLink; connectomeDB2020_lit; stCASE
Angptl1,Itga1,4,COMMOT_CellChat; CellChatDB; LARIS_neurotransmitter; LIANA_mouseconsensus
Angptl2,Pirb,4,COMMOT_CellChat; CellChatDB; LARIS_neurotransmitter; LIANA_mouseconsensus
Angptl4,Itga5,4,COMMOT_CellChat; CellChatDB; LARIS_neurotransmitter; LIANA_mouseconsensus
Angptl4,Itgav,4,COMMOT_CellChat; CellChatDB; LARIS_neurotransmitter; LIANA_mouseconsensus
Anxa1,Egfr,4,LIANA_mouseconsensus; SpaCcLink; connectomeDB2020_lit; stCASE
Apob,Apobr,4,CellChatDB; CellTalkDB; LARIS_neurotransmitter; SPIDER_internal
Apob,Lrp1,4,CellTalkDB; LIANA_mouseconsensus; SPIDER_internal; SpaCcLink
Apob,Lrp6,4,CellTalkDB; LIANA_mouseconsensus; SPIDER_internal; SpaCcLink
Apob,Mttp,4,CellTalkDB; LIANA_mouseconsensus; SPIDER_internal; SpaCcLink
Apob,Olr1,4,LIANA_mouseconsensus; SpaCcLink; connectomeDB2020_lit; stCASE
Apob,Tlr4,4,CellTalkDB; LIANA_mouseconsensus; SPIDER_internal; SpaCcLink
Apod,Lepr,4,LIANA_mouseconsensus; SpaCcLink; connectomeDB2020_lit; stCASE
Apoe,Abca1,4,CellTalkDB; LIANA_mouseconsensus; SPIDER_internal; SpaCcLink
Apoe,Lrp6,4,CellTalkDB; LIANA_mouseconsensus; SPIDER_internal; SpaCcLink
App,Adra2a,4,CellTalkDB; LIANA_mouseconsensus; SPIDER_internal; SpaCcLink
App,Cav1,4,CellTalkDB; SPIDER_internal; SpaCcLink; connectomeDB2020_lit
App,Dcc,4,CellTalkDB; LIANA_mouseconsensus; SPIDER_internal; SpaCcLink
App,Gpc1,4,LIANA_mouseconsensus; SpaCcLink; connectomeDB2020_lit; stCASE
App,Lrp10,4,CellTalkDB; LIANA_mouseconsensus; SPIDER_internal; SpaCcLink
App,Lrp6,4,CellTalkDB; LIANA_mouseconsensus; SPIDER_internal; SpaCcLink
App,Notch2,4,CellTalkDB; LIANA_mouseconsensus; SPIDER_internal; SpaCcLink
App,Vldlr,4,CellTalkDB; LIANA_mouseconsensus; SPIDER_internal; SpaCcLink
Arf6,Pld1,4,CellTalkDB; LIANA_mouseconsensus; SPIDER_internal; SpaCcLink
Artn,Gfra2,4,CellTalkDB; LIANA_mouseconsensus; SPIDER_internal; SpaCcLink
Azgp1,Itgav,4,LIANA_mouseconsensus; SpaCcLink; connectomeDB2020_lit; stCASE
Bmp10,Acvr1,4,CellTalkDB; SPIDER_internal; SpaCcLink; stCASE
Bmp15,Acvr2a,4,LIANA_mouseconsensus; SpaCcLink; connectomeDB2020_lit; stCASE
Bmp15,Tgfbr1,4,CellTalkDB; LIANA_mouseconsensus; SPIDER_internal; SpaCcLink
Bmp5,Acvr1,4,COMMOT_CellChat; CellChatDB; LARIS_neurotransmitter; LIANA_mouseconsensus
Bmp8a,Acvr1,4,COMMOT_CellChat; CellChatDB; LARIS_neurotransmitter; LIANA_mouseconsensus
Bmp8a,Bmpr1b,4,COMMOT_CellChat; CellChatDB; LARIS_neurotransmitter; LIANA_mouseconsensus
Bsg,Sele,4,CellTalkDB; SPIDER_internal; SpaCcLink; connectomeDB2020_lit
Btc,Erbb3,4,LIANA_mouseconsensus; SpaCcLink; connectomeDB2020_lit; stCASE
Btla,Cd79a,4,LIANA_mouseconsensus; SpaCcLink; connectomeDB2020_lit; stCASE
C1qa,Cd93,4,CellTalkDB; LIANA_mouseconsensus; SPIDER_internal; connectomeDB2020_lit
C1qtnf1,Avpr2,4,LIANA_mouseconsensus; SpaCcLink; connectomeDB2020_lit; stCASE
C4b,Cd46,4,LIANA_mouseconsensus; SpaCcLink; connectomeDB2020_lit; stCASE
Cadm3,Cadm3,4,COMMOT_CellChat; CellChatDB; connectomeDB2020_lit; stCASE
Calca,Ramp3,4,CellChatDB; LARIS_neurotransmitter; LIANA_mouseconsensus; stCASE
Calml3,Kcnq1,4,CellTalkDB; LIANA_mouseconsensus; SPIDER_internal; SpaCcLink
Calr,Itga3,4,LIANA_mouseconsensus; SpaCcLink; connectomeDB2020_lit; stCASE
Calr,Itgav,4,LIANA_mouseconsensus; SpaCcLink; connectomeDB2020_lit; stCASE
Calr,Mtnr1a,4,LIANA_mouseconsensus; SpaCcLink; connectomeDB2020_lit; stCASE
Calr,Tshr,4,LIANA_mouseconsensus; SpaCcLink; connectomeDB2020_lit; stCASE
Camp,P2rx7,4,CellTalkDB; LIANA_mouseconsensus; SPIDER_internal; SpaCcLink
Ccl1,Ackr4,4,COMMOT_CellChat; CellChatDB; LARIS_neurotransmitter; LIANA_mouseconsensus
Ccl11,Ackr1,4,COMMOT_CellChat; CellChatDB; LARIS_neurotransmitter; stCASE
Ccl2,Ccr1,4,LIANA_mouseconsensus; SpaCcLink; connectomeDB2020_lit; stCASE
Ccl2,Ccr3,4,LIANA_mouseconsensus; SpaCcLink; connectomeDB2020_lit; stCASE
Ccl2,Ccr4,4,CellTalkDB; SPIDER_internal; SpaCcLink; connectomeDB2020_lit
Ccl2,Ccr5,4,LIANA_mouseconsensus; SpaCcLink; connectomeDB2020_lit; stCASE
Ccl21,Ccr7,4,CellChatDB; LARIS_neurotransmitter; SpaCcLink; connectomeDB2020_lit
Ccl21b,Ackr4,4,COMMOT_CellChat; CellChatDB; LARIS_neurotransmitter; LIANA_mouseconsensus
Ccl21b,Cxcr3,4,CellTalkDB; LIANA_mouseconsensus; SPIDER_internal; SpaCcLink
Ccl21d,Cxcr3,4,CellTalkDB; SPIDER_internal; SpaCcLink; stCASE
Ccl22,Dpp4,4,CellTalkDB; LIANA_mouseconsensus; SPIDER_internal; SpaCcLink
Ccl25,Ccr10,4,LIANA_mouseconsensus; SpaCcLink; connectomeDB2020_lit; stCASE
Ccl26,Ccr2,4,CellTalkDB; SPIDER_internal; SpaCcLink; connectomeDB2020_lit
Ccl27b,Ccr2,4,COMMOT_CellChat; CellChatDB; LARIS_neurotransmitter; LIANA_mouseconsensus
Ccl27b,Ccr3,4,COMMOT_CellChat; CellChatDB; LARIS_neurotransmitter; LIANA_mouseconsensus
Ccl5,Ackr4,4,CellTalkDB; LIANA_mouseconsensus; SPIDER_internal; stCASE
Ccl5,Cxcr3,4,LIANA_mouseconsensus; SpaCcLink; connectomeDB2020_lit; stCASE
Ccl5,Sdc1,4,LIANA_mouseconsensus; SpaCcLink; connectomeDB2020_lit; stCASE
Ccl5,Sdc4,4,LIANA_mouseconsensus; SpaCcLink; connectomeDB2020_lit; stCASE
Ccl7,Ccr5,4,CellTalkDB; SPIDER_internal; SpaCcLink; connectomeDB2020_lit
Ccl7,Cxcr3,4,CellTalkDB; SPIDER_internal; SpaCcLink; connectomeDB2020_lit
Ccl8,Ackr1,4,COMMOT_CellChat; CellChatDB; LARIS_neurotransmitter; connectomeDB2020_lit
Ccl8,Ackr4,4,COMMOT_CellChat; CellChatDB; LARIS_neurotransmitter; connectomeDB2020_lit
Ccl8,Ccr3,4,CellTalkDB; SPIDER_internal; SpaCcLink; connectomeDB2020_lit
Ccn1,Itgb2,4,CellTalkDB; SPIDER_internal; SpaCcLink; connectomeDB2020_lit
Cd14,Itgb2,4,CellTalkDB; LIANA_mouseconsensus; SPIDER_internal; SpaCcLink
Cd200,Cd200r4,4,COMMOT_CellChat; CellChatDB; LARIS_neurotransmitter; LIANA_mouseconsensus
Cd22,Ptprc,4,COMMOT_CellChat; LIANA_mouseconsensus; connectomeDB2020_lit; stCASE
Cd34,Sell,4,CellTalkDB; LIANA_mouseconsensus; SPIDER_internal; connectomeDB2020_lit
Cd40lg,Itga2b,4,COMMOT_CellChat; CellChatDB; LARIS_neurotransmitter; LIANA_mouseconsensus
Cd40lg,Itga5,4,COMMOT_CellChat; CellChatDB; LARIS_neurotransmitter; LIANA_mouseconsensus
Cd40lg,Itgam,4,COMMOT_CellChat; CellChatDB; LARIS_neurotransmitter; LIANA_mouseconsensus
Cd40lg,Itgb2,4,COMMOT_CellChat; CellChatDB; LARIS_neurotransmitter; LIANA_mouseconsensus
Cd40lg,Traf3,4,CellTalkDB; LIANA_mouseconsensus; SPIDER_internal; SpaCcLink
Cd46,Jag1,4,COMMOT_CellChat; CellChatDB; LARIS_neurotransmitter; stCASE
Cd99,Pilra,4,COMMOT_CellChat; CellChatDB; LARIS_neurotransmitter; connectomeDB2020_lit
Cdh1,Itga2,4,COMMOT_CellChat; CellChatDB; LARIS_neurotransmitter; LIANA_mouseconsensus
Cntn2,L1cam,4,COMMOT_CellChat; CellChatDB; LARIS_neurotransmitter; stCASE
Cntn2,Nrp1,4,CellTalkDB; LIANA_mouseconsensus; SPIDER_internal; SpaCcLink
Col14a1,Cd44,4,LIANA_mouseconsensus; SpaCcLink; connectomeDB2020_lit; stCASE
Col18a1,Itga5,4,LIANA_mouseconsensus; SpaCcLink; connectomeDB2020_lit; stCASE
Col18a1,Itgb1,4,LIANA_mouseconsensus; SpaCcLink; connectomeDB2020_lit; stCASE
Col18a1,Itgb5,4,CellTalkDB; LIANA_mouseconsensus; SPIDER_internal; SpaCcLink
Col18a1,Kdr,4,LIANA_mouseconsensus; SpaCcLink; connectomeDB2020_lit; stCASE
Col1a1,Cd36,4,LIANA_mouseconsensus; SpaCcLink; connectomeDB2020_lit; stCASE
Col1a1,Itga1,4,COMMOT_CellChat; CellChatDB; LARIS_neurotransmitter; LIANA_mouseconsensus
Col1a1,Itga10,4,COMMOT_CellChat; CellChatDB; LARIS_neurotransmitter; LIANA_mouseconsensus
Col1a1,Itga3,4,COMMOT_CellChat; CellChatDB; LARIS_neurotransmitter; LIANA_mouseconsensus
Col1a1,Itga5,4,LIANA_mouseconsensus; SpaCcLink; connectomeDB2020_lit; stCASE
Col1a1,Itga9,4,COMMOT_CellChat; CellChatDB; LARIS_neurotransmitter; LIANA_mouseconsensus
Col1a1,Itgav,4,COMMOT_CellChat; CellChatDB; LARIS_neurotransmitter; LIANA_mouseconsensus
Col1a1,Sdc4,4,COMMOT_CellChat; CellChatDB; LARIS_neurotransmitter; stCASE
Col1a2,Itga1,4,COMMOT_CellChat; CellChatDB; LARIS_neurotransmitter; LIANA_mouseconsensus
Col1a2,Itga10,4,COMMOT_CellChat; CellChatDB; LARIS_neurotransmitter; LIANA_mouseconsensus
Col1a2,Itga3,4,COMMOT_CellChat; CellChatDB; LARIS_neurotransmitter; LIANA_mouseconsensus
Col1a2,Itga9,4,COMMOT_CellChat; CellChatDB; LARIS_neurotransmitter; LIANA_mouseconsensus
Col1a2,Itgav,4,COMMOT_CellChat; CellChatDB; LARIS_neurotransmitter; LIANA_mouseconsensus
Col1a2,Itgb3,4,LIANA_mouseconsensus; SpaCcLink; connectomeDB2020_lit; stCASE
Col1a2,Sdc4,4,COMMOT_CellChat; CellChatDB; LARIS_neurotransmitter; stCASE
Col2a1,Itga11,4,COMMOT_CellChat; CellChatDB; LARIS_neurotransmitter; LIANA_mouseconsensus
Col2a1,Itga3,4,COMMOT_CellChat; CellChatDB; LARIS_neurotransmitter; LIANA_mouseconsensus
Col2a1,Itga9,4,COMMOT_CellChat; CellChatDB; LARIS_neurotransmitter; LIANA_mouseconsensus
Col2a1,Sdc4,4,COMMOT_CellChat; CellChatDB; LARIS_neurotransmitter; stCASE
Col4a1,Itga10,4,COMMOT_CellChat; CellChatDB; LARIS_neurotransmitter; LIANA_mouseconsensus
Col4a1,Itga11,4,COMMOT_CellChat; CellChatDB; LARIS_neurotransmitter; LIANA_mouseconsensus
Col4a1,Itga2,4,COMMOT_CellChat; CellChatDB; LARIS_neurotransmitter; LIANA_mouseconsensus
Col4a1,Itga3,4,COMMOT_CellChat; CellChatDB; LARIS_neurotransmitter; LIANA_mouseconsensus
Col4a1,Itga9,4,COMMOT_CellChat; CellChatDB; LARIS_neurotransmitter; LIANA_mouseconsensus
Col4a1,Sdc4,4,COMMOT_CellChat; CellChatDB; LARIS_neurotransmitter; stCASE
Col4a2,Itga1,4,COMMOT_CellChat; CellChatDB; LARIS_neurotransmitter; LIANA_mouseconsensus
Col4a2,Itga10,4,COMMOT_CellChat; CellChatDB; LARIS_neurotransmitter; LIANA_mouseconsensus
Col4a2,Itga11,4,COMMOT_CellChat; CellChatDB; LARIS_neurotransmitter; LIANA_mouseconsensus
Col4a2,Itga2,4,COMMOT_CellChat; CellChatDB; LARIS_neurotransmitter; LIANA_mouseconsensus
Col4a2,Itga3,4,COMMOT_CellChat; CellChatDB; LARIS_neurotransmitter; LIANA_mouseconsensus
Col4a2,Itga9,4,COMMOT_CellChat; CellChatDB; LARIS_neurotransmitter; LIANA_mouseconsensus
Col4a2,Itgav,4,COMMOT_CellChat; CellChatDB; LARIS_neurotransmitter; LIANA_mouseconsensus
Col4a2,Sdc4,4,COMMOT_CellChat; CellChatDB; LARIS_neurotransmitter; stCASE
Col4a3,Cd47,4,LIANA_mouseconsensus; SpaCcLink; connectomeDB2020_lit; stCASE
Col4a3,Itga1,4,COMMOT_CellChat; CellChatDB; LARIS_neurotransmitter; LIANA_mouseconsensus
Col4a3,Itga10,4,COMMOT_CellChat; CellChatDB; LARIS_neurotransmitter; LIANA_mouseconsensus
Col4a3,Itga11,4,COMMOT_CellChat; CellChatDB; LARIS_neurotransmitter; LIANA_mouseconsensus
Col4a3,Itga3,4,COMMOT_CellChat; CellChatDB; LARIS_neurotransmitter; LIANA_mouseconsensus
Col4a3,Itga9,4,COMMOT_CellChat; CellChatDB; LARIS_neurotransmitter; LIANA_mouseconsensus
Col4a3,Sdc4,4,COMMOT_CellChat; CellChatDB; LARIS_neurotransmitter; stCASE
Col4a4,Cd93,4,CellTalkDB; LIANA_mouseconsensus; SPIDER_internal; stCASE
Col4a4,Itga1,4,COMMOT_CellChat; CellChatDB; LARIS_neurotransmitter; LIANA_mouseconsensus
Col4a4,Itga10,4,COMMOT_CellChat; CellChatDB; LARIS_neurotransmitter; LIANA_mouseconsensus
Col4a4,Itga11,4,COMMOT_CellChat; CellChatDB; LARIS_neurotransmitter; LIANA_mouseconsensus
Col4a4,Itga2,4,COMMOT_CellChat; CellChatDB; LARIS_neurotransmitter; LIANA_mouseconsensus
Col4a4,Itga3,4,COMMOT_CellChat; CellChatDB; LARIS_neurotransmitter; LIANA_mouseconsensus
Col4a4,Itga9,4,COMMOT_CellChat; CellChatDB; LARIS_neurotransmitter; LIANA_mouseconsensus
Col4a4,Itgav,4,COMMOT_CellChat; CellChatDB; LARIS_neurotransmitter; LIANA_mouseconsensus
Col4a4,Sdc4,4,COMMOT_CellChat; CellChatDB; LARIS_neurotransmitter; stCASE
Col4a5,Itga1,4,COMMOT_CellChat; CellChatDB; LARIS_neurotransmitter; LIANA_mouseconsensus
Col4a5,Itga10,4,COMMOT_CellChat; CellChatDB; LARIS_neurotransmitter; LIANA_mouseconsensus
Col4a5,Itga11,4,COMMOT_CellChat; CellChatDB; LARIS_neurotransmitter; LIANA_mouseconsensus
Col4a5,Itga2,4,COMMOT_CellChat; CellChatDB; LARIS_neurotransmitter; LIANA_mouseconsensus
Col4a5,Itga3,4,COMMOT_CellChat; CellChatDB; LARIS_neurotransmitter; LIANA_mouseconsensus
Col4a5,Itga9,4,COMMOT_CellChat; CellChatDB; LARIS_neurotransmitter; LIANA_mouseconsensus
Col4a5,Itgav,4,COMMOT_CellChat; CellChatDB; LARIS_neurotransmitter; LIANA_mouseconsensus
Col4a5,Sdc4,4,COMMOT_CellChat; CellChatDB; LARIS_neurotransmitter; stCASE
Col4a6,Itga1,4,COMMOT_CellChat; CellChatDB; LARIS_neurotransmitter; LIANA_mouseconsensus
Col4a6,Itga10,4,COMMOT_CellChat; CellChatDB; LARIS_neurotransmitter; LIANA_mouseconsensus
Col4a6,Itga11,4,COMMOT_CellChat; CellChatDB; LARIS_neurotransmitter; LIANA_mouseconsensus
Col4a6,Itga2,4,COMMOT_CellChat; CellChatDB; LARIS_neurotransmitter; LIANA_mouseconsensus
Col4a6,Itga3,4,COMMOT_CellChat; CellChatDB; LARIS_neurotransmitter; LIANA_mouseconsensus
Col4a6,Itga9,4,COMMOT_CellChat; CellChatDB; LARIS_neurotransmitter; LIANA_mouseconsensus
Col4a6,Itgav,4,COMMOT_CellChat; CellChatDB; LARIS_neurotransmitter; LIANA_mouseconsensus
Col4a6,Sdc4,4,COMMOT_CellChat; CellChatDB; LARIS_neurotransmitter; stCASE
Col5a1,Sdc3,4,LIANA_mouseconsensus; SpaCcLink; connectomeDB2020_lit; stCASE
Col5a3,Sdc3,4,LIANA_mouseconsensus; SpaCcLink; connectomeDB2020_lit; stCASE
Col6a1,Itga1,4,COMMOT_CellChat; CellChatDB; LARIS_neurotransmitter; LIANA_mouseconsensus
Col6a1,Itga10,4,COMMOT_CellChat; CellChatDB; LARIS_neurotransmitter; LIANA_mouseconsensus
Col6a1,Itga11,4,COMMOT_CellChat; CellChatDB; LARIS_neurotransmitter; LIANA_mouseconsensus
Col6a1,Itga2,4,COMMOT_CellChat; CellChatDB; LARIS_neurotransmitter; LIANA_mouseconsensus
Col6a1,Itga3,4,COMMOT_CellChat; CellChatDB; LARIS_neurotransmitter; LIANA_mouseconsensus
Col6a1,Itga9,4,COMMOT_CellChat; CellChatDB; LARIS_neurotransmitter; LIANA_mouseconsensus
Col6a1,Itgav,4,COMMOT_CellChat; CellChatDB; LARIS_neurotransmitter; LIANA_mouseconsensus
Col6a1,Sdc4,4,COMMOT_CellChat; CellChatDB; LARIS_neurotransmitter; stCASE
Col6a2,Itga1,4,COMMOT_CellChat; CellChatDB; LARIS_neurotransmitter; LIANA_mouseconsensus
Col6a2,Itga10,4,COMMOT_CellChat; CellChatDB; LARIS_neurotransmitter; LIANA_mouseconsensus
Col6a2,Itga11,4,COMMOT_CellChat; CellChatDB; LARIS_neurotransmitter; LIANA_mouseconsensus
Col6a2,Itga2,4,COMMOT_CellChat; CellChatDB; LARIS_neurotransmitter; LIANA_mouseconsensus
Col6a2,Itga3,4,COMMOT_CellChat; CellChatDB; LARIS_neurotransmitter; LIANA_mouseconsensus
Col6a2,Itga9,4,COMMOT_CellChat; CellChatDB; LARIS_neurotransmitter; LIANA_mouseconsensus
Col6a2,Itgav,4,COMMOT_CellChat; CellChatDB; LARIS_neurotransmitter; LIANA_mouseconsensus
Col6a2,Sdc4,4,COMMOT_CellChat; CellChatDB; LARIS_neurotransmitter; stCASE
Col6a3,Itga1,4,COMMOT_CellChat; CellChatDB; LARIS_neurotransmitter; LIANA_mouseconsensus
Col6a3,Itga10,4,COMMOT_CellChat; CellChatDB; LARIS_neurotransmitter; LIANA_mouseconsensus
Col6a3,Itga11,4,COMMOT_CellChat; CellChatDB; LARIS_neurotransmitter; LIANA_mouseconsensus
Col6a3,Itga2,4,COMMOT_CellChat; CellChatDB; LARIS_neurotransmitter; LIANA_mouseconsensus
Col6a3,Itga3,4,COMMOT_CellChat; CellChatDB; LARIS_neurotransmitter; LIANA_mouseconsensus
Col6a3,Itga9,4,COMMOT_CellChat; CellChatDB; LARIS_neurotransmitter; LIANA_mouseconsensus
Col6a3,Itgav,4,COMMOT_CellChat; CellChatDB; LARIS_neurotransmitter; LIANA_mouseconsensus
Col6a3,Sdc4,4,COMMOT_CellChat; CellChatDB; LARIS_neurotransmitter; stCASE
Col6a5,Itga1,4,COMMOT_CellChat; CellChatDB; LARIS_neurotransmitter; LIANA_mouseconsensus
Col6a5,Itga10,4,COMMOT_CellChat; CellChatDB; LARIS_neurotransmitter; LIANA_mouseconsensus
Col6a5,Itga11,4,COMMOT_CellChat; CellChatDB; LARIS_neurotransmitter; LIANA_mouseconsensus
Col6a5,Itga2,4,COMMOT_CellChat; CellChatDB; LARIS_neurotransmitter; LIANA_mouseconsensus
Col6a5,Itga3,4,COMMOT_CellChat; CellChatDB; LARIS_neurotransmitter; LIANA_mouseconsensus
Col6a5,Itga9,4,COMMOT_CellChat; CellChatDB; LARIS_neurotransmitter; LIANA_mouseconsensus
Col6a5,Itgav,4,COMMOT_CellChat; CellChatDB; LARIS_neurotransmitter; LIANA_mouseconsensus
Col6a5,Sdc4,4,COMMOT_CellChat; CellChatDB; LARIS_neurotransmitter; stCASE
Col6a6,Itga1,4,COMMOT_CellChat; CellChatDB; LARIS_neurotransmitter; LIANA_mouseconsensus
Col6a6,Itga10,4,COMMOT_CellChat; CellChatDB; LARIS_neurotransmitter; LIANA_mouseconsensus
Col6a6,Itga11,4,COMMOT_CellChat; CellChatDB; LARIS_neurotransmitter; LIANA_mouseconsensus
Col6a6,Itga2,4,COMMOT_CellChat; CellChatDB; LARIS_neurotransmitter; LIANA_mouseconsensus
Col6a6,Itga3,4,COMMOT_CellChat; CellChatDB; LARIS_neurotransmitter; LIANA_mouseconsensus
Col6a6,Itga9,4,COMMOT_CellChat; CellChatDB; LARIS_neurotransmitter; LIANA_mouseconsensus
Col6a6,Itgav,4,COMMOT_CellChat; CellChatDB; LARIS_neurotransmitter; LIANA_mouseconsensus
Col6a6,Sdc4,4,COMMOT_CellChat; CellChatDB; LARIS_neurotransmitter; stCASE
Col9a1,Itga1,4,COMMOT_CellChat; CellChatDB; LARIS_neurotransmitter; LIANA_mouseconsensus
Col9a1,Itga10,4,COMMOT_CellChat; CellChatDB; LARIS_neurotransmitter; LIANA_mouseconsensus
Col9a1,Itga11,4,COMMOT_CellChat; CellChatDB; LARIS_neurotransmitter; LIANA_mouseconsensus
Col9a1,Itga2,4,COMMOT_CellChat; CellChatDB; LARIS_neurotransmitter; LIANA_mouseconsensus
Col9a1,Itga3,4,COMMOT_CellChat; CellChatDB; LARIS_neurotransmitter; LIANA_mouseconsensus
Col9a1,Itga9,4,COMMOT_CellChat; CellChatDB; LARIS_neurotransmitter; LIANA_mouseconsensus
Col9a1,Itgav,4,COMMOT_CellChat; CellChatDB; LARIS_neurotransmitter; LIANA_mouseconsensus
Col9a1,Sdc4,4,COMMOT_CellChat; CellChatDB; LARIS_neurotransmitter; stCASE
Col9a2,Itga1,4,COMMOT_CellChat; CellChatDB; LARIS_neurotransmitter; LIANA_mouseconsensus
Col9a2,Itga10,4,COMMOT_CellChat; CellChatDB; LARIS_neurotransmitter; LIANA_mouseconsensus
Col9a2,Itga11,4,COMMOT_CellChat; CellChatDB; LARIS_neurotransmitter; LIANA_mouseconsensus
Col9a2,Itga2,4,COMMOT_CellChat; CellChatDB; LARIS_neurotransmitter; LIANA_mouseconsensus
Col9a2,Itga3,4,COMMOT_CellChat; CellChatDB; LARIS_neurotransmitter; LIANA_mouseconsensus
Col9a2,Itga9,4,COMMOT_CellChat; CellChatDB; LARIS_neurotransmitter; LIANA_mouseconsensus
Col9a2,Itgav,4,COMMOT_CellChat; CellChatDB; LARIS_neurotransmitter; LIANA_mouseconsensus
Col9a2,Sdc4,4,COMMOT_CellChat; CellChatDB; LARIS_neurotransmitter; stCASE
Col9a3,Itga1,4,COMMOT_CellChat; CellChatDB; LARIS_neurotransmitter; LIANA_mouseconsensus
Col9a3,Itga10,4,COMMOT_CellChat; CellChatDB; LARIS_neurotransmitter; LIANA_mouseconsensus
Col9a3,Itga11,4,COMMOT_CellChat; CellChatDB; LARIS_neurotransmitter; LIANA_mouseconsensus
Col9a3,Itga2,4,COMMOT_CellChat; CellChatDB; LARIS_neurotransmitter; LIANA_mouseconsensus
Col9a3,Itga3,4,COMMOT_CellChat; CellChatDB; LARIS_neurotransmitter; LIANA_mouseconsensus
Col9a3,Itga9,4,COMMOT_CellChat; CellChatDB; LARIS_neurotransmitter; LIANA_mouseconsensus
Col9a3,Itgav,4,COMMOT_CellChat; CellChatDB; LARIS_neurotransmitter; LIANA_mouseconsensus
Col9a3,Sdc4,4,COMMOT_CellChat; CellChatDB; LARIS_neurotransmitter; stCASE
Comp,Itga3,4,COMMOT_CellChat; CellChatDB; LARIS_neurotransmitter; LIANA_mouseconsensus
Comp,Sdc4,4,COMMOT_CellChat; CellChatDB; LARIS_neurotransmitter; stCASE
Csf2,Csf1r,4,CellTalkDB; LIANA_mouseconsensus; SPIDER_internal; SpaCcLink
Csf2,Il3ra,4,LIANA_mouseconsensus; SpaCcLink; connectomeDB2020_lit; stCASE
Csf3,Csf1r,4,CellTalkDB; LIANA_mouseconsensus; SPIDER_internal; SpaCcLink
Cspg4,Itga3,4,COMMOT_CellChat; CellChatDB; LARIS_neurotransmitter; LIANA_mouseconsensus
Ctsg,F2r,4,COMMOT_CellChat; CellChatDB; LARIS_neurotransmitter; stCASE
Ctsg,F2rl1,4,COMMOT_CellChat; CellChatDB; LARIS_neurotransmitter; stCASE
Ctsg,F2rl2,4,COMMOT_CellChat; CellChatDB; LARIS_neurotransmitter; stCASE
Ctsg,F2rl3,4,COMMOT_CellChat; CellChatDB; LARIS_neurotransmitter; stCASE
Ctsg,Pard3,4,COMMOT_CellChat; CellChatDB; LARIS_neurotransmitter; stCASE
Cxcl10,Ackr1,4,COMMOT_CellChat; CellChatDB; LARIS_neurotransmitter; stCASE
Cxcl10,Dpp4,4,CellTalkDB; LIANA_mouseconsensus; SPIDER_internal; SpaCcLink
Cxcl10,Tlr4,4,CellTalkDB; LIANA_mouseconsensus; SPIDER_internal; SpaCcLink
Cxcl11,Ackr1,4,COMMOT_CellChat; CellChatDB; LARIS_neurotransmitter; stCASE
Cxcl12,Avpr1a,4,CellTalkDB; LIANA_mouseconsensus; SPIDER_internal; SpaCcLink
Cxcl12,Cd4,4,LIANA_mouseconsensus; SpaCcLink; connectomeDB2020_lit; stCASE
Cxcl12,Cxcr3,4,LIANA_mouseconsensus; SpaCcLink; connectomeDB2020_lit; stCASE
Cxcl12,Dpp4,4,CellTalkDB; LIANA_mouseconsensus; SPIDER_internal; SpaCcLink
Cxcl13,Ackr1,4,COMMOT_CellChat; CellChatDB; LARIS_neurotransmitter; stCASE
Cxcl13,Ccr10,4,LIANA_mouseconsensus; SpaCcLink; connectomeDB2020_lit; stCASE
Cxcl9,Ackr1,4,COMMOT_CellChat; CellChatDB; LARIS_neurotransmitter; stCASE
Cxcl9,Ccr3,4,CellTalkDB; SPIDER_internal; SpaCcLink; connectomeDB2020_lit
Dcn,Erbb4,4,LIANA_mouseconsensus; SpaCcLink; connectomeDB2020_lit; stCASE
Dcn,Met,4,LIANA_mouseconsensus; SpaCcLink; connectomeDB2020_lit; stCASE
Dhh,Boc,4,LIANA_mouseconsensus; SpaCcLink; connectomeDB2020_lit; stCASE
Dhh,Cdon,4,LIANA_mouseconsensus; SpaCcLink; connectomeDB2020_lit; stCASE
Dkk2,Kremen2,4,LIANA_mouseconsensus; SpaCcLink; connectomeDB2020_lit; stCASE
Dkk3,Kremen1,4,CellTalkDB; LIANA_mouseconsensus; SPIDER_internal; SpaCcLink
Dmp1,Itgav,4,COMMOT_CellChat; CellChatDB; LARIS_neurotransmitter; LIANA_mouseconsensus
Draxin,Dcc,4,CellTalkDB; LIANA_mouseconsensus; SPIDER_internal; SpaCcLink
Dsc1,Dsg1c,4,COMMOT_CellChat; CellChatDB; LARIS_neurotransmitter; stCASE
Dsc2,Dsg1c,4,COMMOT_CellChat; CellChatDB; LARIS_neurotransmitter; stCASE
Dscam,Dcc,4,CellTalkDB; LIANA_mouseconsensus; SPIDER_internal; SpaCcLink
Dsg1c,Dsc3,4,COMMOT_CellChat; CellChatDB; LARIS_neurotransmitter; stCASE
Dspp,Itgb1,4,COMMOT_CellChat; CellChatDB; LARIS_neurotransmitter; stCASE
Efemp1,Egfr,4,LIANA_mouseconsensus; SpaCcLink; connectomeDB2020_lit; stCASE
Efna2,Epha10,4,CellTalkDB; LIANA_mouseconsensus; SPIDER_internal; SpaCcLink
Efna3,Epha10,4,CellTalkDB; LIANA_mouseconsensus; SPIDER_internal; SpaCcLink
Efna5,Ephb1,4,LIANA_mouseconsensus; SpaCcLink; connectomeDB2020_lit; stCASE
Efna5,Ephb6,4,LIANA_mouseconsensus; SpaCcLink; connectomeDB2020_lit; stCASE
Efnb1,Epha6,4,CellTalkDB; LIANA_mouseconsensus; SPIDER_internal; SpaCcLink
Efnb1,Erbb2,4,LIANA_mouseconsensus; SpaCcLink; connectomeDB2020_lit; stCASE
Efnb2,Grm1,4,LIANA_mouseconsensus; SpaCcLink; connectomeDB2020_lit; stCASE
Efnb2,Grm5,4,LIANA_mouseconsensus; SpaCcLink; connectomeDB2020_lit; stCASE
Efnb2,Pecam1,4,LIANA_mouseconsensus; SpaCcLink; connectomeDB2020_lit; stCASE
Egf,Cav1,4,CellTalkDB; LIANA_mouseconsensus; SPIDER_internal; SpaCcLink
Egf,Nrp1,4,CellTalkDB; LIANA_mouseconsensus; SPIDER_internal; SpaCcLink
Entpd1,Tmigd3,4,COMMOT_CellChat; CellChatDB; LARIS_neurotransmitter; stCASE
F11r,Itgal,4,COMMOT_CellChat; CellChatDB; LARIS_neurotransmitter; LIANA_mouseconsensus
F11r,Itgb2,4,COMMOT_CellChat; CellChatDB; LARIS_neurotransmitter; LIANA_mouseconsensus
F2,Pard3,4,COMMOT_CellChat; CellChatDB; LARIS_neurotransmitter; stCASE
F7,F3,4,CellTalkDB; LIANA_mouseconsensus; SPIDER_internal; connectomeDB2020_lit
Fadd,Fas,4,CellTalkDB; LIANA_mouseconsensus; SPIDER_internal; SpaCcLink
Fadd,Tradd,4,CellTalkDB; LIANA_mouseconsensus; SPIDER_internal; SpaCcLink
Fbn1,Itga5,4,LIANA_mouseconsensus; SpaCcLink; connectomeDB2020_lit; stCASE
Fbn1,Itgb1,4,LIANA_mouseconsensus; SpaCcLink; connectomeDB2020_lit; stCASE
Fbn1,Itgb3,4,LIANA_mouseconsensus; SpaCcLink; connectomeDB2020_lit; stCASE
Fcer2a,Itgam,4,COMMOT_CellChat; CellChatDB; LARIS_neurotransmitter; LIANA_mouseconsensus
Fcer2a,Itgav,4,COMMOT_CellChat; CellChatDB; LARIS_neurotransmitter; LIANA_mouseconsensus
Fcer2a,Itgax,4,COMMOT_CellChat; CellChatDB; LARIS_neurotransmitter; LIANA_mouseconsensus
Fcer2a,Itgb2,4,COMMOT_CellChat; CellChatDB; LARIS_neurotransmitter; LIANA_mouseconsensus
Fga,Itgb2,4,CellTalkDB; SPIDER_internal; SpaCcLink; connectomeDB2020_lit
Fgf11,Fgfr1,4,CellTalkDB; LIANA_mouseconsensus; SPIDER_internal; SpaCcLink
Fgf11,Fgfr2,4,CellTalkDB; LIANA_mouseconsensus; SPIDER_internal; SpaCcLink
Fgf12,Fgfr1,4,CellTalkDB; LIANA_mouseconsensus; SPIDER_internal; SpaCcLink
Fgf12,Fgfr2,4,CellTalkDB; LIANA_mouseconsensus; SPIDER_internal; SpaCcLink
Fgf14,Fgfr1,4,CellTalkDB; LIANA_mouseconsensus; SPIDER_internal; SpaCcLink
Fgf14,Fgfr2,4,CellTalkDB; LIANA_mouseconsensus; SPIDER_internal; SpaCcLink
Fgf2,Itgb3,4,CellTalkDB; LIANA_mouseconsensus; SPIDER_internal; SpaCcLink
Fgf21,Fgfr4,4,LIANA_mouseconsensus; SpaCcLink; connectomeDB2020_lit; stCASE
Fgf3,Fgfr4,4,LIANA_mouseconsensus; SpaCcLink; connectomeDB2020_lit; stCASE
Fgg,Itgav,4,CellTalkDB; SPIDER_internal; SpaCcLink; connectomeDB2020_lit
Fgg,Itgb2,4,CellTalkDB; SPIDER_internal; SpaCcLink; connectomeDB2020_lit
Fgl1,Egfr,4,LIANA_mouseconsensus; SpaCcLink; connectomeDB2020_lit; stCASE
Fn1,Col13a1,4,CellTalkDB; SPIDER_internal; SpaCcLink; connectomeDB2020_lit
Fn1,Itga2,4,LIANA_mouseconsensus; SpaCcLink; connectomeDB2020_lit; stCASE
Fn1,Itga9,4,LIANA_mouseconsensus; SpaCcLink; connectomeDB2020_lit; stCASE
Fn1,Mag,4,LIANA_mouseconsensus; SpaCcLink; connectomeDB2020_lit; stCASE
Fn1,Nt5e,4,LIANA_mouseconsensus; SpaCcLink; connectomeDB2020_lit; stCASE
Fn1,Plaur,4,LIANA_mouseconsensus; SpaCcLink; connectomeDB2020_lit; stCASE
Fn1,Sdc2,4,LIANA_mouseconsensus; SpaCcLink; connectomeDB2020_lit; stCASE
Fn1,Sdc4,4,COMMOT_CellChat; CellChatDB; LARIS_neurotransmitter; stCASE
Fn1,Tnfrsf11b,4,LIANA_mouseconsensus; SpaCcLink; connectomeDB2020_lit; stCASE
Fn1,Tshr,4,LIANA_mouseconsensus; SpaCcLink; connectomeDB2020_lit; stCASE
Fras1,Itgb1,4,COMMOT_CellChat; LARIS_neurotransmitter; LIANA_mouseconsensus; stCASE
Frem1,Itgb1,4,COMMOT_CellChat; LARIS_neurotransmitter; LIANA_mouseconsensus; stCASE
Frem2,Itgb1,4,COMMOT_CellChat; LARIS_neurotransmitter; LIANA_mouseconsensus; stCASE
Gast,Cckbr,4,LIANA_mouseconsensus; SpaCcLink; connectomeDB2020_lit; stCASE
Gcg,Gipr,4,COMMOT_CellChat; CellChatDB; LARIS_neurotransmitter; stCASE
Gdf1,Acvr1b,4,COMMOT_CellChat; CellChatDB; LARIS_neurotransmitter; LIANA_mouseconsensus
Gdf1,Acvr1c,4,COMMOT_CellChat; CellChatDB; LARIS_neurotransmitter; LIANA_mouseconsensus
Gdf1,Acvr2a,4,COMMOT_CellChat; CellChatDB; LARIS_neurotransmitter; LIANA_mouseconsensus
Gdf1,Acvr2b,4,COMMOT_CellChat; CellChatDB; LARIS_neurotransmitter; LIANA_mouseconsensus
Gdf1,Cfc1,4,COMMOT_CellChat; CellChatDB; LARIS_neurotransmitter; LIANA_mouseconsensus
Gdf10,Acvr1b,4,COMMOT_CellChat; CellChatDB; LARIS_neurotransmitter; LIANA_mouseconsensus
Gdf10,Acvr2a,4,COMMOT_CellChat; CellChatDB; LARIS_neurotransmitter; LIANA_mouseconsensus
Gdf11,Acvr1c,4,CellTalkDB; LIANA_mouseconsensus; SPIDER_internal; SpaCcLink
Gdf15,Ret,4,CellTalkDB; LIANA_mouseconsensus; SPIDER_internal; SpaCcLink
Gdf3,Cfc1,4,COMMOT_CellChat; CellChatDB; LARIS_neurotransmitter; LIANA_mouseconsensus
Gdf5,Ror2,4,CellTalkDB; LIANA_mouseconsensus; SPIDER_internal; connectomeDB2020_lit
Gdnf,Gfra3,4,CellTalkDB; LIANA_mouseconsensus; SPIDER_internal; SpaCcLink
Gnai2,Drd2,4,CellTalkDB; LIANA_mouseconsensus; SPIDER_internal; SpaCcLink
Gnas,Avpr2,4,LIANA_mouseconsensus; SpaCcLink; connectomeDB2020_lit; stCASE
Gnas,Crhr1,4,LIANA_mouseconsensus; SpaCcLink; connectomeDB2020_lit; stCASE
Gnas,Tshr,4,LIANA_mouseconsensus; SpaCcLink; connectomeDB2020_lit; stCASE
Gnas,Vipr1,4,LIANA_mouseconsensus; SpaCcLink; connectomeDB2020_lit; stCASE
Gp1ba,Itgam,4,COMMOT_CellChat; CellChatDB; LARIS_neurotransmitter; LIANA_mouseconsensus
Gp1ba,Itgb2,4,COMMOT_CellChat; CellChatDB; LARIS_neurotransmitter; LIANA_mouseconsensus
Gpc3,Cd81,4,CellTalkDB; LIANA_mouseconsensus; SPIDER_internal; connectomeDB2020_lit
Gphb5,Tshr,4,CellChatDB; LARIS_neurotransmitter; LIANA_mouseconsensus; connectomeDB2020_lit
Grp,Brs3,4,LIANA_mouseconsensus; SpaCcLink; connectomeDB2020_lit; stCASE
H2-d1,Cd8a,4,COMMOT_CellChat; CellChatDB; LARIS_neurotransmitter; stCASE
H2-d1,Cd8b1,4,COMMOT_CellChat; CellChatDB; LARIS_neurotransmitter; stCASE
H2-d1,Kir3dl1,4,COMMOT_CellChat; CellChatDB; LARIS_neurotransmitter; SpaCcLink
H2-dmb1,Cd4,4,COMMOT_CellChat; CellChatDB; LARIS_neurotransmitter; LIANA_mouseconsensus
H2-ea,Cd4,4,COMMOT_CellChat; CellChatDB; LARIS_neurotransmitter; stCASE
H2-eb1,Cd4,4,COMMOT_CellChat; CellChatDB; LARIS_neurotransmitter; LIANA_mouseconsensus
H2-k1,Kir3dl1,4,COMMOT_CellChat; CellChatDB; LARIS_neurotransmitter; SpaCcLink
H2-oa,Cd4,4,COMMOT_CellChat; CellChatDB; LARIS_neurotransmitter; stCASE
H2-q1,Kir3dl1,4,COMMOT_CellChat; CellChatDB; LARIS_neurotransmitter; SpaCcLink
H2-q10,Kir3dl1,4,COMMOT_CellChat; CellChatDB; LARIS_neurotransmitter; SpaCcLink
H2-q2,Kir3dl1,4,COMMOT_CellChat; CellChatDB; LARIS_neurotransmitter; SpaCcLink
H2-q4,Kir3dl1,4,COMMOT_CellChat; CellChatDB; LARIS_neurotransmitter; SpaCcLink
H2-q6,Kir3dl1,4,COMMOT_CellChat; CellChatDB; LARIS_neurotransmitter; SpaCcLink
H2-q7,Kir3dl1,4,COMMOT_CellChat; CellChatDB; LARIS_neurotransmitter; SpaCcLink
H2-t23,Cd8a,4,COMMOT_CellChat; CellChatDB; LARIS_neurotransmitter; LIANA_mouseconsensus
H2-t23,Cd8b1,4,COMMOT_CellChat; CellChatDB; LARIS_neurotransmitter; LIANA_mouseconsensus
H2-t23,Klrc1,4,COMMOT_CellChat; CellChatDB; LARIS_neurotransmitter; SpaCcLink
H2-t23,Klrc2,4,COMMOT_CellChat; CellChatDB; LARIS_neurotransmitter; SpaCcLink
H2-t23,Klrd1,4,COMMOT_CellChat; CellChatDB; LARIS_neurotransmitter; SpaCcLink
Hbegf,Cd44,4,LIANA_mouseconsensus; SpaCcLink; connectomeDB2020_lit; stCASE
Hc,C5ar2,4,CellTalkDB; LIANA_mouseconsensus; SPIDER_internal; SpaCcLink
Hcrt,Npffr2,4,LIANA_mouseconsensus; SpaCcLink; connectomeDB2020_lit; stCASE
Hgf,Itgb1,4,CellTalkDB; LIANA_mouseconsensus; SPIDER_internal; SpaCcLink
Hgf,Nrp1,4,CellTalkDB; LIANA_mouseconsensus; SPIDER_internal; SpaCcLink
Hgf,Sdc1,4,LIANA_mouseconsensus; SpaCcLink; connectomeDB2020_lit; stCASE
Hmgb1,Thbd,4,CellTalkDB; SPIDER_internal; SpaCcLink; connectomeDB2020_lit
Hpx,Lrp1,4,CellTalkDB; LIANA_mouseconsensus; SPIDER_internal; SpaCcLink
Hras,Tlr9,4,CellTalkDB; LIANA_mouseconsensus; SPIDER_internal; SpaCcLink
Hsp90b1,Lrp1,4,CellTalkDB; LIANA_mouseconsensus; SPIDER_internal; SpaCcLink
Hsp90b1,Tlr2,4,CellTalkDB; LIANA_mouseconsensus; SPIDER_internal; SpaCcLink
Hsp90b1,Tlr4,4,CellTalkDB; LIANA_mouseconsensus; SPIDER_internal; SpaCcLink
Hsp90b1,Tlr9,4,CellTalkDB; LIANA_mouseconsensus; SPIDER_internal; SpaCcLink
Hspg2,Col13a1,4,CellTalkDB; SPIDER_internal; SpaCcLink; connectomeDB2020_lit
Hspg2,Itga2,4,LIANA_mouseconsensus; SpaCcLink; connectomeDB2020_lit; stCASE
Iapp,Calcrl,4,COMMOT_CellChat; CellChatDB; LIANA_mouseconsensus; stCASE
Ibsp,Itgav,4,COMMOT_CellChat; CellChatDB; LARIS_neurotransmitter; LIANA_mouseconsensus
Icam1,Il2ra,4,LIANA_mouseconsensus; SpaCcLink; connectomeDB2020_lit; stCASE
Icam1,Itgb2l,4,COMMOT_CellChat; CellChatDB; LARIS_neurotransmitter; stCASE
Icam2,Itgb2l,4,COMMOT_CellChat; CellChatDB; LARIS_neurotransmitter; stCASE
Icam4,Itga2b,4,LIANA_mouseconsensus; SpaCcLink; connectomeDB2020_lit; stCASE
Icam4,Itga4,4,LIANA_mouseconsensus; SpaCcLink; connectomeDB2020_lit; stCASE
Icam4,Itgal,4,LIANA_mouseconsensus; SpaCcLink; connectomeDB2020_lit; stCASE
Icam4,Itgb1,4,LIANA_mouseconsensus; SpaCcLink; connectomeDB2020_lit; stCASE
Icam4,Itgb3,4,LIANA_mouseconsensus; SpaCcLink; connectomeDB2020_lit; stCASE
Ifna12,Ifnar1,4,COMMOT_CellChat; CellChatDB; LARIS_neurotransmitter; SpaCcLink
Ifna12,Ifnar2,4,COMMOT_CellChat; CellChatDB; LARIS_neurotransmitter; SpaCcLink
Ifna15,Ifnar1,4,COMMOT_CellChat; CellChatDB; LARIS_neurotransmitter; SpaCcLink
Ifna9,Ifnar1,4,COMMOT_CellChat; CellChatDB; LARIS_neurotransmitter; SpaCcLink
Ifna9,Ifnar2,4,COMMOT_CellChat; CellChatDB; LARIS_neurotransmitter; SpaCcLink
Ifnab,Ifnar1,4,COMMOT_CellChat; CellChatDB; LARIS_neurotransmitter; SpaCcLink
Ifnab,Ifnar2,4,COMMOT_CellChat; CellChatDB; LARIS_neurotransmitter; SpaCcLink
Igf1,Itga6,4,COMMOT_CellChat; CellChatDB; LARIS_neurotransmitter; LIANA_mouseconsensus
Igf2,Itga6,4,COMMOT_CellChat; CellChatDB; LARIS_neurotransmitter; LIANA_mouseconsensus
Igf2,Itgav,4,COMMOT_CellChat; CellChatDB; LARIS_neurotransmitter; LIANA_mouseconsensus
Ihh,Boc,4,LIANA_mouseconsensus; SpaCcLink; connectomeDB2020_lit; stCASE
Il16,Grin2c,4,CellTalkDB; LIANA_mouseconsensus; SPIDER_internal; SpaCcLink
Il16,Kcnd1,4,CellTalkDB; LIANA_mouseconsensus; SPIDER_internal; SpaCcLink
Il16,Kcnd2,4,CellTalkDB; LIANA_mouseconsensus; SPIDER_internal; SpaCcLink
Il1f10,Il1r1,4,LIANA_mouseconsensus; SpaCcLink; connectomeDB2020_lit; stCASE
Il1f6,Il1rap,4,COMMOT_CellChat; CellTalkDB; LIANA_mouseconsensus; SpaCcLink
Il1f6,Il1rl2,4,COMMOT_CellChat; CellTalkDB; LIANA_mouseconsensus; SpaCcLink
Il1f8,Il1rap,4,COMMOT_CellChat; CellTalkDB; LIANA_mouseconsensus; SpaCcLink
Il1f8,Il1rl2,4,COMMOT_CellChat; CellTalkDB; LIANA_mouseconsensus; SpaCcLink
Il1f9,Il1rap,4,COMMOT_CellChat; CellTalkDB; LIANA_mouseconsensus; SpaCcLink
Il1f9,Il1rl2,4,COMMOT_CellChat; CellTalkDB; LIANA_mouseconsensus; SpaCcLink
Il1rn,Il1r1,4,CellTalkDB; SPIDER_internal; SpaCcLink; connectomeDB2020_lit
Il1rn,Il1rl2,4,CellTalkDB; LIANA_mouseconsensus; SPIDER_internal; SpaCcLink
Il25,Il17ra,4,COMMOT_CellChat; CellChatDB; LARIS_neurotransmitter; LIANA_mouseconsensus
Il3,Csf2rb2,4,CellTalkDB; SPIDER_internal; SpaCcLink; stCASE
Il36a,Il1rap,4,CellChatDB; LARIS_neurotransmitter; SPIDER_internal; stCASE
Il36b,Il1rap,4,CellChatDB; LARIS_neurotransmitter; SPIDER_internal; stCASE
Il36b,Il1rl2,4,CellChatDB; LARIS_neurotransmitter; SPIDER_internal; stCASE
Inhba,Acvr1,4,LIANA_mouseconsensus; SpaCcLink; connectomeDB2020_lit; stCASE
Inhba,Bambi,4,LIANA_mouseconsensus; SpaCcLink; connectomeDB2020_lit; stCASE
Inhbb,Acvr1,4,LIANA_mouseconsensus; SpaCcLink; connectomeDB2020_lit; stCASE
Inhbc,Acvr1c,4,COMMOT_CellChat; CellChatDB; LARIS_neurotransmitter; LIANA_mouseconsensus
Inhbe,Acvr1b,4,COMMOT_CellChat; CellChatDB; LARIS_neurotransmitter; LIANA_mouseconsensus
Inhbe,Acvr1c,4,COMMOT_CellChat; CellChatDB; LARIS_neurotransmitter; LIANA_mouseconsensus
Ins1,Insr,4,COMMOT_CellChat; CellChatDB; LARIS_neurotransmitter; stCASE
Izumo1,Cd9,4,CellTalkDB; LIANA_mouseconsensus; SPIDER_internal; stCASE
Jam2,Itga3,4,COMMOT_CellChat; CellChatDB; LARIS_neurotransmitter; LIANA_mouseconsensus
Jam2,Itga4,4,CellTalkDB; LIANA_mouseconsensus; SPIDER_internal; SpaCcLink
Jam2,Itgav,4,COMMOT_CellChat; CellChatDB; LARIS_neurotransmitter; LIANA_mouseconsensus
Jam3,F11r,4,COMMOT_CellChat; CellChatDB; LARIS_neurotransmitter; stCASE
Jam3,Itgb1,4,CellTalkDB; LIANA_mouseconsensus; SPIDER_internal; SpaCcLink
Jam3,Itgb2l,4,COMMOT_CellChat; CellChatDB; LARIS_neurotransmitter; stCASE
L1cam,Egfr,4,LIANA_mouseconsensus; SpaCcLink; connectomeDB2020_lit; stCASE
L1cam,Itga4,4,COMMOT_CellChat; CellChatDB; LARIS_neurotransmitter; LIANA_mouseconsensus
L1cam,Itgb1,4,CellTalkDB; LIANA_mouseconsensus; SPIDER_internal; SpaCcLink
L1cam,Nrp1,4,CellTalkDB; SPIDER_internal; SpaCcLink; stCASE
Lama1,Itga3,4,COMMOT_CellChat; CellChatDB; LARIS_neurotransmitter; LIANA_mouseconsensus
Lama1,Itga9,4,COMMOT_CellChat; CellChatDB; LARIS_neurotransmitter; LIANA_mouseconsensus
Lama1,Itgav,4,COMMOT_CellChat; CellChatDB; LARIS_neurotransmitter; LIANA_mouseconsensus
Lama1,Rpsa,4,LIANA_mouseconsensus; SpaCcLink; connectomeDB2020_lit; stCASE
Lama1,Sv2a,4,COMMOT_CellChat; CellChatDB; LARIS_neurotransmitter; stCASE
Lama1,Sv2b,4,COMMOT_CellChat; CellChatDB; LARIS_neurotransmitter; stCASE
Lama1,Sv2c,4,COMMOT_CellChat; CellChatDB; LARIS_neurotransmitter; stCASE
Lama2,Itga1,4,COMMOT_CellChat; CellChatDB; LARIS_neurotransmitter; LIANA_mouseconsensus
Lama2,Itga3,4,COMMOT_CellChat; CellChatDB; LARIS_neurotransmitter; LIANA_mouseconsensus
Lama2,Itga9,4,COMMOT_CellChat; CellChatDB; LARIS_neurotransmitter; LIANA_mouseconsensus
Lama2,Itgav,4,COMMOT_CellChat; CellChatDB; LARIS_neurotransmitter; LIANA_mouseconsensus
Lama2,Rpsa,4,LIANA_mouseconsensus; SpaCcLink; connectomeDB2020_lit; stCASE
Lama2,Sv2a,4,COMMOT_CellChat; CellChatDB; LARIS_neurotransmitter; stCASE
Lama2,Sv2b,4,COMMOT_CellChat; CellChatDB; LARIS_neurotransmitter; stCASE
Lama2,Sv2c,4,COMMOT_CellChat; CellChatDB; LARIS_neurotransmitter; stCASE
Lama3,Itga2,4,COMMOT_CellChat; CellChatDB; LARIS_neurotransmitter; LIANA_mouseconsensus
Lama3,Itga3,4,COMMOT_CellChat; CellChatDB; LARIS_neurotransmitter; LIANA_mouseconsensus
Lama3,Itga6,4,COMMOT_CellChat; CellChatDB; LARIS_neurotransmitter; LIANA_mouseconsensus
Lama3,Itga7,4,COMMOT_CellChat; CellChatDB; LARIS_neurotransmitter; LIANA_mouseconsensus
Lama3,Itga9,4,COMMOT_CellChat; CellChatDB; LARIS_neurotransmitter; LIANA_mouseconsensus
Lama3,Itgav,4,COMMOT_CellChat; CellChatDB; LARIS_neurotransmitter; LIANA_mouseconsensus
Lama3,Sdc2,4,LIANA_mouseconsensus; SpaCcLink; connectomeDB2020_lit; stCASE
Lama3,Sv2a,4,COMMOT_CellChat; CellChatDB; LARIS_neurotransmitter; stCASE
Lama3,Sv2b,4,COMMOT_CellChat; CellChatDB; LARIS_neurotransmitter; stCASE
Lama3,Sv2c,4,COMMOT_CellChat; CellChatDB; LARIS_neurotransmitter; stCASE
Lama4,Itga2,4,COMMOT_CellChat; CellChatDB; LARIS_neurotransmitter; LIANA_mouseconsensus
Lama4,Itga3,4,COMMOT_CellChat; CellChatDB; LARIS_neurotransmitter; LIANA_mouseconsensus
Lama4,Itga6,4,COMMOT_CellChat; CellChatDB; LARIS_neurotransmitter; LIANA_mouseconsensus
Lama4,Itga7,4,COMMOT_CellChat; CellChatDB; LARIS_neurotransmitter; LIANA_mouseconsensus
Lama4,Itga9,4,COMMOT_CellChat; CellChatDB; LARIS_neurotransmitter; LIANA_mouseconsensus
Lama4,Itgav,4,COMMOT_CellChat; CellChatDB; LARIS_neurotransmitter; LIANA_mouseconsensus
Lama4,Sv2a,4,COMMOT_CellChat; CellChatDB; LARIS_neurotransmitter; stCASE
Lama4,Sv2b,4,COMMOT_CellChat; CellChatDB; LARIS_neurotransmitter; stCASE
Lama4,Sv2c,4,COMMOT_CellChat; CellChatDB; LARIS_neurotransmitter; stCASE
Lama5,Itga2,4,COMMOT_CellChat; CellChatDB; LARIS_neurotransmitter; LIANA_mouseconsensus
Lama5,Itga3,4,COMMOT_CellChat; CellChatDB; LARIS_neurotransmitter; LIANA_mouseconsensus
Lama5,Itga7,4,COMMOT_CellChat; CellChatDB; LARIS_neurotransmitter; LIANA_mouseconsensus
Lama5,Itga9,4,COMMOT_CellChat; CellChatDB; LARIS_neurotransmitter; LIANA_mouseconsensus
Lama5,Itgav,4,COMMOT_CellChat; CellChatDB; LARIS_neurotransmitter; LIANA_mouseconsensus
Lama5,Sv2a,4,COMMOT_CellChat; CellChatDB; LARIS_neurotransmitter; stCASE
Lama5,Sv2b,4,COMMOT_CellChat; CellChatDB; LARIS_neurotransmitter; stCASE
Lama5,Sv2c,4,COMMOT_CellChat; CellChatDB; LARIS_neurotransmitter; stCASE
Lamb1,Itga1,4,COMMOT_CellChat; CellChatDB; LARIS_neurotransmitter; LIANA_mouseconsensus
Lamb1,Itga2,4,COMMOT_CellChat; CellChatDB; LARIS_neurotransmitter; LIANA_mouseconsensus
Lamb1,Itga3,4,COMMOT_CellChat; CellChatDB; LARIS_neurotransmitter; LIANA_mouseconsensus
Lamb1,Itga7,4,COMMOT_CellChat; CellChatDB; LARIS_neurotransmitter; LIANA_mouseconsensus
Lamb1,Itga9,4,COMMOT_CellChat; CellChatDB; LARIS_neurotransmitter; LIANA_mouseconsensus
Lamb1,Itgav,4,COMMOT_CellChat; CellChatDB; LARIS_neurotransmitter; LIANA_mouseconsensus
Lamb1,Sv2a,4,COMMOT_CellChat; CellChatDB; LARIS_neurotransmitter; stCASE
Lamb1,Sv2b,4,COMMOT_CellChat; CellChatDB; LARIS_neurotransmitter; stCASE
Lamb1,Sv2c,4,COMMOT_CellChat; CellChatDB; LARIS_neurotransmitter; stCASE
Lamb2,Itga2,4,COMMOT_CellChat; CellChatDB; LARIS_neurotransmitter; LIANA_mouseconsensus
Lamb2,Itga3,4,COMMOT_CellChat; CellChatDB; LARIS_neurotransmitter; LIANA_mouseconsensus
Lamb2,Itga6,4,COMMOT_CellChat; CellChatDB; LARIS_neurotransmitter; LIANA_mouseconsensus
Lamb2,Itga7,4,COMMOT_CellChat; CellChatDB; LARIS_neurotransmitter; LIANA_mouseconsensus
Lamb2,Itga9,4,COMMOT_CellChat; CellChatDB; LARIS_neurotransmitter; LIANA_mouseconsensus
Lamb2,Itgav,4,COMMOT_CellChat; CellChatDB; LARIS_neurotransmitter; LIANA_mouseconsensus
Lamb2,Rpsa,4,LIANA_mouseconsensus; SpaCcLink; connectomeDB2020_lit; stCASE
Lamb2,Sv2a,4,COMMOT_CellChat; CellChatDB; LARIS_neurotransmitter; stCASE
Lamb2,Sv2b,4,COMMOT_CellChat; CellChatDB; LARIS_neurotransmitter; stCASE
Lamb2,Sv2c,4,COMMOT_CellChat; CellChatDB; LARIS_neurotransmitter; stCASE
Lamb3,Itga2,4,COMMOT_CellChat; CellChatDB; LARIS_neurotransmitter; LIANA_mouseconsensus
Lamb3,Itga3,4,COMMOT_CellChat; CellChatDB; LARIS_neurotransmitter; LIANA_mouseconsensus
Lamb3,Itga7,4,COMMOT_CellChat; CellChatDB; LARIS_neurotransmitter; LIANA_mouseconsensus
Lamb3,Itga9,4,COMMOT_CellChat; CellChatDB; LARIS_neurotransmitter; LIANA_mouseconsensus
Lamb3,Itgav,4,COMMOT_CellChat; CellChatDB; LARIS_neurotransmitter; LIANA_mouseconsensus
Lamb3,Sv2a,4,COMMOT_CellChat; CellChatDB; LARIS_neurotransmitter; stCASE
Lamb3,Sv2b,4,COMMOT_CellChat; CellChatDB; LARIS_neurotransmitter; stCASE
Lamb3,Sv2c,4,COMMOT_CellChat; CellChatDB; LARIS_neurotransmitter; stCASE
Lamc1,Itga1,4,COMMOT_CellChat; CellChatDB; LARIS_neurotransmitter; LIANA_mouseconsensus
Lamc1,Itga2,4,COMMOT_CellChat; CellChatDB; LARIS_neurotransmitter; LIANA_mouseconsensus
Lamc1,Itga3,4,COMMOT_CellChat; CellChatDB; LARIS_neurotransmitter; LIANA_mouseconsensus
Lamc1,Itga6,4,COMMOT_CellChat; CellChatDB; LARIS_neurotransmitter; LIANA_mouseconsensus
Lamc1,Itga7,4,COMMOT_CellChat; CellChatDB; LARIS_neurotransmitter; LIANA_mouseconsensus
Lamc1,Itga9,4,COMMOT_CellChat; CellChatDB; LARIS_neurotransmitter; LIANA_mouseconsensus
Lamc1,Itgav,4,COMMOT_CellChat; CellChatDB; LARIS_neurotransmitter; LIANA_mouseconsensus
Lamc1,Sv2a,4,COMMOT_CellChat; CellChatDB; LARIS_neurotransmitter; stCASE
Lamc1,Sv2b,4,COMMOT_CellChat; CellChatDB; LARIS_neurotransmitter; stCASE
Lamc1,Sv2c,4,COMMOT_CellChat; CellChatDB; LARIS_neurotransmitter; stCASE
Lamc2,Itga2,4,COMMOT_CellChat; CellChatDB; LARIS_neurotransmitter; LIANA_mouseconsensus
Lamc2,Itga7,4,COMMOT_CellChat; CellChatDB; LARIS_neurotransmitter; LIANA_mouseconsensus
Lamc2,Itga9,4,COMMOT_CellChat; CellChatDB; LARIS_neurotransmitter; LIANA_mouseconsensus
Lamc2,Itgav,4,COMMOT_CellChat; CellChatDB; LARIS_neurotransmitter; LIANA_mouseconsensus
Lamc2,Sv2a,4,COMMOT_CellChat; CellChatDB; LARIS_neurotransmitter; stCASE
Lamc2,Sv2b,4,COMMOT_CellChat; CellChatDB; LARIS_neurotransmitter; stCASE
Lamc2,Sv2c,4,COMMOT_CellChat; CellChatDB; LARIS_neurotransmitter; stCASE
Lamc3,Itga2,4,COMMOT_CellChat; CellChatDB; LARIS_neurotransmitter; LIANA_mouseconsensus
Lamc3,Itga3,4,COMMOT_CellChat; CellChatDB; LARIS_neurotransmitter; LIANA_mouseconsensus
Lamc3,Itga6,4,COMMOT_CellChat; CellChatDB; LARIS_neurotransmitter; LIANA_mouseconsensus
Lamc3,Itga7,4,COMMOT_CellChat; CellChatDB; LARIS_neurotransmitter; LIANA_mouseconsensus
Lamc3,Itga9,4,COMMOT_CellChat; CellChatDB; LARIS_neurotransmitter; LIANA_mouseconsensus
Lamc3,Itgav,4,COMMOT_CellChat; CellChatDB; LARIS_neurotransmitter; LIANA_mouseconsensus
Lamc3,Sv2a,4,COMMOT_CellChat; CellChatDB; LARIS_neurotransmitter; stCASE
Lamc3,Sv2b,4,COMMOT_CellChat; CellChatDB; LARIS_neurotransmitter; stCASE
Lamc3,Sv2c,4,COMMOT_CellChat; CellChatDB; LARIS_neurotransmitter; stCASE
Lck,Cd8b1,4,COMMOT_CellChat; LARIS_neurotransmitter; LIANA_mouseconsensus; stCASE
Lcn2,Lrp2,4,CellTalkDB; LIANA_mouseconsensus; SPIDER_internal; connectomeDB2020_lit
Lefty1,Acvr1b,4,CellTalkDB; LIANA_mouseconsensus; SPIDER_internal; SpaCcLink
Lefty1,Acvr2a,4,CellTalkDB; LIANA_mouseconsensus; SPIDER_internal; SpaCcLink
Lefty1,Acvr2b,4,CellTalkDB; LIANA_mouseconsensus; SPIDER_internal; SpaCcLink
Lefty2,Acvr1b,4,CellTalkDB; LIANA_mouseconsensus; SPIDER_internal; SpaCcLink
Lgals8,Itga3,4,CellTalkDB; LIANA_mouseconsensus; SPIDER_internal; SpaCcLink
Lgals9,Cd44,4,COMMOT_CellChat; CellChatDB; LARIS_neurotransmitter; connectomeDB2020_lit
Lin7c,Abca1,4,CellTalkDB; LIANA_mouseconsensus; SPIDER_internal; SpaCcLink
Liph,Lpar2,4,LIANA_mouseconsensus; SpaCcLink; connectomeDB2020_lit; stCASE
Liph,Lpar4,4,LIANA_mouseconsensus; SpaCcLink; connectomeDB2020_lit; stCASE
Lman1,Mcfd2,4,CellTalkDB; LIANA_mouseconsensus; SPIDER_internal; SpaCcLink
Lpl,Lrp1,4,LIANA_mouseconsensus; SpaCcLink; connectomeDB2020_lit; stCASE
Lpl,Sdc1,4,LIANA_mouseconsensus; SpaCcLink; connectomeDB2020_lit; stCASE
Lpl,Vldlr,4,LIANA_mouseconsensus; SpaCcLink; connectomeDB2020_lit; stCASE
Lrig1,Egfr,4,CellTalkDB; LIANA_mouseconsensus; SPIDER_internal; SpaCcLink
Lrrc4,Ntng2,4,COMMOT_CellChat; CellChatDB; LARIS_neurotransmitter; stCASE
Lrrc4b,Ptprs,4,CellChatDB; LARIS_neurotransmitter; LIANA_mouseconsensus; connectomeDB2020_lit
Lrrc4c,Ntng1,4,COMMOT_CellChat; CellChatDB; LARIS_neurotransmitter; stCASE
Ltbp1,Itgb5,4,LIANA_mouseconsensus; SpaCcLink; connectomeDB2020_lit; stCASE
Ltbp3,Itgb5,4,LIANA_mouseconsensus; SpaCcLink; connectomeDB2020_lit; stCASE
Matn1,Itga1,4,LIANA_mouseconsensus; SpaCcLink; connectomeDB2020_lit; stCASE
Matn1,Itgb1,4,LIANA_mouseconsensus; SpaCcLink; connectomeDB2020_lit; stCASE
Mdk,Sdc3,4,LIANA_mouseconsensus; SpaCcLink; connectomeDB2020_lit; stCASE
Mfap5,Notch1,4,CellTalkDB; LIANA_mouseconsensus; SPIDER_internal; SpaCcLink
Mmp7,Erbb4,4,LIANA_mouseconsensus; SpaCcLink; connectomeDB2020_lit; stCASE
Mmp9,Tlr9,4,CellTalkDB; LIANA_mouseconsensus; SPIDER_internal; SpaCcLink
Myoc,Fzd10,4,LIANA_mouseconsensus; SpaCcLink; connectomeDB2020_lit; stCASE
Myoc,Fzd3,4,LIANA_mouseconsensus; SpaCcLink; connectomeDB2020_lit; stCASE
Myoc,Fzd4,4,LIANA_mouseconsensus; SpaCcLink; connectomeDB2020_lit; stCASE
Myoc,Fzd7,4,LIANA_mouseconsensus; SpaCcLink; connectomeDB2020_lit; stCASE
Nampt,Itga5,4,COMMOT_CellChat; CellChatDB; LARIS_neurotransmitter; LIANA_mouseconsensus
Ncam1,Gfra1,4,LIANA_mouseconsensus; SpaCcLink; connectomeDB2020_lit; stCASE
Ncam1,L1cam,4,COMMOT_CellChat; CellChatDB; LARIS_neurotransmitter; stCASE
Ncam1,Robo1,4,LIANA_mouseconsensus; SpaCcLink; connectomeDB2020_lit; stCASE
Ncam1,Robo3,4,LIANA_mouseconsensus; SpaCcLink; connectomeDB2020_lit; stCASE
Ncam2,L1cam,4,COMMOT_CellChat; CellChatDB; LARIS_neurotransmitter; stCASE
Ndp,Fzd4,4,LIANA_mouseconsensus; SpaCcLink; connectomeDB2020_lit; stCASE
Nectin3,Tigit,4,COMMOT_CellChat; CellChatDB; LARIS_neurotransmitter; stCASE
Nfasc,Cntn1,4,COMMOT_CellChat; CellChatDB; LARIS_neurotransmitter; LIANA_mouseconsensus
Ngf,Sorcs3,4,CellTalkDB; LIANA_mouseconsensus; SPIDER_internal; connectomeDB2020_lit
Ngf,Trpv1,4,CellTalkDB; LIANA_mouseconsensus; SPIDER_internal; SpaCcLink
Nid1,Itgav,4,LIANA_mouseconsensus; SpaCcLink; connectomeDB2020_lit; stCASE
Nid1,Itgb3,4,LIANA_mouseconsensus; SpaCcLink; connectomeDB2020_lit; stCASE
Nid1,Ptprf,4,LIANA_mouseconsensus; SpaCcLink; connectomeDB2020_lit; stCASE
Nid2,Col13a1,4,CellTalkDB; SPIDER_internal; SpaCcLink; connectomeDB2020_lit
Nlgn1,Nrxn3,4,CellTalkDB; SPIDER_internal; SpaCcLink; connectomeDB2020_lit
Nlgn2,Nrxn3,4,CellTalkDB; SPIDER_internal; SpaCcLink; connectomeDB2020_lit
Nlgn3,Nrxn3,4,CellTalkDB; SPIDER_internal; SpaCcLink; connectomeDB2020_lit
Nmb,Grpr,4,LIANA_mouseconsensus; SpaCcLink; connectomeDB2020_lit; stCASE
Nppb,Npr3,4,CellTalkDB; SPIDER_internal; connectomeDB2020_lit; stCASE
Nppc,Npr1,4,CellTalkDB; LIANA_mouseconsensus; SPIDER_internal; SpaCcLink
Npy,Dpp4,4,CellTalkDB; LIANA_mouseconsensus; SPIDER_internal; SpaCcLink
Npy,Fap,4,CellTalkDB; LIANA_mouseconsensus; SPIDER_internal; connectomeDB2020_lit
Npy,Npffr2,4,LIANA_mouseconsensus; SpaCcLink; connectomeDB2020_lit; stCASE
Nrg1,Itgb3,4,COMMOT_CellChat; CellChatDB; LARIS_neurotransmitter; stCASE
Nrg2,Erbb2,4,COMMOT_CellChat; CellChatDB; LARIS_neurotransmitter; LIANA_mouseconsensus
Nrg3,Erbb2,4,COMMOT_CellChat; CellChatDB; LARIS_neurotransmitter; LIANA_mouseconsensus
Nrg3,Erbb3,4,CellTalkDB; LIANA_mouseconsensus; SPIDER_internal; SpaCcLink
Nrg4,Erbb2,4,COMMOT_CellChat; CellChatDB; LARIS_neurotransmitter; LIANA_mouseconsensus
Nrtn,Gfra3,4,CellTalkDB; LIANA_mouseconsensus; SPIDER_internal; SpaCcLink
Nrxn3,Nlgn1,4,COMMOT_CellChat; CellChatDB; LARIS_neurotransmitter; stCASE
Nrxn3,Nlgn2,4,COMMOT_CellChat; CellChatDB; LARIS_neurotransmitter; stCASE
Nrxn3,Nlgn3,4,COMMOT_CellChat; CellChatDB; LARIS_neurotransmitter; stCASE
Ntn1,Dscam,4,CellChatDB; LARIS_neurotransmitter; LIANA_mouseconsensus; stCASE
Ntn3,Cdon,4,LIANA_mouseconsensus; SpaCcLink; connectomeDB2020_lit; stCASE
Ntn4,Dcc,4,LIANA_mouseconsensus; SpaCcLink; connectomeDB2020_lit; stCASE
Ntn4,Unc5a,4,LIANA_mouseconsensus; SpaCcLink; connectomeDB2020_lit; stCASE
Ntng1,Lrrc4c,4,CellTalkDB; LIANA_mouseconsensus; SPIDER_internal; connectomeDB2020_lit
Ntng2,Lrrc4,4,CellTalkDB; LIANA_mouseconsensus; SPIDER_internal; connectomeDB2020_lit
Nts,Ngfr,4,CellTalkDB; LIANA_mouseconsensus; SPIDER_internal; SpaCcLink
Nxph1,Nrxn3,4,CellTalkDB; SPIDER_internal; SpaCcLink; connectomeDB2020_lit
Nxph3,Nrxn3,4,CellTalkDB; SPIDER_internal; SpaCcLink; connectomeDB2020_lit
Omg,Lingo1,4,CellTalkDB; LIANA_mouseconsensus; SPIDER_internal; connectomeDB2020_lit
Omg,Ngfr,4,CellTalkDB; LIANA_mouseconsensus; SPIDER_internal; SpaCcLink
Omg,Rtn4r,4,CellTalkDB; LIANA_mouseconsensus; SPIDER_internal; connectomeDB2020_lit
Omg,Rtn4rl1,4,CellTalkDB; LIANA_mouseconsensus; SPIDER_internal; connectomeDB2020_lit
Oxt,Avpr1a,4,LIANA_mouseconsensus; SpaCcLink; connectomeDB2020_lit; stCASE
Oxt,Avpr1b,4,LIANA_mouseconsensus; SpaCcLink; connectomeDB2020_lit; stCASE
Pcsk9,Aplp2,4,CellTalkDB; LIANA_mouseconsensus; SPIDER_internal; SpaCcLink
Pcsk9,Ldlr,4,CellTalkDB; LIANA_mouseconsensus; SPIDER_internal; SpaCcLink
Pcsk9,Lrp1,4,CellTalkDB; LIANA_mouseconsensus; SPIDER_internal; SpaCcLink
Pcsk9,Sort1,4,CellTalkDB; LIANA_mouseconsensus; SPIDER_internal; SpaCcLink
Pdgfc,Flt4,4,CellTalkDB; LIANA_mouseconsensus; SPIDER_internal; SpaCcLink
Pdgfd,Pdgfra,4,CellTalkDB; LIANA_mouseconsensus; SPIDER_internal; SpaCcLink
Pf4,Ldlr,4,LIANA_mouseconsensus; SpaCcLink; connectomeDB2020_lit; stCASE
Pf4,Lrp1,4,CellTalkDB; LIANA_mouseconsensus; SPIDER_internal; SpaCcLink
Pf4,Sdc2,4,LIANA_mouseconsensus; SpaCcLink; connectomeDB2020_lit; stCASE
Pip,Cd4,4,LIANA_mouseconsensus; SpaCcLink; connectomeDB2020_lit; stCASE
Plat,Itgam,4,CellTalkDB; LIANA_mouseconsensus; SPIDER_internal; SpaCcLink
Plau,Lrp2,4,CellTalkDB; LIANA_mouseconsensus; SPIDER_internal; connectomeDB2020_lit
Plg,F2r,4,LIANA_mouseconsensus; SpaCcLink; connectomeDB2020_lit; stCASE
Plg,F2rl1,4,LIANA_mouseconsensus; SpaCcLink; connectomeDB2020_lit; stCASE
Plg,Igf2r,4,CellTalkDB; LIANA_mouseconsensus; SPIDER_internal; SpaCcLink
Plg,Itgb2,4,CellTalkDB; LIANA_mouseconsensus; SPIDER_internal; SpaCcLink
Plg,Plaur,4,CellTalkDB; LIANA_mouseconsensus; SPIDER_internal; SpaCcLink
Plg,Plgrkt,4,CellTalkDB; LIANA_mouseconsensus; SPIDER_internal; connectomeDB2020_lit
Podxl2,Sell,4,CellTalkDB; LIANA_mouseconsensus; SPIDER_internal; connectomeDB2020_lit
Pon2,Htr2a,4,CellTalkDB; SPIDER_internal; SpaCcLink; stCASE
Prss2,F2r,4,COMMOT_CellChat; CellChatDB; LARIS_neurotransmitter; LIANA_mouseconsensus
Prss2,F2rl1,4,COMMOT_CellChat; CellChatDB; LARIS_neurotransmitter; LIANA_mouseconsensus
Prss2,F2rl2,4,COMMOT_CellChat; CellChatDB; LARIS_neurotransmitter; LIANA_mouseconsensus
Prss2,F2rl3,4,COMMOT_CellChat; CellChatDB; LARIS_neurotransmitter; LIANA_mouseconsensus
Prss2,Pard3,4,COMMOT_CellChat; CellChatDB; LARIS_neurotransmitter; LIANA_mouseconsensus
Pspn,Gfra1,4,LIANA_mouseconsensus; SpaCcLink; connectomeDB2020_lit; stCASE
Ptma,Vipr1,4,CellTalkDB; SPIDER_internal; SpaCcLink; connectomeDB2020_lit
Ptn,Itgav,4,COMMOT_CellChat; CellChatDB; LARIS_neurotransmitter; LIANA_mouseconsensus
Ptn,Plxnb2,4,LIANA_mouseconsensus; SpaCcLink; connectomeDB2020_lit; stCASE
Ptn,Ptprs,4,LIANA_mouseconsensus; SpaCcLink; connectomeDB2020_lit; stCASE
Ptprm,Ptprm,4,COMMOT_CellChat; CellChatDB; connectomeDB2020_lit; stCASE
Pyy,Dpp4,4,CellTalkDB; LIANA_mouseconsensus; SPIDER_internal; SpaCcLink
Raet1e,Klrk1,4,LARIS_neurotransmitter; SpaCcLink; connectomeDB2020_lit; stCASE
Rspo4,Lgr5,4,CellTalkDB; LIANA_mouseconsensus; SPIDER_internal; connectomeDB2020_lit
Rtn4,Cntnap1,4,CellTalkDB; LIANA_mouseconsensus; SPIDER_internal; connectomeDB2020_lit
Rtn4,Lingo1,4,CellTalkDB; LIANA_mouseconsensus; SPIDER_internal; connectomeDB2020_lit
Rtn4,Ngfr,4,CellTalkDB; LIANA_mouseconsensus; SPIDER_internal; SpaCcLink
Rtn4,Rtn4r,4,CellTalkDB; LIANA_mouseconsensus; SPIDER_internal; connectomeDB2020_lit
S100a1,Ryr1,4,CellTalkDB; LIANA_mouseconsensus; SPIDER_internal; SpaCcLink
S100a1,Ryr2,4,CellTalkDB; LIANA_mouseconsensus; SPIDER_internal; SpaCcLink
S100a1,Tlr4,4,CellTalkDB; LIANA_mouseconsensus; SPIDER_internal; SpaCcLink
S100a10,Trpv6,4,CellTalkDB; LIANA_mouseconsensus; SPIDER_internal; SpaCcLink
S100a4,Erbb2,4,CellTalkDB; LIANA_mouseconsensus; SPIDER_internal; SpaCcLink
S100a9,Ager,4,CellTalkDB; LIANA_mouseconsensus; SPIDER_internal; SpaCcLink
Saa1,Fpr2,4,LIANA_mouseconsensus; SpaCcLink; connectomeDB2020_lit; stCASE
Sell,Cd34,4,COMMOT_CellChat; CellChatDB; LARIS_neurotransmitter; stCASE
Sell,Madcam1,4,COMMOT_CellChat; CellChatDB; LARIS_neurotransmitter; stCASE
Sell,Podxl,4,COMMOT_CellChat; CellChatDB; LARIS_neurotransmitter; stCASE
Sema3d,Nrp2,4,COMMOT_CellChat; CellChatDB; LARIS_neurotransmitter; LIANA_mouseconsensus
Serpine1,Lrp2,4,CellTalkDB; LIANA_mouseconsensus; SPIDER_internal; connectomeDB2020_lit
Serpine1,Plaur,4,CellTalkDB; LIANA_mouseconsensus; SPIDER_internal; SpaCcLink
Sftpa1,Tlr2,4,LIANA_mouseconsensus; SpaCcLink; connectomeDB2020_lit; stCASE
Sftpd,Ly96,4,CellTalkDB; LIANA_mouseconsensus; SPIDER_internal; SpaCcLink
Shbg,Gprc6a,4,CellTalkDB; LIANA_mouseconsensus; SPIDER_internal; SpaCcLink
Shh,Boc,4,LIANA_mouseconsensus; SpaCcLink; connectomeDB2020_lit; stCASE
Shh,Gpc1,4,CellTalkDB; LIANA_mouseconsensus; SPIDER_internal; SpaCcLink
Slit1,Sdc1,4,LIANA_mouseconsensus; SpaCcLink; connectomeDB2020_lit; stCASE
Slit2,Gpc1,4,LIANA_mouseconsensus; SpaCcLink; connectomeDB2020_lit; stCASE
Slit2,Plxna1,4,CellTalkDB; LIANA_mouseconsensus; SPIDER_internal; SpaCcLink
Slit2,Sdc1,4,LIANA_mouseconsensus; SpaCcLink; connectomeDB2020_lit; stCASE
Slitrk1,Ptprd,4,CellChatDB; LARIS_neurotransmitter; connectomeDB2020_lit; stCASE
Slitrk2,Ptprd,4,CellChatDB; LARIS_neurotransmitter; connectomeDB2020_lit; stCASE
Slitrk2,Ptprs,4,CellChatDB; LARIS_neurotransmitter; LIANA_mouseconsensus; connectomeDB2020_lit
Slitrk3,Ptprd,4,CellChatDB; LARIS_neurotransmitter; connectomeDB2020_lit; stCASE
Slitrk6,Ptprs,4,CellChatDB; LARIS_neurotransmitter; LIANA_mouseconsensus; connectomeDB2020_lit
Slpi,Plscr4,4,CellTalkDB; LIANA_mouseconsensus; SPIDER_internal; connectomeDB2020_lit
Slurp1,Chrna1,4,COMMOT_CellChat; CellChatDB; LARIS_neurotransmitter; stCASE
Slurp1,Chrna2,4,COMMOT_CellChat; CellChatDB; LARIS_neurotransmitter; stCASE
Slurp1,Chrna5,4,COMMOT_CellChat; CellChatDB; LARIS_neurotransmitter; stCASE
Slurp1,Chrna6,4,COMMOT_CellChat; CellChatDB; LARIS_neurotransmitter; stCASE
Slurp1,Chrnb1,4,COMMOT_CellChat; CellChatDB; LARIS_neurotransmitter; stCASE
Slurp1,Chrnb3,4,COMMOT_CellChat; CellChatDB; LARIS_neurotransmitter; stCASE
Slurp1,Chrnd,4,COMMOT_CellChat; CellChatDB; LARIS_neurotransmitter; stCASE
Slurp1,Chrne,4,COMMOT_CellChat; CellChatDB; LARIS_neurotransmitter; stCASE
Slurp1,Chrng,4,COMMOT_CellChat; CellChatDB; LARIS_neurotransmitter; stCASE
Spink1,Egfr,4,CellTalkDB; SPIDER_internal; SpaCcLink; connectomeDB2020_lit
Spon1,Lrp8,4,CellTalkDB; LIANA_mouseconsensus; SPIDER_internal; connectomeDB2020_lit
Tac2,Tacr1,4,CellTalkDB; LIANA_mouseconsensus; SPIDER_internal; SpaCcLink
Tdgf1,Acvr2b,4,CellTalkDB; LIANA_mouseconsensus; SPIDER_internal; SpaCcLink
Tgfa,Erbb3,4,CellTalkDB; LIANA_mouseconsensus; SPIDER_internal; SpaCcLink
Tgfb1,Itgav,4,LIANA_mouseconsensus; SpaCcLink; connectomeDB2020_lit; stCASE
Tgfb1,Itgb6,4,LIANA_mouseconsensus; SpaCcLink; connectomeDB2020_lit; stCASE
Tgfb3,Acvrl1,4,LIANA_mouseconsensus; SpaCcLink; connectomeDB2020_lit; stCASE
Thbs1,Itga2b,4,LIANA_mouseconsensus; SpaCcLink; connectomeDB2020_lit; stCASE
Thbs1,Itga4,4,LIANA_mouseconsensus; SpaCcLink; connectomeDB2020_lit; stCASE
Thbs1,Itga6,4,LIANA_mouseconsensus; SpaCcLink; connectomeDB2020_lit; stCASE
Thbs1,Tnfrsf11b,4,LIANA_mouseconsensus; SpaCcLink; connectomeDB2020_lit; stCASE
Thbs2,Itga3,4,COMMOT_CellChat; CellChatDB; LARIS_neurotransmitter; LIANA_mouseconsensus
Thbs2,Itga4,4,LIANA_mouseconsensus; SpaCcLink; connectomeDB2020_lit; stCASE
Thbs2,Itga6,4,LIANA_mouseconsensus; SpaCcLink; connectomeDB2020_lit; stCASE
Thbs2,Itgav,4,COMMOT_CellChat; CellChatDB; LARIS_neurotransmitter; LIANA_mouseconsensus
Thbs2,Sdc4,4,COMMOT_CellChat; CellChatDB; LARIS_neurotransmitter; stCASE
Thbs3,Cd36,4,COMMOT_CellChat; CellChatDB; LARIS_neurotransmitter; stCASE
Thbs3,Cd47,4,COMMOT_CellChat; CellChatDB; LARIS_neurotransmitter; stCASE
Thbs3,Itga3,4,COMMOT_CellChat; CellChatDB; LARIS_neurotransmitter; LIANA_mouseconsensus
Thbs3,Itgav,4,COMMOT_CellChat; CellChatDB; LARIS_neurotransmitter; LIANA_mouseconsensus
Thbs3,Sdc1,4,COMMOT_CellChat; CellChatDB; LARIS_neurotransmitter; stCASE
Thbs3,Sdc4,4,COMMOT_CellChat; CellChatDB; LARIS_neurotransmitter; stCASE
Thbs4,Itga3,4,COMMOT_CellChat; CellChatDB; LARIS_neurotransmitter; LIANA_mouseconsensus
Thbs4,Itgav,4,COMMOT_CellChat; CellChatDB; LARIS_neurotransmitter; LIANA_mouseconsensus
Thbs4,Sdc4,4,COMMOT_CellChat; CellChatDB; LARIS_neurotransmitter; stCASE
Thy1,Itgam,4,COMMOT_CellChat; CellChatDB; LARIS_neurotransmitter; LIANA_mouseconsensus
Thy1,Itgav,4,COMMOT_CellChat; CellChatDB; LARIS_neurotransmitter; LIANA_mouseconsensus
Thy1,Itgax,4,COMMOT_CellChat; CellChatDB; LARIS_neurotransmitter; LIANA_mouseconsensus
Thy1,Itgb2,4,COMMOT_CellChat; CellChatDB; LARIS_neurotransmitter; LIANA_mouseconsensus
Timp1,Cd63,4,CellTalkDB; LIANA_mouseconsensus; SPIDER_internal; connectomeDB2020_lit
Tnc,Itga2,4,CellTalkDB; LIANA_mouseconsensus; SPIDER_internal; SpaCcLink
Tnc,Itga2b,4,COMMOT_CellChat; CellChatDB; LARIS_neurotransmitter; LIANA_mouseconsensus
Tnc,Ptprb,4,LIANA_mouseconsensus; SpaCcLink; connectomeDB2020_lit; stCASE
Tnfsf12,Tnfrsf25,4,CellTalkDB; LIANA_mouseconsensus; SPIDER_internal; stCASE
Tnfsf13,Fas,4,LIANA_mouseconsensus; SpaCcLink; connectomeDB2020_lit; stCASE
Tnfsf13,Sdc2,4,LIANA_mouseconsensus; SpaCcLink; connectomeDB2020_lit; stCASE
Tnfsf13,Tnfrsf11b,4,LIANA_mouseconsensus; SpaCcLink; connectomeDB2020_lit; stCASE
Tnfsf13,Tnfrsf1a,4,LIANA_mouseconsensus; SpaCcLink; connectomeDB2020_lit; stCASE
Tnfsf4,Traf2,4,CellTalkDB; LIANA_mouseconsensus; SPIDER_internal; SpaCcLink
Tnfsf9,Traf2,4,CellTalkDB; SPIDER_internal; SpaCcLink; stCASE
Tnn,Itga2b,4,COMMOT_CellChat; CellChatDB; LARIS_neurotransmitter; LIANA_mouseconsensus
Tnn,Itga8,4,COMMOT_CellChat; CellChatDB; LARIS_neurotransmitter; LIANA_mouseconsensus
Tnn,Itga9,4,COMMOT_CellChat; CellChatDB; LARIS_neurotransmitter; LIANA_mouseconsensus
Tnn,Itgav,4,COMMOT_CellChat; CellChatDB; LARIS_neurotransmitter; LIANA_mouseconsensus
Tnn,Sdc4,4,COMMOT_CellChat; CellChatDB; LARIS_neurotransmitter; stCASE
Tnr,Itga2b,4,COMMOT_CellChat; CellChatDB; LARIS_neurotransmitter; LIANA_mouseconsensus
Tnr,Itga8,4,COMMOT_CellChat; CellChatDB; LARIS_neurotransmitter; LIANA_mouseconsensus
Tnr,Itga9,4,COMMOT_CellChat; CellChatDB; LARIS_neurotransmitter; LIANA_mouseconsensus
Tnr,Itgav,4,COMMOT_CellChat; CellChatDB; LARIS_neurotransmitter; LIANA_mouseconsensus
Tnr,Sdc4,4,COMMOT_CellChat; CellChatDB; LARIS_neurotransmitter; stCASE
Tnxb,Itga2b,4,COMMOT_CellChat; CellChatDB; LARIS_neurotransmitter; LIANA_mouseconsensus
Tnxb,Itga8,4,COMMOT_CellChat; CellChatDB; LARIS_neurotransmitter; LIANA_mouseconsensus
Tnxb,Itga9,4,COMMOT_CellChat; CellChatDB; LARIS_neurotransmitter; LIANA_mouseconsensus
Tnxb,Itgav,4,COMMOT_CellChat; CellChatDB; LARIS_neurotransmitter; LIANA_mouseconsensus
Tnxb,Sdc4,4,COMMOT_CellChat; CellChatDB; LARIS_neurotransmitter; stCASE
Trf,Tfr2,4,CellTalkDB; LIANA_mouseconsensus; SPIDER_internal; stCASE
Try10,F2r,4,COMMOT_CellChat; CellChatDB; LARIS_neurotransmitter; LIANA_mouseconsensus
Try10,F2rl1,4,COMMOT_CellChat; CellChatDB; LARIS_neurotransmitter; LIANA_mouseconsensus
Try10,F2rl2,4,COMMOT_CellChat; CellChatDB; LARIS_neurotransmitter; LIANA_mouseconsensus
Try10,F2rl3,4,COMMOT_CellChat; CellChatDB; LARIS_neurotransmitter; LIANA_mouseconsensus
Try10,Pard3,4,COMMOT_CellChat; CellChatDB; LARIS_neurotransmitter; LIANA_mouseconsensus
Try5,F2r,4,COMMOT_CellChat; CellChatDB; LARIS_neurotransmitter; LIANA_mouseconsensus
Try5,F2rl1,4,COMMOT_CellChat; CellChatDB; LARIS_neurotransmitter; LIANA_mouseconsensus
Try5,F2rl2,4,COMMOT_CellChat; CellChatDB; LARIS_neurotransmitter; LIANA_mouseconsensus
Try5,F2rl3,4,COMMOT_CellChat; CellChatDB; LARIS_neurotransmitter; LIANA_mouseconsensus
Try5,Pard3,4,COMMOT_CellChat; CellChatDB; LARIS_neurotransmitter; LIANA_mouseconsensus
Ulbp1,Hcst,4,COMMOT_CellChat; CellChatDB; LARIS_neurotransmitter; stCASE
Vcan,Itgb1,4,LIANA_mouseconsensus; SpaCcLink; connectomeDB2020_lit; stCASE
Vcl,Alk,4,CellTalkDB; LIANA_mouseconsensus; SPIDER_internal; SpaCcLink
Vegfa,Itgav,4,CellTalkDB; LIANA_mouseconsensus; SPIDER_internal; SpaCcLink
Vegfa,Itgb3,4,CellTalkDB; LIANA_mouseconsensus; SPIDER_internal; SpaCcLink
Vegfc,Itga9,4,CellTalkDB; LIANA_mouseconsensus; SPIDER_internal; SpaCcLink
Vegfc,Itgb1,4,CellTalkDB; LIANA_mouseconsensus; SPIDER_internal; SpaCcLink
Vegfc,Vipr2,4,LIANA_mouseconsensus; SpaCcLink; connectomeDB2020_lit; stCASE
Vegfd,Nrp2,4,CellTalkDB; SPIDER_internal; connectomeDB2020_lit; stCASE
Vip,Dpp4,4,CellTalkDB; LIANA_mouseconsensus; SPIDER_internal; SpaCcLink
Vip,Ramp1,4,CellTalkDB; LIANA_mouseconsensus; SPIDER_internal; SpaCcLink
Vip,Ramp2,4,CellTalkDB; LIANA_mouseconsensus; SPIDER_internal; SpaCcLink
Vip,Ramp3,4,CellTalkDB; LIANA_mouseconsensus; SPIDER_internal; SpaCcLink
Vsir,Igsf11,4,COMMOT_CellChat; CellChatDB; LARIS_neurotransmitter; stCASE
Vtn,Itga2b,4,COMMOT_CellChat; CellChatDB; LARIS_neurotransmitter; LIANA_mouseconsensus
Vtn,Itga5,4,LIANA_mouseconsensus; SpaCcLink; connectomeDB2020_lit; stCASE
Vtn,Itgb6,4,LIANA_mouseconsensus; SpaCcLink; connectomeDB2020_lit; stCASE
Vtn,Tnfrsf11b,4,LIANA_mouseconsensus; SpaCcLink; connectomeDB2020_lit; stCASE
Vwf,Itga4,4,CellTalkDB; LIANA_mouseconsensus; SPIDER_internal; SpaCcLink
Vwf,Lrp1,4,CellTalkDB; LIANA_mouseconsensus; SPIDER_internal; SpaCcLink
Wnt1,Ryk,4,LIANA_mouseconsensus; SpaCcLink; connectomeDB2020_lit; stCASE
Wnt10a,Fzd2,4,COMMOT_CellChat; CellChatDB; LARIS_neurotransmitter; LIANA_mouseconsensus
Wnt10a,Fzd3,4,COMMOT_CellChat; CellChatDB; LARIS_neurotransmitter; LIANA_mouseconsensus
Wnt10a,Fzd4,4,COMMOT_CellChat; CellChatDB; LARIS_neurotransmitter; LIANA_mouseconsensus
Wnt10a,Fzd6,4,COMMOT_CellChat; CellChatDB; LARIS_neurotransmitter; LIANA_mouseconsensus
Wnt10a,Fzd7,4,COMMOT_CellChat; CellChatDB; LARIS_neurotransmitter; LIANA_mouseconsensus
Wnt10a,Fzd9,4,COMMOT_CellChat; CellChatDB; LARIS_neurotransmitter; LIANA_mouseconsensus
Wnt10b,Fzd1,4,COMMOT_CellChat; CellChatDB; LARIS_neurotransmitter; LIANA_mouseconsensus
Wnt10b,Fzd10,4,COMMOT_CellChat; CellChatDB; LARIS_neurotransmitter; LIANA_mouseconsensus
Wnt10b,Fzd2,4,COMMOT_CellChat; CellChatDB; LARIS_neurotransmitter; LIANA_mouseconsensus
Wnt10b,Fzd3,4,COMMOT_CellChat; CellChatDB; LARIS_neurotransmitter; LIANA_mouseconsensus
Wnt10b,Fzd9,4,COMMOT_CellChat; CellChatDB; LARIS_neurotransmitter; LIANA_mouseconsensus
Wnt11,Fzd1,4,COMMOT_CellChat; CellChatDB; LARIS_neurotransmitter; stCASE
Wnt11,Musk,4,CellTalkDB; LIANA_mouseconsensus; SPIDER_internal; stCASE
Wnt16,Fzd1,4,COMMOT_CellChat; CellChatDB; LARIS_neurotransmitter; LIANA_mouseconsensus
Wnt16,Fzd10,4,COMMOT_CellChat; CellChatDB; LARIS_neurotransmitter; LIANA_mouseconsensus
Wnt16,Fzd3,4,COMMOT_CellChat; CellChatDB; LARIS_neurotransmitter; LIANA_mouseconsensus
Wnt16,Fzd4,4,COMMOT_CellChat; CellChatDB; LARIS_neurotransmitter; LIANA_mouseconsensus
Wnt16,Fzd5,4,COMMOT_CellChat; CellChatDB; LARIS_neurotransmitter; LIANA_mouseconsensus
Wnt16,Fzd6,4,COMMOT_CellChat; CellChatDB; LARIS_neurotransmitter; LIANA_mouseconsensus
Wnt16,Fzd7,4,COMMOT_CellChat; CellChatDB; LARIS_neurotransmitter; LIANA_mouseconsensus
Wnt16,Fzd8,4,COMMOT_CellChat; CellChatDB; LARIS_neurotransmitter; LIANA_mouseconsensus
Wnt16,Fzd9,4,COMMOT_CellChat; CellChatDB; LARIS_neurotransmitter; LIANA_mouseconsensus
Wnt2,Fzd10,4,COMMOT_CellChat; CellChatDB; LARIS_neurotransmitter; LIANA_mouseconsensus
Wnt2,Fzd6,4,COMMOT_CellChat; CellChatDB; LARIS_neurotransmitter; LIANA_mouseconsensus
Wnt2b,Fzd1,4,COMMOT_CellChat; CellChatDB; LARIS_neurotransmitter; LIANA_mouseconsensus
Wnt2b,Fzd10,4,COMMOT_CellChat; CellChatDB; LARIS_neurotransmitter; LIANA_mouseconsensus
Wnt2b,Fzd2,4,COMMOT_CellChat; CellChatDB; LARIS_neurotransmitter; LIANA_mouseconsensus
Wnt2b,Fzd3,4,COMMOT_CellChat; CellChatDB; LARIS_neurotransmitter; LIANA_mouseconsensus
Wnt2b,Fzd5,4,COMMOT_CellChat; CellChatDB; LARIS_neurotransmitter; LIANA_mouseconsensus
Wnt2b,Fzd6,4,COMMOT_CellChat; CellChatDB; LARIS_neurotransmitter; LIANA_mouseconsensus
Wnt2b,Fzd8,4,COMMOT_CellChat; CellChatDB; LARIS_neurotransmitter; LIANA_mouseconsensus
Wnt2b,Fzd9,4,COMMOT_CellChat; CellChatDB; LARIS_neurotransmitter; LIANA_mouseconsensus
Wnt3,Fzd10,4,COMMOT_CellChat; CellChatDB; LARIS_neurotransmitter; LIANA_mouseconsensus
Wnt3,Fzd4,4,COMMOT_CellChat; CellChatDB; LARIS_neurotransmitter; LIANA_mouseconsensus
Wnt3,Fzd9,4,COMMOT_CellChat; CellChatDB; LARIS_neurotransmitter; LIANA_mouseconsensus
Wnt3,Ror2,4,CellTalkDB; LIANA_mouseconsensus; SPIDER_internal; stCASE
Wnt3,Ryk,4,LIANA_mouseconsensus; SpaCcLink; connectomeDB2020_lit; stCASE
Wnt3a,Fzd9,4,COMMOT_CellChat; CellChatDB; LARIS_neurotransmitter; LIANA_mouseconsensus
Wnt3a,Lrp1,4,LIANA_mouseconsensus; SpaCcLink; connectomeDB2020_lit; stCASE
Wnt3a,Ryk,4,LIANA_mouseconsensus; SpaCcLink; connectomeDB2020_lit; stCASE
Wnt4,Fzd9,4,COMMOT_CellChat; CellChatDB; LARIS_neurotransmitter; LIANA_mouseconsensus
Wnt5b,Lrp6,4,CellTalkDB; LIANA_mouseconsensus; SPIDER_internal; SpaCcLink
Wnt6,Fzd1,4,COMMOT_CellChat; CellChatDB; LARIS_neurotransmitter; LIANA_mouseconsensus
Wnt6,Fzd10,4,COMMOT_CellChat; CellChatDB; LARIS_neurotransmitter; LIANA_mouseconsensus
Wnt6,Fzd2,4,COMMOT_CellChat; CellChatDB; LARIS_neurotransmitter; LIANA_mouseconsensus
Wnt6,Fzd3,4,COMMOT_CellChat; CellChatDB; LARIS_neurotransmitter; LIANA_mouseconsensus
Wnt6,Fzd4,4,COMMOT_CellChat; CellChatDB; LARIS_neurotransmitter; LIANA_mouseconsensus
Wnt6,Fzd5,4,COMMOT_CellChat; CellChatDB; LARIS_neurotransmitter; LIANA_mouseconsensus
Wnt6,Fzd6,4,COMMOT_CellChat; CellChatDB; LARIS_neurotransmitter; LIANA_mouseconsensus
Wnt6,Fzd8,4,COMMOT_CellChat; CellChatDB; LARIS_neurotransmitter; LIANA_mouseconsensus
Wnt6,Fzd9,4,COMMOT_CellChat; CellChatDB; LARIS_neurotransmitter; LIANA_mouseconsensus
Wnt7a,Fzd2,4,COMMOT_CellChat; CellChatDB; LARIS_neurotransmitter; LIANA_mouseconsensus
Wnt7a,Fzd6,4,COMMOT_CellChat; CellChatDB; LARIS_neurotransmitter; LIANA_mouseconsensus
Wnt7a,Fzd8,4,COMMOT_CellChat; CellChatDB; LARIS_neurotransmitter; LIANA_mouseconsensus
Wnt7b,Fzd2,4,COMMOT_CellChat; CellChatDB; LARIS_neurotransmitter; LIANA_mouseconsensus
Wnt7b,Fzd6,4,COMMOT_CellChat; CellChatDB; LARIS_neurotransmitter; LIANA_mouseconsensus
Wnt7b,Fzd9,4,COMMOT_CellChat; CellChatDB; LARIS_neurotransmitter; LIANA_mouseconsensus
Wnt8a,Fzd10,4,COMMOT_CellChat; CellChatDB; LARIS_neurotransmitter; LIANA_mouseconsensus
Wnt8a,Fzd2,4,COMMOT_CellChat; CellChatDB; LARIS_neurotransmitter; LIANA_mouseconsensus
Wnt8a,Fzd3,4,COMMOT_CellChat; CellChatDB; LARIS_neurotransmitter; LIANA_mouseconsensus
Wnt8a,Fzd6,4,COMMOT_CellChat; CellChatDB; LARIS_neurotransmitter; LIANA_mouseconsensus
Wnt8a,Fzd9,4,COMMOT_CellChat; CellChatDB; LARIS_neurotransmitter; LIANA_mouseconsensus
Wnt8b,Fzd1,4,COMMOT_CellChat; CellChatDB; LARIS_neurotransmitter; LIANA_mouseconsensus
Wnt8b,Fzd2,4,COMMOT_CellChat; CellChatDB; LARIS_neurotransmitter; LIANA_mouseconsensus
Wnt8b,Fzd3,4,COMMOT_CellChat; CellChatDB; LARIS_neurotransmitter; LIANA_mouseconsensus
Wnt8b,Fzd4,4,COMMOT_CellChat; CellChatDB; LARIS_neurotransmitter; LIANA_mouseconsensus
Wnt8b,Fzd5,4,COMMOT_CellChat; CellChatDB; LARIS_neurotransmitter; LIANA_mouseconsensus
Wnt8b,Fzd6,4,COMMOT_CellChat; CellChatDB; LARIS_neurotransmitter; LIANA_mouseconsensus
Wnt8b,Fzd8,4,COMMOT_CellChat; CellChatDB; LARIS_neurotransmitter; LIANA_mouseconsensus
Wnt8b,Fzd9,4,COMMOT_CellChat; CellChatDB; LARIS_neurotransmitter; LIANA_mouseconsensus
Wnt9a,Fzd1,4,COMMOT_CellChat; CellChatDB; LARIS_neurotransmitter; LIANA_mouseconsensus
Wnt9a,Fzd2,4,COMMOT_CellChat; CellChatDB; LARIS_neurotransmitter; LIANA_mouseconsensus
Wnt9a,Fzd3,4,COMMOT_CellChat; CellChatDB; LARIS_neurotransmitter; LIANA_mouseconsensus
Wnt9a,Fzd5,4,COMMOT_CellChat; CellChatDB; LARIS_neurotransmitter; LIANA_mouseconsensus
Wnt9a,Fzd6,4,COMMOT_CellChat; CellChatDB; LARIS_neurotransmitter; LIANA_mouseconsensus
Wnt9a,Fzd8,4,COMMOT_CellChat; CellChatDB; LARIS_neurotransmitter; LIANA_mouseconsensus
Wnt9b,Fzd1,4,COMMOT_CellChat; CellChatDB; LARIS_neurotransmitter; LIANA_mouseconsensus
Wnt9b,Fzd2,4,COMMOT_CellChat; CellChatDB; LARIS_neurotransmitter; LIANA_mouseconsensus
Wnt9b,Fzd3,4,COMMOT_CellChat; CellChatDB; LARIS_neurotransmitter; LIANA_mouseconsensus
Wnt9b,Fzd6,4,COMMOT_CellChat; CellChatDB; LARIS_neurotransmitter; LIANA_mouseconsensus
Wnt9b,Fzd7,4,COMMOT_CellChat; CellChatDB; LARIS_neurotransmitter; LIANA_mouseconsensus
Wnt9b,Fzd9,4,COMMOT_CellChat; CellChatDB; LARIS_neurotransmitter; LIANA_mouseconsensus
A,Atrn,3,CellTalkDB; LIANA_mouseconsensus; SPIDER_internal
A2m,Lrp1,3,LIANA_mouseconsensus; SpaCcLink; connectomeDB2020_lit
Aanat,Mtnr1a,3,LIANA_mouseconsensus; SpaCcLink; connectomeDB2020_lit
Aanat,Mtnr1b,3,LIANA_mouseconsensus; SpaCcLink; connectomeDB2020_lit
Ace,Agtr2,3,LIANA_mouseconsensus; SpaCcLink; stCASE
Ada,Adora1,3,CellTalkDB; SPIDER_internal; SpaCcLink
Ada,Adora2b,3,CellTalkDB; SPIDER_internal; SpaCcLink
Adam10,Cadm1,3,CellTalkDB; LIANA_mouseconsensus; SPIDER_internal
Adam10,Erbb2,3,CellTalkDB; SPIDER_internal; SpaCcLink
Adam10,Itgav,3,CellTalkDB; SPIDER_internal; SpaCcLink
Adam10,Lrp1,3,CellTalkDB; SPIDER_internal; SpaCcLink
Adam12,Epha1,3,CellTalkDB; SPIDER_internal; SpaCcLink
Adam12,Tgfbr2,3,CellTalkDB; SPIDER_internal; SpaCcLink
Adam17,Aplp2,3,CellTalkDB; SPIDER_internal; SpaCcLink
Adam17,Cd40,3,CellTalkDB; SPIDER_internal; SpaCcLink
Adam17,Ghr,3,CellTalkDB; SPIDER_internal; SpaCcLink
Adam17,Itga6,3,CellTalkDB; SPIDER_internal; SpaCcLink
Adam17,Itgb6,3,CellTalkDB; SPIDER_internal; SpaCcLink
Adam17,Nectin4,3,CellTalkDB; SPIDER_internal; SpaCcLink
Adam17,Notch2,3,CellTalkDB; SPIDER_internal; SpaCcLink
Adam17,Rhbdf2,3,CellTalkDB; LIANA_mouseconsensus; SPIDER_internal
Adam17,Tnfrsf1a,3,CellTalkDB; SPIDER_internal; SpaCcLink
Adam17,Tnfrsf1b,3,CellTalkDB; SPIDER_internal; SpaCcLink
Adamts3,Ccbe1,3,CellTalkDB; LIANA_mouseconsensus; SPIDER_internal
Adm2,Calcr,3,LIANA_mouseconsensus; SpaCcLink; connectomeDB2020_lit
Adm2,Ramp2,3,LIANA_mouseconsensus; connectomeDB2020_lit; stCASE
Afdn,Nrxn3,3,CellTalkDB; SPIDER_internal; SpaCcLink
Agtrap,Rack1,3,CellTalkDB; SPIDER_internal; SpaCcLink
Alox5ap,Alox5,3,CellTalkDB; SPIDER_internal; SpaCcLink
Ambn,Cd63,3,LIANA_mouseconsensus; connectomeDB2020_lit; stCASE
Amh,Bmpr1b,3,CellChatDB; LARIS_neurotransmitter; LIANA_mouseconsensus
Ang,Plxnb2,3,LIANA_mouseconsensus; connectomeDB2020_lit; stCASE
Angpt1,Tie1,3,LIANA_mouseconsensus; connectomeDB2020_lit; stCASE
Angpt2,Itgav,3,CellTalkDB; SPIDER_internal; SpaCcLink
Angpt2,Itgb2,3,CellTalkDB; SPIDER_internal; SpaCcLink
Angpt2,Tie1,3,LIANA_mouseconsensus; connectomeDB2020_lit; stCASE
Angptl4,Gpihbp1,3,CellTalkDB; SPIDER_internal; SpaCcLink
Angptl8,Gpihbp1,3,CellTalkDB; SPIDER_internal; SpaCcLink
Anxa2,Cd44,3,CellTalkDB; SPIDER_internal; SpaCcLink
Apoa1,Lrp2,3,CellTalkDB; LIANA_mouseconsensus; SPIDER_internal
Apob,Cd36,3,CellTalkDB; SPIDER_internal; SpaCcLink
Apob,Trem2,3,CellChatDB; LARIS_neurotransmitter; LIANA_mouseconsensus
Apoc1,Vldlr,3,CellTalkDB; SPIDER_internal; SpaCcLink
Apoc3,Gpihbp1,3,CellTalkDB; SPIDER_internal; SpaCcLink
Apoc3,Ldlr,3,CellTalkDB; SPIDER_internal; SpaCcLink
Apoc3,Lrp1,3,CellTalkDB; SPIDER_internal; SpaCcLink
Apoe,Sdc1,3,CellTalkDB; SPIDER_internal; SpaCcLink
Apoe,Sdc4,3,CellTalkDB; SPIDER_internal; SpaCcLink
App,Casr,3,CellTalkDB; SPIDER_internal; SpaCcLink
App,Cd47,3,CellTalkDB; SPIDER_internal; SpaCcLink
App,Drd3,3,CellTalkDB; SPIDER_internal; SpaCcLink
App,Notch1,3,CellTalkDB; SPIDER_internal; SpaCcLink
App,Trpc6,3,CellTalkDB; SPIDER_internal; SpaCcLink
App,Tspan12,3,CellTalkDB; LIANA_mouseconsensus; SPIDER_internal
App,Tspan15,3,CellTalkDB; LIANA_mouseconsensus; SPIDER_internal
Areg,Erbb4,3,CellTalkDB; SPIDER_internal; SpaCcLink
Areg,Igf1r,3,CellTalkDB; SPIDER_internal; SpaCcLink
Arf1,Chrm3,3,LIANA_mouseconsensus; SpaCcLink; connectomeDB2020_lit
Arf1,Insr,3,LIANA_mouseconsensus; SpaCcLink; connectomeDB2020_lit
Arf1,Pld2,3,LIANA_mouseconsensus; SpaCcLink; connectomeDB2020_lit
Artn,Sdc3,3,CellTalkDB; SPIDER_internal; SpaCcLink
Bag6,Ncr3-ps,3,COMMOT_CellChat; CellChatDB; LARIS_neurotransmitter
Bdnf,Bex3,3,CellTalkDB; SPIDER_internal; SpaCcLink
Bdnf,Insrr,3,CellTalkDB; SPIDER_internal; SpaCcLink
Bdnf,Ntrk1,3,CellTalkDB; SPIDER_internal; SpaCcLink
Bdnf,Ntrk3,3,CellTalkDB; SPIDER_internal; SpaCcLink
Bgn,Cd44,3,CellTalkDB; SPIDER_internal; SpaCcLink
Bgn,P2rx4,3,CellTalkDB; SPIDER_internal; SpaCcLink
Bgn,P2rx7,3,CellTalkDB; SPIDER_internal; SpaCcLink
Bmp10,Alk,3,CellTalkDB; SPIDER_internal; SpaCcLink
Bmp10,Tgfbr1,3,CellTalkDB; SPIDER_internal; SpaCcLink
Bmp15,Acvr1b,3,CellTalkDB; SPIDER_internal; SpaCcLink
Bmp15,Acvr1c,3,CellTalkDB; SPIDER_internal; SpaCcLink
Bmp2,Eng,3,LIANA_mouseconsensus; connectomeDB2020_lit; stCASE
Bmp2,Hjv,3,CellTalkDB; SPIDER_internal; connectomeDB2020_lit
Bmp6,Hjv,3,CellTalkDB; SPIDER_internal; connectomeDB2020_lit
Bmp7,Acvrl1,3,CellTalkDB; SPIDER_internal; SpaCcLink
Bmp7,Eng,3,LIANA_mouseconsensus; connectomeDB2020_lit; stCASE
Bmp8b,Acvr1,3,COMMOT_CellChat; CellChatDB; LARIS_neurotransmitter
Bmp8b,Tgfbr2,3,CellTalkDB; SPIDER_internal; SpaCcLink
Bsg,Cav1,3,CellTalkDB; SPIDER_internal; SpaCcLink
Bsg,Cd44,3,CellTalkDB; SPIDER_internal; SpaCcLink
Bsg,Itgb2,3,CellTalkDB; SPIDER_internal; SpaCcLink
Bsg,Spn,3,CellTalkDB; SPIDER_internal; SpaCcLink
Bst2,Pira2,3,COMMOT_CellChat; CellChatDB; LARIS_neurotransmitter
C1qb,Lrp1,3,LIANA_mouseconsensus; SpaCcLink; connectomeDB2020_lit
C1qtnf5,Mfrp,3,CellTalkDB; LIANA_mouseconsensus; SPIDER_internal
C3,Cd55,3,CellTalkDB; SPIDER_internal; SpaCcLink
C3,Cd81,3,CellTalkDB; LIANA_mouseconsensus; SPIDER_internal
C4a,C5ar2,3,LIANA_mouseconsensus; SpaCcLink; connectomeDB2020_lit
C4b,C3ar1,3,LIANA_mouseconsensus; SpaCcLink; stCASE
Cadm1,Cadm1,3,COMMOT_CellChat; CellChatDB; connectomeDB2020_lit
Cadm1,Crtam,3,LIANA_mouseconsensus; SpaCcLink; connectomeDB2020_lit
Cadm1,Nectin3,3,CellChatDB; LARIS_neurotransmitter; connectomeDB2020_lit
Cadm3,Nectin3,3,CellChatDB; LARIS_neurotransmitter; connectomeDB2020_lit
Calcb,Ramp2,3,CellChatDB; LARIS_neurotransmitter; stCASE
Calcb,Ramp3,3,CellChatDB; LARIS_neurotransmitter; stCASE
Calm1,Adcy8,3,CellTalkDB; SPIDER_internal; SpaCcLink
Calm1,Cacna1c,3,CellTalkDB; SPIDER_internal; SpaCcLink
Calm1,Cnga2,3,CellTalkDB; SPIDER_internal; SpaCcLink
Calm1,Fas,3,CellTalkDB; SPIDER_internal; SpaCcLink
Calm1,Grm4,3,CellTalkDB; SPIDER_internal; SpaCcLink
Calm1,Kcnn4,3,CellTalkDB; SPIDER_internal; SpaCcLink
Calm1,Kcnq1,3,CellTalkDB; SPIDER_internal; SpaCcLink
Calm1,Kcnq3,3,CellTalkDB; SPIDER_internal; SpaCcLink
Calm1,Mip,3,CellTalkDB; SPIDER_internal; SpaCcLink
Calm1,Mylk,3,CellTalkDB; SPIDER_internal; SpaCcLink
Calm1,Oprm1,3,CellTalkDB; SPIDER_internal; SpaCcLink
Calm1,Scn10a,3,CellTalkDB; SPIDER_internal; SpaCcLink
Calm1,Scn4a,3,CellTalkDB; SPIDER_internal; SpaCcLink
Calm1,Trpc5,3,CellTalkDB; SPIDER_internal; SpaCcLink
Calm2,Adcy8,3,CellTalkDB; SPIDER_internal; SpaCcLink
Calm2,Cacna1c,3,CellTalkDB; SPIDER_internal; SpaCcLink
Calm2,Grm7,3,CellTalkDB; SPIDER_internal; SpaCcLink
Calm2,Kcnq3,3,CellTalkDB; SPIDER_internal; SpaCcLink
Calm2,Mylk,3,CellTalkDB; SPIDER_internal; SpaCcLink
Calm2,Scn10a,3,CellTalkDB; SPIDER_internal; SpaCcLink
Calm2,Scn4a,3,CellTalkDB; SPIDER_internal; SpaCcLink
Calm2,Trpc5,3,CellTalkDB; SPIDER_internal; SpaCcLink
Calm3,Adcy8,3,CellTalkDB; SPIDER_internal; SpaCcLink
Calm3,Grm7,3,CellTalkDB; SPIDER_internal; SpaCcLink
Calm3,Kcnq3,3,CellTalkDB; SPIDER_internal; SpaCcLink
Calm3,Mylk,3,CellTalkDB; SPIDER_internal; SpaCcLink
Calm3,Scn10a,3,CellTalkDB; SPIDER_internal; SpaCcLink
Calm3,Scn4a,3,CellTalkDB; SPIDER_internal; SpaCcLink
Calm3,Trpc5,3,CellTalkDB; SPIDER_internal; SpaCcLink
Calr,Itga2b,3,LIANA_mouseconsensus; SpaCcLink; stCASE
Camp,Fpr2,3,LIANA_mouseconsensus; SpaCcLink; connectomeDB2020_lit
Ccl1,Ackr1,3,COMMOT_CellChat; CellChatDB; LARIS_neurotransmitter
Ccl19,Ackr2,3,SpaCcLink; connectomeDB2020_lit; stCASE
Ccl19,Ccr10,3,SpaCcLink; connectomeDB2020_lit; stCASE
Ccl2,Ackr4,3,LIANA_mouseconsensus; connectomeDB2020_lit; stCASE
Ccl20,Ackr4,3,LIANA_mouseconsensus; connectomeDB2020_lit; stCASE
Ccl21,Ackr4,3,CellChatDB; LARIS_neurotransmitter; connectomeDB2020_lit
Ccl21a,Ackr2,3,CellTalkDB; SPIDER_internal; SpaCcLink
Ccl21a,Ackr4,3,COMMOT_CellChat; CellChatDB; LARIS_neurotransmitter
Ccl21a,Cxcr3,3,CellTalkDB; SPIDER_internal; SpaCcLink
Ccl21c,Ccr7,3,COMMOT_CellChat; CellTalkDB; SpaCcLink
Ccl21d,Ackr4,3,CellChatDB; LARIS_neurotransmitter; stCASE
Ccl26,Ackr2,3,COMMOT_CellChat; CellChatDB; LARIS_neurotransmitter
Ccl26,Cx3cr1,3,CellTalkDB; SPIDER_internal; SpaCcLink
Ccl27a,Ackr2,3,CellTalkDB; SPIDER_internal; SpaCcLink
Ccl27a,Ccr2,3,COMMOT_CellChat; CellChatDB; LARIS_neurotransmitter
Ccl27a,Ccr3,3,COMMOT_CellChat; CellChatDB; LARIS_neurotransmitter
Ccl3,Ccr1l1,3,COMMOT_CellChat; CellChatDB; LARIS_neurotransmitter
Ccl3,Ccr4,3,SpaCcLink; connectomeDB2020_lit; stCASE
Ccl5,Ccr1l1,3,COMMOT_CellChat; CellChatDB; LARIS_neurotransmitter
Ccl5,Ccrl2,3,CellTalkDB; LIANA_mouseconsensus; SPIDER_internal
Ccl6,Ccr1l1,3,COMMOT_CellChat; CellChatDB; LARIS_neurotransmitter
Ccl6,Ccr2,3,COMMOT_CellChat; CellChatDB; LARIS_neurotransmitter
Ccl6,Ccr3,3,COMMOT_CellChat; CellChatDB; LARIS_neurotransmitter
Ccl7,Ackr2,3,SpaCcLink; connectomeDB2020_lit; stCASE
Ccl7,Ccr1l1,3,COMMOT_CellChat; CellChatDB; LARIS_neurotransmitter
Ccl8,Ccr1l1,3,COMMOT_CellChat; CellChatDB; LARIS_neurotransmitter
Ccl8,Ccr8,3,CellTalkDB; SPIDER_internal; SpaCcLink
Ccl9,Ccr1l1,3,COMMOT_CellChat; CellChatDB; LARIS_neurotransmitter
Ccn1,Tlr2,3,CellTalkDB; SPIDER_internal; SpaCcLink
Ccn2,Egfr,3,CellTalkDB; SPIDER_internal; SpaCcLink
Cd14,C3ar1,3,CellTalkDB; SPIDER_internal; SpaCcLink
Cd14,Cd55,3,CellTalkDB; SPIDER_internal; SpaCcLink
Cd14,Ly96,3,CellTalkDB; SPIDER_internal; SpaCcLink
Cd14,Tlr2,3,CellTalkDB; SPIDER_internal; SpaCcLink
Cd14,Tlr3,3,CellTalkDB; SPIDER_internal; SpaCcLink
Cd177,Pecam1,3,LIANA_mouseconsensus; connectomeDB2020_lit; stCASE
Cd1d1,Ceacam5,3,COMMOT_CellChat; CellChatDB; LARIS_neurotransmitter
Cd1d2,Pira2,3,COMMOT_CellChat; CellChatDB; LARIS_neurotransmitter
Cd200,Cd200r1l,3,CellChatDB; LARIS_neurotransmitter; connectomeDB2020_lit
Cd200,Cd200r3,3,COMMOT_CellChat; CellChatDB; LARIS_neurotransmitter
Cd209a,Ceacam1,3,COMMOT_CellChat; CellChatDB; LARIS_neurotransmitter
Cd226,Nectin2,3,COMMOT_CellChat; connectomeDB2020_lit; stCASE
Cd226,Pvr,3,COMMOT_CellChat; connectomeDB2020_lit; stCASE
Cd28,Cd80,3,LIANA_mouseconsensus; connectomeDB2020_lit; stCASE
Cd28,Cd86,3,LIANA_mouseconsensus; connectomeDB2020_lit; stCASE
Cd40lg,Traf1,3,CellTalkDB; SPIDER_internal; SpaCcLink
Cd40lg,Traf2,3,CellTalkDB; SPIDER_internal; SpaCcLink
Cd48,Cd2,3,LIANA_mouseconsensus; connectomeDB2020_lit; stCASE
Cd52,Siglecg,3,COMMOT_CellChat; CellChatDB; LARIS_neurotransmitter
Cd55,Adgre5,3,CellChatDB; LARIS_neurotransmitter; connectomeDB2020_lit
Cd5l,Cd5,3,LIANA_mouseconsensus; connectomeDB2020_lit; stCASE
Cd8a,Ceacam5,3,COMMOT_CellChat; CellChatDB; LARIS_neurotransmitter
Cd96,Nectin1,3,COMMOT_CellChat; connectomeDB2020_lit; stCASE
Cdh1,Cdh1,3,COMMOT_CellChat; CellChatDB; stCASE
Cdh1,Fgfr1,3,CellTalkDB; SPIDER_internal; SpaCcLink
Cdh1,Ptprf,3,LIANA_mouseconsensus; SpaCcLink; stCASE
Cdh1,Ptprj,3,CellTalkDB; SPIDER_internal; SpaCcLink
Cdh15,Cdh15,3,COMMOT_CellChat; CellChatDB; stCASE
Cdh2,Cdh2,3,COMMOT_CellChat; CellChatDB; stCASE
Cdh4,Cdh4,3,COMMOT_CellChat; CellChatDB; stCASE
Cdh5,Cdh5,3,COMMOT_CellChat; CellChatDB; stCASE
Ceacam1,Ceacam5,3,COMMOT_CellChat; CellChatDB; LARIS_neurotransmitter
Ceacam1,Havcr2,3,LIANA_mouseconsensus; connectomeDB2020_lit; stCASE
Ceacam1,Plaur,3,CellTalkDB; SPIDER_internal; SpaCcLink
Ceacam1,Sdc4,3,CellTalkDB; SPIDER_internal; SpaCcLink
Ceacam16,Tecta,3,CellTalkDB; LIANA_mouseconsensus; SPIDER_internal
Ceacam16,Tectb,3,CellTalkDB; LIANA_mouseconsensus; SPIDER_internal
Cfh,Sell,3,CellTalkDB; SPIDER_internal; connectomeDB2020_lit
Cldn11,Cldn11,3,COMMOT_CellChat; CellChatDB; stCASE
Clec2d,Klrb1,3,CellChatDB; LARIS_neurotransmitter; connectomeDB2020_lit
Clec2f,Klrb1a,3,CellChatDB; LARIS_neurotransmitter; stCASE
Clec2f,Klrb1f,3,COMMOT_CellChat; CellChatDB; LARIS_neurotransmitter
Clec2g,Klrb1,3,COMMOT_CellChat; CellChatDB; LARIS_neurotransmitter
Clec2g,Klrb1f,3,COMMOT_CellChat; CellChatDB; LARIS_neurotransmitter
Clec2h,Klrb1,3,COMMOT_CellChat; CellChatDB; LARIS_neurotransmitter
Clec2h,Klrb1a,3,CellChatDB; LARIS_neurotransmitter; stCASE
Clec2i,Klrb1,3,COMMOT_CellChat; CellChatDB; LARIS_neurotransmitter
Clec2i,Klrb1f,3,COMMOT_CellChat; CellChatDB; LARIS_neurotransmitter
Clec4g,Tyrobp,3,CellTalkDB; SPIDER_internal; SpaCcLink
Clu,Lrp2,3,CellTalkDB; SPIDER_internal; stCASE
Clu,Vldlr,3,CellTalkDB; SPIDER_internal; SpaCcLink
Cntn1,Ptprz1,3,LIANA_mouseconsensus; connectomeDB2020_lit; stCASE
Cntn2,Cntn2,3,COMMOT_CellChat; CellChatDB; stCASE
Cntn2,Nrcam,3,LIANA_mouseconsensus; connectomeDB2020_lit; stCASE
Cntn4,Ptprg,3,LIANA_mouseconsensus; connectomeDB2020_lit; stCASE
Col11a1,Ddr1,3,LIANA_mouseconsensus; connectomeDB2020_lit; stCASE
Col18a1,Ptprs,3,LIANA_mouseconsensus; connectomeDB2020_lit; stCASE
Col1a1,Ddr1,3,LIANA_mouseconsensus; connectomeDB2020_lit; stCASE
Col1a1,Ddr2,3,LIANA_mouseconsensus; connectomeDB2020_lit; stCASE
Col1a2,Cd36,3,LIANA_mouseconsensus; SpaCcLink; stCASE
Col1a2,Itga2b,3,LIANA_mouseconsensus; SpaCcLink; stCASE
Col2a1,Ddr1,3,LIANA_mouseconsensus; connectomeDB2020_lit; stCASE
Col2a1,Tnfrsf10b,3,LIANA_mouseconsensus; SpaCcLink; stCASE
Col3a1,Ddr1,3,LIANA_mouseconsensus; connectomeDB2020_lit; stCASE
Col4a3,Cd93,3,LIANA_mouseconsensus; connectomeDB2020_lit; stCASE
Col4a5,Cd93,3,LIANA_mouseconsensus; connectomeDB2020_lit; stCASE
Col5a2,Ddr1,3,LIANA_mouseconsensus; connectomeDB2020_lit; stCASE
Col6a4,Cd44,3,COMMOT_CellChat; CellChatDB; LARIS_neurotransmitter
Col6a4,Gp6,3,COMMOT_CellChat; CellChatDB; LARIS_neurotransmitter
Col6a4,Itga1,3,COMMOT_CellChat; CellChatDB; LARIS_neurotransmitter
Col6a4,Itga10,3,COMMOT_CellChat; CellChatDB; LARIS_neurotransmitter
Col6a4,Itga11,3,COMMOT_CellChat; CellChatDB; LARIS_neurotransmitter
Col6a4,Itga2,3,COMMOT_CellChat; CellChatDB; LARIS_neurotransmitter
Col6a4,Itga3,3,COMMOT_CellChat; CellChatDB; LARIS_neurotransmitter
Col6a4,Itga9,3,COMMOT_CellChat; CellChatDB; LARIS_neurotransmitter
Col6a4,Itgav,3,COMMOT_CellChat; CellChatDB; LARIS_neurotransmitter
Col6a4,Itgb1,3,COMMOT_CellChat; CellChatDB; LARIS_neurotransmitter
Col6a4,Itgb8,3,COMMOT_CellChat; CellChatDB; LARIS_neurotransmitter
Col6a4,Sdc1,3,COMMOT_CellChat; CellChatDB; LARIS_neurotransmitter
Col6a4,Sdc4,3,COMMOT_CellChat; CellChatDB; LARIS_neurotransmitter
Comp,Itga7,3,CellTalkDB; SPIDER_internal; SpaCcLink
Comp,Notch1,3,CellTalkDB; SPIDER_internal; SpaCcLink
Comp,Notch3,3,CellTalkDB; SPIDER_internal; SpaCcLink
Crisp2,Catsper1,3,CellTalkDB; LIANA_mouseconsensus; SPIDER_internal
Crlf1,Cntfr,3,LIANA_mouseconsensus; connectomeDB2020_lit; stCASE
Crp,Fcgr1,3,CellTalkDB; SPIDER_internal; SpaCcLink
Crp,Tlr4,3,CellTalkDB; SPIDER_internal; SpaCcLink
Csf1,Flt4,3,CellTalkDB; SPIDER_internal; SpaCcLink
Cthrc1,Ror2,3,LIANA_mouseconsensus; connectomeDB2020_lit; stCASE
Ctla4,Cd80,3,CellTalkDB; SPIDER_internal; SpaCcLink
Ctsd,Lrp1,3,CellTalkDB; SPIDER_internal; SpaCcLink
Cubn,Lrp2,3,CellTalkDB; LIANA_mouseconsensus; SPIDER_internal
Cx3cl1,Itga4,3,CellTalkDB; SPIDER_internal; SpaCcLink
Cx3cl1,Itgb1,3,CellTalkDB; SPIDER_internal; SpaCcLink
Cxcl1,Xcr1,3,LIANA_mouseconsensus; SpaCcLink; stCASE
Cxcl10,Ccr3,3,LIANA_mouseconsensus; SpaCcLink; connectomeDB2020_lit
Cxcl10,Cxcr4,3,CellTalkDB; SPIDER_internal; SpaCcLink
Cxcl12,Agtr1a,3,CellTalkDB; SPIDER_internal; SpaCcLink
Cxcl12,Gpr17,3,CellTalkDB; SPIDER_internal; SpaCcLink
Cxcl12,Oprd1,3,CellTalkDB; SPIDER_internal; SpaCcLink
Cxcl12,Oprm1,3,CellTalkDB; SPIDER_internal; SpaCcLink
Cxcl3,Ackr1,3,COMMOT_CellChat; CellChatDB; LARIS_neurotransmitter
Cxcl3,Cxcr3,3,CellTalkDB; SPIDER_internal; SpaCcLink
Cxcl9,Dpp4,3,CellTalkDB; SPIDER_internal; SpaCcLink
Dcn,Egfr,3,LIANA_mouseconsensus; SpaCcLink; connectomeDB2020_lit
Dcn,Tlr2,3,LIANA_mouseconsensus; connectomeDB2020_lit; stCASE
Dcn,Tlr4,3,LIANA_mouseconsensus; connectomeDB2020_lit; stCASE
Dhh,Hhip,3,LIANA_mouseconsensus; SpaCcLink; connectomeDB2020_lit
Dkk2,Kremen1,3,LIANA_mouseconsensus; connectomeDB2020_lit; stCASE
Dkk4,Kremen2,3,LIANA_mouseconsensus; connectomeDB2020_lit; stCASE
Dmp1,Phex,3,CellTalkDB; LIANA_mouseconsensus; SPIDER_internal
Dsg2,Dsc1,3,LIANA_mouseconsensus; connectomeDB2020_lit; stCASE
Edil3,Itgb3,3,LIANA_mouseconsensus; connectomeDB2020_lit; stCASE
Efna1,Ephb1,3,LIANA_mouseconsensus; SpaCcLink; stCASE
Efna3,Erbb2,3,CellTalkDB; SPIDER_internal; SpaCcLink
Efnb1,Egfr,3,CellTalkDB; SPIDER_internal; SpaCcLink
Efnb1,Epha5,3,CellTalkDB; SPIDER_internal; SpaCcLink
Efnb1,Epha7,3,CellTalkDB; SPIDER_internal; SpaCcLink
Efnb2,Epha7,3,CellTalkDB; SPIDER_internal; SpaCcLink
Egf,Cd44,3,CellTalkDB; SPIDER_internal; SpaCcLink
Egfl7,Itgav,3,CellTalkDB; SPIDER_internal; SpaCcLink
Egfl7,Notch1,3,CellTalkDB; SPIDER_internal; SpaCcLink
Egfl7,Notch2,3,CellTalkDB; SPIDER_internal; SpaCcLink
Egfl7,Notch3,3,CellTalkDB; SPIDER_internal; SpaCcLink
Entpd1,Adora3,3,CellChatDB; LARIS_neurotransmitter; LIANA_mouseconsensus
Epo,Ephb4,3,LIANA_mouseconsensus; connectomeDB2020_lit; stCASE
Epo,Mpl,3,CellTalkDB; SPIDER_internal; SpaCcLink
Esam,Esam,3,COMMOT_CellChat; CellChatDB; stCASE
F11r,F11r,3,COMMOT_CellChat; CellChatDB; stCASE
F11r,Jam2,3,COMMOT_CellChat; connectomeDB2020_lit; stCASE
F13a1,Itga4,3,LIANA_mouseconsensus; SpaCcLink; connectomeDB2020_lit
F13a1,Itga9,3,LIANA_mouseconsensus; SpaCcLink; connectomeDB2020_lit
F13a1,Itgb1,3,LIANA_mouseconsensus; SpaCcLink; connectomeDB2020_lit
F2,Gp9,3,LIANA_mouseconsensus; SpaCcLink; connectomeDB2020_lit
F7,F2rl1,3,CellTalkDB; SPIDER_internal; SpaCcLink
Fadd,Tnfrsf10b,3,CellTalkDB; SPIDER_internal; SpaCcLink
Fadd,Tnfrsf1a,3,CellTalkDB; SPIDER_internal; SpaCcLink
Fbln2,Itgb3,3,LIANA_mouseconsensus; SpaCcLink; stCASE
Fga,Itgam,3,LIANA_mouseconsensus; SpaCcLink; connectomeDB2020_lit
Fga,Itgax,3,LIANA_mouseconsensus; SpaCcLink; connectomeDB2020_lit
Fgb,Itga2b,3,LIANA_mouseconsensus; SpaCcLink; connectomeDB2020_lit
Fgb,Itgam,3,LIANA_mouseconsensus; SpaCcLink; connectomeDB2020_lit
Fgb,Itgb1,3,LIANA_mouseconsensus; SpaCcLink; connectomeDB2020_lit
Fgf10,Fgfr3,3,CellTalkDB; SPIDER_internal; SpaCcLink
Fgf10,Fgfrl1,3,LIANA_mouseconsensus; connectomeDB2020_lit; stCASE
Fgf11,Fgfr3,3,CellTalkDB; SPIDER_internal; SpaCcLink
Fgf11,Fgfr4,3,CellTalkDB; SPIDER_internal; SpaCcLink
Fgf12,Fgfr3,3,CellTalkDB; SPIDER_internal; SpaCcLink
Fgf12,Fgfr4,3,CellTalkDB; SPIDER_internal; SpaCcLink
Fgf13,Scn8a,3,LIANA_mouseconsensus; SpaCcLink; connectomeDB2020_lit
Fgf14,Fgfr3,3,CellTalkDB; SPIDER_internal; SpaCcLink
Fgf14,Fgfr4,3,CellTalkDB; SPIDER_internal; SpaCcLink
Fgf2,Itgav,3,CellTalkDB; SPIDER_internal; SpaCcLink
Fgf2,Kit,3,CellTalkDB; SPIDER_internal; SpaCcLink
Fgf2,Notch1,3,CellTalkDB; SPIDER_internal; SpaCcLink
Fgf2,Ptprz1,3,CellTalkDB; SPIDER_internal; SpaCcLink
Fgf7,Fgfr4,3,LIANA_mouseconsensus; SpaCcLink; stCASE
Fgg,Itgb1,3,LIANA_mouseconsensus; SpaCcLink; connectomeDB2020_lit
Fgl1,Lag3,3,LIANA_mouseconsensus; connectomeDB2020_lit; stCASE
Flrt3,Adgrl3,3,CellChatDB; LARIS_neurotransmitter; stCASE
Fras1,Itga8,3,COMMOT_CellChat; LARIS_neurotransmitter; LIANA_mouseconsensus
Frem1,Itga8,3,COMMOT_CellChat; LARIS_neurotransmitter; LIANA_mouseconsensus
Frem2,Itga8,3,COMMOT_CellChat; LARIS_neurotransmitter; LIANA_mouseconsensus
Fyn,Cd244a,3,CellTalkDB; SPIDER_internal; SpaCcLink
Fyn,Spn,3,CellTalkDB; SPIDER_internal; SpaCcLink
Fyn,Thy1,3,CellTalkDB; SPIDER_internal; SpaCcLink
Gc,Lrp2,3,CellTalkDB; LIANA_mouseconsensus; SPIDER_internal
Gcg,Dpp4,3,CellTalkDB; SPIDER_internal; SpaCcLink
Gdf10,Acvr1,3,CellTalkDB; SPIDER_internal; SpaCcLink
Gdf10,Bmpr1a,3,CellTalkDB; SPIDER_internal; SpaCcLink
Gdf10,Bmpr1b,3,CellTalkDB; SPIDER_internal; SpaCcLink
Gdf15,Egfr,3,CellTalkDB; SPIDER_internal; SpaCcLink
Gdf15,Tgfbr1,3,CellTalkDB; SPIDER_internal; SpaCcLink
Gdf2,Acvr2b,3,LIANA_mouseconsensus; SpaCcLink; connectomeDB2020_lit
Gdf2,Alk,3,CellTalkDB; SPIDER_internal; SpaCcLink
Gdf2,Eng,3,LIANA_mouseconsensus; connectomeDB2020_lit; stCASE
Gdf3,Tgfbr1,3,CellTalkDB; SPIDER_internal; SpaCcLink
Gdf9,Acvr1c,3,CellTalkDB; SPIDER_internal; SpaCcLink
Gdf9,Fxyd6,3,LIANA_mouseconsensus; SpaCcLink; stCASE
Gdnf,Gfra4,3,CellTalkDB; SPIDER_internal; SpaCcLink
Gdnf,Sdc3,3,CellTalkDB; SPIDER_internal; SpaCcLink
Ghrl,Ghrhr,3,LIANA_mouseconsensus; SpaCcLink; stCASE
Ghrl,Gpr39,3,LIANA_mouseconsensus; connectomeDB2020_lit; stCASE
Gm10499,Cd8a,3,COMMOT_CellChat; CellChatDB; LARIS_neurotransmitter
Gm10499,Cd8b1,3,COMMOT_CellChat; CellChatDB; LARIS_neurotransmitter
Gm11127,Cd8a,3,COMMOT_CellChat; LIANA_mouseconsensus; stCASE
Gm11127,Cd8b1,3,COMMOT_CellChat; LIANA_mouseconsensus; stCASE
Gm13306,Ackr2,3,LIANA_mouseconsensus; SpaCcLink; stCASE
Gm13306,Ccr10,3,LIANA_mouseconsensus; SpaCcLink; stCASE
Gnai2,Adcy1,3,LIANA_mouseconsensus; SpaCcLink; connectomeDB2020_lit
Gnai2,Adora1,3,LIANA_mouseconsensus; SpaCcLink; connectomeDB2020_lit
Gnai2,Adra2a,3,LIANA_mouseconsensus; SpaCcLink; connectomeDB2020_lit
Gnai2,Agtr2,3,LIANA_mouseconsensus; SpaCcLink; connectomeDB2020_lit
Gnai2,Ccr5,3,LIANA_mouseconsensus; SpaCcLink; connectomeDB2020_lit
Gnai2,Cxcr1,3,LIANA_mouseconsensus; SpaCcLink; connectomeDB2020_lit
Gnai2,Cxcr2,3,LIANA_mouseconsensus; SpaCcLink; connectomeDB2020_lit
Gnai2,Ednra,3,LIANA_mouseconsensus; SpaCcLink; connectomeDB2020_lit
Gnai2,Egfr,3,LIANA_mouseconsensus; SpaCcLink; connectomeDB2020_lit
Gnai2,F2r,3,LIANA_mouseconsensus; SpaCcLink; connectomeDB2020_lit
Gnai2,Fpr1,3,LIANA_mouseconsensus; SpaCcLink; connectomeDB2020_lit
Gnai2,Lpar3,3,LIANA_mouseconsensus; SpaCcLink; connectomeDB2020_lit
Gnai2,Mtnr1a,3,LIANA_mouseconsensus; SpaCcLink; connectomeDB2020_lit
Gnai2,Oprm1,3,LIANA_mouseconsensus; SpaCcLink; connectomeDB2020_lit
Gnai2,P2ry12,3,LIANA_mouseconsensus; SpaCcLink; connectomeDB2020_lit
Gnai2,Tbxa2r,3,LIANA_mouseconsensus; SpaCcLink; connectomeDB2020_lit
Gnai2,Tshr,3,LIANA_mouseconsensus; SpaCcLink; connectomeDB2020_lit
Gnas,Adora1,3,LIANA_mouseconsensus; SpaCcLink; stCASE
Gnas,Adrb2,3,LIANA_mouseconsensus; connectomeDB2020_lit; stCASE
Gnas,Adrb3,3,LIANA_mouseconsensus; SpaCcLink; stCASE
Gnas,Pth1r,3,CellTalkDB; SPIDER_internal; SpaCcLink
Gnb1,Kcnj6,3,CellTalkDB; SPIDER_internal; SpaCcLink
Gnb2,Kcnj6,3,CellTalkDB; SPIDER_internal; SpaCcLink
Gnb3,Kcnj6,3,CellTalkDB; SPIDER_internal; SpaCcLink
Gnb4,Kcnj6,3,CellTalkDB; SPIDER_internal; SpaCcLink
Gnb5,Kcnj6,3,CellTalkDB; SPIDER_internal; SpaCcLink
Gng10,Kcnj6,3,CellTalkDB; SPIDER_internal; SpaCcLink
Gng11,Kcnj6,3,CellTalkDB; SPIDER_internal; SpaCcLink
Gng12,Kcnj6,3,CellTalkDB; SPIDER_internal; SpaCcLink
Gng13,Kcnj6,3,CellTalkDB; SPIDER_internal; SpaCcLink
Gng2,Kcnj6,3,CellTalkDB; SPIDER_internal; SpaCcLink
Gng3,Kcnj6,3,CellTalkDB; SPIDER_internal; SpaCcLink
Gng4,Kcnj6,3,CellTalkDB; SPIDER_internal; SpaCcLink
Gng5,Kcnj6,3,CellTalkDB; SPIDER_internal; SpaCcLink
Gng7,Kcnj6,3,CellTalkDB; SPIDER_internal; SpaCcLink
Gng8,Kcnj6,3,CellTalkDB; SPIDER_internal; SpaCcLink
Gpi1,Amfr,3,LIANA_mouseconsensus; SpaCcLink; stCASE
Grem1,Kdr,3,LIANA_mouseconsensus; connectomeDB2020_lit; stCASE
Guca2b,Gucy2e,3,LIANA_mouseconsensus; SpaCcLink; stCASE
H2-bl,Cd8a,3,COMMOT_CellChat; CellChatDB; LARIS_neurotransmitter
H2-bl,Cd8b1,3,COMMOT_CellChat; CellChatDB; LARIS_neurotransmitter
H2-k1,Aplp2,3,LIANA_mouseconsensus; SpaCcLink; stCASE
H2-k1,Erbb2,3,LIANA_mouseconsensus; SpaCcLink; stCASE
H2-l,Cd8a,3,COMMOT_CellChat; CellChatDB; LARIS_neurotransmitter
H2-l,Cd8b1,3,COMMOT_CellChat; CellChatDB; LARIS_neurotransmitter
H2-m1,Cd8a,3,COMMOT_CellChat; CellChatDB; LARIS_neurotransmitter
H2-m1,Cd8b1,3,COMMOT_CellChat; CellChatDB; LARIS_neurotransmitter
H2-m10.1,Cd8a,3,COMMOT_CellChat; CellChatDB; LARIS_neurotransmitter
H2-m10.1,Cd8b1,3,COMMOT_CellChat; CellChatDB; LARIS_neurotransmitter
H2-m10.2,Cd8a,3,COMMOT_CellChat; CellChatDB; LARIS_neurotransmitter
H2-m10.2,Cd8b1,3,COMMOT_CellChat; CellChatDB; LARIS_neurotransmitter
H2-m10.3,Cd8a,3,COMMOT_CellChat; CellChatDB; LARIS_neurotransmitter
H2-m10.3,Cd8b1,3,COMMOT_CellChat; CellChatDB; LARIS_neurotransmitter
H2-m10.4,Cd8a,3,COMMOT_CellChat; CellChatDB; LARIS_neurotransmitter
H2-m10.4,Cd8b1,3,COMMOT_CellChat; CellChatDB; LARIS_neurotransmitter
H2-m10.5,Cd8a,3,COMMOT_CellChat; CellChatDB; LARIS_neurotransmitter
H2-m10.5,Cd8b1,3,COMMOT_CellChat; CellChatDB; LARIS_neurotransmitter
H2-m10.6,Cd8a,3,COMMOT_CellChat; CellChatDB; LARIS_neurotransmitter
H2-m10.6,Cd8b1,3,COMMOT_CellChat; CellChatDB; LARIS_neurotransmitter
H2-m11,Cd8a,3,COMMOT_CellChat; CellChatDB; LARIS_neurotransmitter
H2-m11,Cd8b1,3,COMMOT_CellChat; CellChatDB; LARIS_neurotransmitter
H2-m2,Cd8a,3,COMMOT_CellChat; CellChatDB; LARIS_neurotransmitter
H2-m2,Cd8b1,3,COMMOT_CellChat; CellChatDB; LARIS_neurotransmitter
H2-m3,Klrd1,3,LIANA_mouseconsensus; SpaCcLink; stCASE
H2-m5,Cd8a,3,COMMOT_CellChat; CellChatDB; LARIS_neurotransmitter
H2-m5,Cd8b1,3,COMMOT_CellChat; CellChatDB; LARIS_neurotransmitter
H2-m9,Cd8a,3,COMMOT_CellChat; CellChatDB; LARIS_neurotransmitter
H2-m9,Cd8b1,3,COMMOT_CellChat; CellChatDB; LARIS_neurotransmitter
H2-q1,Cd8a,3,COMMOT_CellChat; CellChatDB; LARIS_neurotransmitter
H2-q1,Cd8b1,3,COMMOT_CellChat; CellChatDB; LARIS_neurotransmitter
H2-q10,Cd8a,3,COMMOT_CellChat; CellChatDB; LARIS_neurotransmitter
H2-q10,Cd8b1,3,COMMOT_CellChat; CellChatDB; LARIS_neurotransmitter
H2-q2,Cd8a,3,COMMOT_CellChat; CellChatDB; LARIS_neurotransmitter
H2-q2,Cd8b1,3,COMMOT_CellChat; CellChatDB; LARIS_neurotransmitter
H2-q4,Cd8a,3,COMMOT_CellChat; CellChatDB; LARIS_neurotransmitter
H2-q4,Cd8b1,3,COMMOT_CellChat; CellChatDB; LARIS_neurotransmitter
H2-q6,Cd8a,3,COMMOT_CellChat; CellChatDB; LARIS_neurotransmitter
H2-q6,Cd8b1,3,COMMOT_CellChat; CellChatDB; LARIS_neurotransmitter
H2-q7,Cd8a,3,COMMOT_CellChat; CellChatDB; LARIS_neurotransmitter
H2-q7,Cd8b1,3,COMMOT_CellChat; CellChatDB; LARIS_neurotransmitter
H2-q8,Cd8a,3,COMMOT_CellChat; CellChatDB; LARIS_neurotransmitter
H2-q8,Cd8b1,3,COMMOT_CellChat; CellChatDB; LARIS_neurotransmitter
H2-q9,Cd8a,3,COMMOT_CellChat; CellChatDB; LARIS_neurotransmitter
H2-q9,Cd8b1,3,COMMOT_CellChat; CellChatDB; LARIS_neurotransmitter
H2-t-ps,Cd8a,3,COMMOT_CellChat; CellChatDB; LARIS_neurotransmitter
H2-t-ps,Cd8b1,3,COMMOT_CellChat; CellChatDB; LARIS_neurotransmitter
H2-t10,Cd8a,3,COMMOT_CellChat; CellChatDB; LARIS_neurotransmitter
H2-t10,Cd8b1,3,COMMOT_CellChat; CellChatDB; LARIS_neurotransmitter
H2-t18,Cd8a,3,COMMOT_CellChat; CellChatDB; LARIS_neurotransmitter
H2-t18,Cd8b1,3,COMMOT_CellChat; CellChatDB; LARIS_neurotransmitter
H2-t22,Cd8a,3,COMMOT_CellChat; CellChatDB; LARIS_neurotransmitter
H2-t22,Cd8b1,3,COMMOT_CellChat; CellChatDB; LARIS_neurotransmitter
H2-t24,Cd8a,3,COMMOT_CellChat; CellChatDB; LARIS_neurotransmitter
H2-t24,Cd8b1,3,COMMOT_CellChat; CellChatDB; LARIS_neurotransmitter
H2-t3,Cd8a,3,COMMOT_CellChat; CellChatDB; LARIS_neurotransmitter
H2-t3,Cd8b1,3,COMMOT_CellChat; CellChatDB; LARIS_neurotransmitter
H2-t9,Cd8a,3,COMMOT_CellChat; CellChatDB; LARIS_neurotransmitter
H2-t9,Cd8b1,3,COMMOT_CellChat; CellChatDB; LARIS_neurotransmitter
H60a,Klrk1,3,COMMOT_CellChat; CellChatDB; LARIS_neurotransmitter
Hbegf,Cd82,3,LIANA_mouseconsensus; connectomeDB2020_lit; stCASE
Hbegf,Erbb3,3,CellTalkDB; SPIDER_internal; SpaCcLink
Hgf,Plxnb1,3,CellTalkDB; SPIDER_internal; SpaCcLink
Hmgb1,Ager,3,CellTalkDB; SPIDER_internal; SpaCcLink
Hmgb1,Cxcr4,3,CellTalkDB; SPIDER_internal; SpaCcLink
Hmgb1,Havcr2,3,CellTalkDB; SPIDER_internal; connectomeDB2020_lit
Hmgb1,Itgam,3,CellTalkDB; SPIDER_internal; SpaCcLink
Hmgb1,Itgav,3,CellTalkDB; SPIDER_internal; SpaCcLink
Hmgb1,Itgb3,3,CellTalkDB; SPIDER_internal; SpaCcLink
Hmgb1,Ly96,3,CellTalkDB; SPIDER_internal; SpaCcLink
Hmgb1,Tlr1,3,CellTalkDB; SPIDER_internal; SpaCcLink
Hmgb1,Tlr2,3,CellTalkDB; SPIDER_internal; SpaCcLink
Hmgb1,Tlr4,3,CellTalkDB; SPIDER_internal; SpaCcLink
Hmgb1,Tlr9,3,CellTalkDB; SPIDER_internal; SpaCcLink
Hp,Cd163,3,LIANA_mouseconsensus; connectomeDB2020_lit; stCASE
Hp,Itgb2,3,LIANA_mouseconsensus; SpaCcLink; connectomeDB2020_lit
Hras,Grin2d,3,CellTalkDB; SPIDER_internal; SpaCcLink
Hras,Insr,3,LIANA_mouseconsensus; SpaCcLink; connectomeDB2020_lit
Hras,Tlr2,3,CellTalkDB; SPIDER_internal; SpaCcLink
Hrg,Erbb2,3,CellTalkDB; SPIDER_internal; SpaCcLink
Hrg,Erbb3,3,CellTalkDB; SPIDER_internal; SpaCcLink
Hsp90aa1,Lrp1,3,CellTalkDB; SPIDER_internal; SpaCcLink
Hsp90b1,Lrp6,3,CellTalkDB; SPIDER_internal; SpaCcLink
Hsp90b1,Pparg,3,CellTalkDB; SPIDER_internal; SpaCcLink
Hspa1b,Lrp1,3,CellTalkDB; SPIDER_internal; SpaCcLink
Hspa8,Aqp2,3,CellTalkDB; SPIDER_internal; SpaCcLink
Htra2,Cd40,3,CellTalkDB; SPIDER_internal; SpaCcLink
Icam1,Ahr,3,CellTalkDB; SPIDER_internal; SpaCcLink
Icam1,Egfr,3,LIANA_mouseconsensus; SpaCcLink; stCASE
Icam1,Itgav,3,CellTalkDB; SPIDER_internal; SpaCcLink
Icam4,Itgb2,3,LIANA_mouseconsensus; SpaCcLink; connectomeDB2020_lit
Icam5,Cd209a,3,COMMOT_CellChat; CellChatDB; LARIS_neurotransmitter
Icam5,Cd209f,3,COMMOT_CellChat; CellChatDB; LARIS_neurotransmitter
Igfbp4,Fzd8,3,LIANA_mouseconsensus; SpaCcLink; connectomeDB2020_lit
Igfbp5,Cav1,3,CellTalkDB; SPIDER_internal; SpaCcLink
Ihh,Gpc1,3,CellTalkDB; SPIDER_internal; SpaCcLink
Il11,Il11ra2,3,COMMOT_CellChat; LARIS_neurotransmitter; SpaCcLink
Il12a,Cd28,3,LIANA_mouseconsensus; SpaCcLink; stCASE
Il13,Il2rg,3,LIANA_mouseconsensus; SpaCcLink; connectomeDB2020_lit
Il15,Il11ra1,3,CellTalkDB; SPIDER_internal; SpaCcLink
Il16,Kcnj4,3,CellTalkDB; LIANA_mouseconsensus; SPIDER_internal
Il18,Il18bp,3,CellTalkDB; LIANA_mouseconsensus; SPIDER_internal
Il18,Il1rapl1,3,LIANA_mouseconsensus; connectomeDB2020_lit; stCASE
Il18,Il1rl2,3,LIANA_mouseconsensus; SpaCcLink; stCASE
Il1b,Adrb2,3,LIANA_mouseconsensus; SpaCcLink; stCASE
Il2,Cd53,3,LIANA_mouseconsensus; connectomeDB2020_lit; stCASE
Il22,Il10ra,3,LIANA_mouseconsensus; SpaCcLink; connectomeDB2020_lit
Il3,Il2ra,3,CellTalkDB; SPIDER_internal; SpaCcLink
Il3,Il4ra,3,CellTalkDB; SPIDER_internal; SpaCcLink
Il33,Kit,3,CellTalkDB; SPIDER_internal; SpaCcLink
Il36g,Il1rap,3,CellChatDB; LARIS_neurotransmitter; stCASE
Il36g,Il1rl2,3,CellChatDB; LARIS_neurotransmitter; stCASE
Il4,Cd53,3,LIANA_mouseconsensus; connectomeDB2020_lit; stCASE
Il4,Il2ra,3,CellTalkDB; SPIDER_internal; SpaCcLink
Il4,Tlr2,3,CellTalkDB; SPIDER_internal; SpaCcLink
Il6,Egfr,3,CellTalkDB; SPIDER_internal; SpaCcLink
Inha,Acvr2b,3,COMMOT_CellChat; LARIS_neurotransmitter; LIANA_mouseconsensus
Inhba,Eng,3,LIANA_mouseconsensus; connectomeDB2020_lit; stCASE
Inhba,Tgfbr1,3,CellTalkDB; SPIDER_internal; SpaCcLink
Itga4,Vcam1,3,COMMOT_CellChat; CellChatDB; LARIS_neurotransmitter
Itga9,Vcam1,3,COMMOT_CellChat; CellChatDB; LARIS_neurotransmitter
Itgb1,Vcam1,3,COMMOT_CellChat; CellChatDB; LARIS_neurotransmitter
Itgb1bp1,Itgb1,3,CellTalkDB; SPIDER_internal; SpaCcLink
Itgb7,Vcam1,3,COMMOT_CellChat; CellChatDB; LARIS_neurotransmitter
Jam2,Jam2,3,COMMOT_CellChat; CellChatDB; stCASE
Jam3,Itga4,3,CellTalkDB; SPIDER_internal; SpaCcLink
Jam3,Itgal,3,CellTalkDB; SPIDER_internal; SpaCcLink
Jam3,Jam2,3,COMMOT_CellChat; connectomeDB2020_lit; stCASE
Jam3,Jam3,3,COMMOT_CellChat; CellChatDB; stCASE
Kiss1,Mmp24,3,LIANA_mouseconsensus; SpaCcLink; connectomeDB2020_lit
Klk1b4,Ngfr,3,COMMOT_CellChat; CellChatDB; LARIS_neurotransmitter
Klk1b4,Ntrk1,3,COMMOT_CellChat; CellChatDB; LARIS_neurotransmitter
Kng1,Gp1ba,3,LIANA_mouseconsensus; SpaCcLink; connectomeDB2020_lit
Kng1,Itgb2,3,LIANA_mouseconsensus; SpaCcLink; connectomeDB2020_lit
Kng1,Plaur,3,LIANA_mouseconsensus; SpaCcLink; connectomeDB2020_lit
Kng1,Rxfp4,3,LIANA_mouseconsensus; SpaCcLink; connectomeDB2020_lit
Kng2,Gp1ba,3,LIANA_mouseconsensus; SpaCcLink; stCASE
Kng2,Plaur,3,LIANA_mouseconsensus; SpaCcLink; stCASE
Kng2,Rxfp4,3,LIANA_mouseconsensus; SpaCcLink; stCASE
L1cam,Cd9,3,LIANA_mouseconsensus; connectomeDB2020_lit; stCASE
L1cam,Ephb2,3,LIANA_mouseconsensus; connectomeDB2020_lit; stCASE
L1cam,L1cam,3,COMMOT_CellChat; CellChatDB; stCASE
L1cam,Ptprz1,3,LIANA_mouseconsensus; connectomeDB2020_lit; stCASE
Lair1,Pira2,3,COMMOT_CellChat; CellChatDB; LARIS_neurotransmitter
Lama1,Nt5e,3,LIANA_mouseconsensus; SpaCcLink; stCASE
Lama3,Itga1,3,COMMOT_CellChat; CellChatDB; LARIS_neurotransmitter
Lama4,Itga1,3,COMMOT_CellChat; CellChatDB; LARIS_neurotransmitter
Lama5,Itga1,3,COMMOT_CellChat; CellChatDB; LARIS_neurotransmitter
Lamb2,Itga1,3,COMMOT_CellChat; CellChatDB; LARIS_neurotransmitter
Lamb3,Itga1,3,COMMOT_CellChat; CellChatDB; LARIS_neurotransmitter
Lamc2,Itga1,3,COMMOT_CellChat; CellChatDB; LARIS_neurotransmitter
Lamc3,Itga1,3,COMMOT_CellChat; CellChatDB; LARIS_neurotransmitter
Lck,Cd8a,3,COMMOT_CellChat; LARIS_neurotransmitter; LIANA_mouseconsensus
Lefty1,Acvr1,3,CellTalkDB; SPIDER_internal; SpaCcLink
Lep,Lrp2,3,CellTalkDB; LIANA_mouseconsensus; SPIDER_internal
Lgals1,Itgb1,3,LIANA_mouseconsensus; connectomeDB2020_lit; stCASE
Lgals3,Il13ra2,3,CellTalkDB; SPIDER_internal; SpaCcLink
Lgals3,Itga3,3,CellTalkDB; SPIDER_internal; SpaCcLink
Lgals3,Itgb1,3,CellTalkDB; SPIDER_internal; SpaCcLink
Lgals3,Itgb3,3,CellTalkDB; SPIDER_internal; SpaCcLink
Lgals3,Itgb4,3,CellTalkDB; SPIDER_internal; SpaCcLink
Lgals3,Lag3,3,LIANA_mouseconsensus; connectomeDB2020_lit; stCASE
Lgals3,Mag,3,CellTalkDB; SPIDER_internal; SpaCcLink
Lgals9,Cd40,3,CellTalkDB; SPIDER_internal; SpaCcLink
Lgals9,Clec7a,3,CellTalkDB; SPIDER_internal; SpaCcLink
Lgals9,Ighm,3,COMMOT_CellChat; CellChatDB; LARIS_neurotransmitter
Lgals9,Ptprc,3,COMMOT_CellChat; CellChatDB; LARIS_neurotransmitter
Lipc,Ldlr,3,CellTalkDB; SPIDER_internal; SpaCcLink
Lnx2,Cd8a,3,CellTalkDB; SPIDER_internal; SpaCcLink
Lpl,Lrp2,3,LIANA_mouseconsensus; connectomeDB2020_lit; stCASE
Lrp1b,Plaur,3,LIANA_mouseconsensus; SpaCcLink; stCASE
Lrpap1,Ldlr,3,LIANA_mouseconsensus; SpaCcLink; connectomeDB2020_lit
Lrpap1,Lrp1,3,LIANA_mouseconsensus; SpaCcLink; connectomeDB2020_lit
Lrpap1,Sort1,3,LIANA_mouseconsensus; SpaCcLink; connectomeDB2020_lit
Lrpap1,Vldlr,3,LIANA_mouseconsensus; SpaCcLink; connectomeDB2020_lit
Lrrc4b,Ptprd,3,CellChatDB; LARIS_neurotransmitter; connectomeDB2020_lit
Ltf,Lrp1,3,LIANA_mouseconsensus; SpaCcLink; connectomeDB2020_lit
Ly86,Cd180,3,LIANA_mouseconsensus; SpaCcLink; connectomeDB2020_lit
Lypd3,Agr2,3,CellTalkDB; LIANA_mouseconsensus; SPIDER_internal
Madcam1,Cd44,3,SpaCcLink; connectomeDB2020_lit; stCASE
Mag,Mag,3,COMMOT_CellChat; CellChatDB; stCASE
Mdk,Lrp6,3,CellTalkDB; SPIDER_internal; SpaCcLink
Mdk,Notch2,3,LIANA_mouseconsensus; connectomeDB2020_lit; stCASE
Mdk,Tspan1,3,LIANA_mouseconsensus; connectomeDB2020_lit; stCASE
Mfge8,Itgb1,3,CellTalkDB; SPIDER_internal; SpaCcLink
Mfng,Notch2,3,LIANA_mouseconsensus; SpaCcLink; connectomeDB2020_lit
Mmp14,Flt1,3,CellTalkDB; SPIDER_internal; SpaCcLink
Mmp2,Itgb1,3,CellTalkDB; SPIDER_internal; SpaCcLink
Mmp7,Cd151,3,LIANA_mouseconsensus; connectomeDB2020_lit; stCASE
Mmp9,Itgb2,3,CellTalkDB; SPIDER_internal; SpaCcLink
Mmp9,Tlr4,3,CellTalkDB; SPIDER_internal; SpaCcLink
Mpz,Mpz,3,COMMOT_CellChat; CellChatDB; stCASE
Mpzl1,Mpzl1,3,COMMOT_CellChat; CellChatDB; stCASE
Myoc,Fzd1,3,LIANA_mouseconsensus; SpaCcLink; connectomeDB2020_lit
Ncam1,Ncam1,3,COMMOT_CellChat; CellChatDB; stCASE
Ncam1,Ptprz1,3,LIANA_mouseconsensus; connectomeDB2020_lit; stCASE
Ndp,Lgr4,3,LIANA_mouseconsensus; connectomeDB2020_lit; stCASE
Negr1,Negr1,3,COMMOT_CellChat; CellChatDB; stCASE
Ngf,Ntrk3,3,CellTalkDB; SPIDER_internal; SpaCcLink
Ngf,Sorcs2,3,CellTalkDB; LIANA_mouseconsensus; SPIDER_internal
Nptx1,Nptxr,3,CellTalkDB; LIANA_mouseconsensus; SPIDER_internal
Nptx2,Nptxr,3,CellTalkDB; LIANA_mouseconsensus; SPIDER_internal
Npy,Pgr15l,3,COMMOT_CellChat; CellChatDB; LARIS_neurotransmitter
Nrg1,Egfr,3,CellTalkDB; SPIDER_internal; SpaCcLink
Nrg1,Itgav,3,COMMOT_CellChat; CellChatDB; LARIS_neurotransmitter
Nrtn,Sdc3,3,CellTalkDB; SPIDER_internal; SpaCcLink
Ntn1,Robo3,3,CellTalkDB; SPIDER_internal; SpaCcLink
Ntn3,Dcc,3,CellTalkDB; SPIDER_internal; SpaCcLink
Ntng2,Lrrc4c,3,CellTalkDB; LIANA_mouseconsensus; SPIDER_internal
Ocln,Ocln,3,COMMOT_CellChat; CellChatDB; stCASE
Olfm2,Robo2,3,LIANA_mouseconsensus; SpaCcLink; stCASE
Omg,Tnfrsf1b,3,LIANA_mouseconsensus; SpaCcLink; connectomeDB2020_lit
Orm1,Ccr5,3,SpaCcLink; connectomeDB2020_lit; stCASE
Osm,Egfr,3,CellTalkDB; SPIDER_internal; SpaCcLink
Osm,Il11ra1,3,CellTalkDB; SPIDER_internal; SpaCcLink
Pcsk9,Lrp8,3,CellTalkDB; LIANA_mouseconsensus; SPIDER_internal
Pdcd1lg2,Pdcd2,3,CellTalkDB; LIANA_mouseconsensus; SPIDER_internal
Pdcd1lg2,Rgmb,3,LIANA_mouseconsensus; SpaCcLink; connectomeDB2020_lit
Pdpn,Clec1b,3,LIANA_mouseconsensus; connectomeDB2020_lit; stCASE
Pecam1,Cd38,3,CellChatDB; LARIS_neurotransmitter; connectomeDB2020_lit
Pecam1,Pecam1,3,COMMOT_CellChat; CellChatDB; stCASE
Penk,Ogfr,3,LIANA_mouseconsensus; connectomeDB2020_lit; stCASE
Pf4,Ccr1,3,CellTalkDB; SPIDER_internal; SpaCcLink
Pgf,Egfr,3,CellTalkDB; SPIDER_internal; SpaCcLink
Pla2g1b,Pla2r1,3,CellTalkDB; SPIDER_internal; SpaCcLink
Pla2g5,Pla2r1,3,CellTalkDB; SPIDER_internal; SpaCcLink
Plau,Itgb2,3,CellTalkDB; SPIDER_internal; SpaCcLink
Plau,Mrc2,3,CellTalkDB; SPIDER_internal; SpaCcLink
Plg,Itga9,3,LIANA_mouseconsensus; SpaCcLink; connectomeDB2020_lit
Plg,Itgb1,3,LIANA_mouseconsensus; SpaCcLink; connectomeDB2020_lit
Podxl,Sell,3,CellTalkDB; SPIDER_internal; connectomeDB2020_lit
Postn,Egfr,3,CellTalkDB; SPIDER_internal; SpaCcLink
Postn,Itga5,3,CellTalkDB; SPIDER_internal; SpaCcLink
Postn,Itgb1,3,CellTalkDB; SPIDER_internal; SpaCcLink
Ppy,Npy6r,3,COMMOT_CellChat; CellChatDB; LARIS_neurotransmitter
Ppy,Pgr15l,3,COMMOT_CellChat; CellChatDB; LARIS_neurotransmitter
Prg4,Cd44,3,CellTalkDB; SPIDER_internal; SpaCcLink
Prl2a1,Prlr,3,CellTalkDB; SPIDER_internal; SpaCcLink
Prl2b1,Prlr,3,CellTalkDB; SPIDER_internal; SpaCcLink
Prl2c1,Prlr,3,CellTalkDB; SPIDER_internal; SpaCcLink
Prl2c2,Prlr,3,CellTalkDB; SPIDER_internal; SpaCcLink
Prl2c3,Prlr,3,CellTalkDB; SPIDER_internal; SpaCcLink
Prl2c5,Prlr,3,CellTalkDB; SPIDER_internal; SpaCcLink
Prl3a1,Prlr,3,CellTalkDB; SPIDER_internal; SpaCcLink
Prl3b1,Prlr,3,CellTalkDB; SPIDER_internal; SpaCcLink
Prl3c1,Prlr,3,CellTalkDB; SPIDER_internal; SpaCcLink
Prl3d1,Prlr,3,CellTalkDB; SPIDER_internal; SpaCcLink
Prl3d2,Prlr,3,CellTalkDB; SPIDER_internal; SpaCcLink
Prl3d3,Prlr,3,CellTalkDB; SPIDER_internal; SpaCcLink
Prl4a1,Prlr,3,CellTalkDB; SPIDER_internal; SpaCcLink
Prl5a1,Prlr,3,CellTalkDB; SPIDER_internal; SpaCcLink
Prl6a1,Prlr,3,CellTalkDB; SPIDER_internal; SpaCcLink
Prl7a1,Prlr,3,CellTalkDB; SPIDER_internal; SpaCcLink
Prl7a2,Prlr,3,CellTalkDB; SPIDER_internal; SpaCcLink
Prl7b1,Prlr,3,CellTalkDB; SPIDER_internal; SpaCcLink
Prl7c1,Prlr,3,CellTalkDB; SPIDER_internal; SpaCcLink
Prl7d1,Prlr,3,CellTalkDB; SPIDER_internal; SpaCcLink
Prl8a1,Prlr,3,CellTalkDB; SPIDER_internal; SpaCcLink
Prl8a2,Pgr,3,CellTalkDB; SPIDER_internal; SpaCcLink
Prl8a6,Prlr,3,CellTalkDB; SPIDER_internal; SpaCcLink
Prl8a8,Prlr,3,CellTalkDB; SPIDER_internal; SpaCcLink
Prl8a9,Prlr,3,CellTalkDB; SPIDER_internal; SpaCcLink
Proc,Thbd,3,LIANA_mouseconsensus; SpaCcLink; connectomeDB2020_lit
Psen1,Ephb2,3,CellTalkDB; SPIDER_internal; SpaCcLink
Psen1,Erbb4,3,CellTalkDB; SPIDER_internal; SpaCcLink
Psen1,Nectin1,3,CellTalkDB; SPIDER_internal; SpaCcLink
Psen2,Notch2,3,CellTalkDB; SPIDER_internal; SpaCcLink
Ptdss1,Jmjd6,3,LIANA_mouseconsensus; SpaCcLink; connectomeDB2020_lit
Ptgs2,Cav1,3,LIANA_mouseconsensus; SpaCcLink; connectomeDB2020_lit
Ptgs2,Ptger1,3,CellTalkDB; SPIDER_internal; SpaCcLink
Ptgs2,Ptger2,3,CellTalkDB; SPIDER_internal; SpaCcLink
Ptgs2,Ptger3,3,CellTalkDB; SPIDER_internal; SpaCcLink
Ptgs2,Ptger4,3,CellTalkDB; SPIDER_internal; SpaCcLink
Pth,Ramp1,3,CellTalkDB; SPIDER_internal; SpaCcLink
Pth2,Ramp1,3,CellTalkDB; SPIDER_internal; SpaCcLink
Pthlh,Pth2r,3,LIANA_mouseconsensus; connectomeDB2020_lit; stCASE
Ptn,Nrp1,3,CellTalkDB; SPIDER_internal; SpaCcLink
Ptpn6,Cd22,3,CellTalkDB; SPIDER_internal; SpaCcLink
Ptprs,Ntrk3,3,CellChatDB; LARIS_neurotransmitter; stCASE
Pyy,Npy6r,3,COMMOT_CellChat; CellChatDB; LARIS_neurotransmitter
Pyy,Pgr15l,3,COMMOT_CellChat; CellChatDB; LARIS_neurotransmitter
Qrfp,P2ry14,3,LIANA_mouseconsensus; connectomeDB2020_lit; stCASE
Raet1a,Klrk1,3,COMMOT_CellChat; CellChatDB; LARIS_neurotransmitter
Rarres2,Gpr1,3,COMMOT_CellChat; connectomeDB2020_lit; stCASE
Reln,Itga2b,3,CellTalkDB; SPIDER_internal; SpaCcLink
Reln,Itga5,3,CellTalkDB; SPIDER_internal; SpaCcLink
Reln,Itgb3,3,CellTalkDB; SPIDER_internal; SpaCcLink
Reln,Notch1,3,CellTalkDB; SPIDER_internal; SpaCcLink
Rps19,C5ar1,3,LIANA_mouseconsensus; SpaCcLink; connectomeDB2020_lit
Rspo2,Rnf43,3,LIANA_mouseconsensus; connectomeDB2020_lit; stCASE
S100a10,Trpv5,3,CellTalkDB; SPIDER_internal; SpaCcLink
S100a8,Ly96,3,CellTalkDB; SPIDER_internal; SpaCcLink
S100b,Fgfr1,3,CellTalkDB; SPIDER_internal; SpaCcLink
Saa1,Cd36,3,LIANA_mouseconsensus; connectomeDB2020_lit; stCASE
Saa1,Fpr1,3,LIANA_mouseconsensus; SpaCcLink; stCASE
Sct,Vipr1,3,SpaCcLink; connectomeDB2020_lit; stCASE
Sdc2,Ptprj,3,LIANA_mouseconsensus; connectomeDB2020_lit; stCASE
Sell,Glycam1,3,COMMOT_CellChat; CellChatDB; LARIS_neurotransmitter
Selplg,Cxcr2,3,CellTalkDB; SPIDER_internal; SpaCcLink
Sema3c,Plxnb1,3,CellTalkDB; SPIDER_internal; SpaCcLink
Sema3e,Plxna1,3,CellTalkDB; SPIDER_internal; SpaCcLink
Sema4a,Timd2,3,COMMOT_CellChat; CellChatDB; LARIS_neurotransmitter
Sema4b,Dcbld2,3,LIANA_mouseconsensus; connectomeDB2020_lit; stCASE
Sema4d,Plxna2,3,CellTalkDB; SPIDER_internal; SpaCcLink
Sema6c,Plxna1,3,CellTalkDB; SPIDER_internal; SpaCcLink
Sema6d,Plxna4,3,CellTalkDB; SPIDER_internal; SpaCcLink
Serpinc1,Lrp1,3,LIANA_mouseconsensus; SpaCcLink; connectomeDB2020_lit
Serpine1,Vldlr,3,CellTalkDB; SPIDER_internal; SpaCcLink
Serpine2,Lrp1,3,LIANA_mouseconsensus; SpaCcLink; connectomeDB2020_lit
Serpine2,Plaur,3,CellTalkDB; SPIDER_internal; SpaCcLink
Serping1,Lrp1,3,LIANA_mouseconsensus; SpaCcLink; connectomeDB2020_lit
Sfrp1,Fzd6,3,LIANA_mouseconsensus; SpaCcLink; connectomeDB2020_lit
Sftpa1,Sirpa,3,CellTalkDB; SPIDER_internal; SpaCcLink
Shank1,Sstr2,3,LIANA_mouseconsensus; SpaCcLink; connectomeDB2020_lit
Shank3,Ret,3,CellTalkDB; SPIDER_internal; SpaCcLink
Shh,Cav1,3,CellTalkDB; SPIDER_internal; SpaCcLink
Shh,Gpc5,3,LIANA_mouseconsensus; SpaCcLink; connectomeDB2020_lit
Shh,Gpc6,3,CellTalkDB; SPIDER_internal; SpaCcLink
Shh,Pvr,3,CellTalkDB; SPIDER_internal; SpaCcLink
Slit1,Flrt3,3,CellTalkDB; LIANA_mouseconsensus; SPIDER_internal
Slit1,Plxna1,3,CellTalkDB; SPIDER_internal; SpaCcLink
Slit2,Robo3,3,CellTalkDB; SPIDER_internal; SpaCcLink
Slit3,Plxna1,3,CellTalkDB; SPIDER_internal; SpaCcLink
Slit3,Robo3,3,CellTalkDB; SPIDER_internal; SpaCcLink
Slit3,Robo4,3,LIANA_mouseconsensus; connectomeDB2020_lit; stCASE
Slurp2,Chrna1,3,COMMOT_CellChat; CellChatDB; LARIS_neurotransmitter
Slurp2,Chrna10,3,COMMOT_CellChat; CellChatDB; LARIS_neurotransmitter
Slurp2,Chrna2,3,COMMOT_CellChat; CellChatDB; LARIS_neurotransmitter
Slurp2,Chrna3,3,COMMOT_CellChat; CellChatDB; LARIS_neurotransmitter
Slurp2,Chrna4,3,COMMOT_CellChat; CellChatDB; LARIS_neurotransmitter
Slurp2,Chrna5,3,COMMOT_CellChat; CellChatDB; LARIS_neurotransmitter
Slurp2,Chrna6,3,COMMOT_CellChat; CellChatDB; LARIS_neurotransmitter
Slurp2,Chrna7,3,COMMOT_CellChat; CellChatDB; LARIS_neurotransmitter
Slurp2,Chrna9,3,COMMOT_CellChat; CellChatDB; LARIS_neurotransmitter
Slurp2,Chrnb1,3,COMMOT_CellChat; CellChatDB; LARIS_neurotransmitter
Slurp2,Chrnb2,3,COMMOT_CellChat; CellChatDB; LARIS_neurotransmitter
Slurp2,Chrnb3,3,COMMOT_CellChat; CellChatDB; LARIS_neurotransmitter
Slurp2,Chrnb4,3,COMMOT_CellChat; CellChatDB; LARIS_neurotransmitter
Slurp2,Chrnd,3,COMMOT_CellChat; CellChatDB; LARIS_neurotransmitter
Slurp2,Chrne,3,COMMOT_CellChat; CellChatDB; LARIS_neurotransmitter
Slurp2,Chrng,3,COMMOT_CellChat; CellChatDB; LARIS_neurotransmitter
Sost,Lrp4,3,LIANA_mouseconsensus; connectomeDB2020_lit; stCASE
Spint1,St14,3,CellTalkDB; LIANA_mouseconsensus; SPIDER_internal
Spon2,Itgam,3,LIANA_mouseconsensus; connectomeDB2020_lit; stCASE
Spp1,S1pr1,3,LIANA_mouseconsensus; SpaCcLink; stCASE
Srpx2,Plaur,3,CellTalkDB; SPIDER_internal; SpaCcLink
Sytl3,Nrxn1,3,CellTalkDB; SPIDER_internal; SpaCcLink
Tac1,Grpr,3,CellTalkDB; SPIDER_internal; SpaCcLink
Tac4,Tacr2,3,SpaCcLink; connectomeDB2020_lit; stCASE
Tafa4,Fpr1,3,CellChatDB; LARIS_neurotransmitter; connectomeDB2020_lit
Tcn2,Lrp2,3,CellTalkDB; LIANA_mouseconsensus; SPIDER_internal
Tdgf1,Fzd7,3,CellTalkDB; SPIDER_internal; SpaCcLink
Tdgf1,Lrp5,3,CellTalkDB; SPIDER_internal; SpaCcLink
Tdgf1,Lrp6,3,CellTalkDB; SPIDER_internal; SpaCcLink
Tdgf1,Tgfbr1,3,CellTalkDB; SPIDER_internal; SpaCcLink
Tff2,Muc6,3,CellTalkDB; LIANA_mouseconsensus; SPIDER_internal
Tfpi,F3,3,CellTalkDB; LIANA_mouseconsensus; SPIDER_internal
Tfpi,Lrp1,3,LIANA_mouseconsensus; SpaCcLink; connectomeDB2020_lit
Tfpi,Vldlr,3,LIANA_mouseconsensus; SpaCcLink; connectomeDB2020_lit
Tg,Asgr1,3,LIANA_mouseconsensus; connectomeDB2020_lit; stCASE
Tgfb1,Vasn,3,LIANA_mouseconsensus; connectomeDB2020_lit; stCASE
Tgfb2,Eng,3,LIANA_mouseconsensus; connectomeDB2020_lit; stCASE
Tgm2,Adgrg1,3,CellChatDB; LARIS_neurotransmitter; connectomeDB2020_lit
Tgm2,Itgb1,3,LIANA_mouseconsensus; SpaCcLink; connectomeDB2020_lit
Tgm2,Itgb3,3,LIANA_mouseconsensus; SpaCcLink; connectomeDB2020_lit
Thbs1,Itga1,3,CellTalkDB; SPIDER_internal; SpaCcLink
Thbs1,Itga2,3,CellTalkDB; SPIDER_internal; SpaCcLink
Thbs1,Itga5,3,CellTalkDB; SPIDER_internal; SpaCcLink
Thbs1,Itgb6,3,CellTalkDB; SPIDER_internal; SpaCcLink
Thbs1,Itgb8,3,CellTalkDB; SPIDER_internal; SpaCcLink
Thbs1,Lrp5,3,LIANA_mouseconsensus; SpaCcLink; stCASE
Thbs1,Scarb2,3,CellTalkDB; SPIDER_internal; SpaCcLink
Thbs1,Vldlr,3,CellTalkDB; SPIDER_internal; SpaCcLink
Thbs4,Notch1,3,CellTalkDB; SPIDER_internal; SpaCcLink
Tigit,Nectin2,3,COMMOT_CellChat; connectomeDB2020_lit; stCASE
Tigit,Pvr,3,COMMOT_CellChat; connectomeDB2020_lit; stCASE
Timp1,Itgb1,3,CellTalkDB; SPIDER_internal; SpaCcLink
Timp1,Lrp1,3,CellTalkDB; SPIDER_internal; SpaCcLink
Timp2,Itga3,3,LIANA_mouseconsensus; SpaCcLink; connectomeDB2020_lit
Timp2,Itgb1,3,LIANA_mouseconsensus; SpaCcLink; connectomeDB2020_lit
Timp3,Agtr2,3,LIANA_mouseconsensus; SpaCcLink; connectomeDB2020_lit
Timp3,Kdr,3,LIANA_mouseconsensus; SpaCcLink; connectomeDB2020_lit
Tln1,Itgal,3,CellTalkDB; SPIDER_internal; SpaCcLink
Tln1,Itgb1,3,CellTalkDB; SPIDER_internal; SpaCcLink
Tln1,Itgb2,3,CellTalkDB; SPIDER_internal; SpaCcLink
Tnc,Cntn1,3,LIANA_mouseconsensus; connectomeDB2020_lit; stCASE
Tnc,Itga5,3,LIANA_mouseconsensus; SpaCcLink; stCASE
Tnc,Ptprz1,3,LIANA_mouseconsensus; connectomeDB2020_lit; stCASE
Tnc,Tlr4,3,CellTalkDB; SPIDER_internal; SpaCcLink
Tnf,Cd40,3,CellTalkDB; SPIDER_internal; SpaCcLink
Tnf,Tnfrsf21,3,LIANA_mouseconsensus; connectomeDB2020_lit; stCASE
Tnf,Traf2,3,LIANA_mouseconsensus; SpaCcLink; stCASE
Tnfsf11,Itga2b,3,CellTalkDB; SPIDER_internal; SpaCcLink
Tnfsf11,Lgr4,3,CellTalkDB; LIANA_mouseconsensus; SPIDER_internal
Tnfsf12,Cd163,3,LIANA_mouseconsensus; connectomeDB2020_lit; stCASE
Tnfsf12,Egfr,3,CellTalkDB; SPIDER_internal; SpaCcLink
Tnfsf13,Tnfrsf14,3,LIANA_mouseconsensus; SpaCcLink; connectomeDB2020_lit
Tnfsf14,Fas,3,CellTalkDB; SPIDER_internal; SpaCcLink
Tnfsf9,Traf1,3,CellTalkDB; SPIDER_internal; SpaCcLink
Trh,Trhr2,3,COMMOT_CellChat; CellChatDB; LARIS_neurotransmitter
Vasp,Cxcr2,3,LIANA_mouseconsensus; SpaCcLink; connectomeDB2020_lit
Vasp,Itga4,3,CellTalkDB; SPIDER_internal; SpaCcLink
Vcan,Itga4,3,LIANA_mouseconsensus; SpaCcLink; stCASE
Vegfa,Axl,3,CellTalkDB; SPIDER_internal; SpaCcLink
Vegfa,Ephb2,3,LIANA_mouseconsensus; SpaCcLink; stCASE
Vegfa,Npr1,3,CellTalkDB; SPIDER_internal; SpaCcLink
Vegfa,Ptprb,3,CellTalkDB; SPIDER_internal; SpaCcLink
Vegfa,Ptprz1,3,CellTalkDB; SPIDER_internal; SpaCcLink
Vegfa,Sdc2,3,CellTalkDB; SPIDER_internal; SpaCcLink
Vegfc,Ccbe1,3,CellTalkDB; LIANA_mouseconsensus; SPIDER_internal
Vegfd,Fgfr2,3,CellTalkDB; SPIDER_internal; SpaCcLink
Vip,Npr3,3,CellTalkDB; LIANA_mouseconsensus; SPIDER_internal
Vtn,Pvr,3,SpaCcLink; connectomeDB2020_lit; stCASE
Vwf,Itga2,3,CellTalkDB; SPIDER_internal; SpaCcLink
Vwf,Stab2,3,CellTalkDB; LIANA_mouseconsensus; SPIDER_internal
Wnt1,Ror2,3,LIANA_mouseconsensus; connectomeDB2020_lit; stCASE
Wnt11,Ryk,3,CellTalkDB; SPIDER_internal; SpaCcLink
Wnt3,Egfr,3,CellTalkDB; SPIDER_internal; SpaCcLink
Wnt3,Ror1,3,CellTalkDB; SPIDER_internal; SpaCcLink
Wnt3a,Igf1r,3,CellTalkDB; SPIDER_internal; SpaCcLink
Wnt5a,Notch1,3,CellTalkDB; SPIDER_internal; SpaCcLink
Wnt7a,Reck,3,CellTalkDB; LIANA_mouseconsensus; SPIDER_internal
Wnt9a,Egfr,3,CellTalkDB; SPIDER_internal; SpaCcLink
Zp3,Mertk,3,LIANA_mouseconsensus; connectomeDB2020_lit; stCASE
Zp3,Zp3r,3,CellTalkDB; SPIDER_internal; SpaCcLink
A,Mc2r,2,LIANA_mouseconsensus; SpaCcLink
Adam10,Cd44,2,LIANA_mouseconsensus; stCASE
Adam10,Fcer2a,2,CellTalkDB; SPIDER_internal
Adam10,Notch2,2,LIANA_mouseconsensus; stCASE
Adam11,Itga4,2,LIANA_mouseconsensus; connectomeDB2020_lit
Adam17,Cd9,2,CellTalkDB; SPIDER_internal
Adam17,Il6ra,2,LIANA_mouseconsensus; stCASE
Adam23,Itga4,2,LIANA_mouseconsensus; connectomeDB2020_lit
Adam29,Itga4,2,LIANA_mouseconsensus; connectomeDB2020_lit
Adam3,Cd9,2,CellTalkDB; SPIDER_internal
Adam7,Itga4,2,LIANA_mouseconsensus; connectomeDB2020_lit
Adam7,Itgb7,2,LIANA_mouseconsensus; connectomeDB2020_lit
Adgre5,Cd55b,2,COMMOT_CellChat; stCASE
Adm,Gpr182,2,LIANA_mouseconsensus; stCASE
Adm,Mrgprx2,2,LIANA_mouseconsensus; connectomeDB2020_lit
Agrp,Mc4r,2,LIANA_mouseconsensus; connectomeDB2020_lit
Alb,Lrp2,2,LIANA_mouseconsensus; connectomeDB2020_lit
Alcam,Chl1,2,LIANA_mouseconsensus; connectomeDB2020_lit
Alcam,Nrp1,2,LIANA_mouseconsensus; connectomeDB2020_lit
Amelx,Lamp2,2,LIANA_mouseconsensus; connectomeDB2020_lit
Angpt1,Itgb1,2,LIANA_mouseconsensus; connectomeDB2020_lit
Angpt4,Tie1,2,LIANA_mouseconsensus; stCASE
Anxa1,Fpr-rs3,2,CellChatDB; LARIS_neurotransmitter
Anxa1,Fpr-rs4,2,CellChatDB; LARIS_neurotransmitter
Anxa1,Fpr-rs6,2,CellChatDB; LARIS_neurotransmitter
Anxa1,Fpr-rs7,2,CellChatDB; LARIS_neurotransmitter
Anxa2,Robo4,2,LIANA_mouseconsensus; connectomeDB2020_lit
Anxa2,Tlr2,2,LIANA_mouseconsensus; connectomeDB2020_lit
Apln,Grm7,2,LIANA_mouseconsensus; stCASE
Apoa1,Amn,2,CellChatDB; LARIS_neurotransmitter
Apoa1,Cubn,2,CellChatDB; LARIS_neurotransmitter
Apoa1,Trem2,2,CellChatDB; LARIS_neurotransmitter
Apoa1,Tyrobp,2,CellChatDB; LARIS_neurotransmitter
Apoa2,Trem2,2,CellChatDB; LARIS_neurotransmitter
Apoa2,Tyrobp,2,CellChatDB; LARIS_neurotransmitter
Apob,Eno1,2,LIANA_mouseconsensus; connectomeDB2020_lit
Apob,Scarb1,2,CellTalkDB; SPIDER_internal
Apob,Tyrobp,2,CellChatDB; LARIS_neurotransmitter
Apoe,Lsr,2,LIANA_mouseconsensus; stCASE
Apoe,Sdc2,2,LIANA_mouseconsensus; stCASE
Apoe,Tyrobp,2,CellChatDB; LARIS_neurotransmitter
Apom,Lrp2,2,CellTalkDB; SPIDER_internal
App,Gpr3,2,CellTalkDB; SPIDER_internal
App,Lrp2,2,CellTalkDB; SPIDER_internal
App,Lrp4,2,CellTalkDB; SPIDER_internal
App,Lrp8,2,CellTalkDB; SPIDER_internal
App,Sorcs1,2,CellTalkDB; SPIDER_internal
App,Trem2,2,CellChatDB; LARIS_neurotransmitter
App,Tyrobp,2,CellChatDB; LARIS_neurotransmitter
Arf4,Lrp2,2,CellTalkDB; SPIDER_internal
B2m,Klrd1,2,LIANA_mouseconsensus; stCASE
B2m,Tfrc,2,LIANA_mouseconsensus; stCASE
Bdnf,Sorcs2,2,CellTalkDB; SPIDER_internal
Bmp2,Rgmb,2,LIANA_mouseconsensus; connectomeDB2020_lit
Bmp2,Tgfbr3,2,CellTalkDB; SPIDER_internal
Bmp4,Cfc1,2,LIANA_mouseconsensus; connectomeDB2020_lit
Bmp4,Hjv,2,CellTalkDB; SPIDER_internal
Bmp4,Musk,2,CellTalkDB; SPIDER_internal
Bmp4,Rgmb,2,LIANA_mouseconsensus; connectomeDB2020_lit
Bmp6,Amhr2,2,LIANA_mouseconsensus; stCASE
Bst1,Cav1,2,LIANA_mouseconsensus; SpaCcLink
Btla,Vtcn1,2,connectomeDB2020_lit; stCASE
C1ql1,Adgrb3,2,CellChatDB; LARIS_neurotransmitter
C1ql2,Adgrb3,2,CellChatDB; LARIS_neurotransmitter
C1ql3,Adgrb3,2,CellChatDB; LARIS_neurotransmitter
C1ql4,Adgrb3,2,CellChatDB; LARIS_neurotransmitter
C3,Nrp1,2,LIANA_mouseconsensus; connectomeDB2020_lit
C4a,Cd46,2,LIANA_mouseconsensus; SpaCcLink
C4a,Nrp1,2,LIANA_mouseconsensus; connectomeDB2020_lit
C4b,C5ar2,2,LIANA_mouseconsensus; SpaCcLink
C4bpa,Bmpr2,2,SpaCcLink; connectomeDB2020_lit
C4bpa,Cd40,2,SpaCcLink; connectomeDB2020_lit
C4bpa,Lrp1,2,SpaCcLink; connectomeDB2020_lit
Cadm3,Cadm4,2,CellChatDB; LARIS_neurotransmitter
Cadm3,Epb41l1,2,CellChatDB; LARIS_neurotransmitter
Calm1,Sell,2,CellTalkDB; SPIDER_internal
Cbln1,Grid2,2,CellChatDB; LARIS_neurotransmitter
Ccl12,Ackr2,2,LIANA_mouseconsensus; stCASE
Ccl12,Ackr4,2,LIANA_mouseconsensus; stCASE
Ccl12,Ccr1,2,LIANA_mouseconsensus; stCASE
Ccl12,Ccr10,2,LIANA_mouseconsensus; stCASE
Ccl12,Ccr3,2,LIANA_mouseconsensus; stCASE
Ccl12,Ccr5,2,LIANA_mouseconsensus; stCASE
Ccl13,Ackr2,2,SpaCcLink; connectomeDB2020_lit
Ccl13,Ccr2,2,SpaCcLink; connectomeDB2020_lit
Ccl13,Ccr3,2,SpaCcLink; connectomeDB2020_lit
Ccl13,Ccr5,2,SpaCcLink; connectomeDB2020_lit
Ccl13,Cxcr3,2,SpaCcLink; connectomeDB2020_lit
Ccl14,Ackr2,2,SpaCcLink; connectomeDB2020_lit
Ccl14,Ccr1,2,SpaCcLink; connectomeDB2020_lit
Ccl14,Ccr3,2,SpaCcLink; connectomeDB2020_lit
Ccl14,Ccr5,2,SpaCcLink; connectomeDB2020_lit
Ccl15,Ccr1,2,SpaCcLink; connectomeDB2020_lit
Ccl15,Ccr3,2,SpaCcLink; connectomeDB2020_lit
Ccl16,Ccr1,2,SpaCcLink; connectomeDB2020_lit
Ccl16,Ccr2,2,SpaCcLink; connectomeDB2020_lit
Ccl16,Ccr5,2,SpaCcLink; connectomeDB2020_lit
Ccl16,Ccr8,2,SpaCcLink; connectomeDB2020_lit
Ccl19,Ccrl2,2,connectomeDB2020_lit; stCASE
Ccl2,Ccr10,2,SpaCcLink; connectomeDB2020_lit
Ccl2,Cxcr3,2,LIANA_mouseconsensus; stCASE
Ccl21,Ackr2,2,SpaCcLink; connectomeDB2020_lit
Ccl21,Cxcr3,2,SpaCcLink; connectomeDB2020_lit
Ccl21b,Ackr2,2,LIANA_mouseconsensus; SpaCcLink
Ccl21c,Cxcr3,2,CellTalkDB; SpaCcLink
Ccl21e,Ackr4,2,CellChatDB; LARIS_neurotransmitter
Ccl21e,Ccr7,2,CellChatDB; LARIS_neurotransmitter
Ccl21f,Ackr4,2,CellChatDB; LARIS_neurotransmitter
Ccl21f,Ccr7,2,CellChatDB; LARIS_neurotransmitter
Ccl23,Ccr1,2,SpaCcLink; connectomeDB2020_lit
Ccl26,Ccr1,2,SpaCcLink; connectomeDB2020_lit
Ccl27,Ackr2,2,SpaCcLink; connectomeDB2020_lit
Ccl27,Ccr10,2,SpaCcLink; connectomeDB2020_lit
Ccl27b,Ackr2,2,LIANA_mouseconsensus; SpaCcLink
Ccl3l1,Ccr1,2,SpaCcLink; connectomeDB2020_lit
Ccl3l1,Ccr3,2,SpaCcLink; connectomeDB2020_lit
Ccl3l1,Ccr5,2,SpaCcLink; connectomeDB2020_lit
Ccl3l3,Ackr2,2,SpaCcLink; connectomeDB2020_lit
Ccl3l3,Ccr5,2,SpaCcLink; connectomeDB2020_lit
Ccl7,Ackr4,2,connectomeDB2020_lit; stCASE
Ccl8,Ackr2,2,SpaCcLink; connectomeDB2020_lit
Ccn1,Itga5,2,connectomeDB2020_lit; stCASE
Ccn1,Itgb3,2,connectomeDB2020_lit; stCASE
Ccn1,Itgb5,2,connectomeDB2020_lit; stCASE
Ccn1,Sdc4,2,connectomeDB2020_lit; stCASE
Ccn2,Igf2r,2,connectomeDB2020_lit; stCASE
Cd14,Tlr6,2,LIANA_mouseconsensus; stCASE
Cd2,Cd48,2,connectomeDB2020_lit; stCASE
Cd200r1,Cd200,2,LIANA_mouseconsensus; connectomeDB2020_lit
Cd24a,Selp,2,CellTalkDB; SPIDER_internal
Cd276,Treml2,2,CellChatDB; LARIS_neurotransmitter
Cd38,Pecam1,2,LIANA_mouseconsensus; connectomeDB2020_lit
Cd47,Sirpa,2,LIANA_mouseconsensus; connectomeDB2020_lit
Cd48,Cd244,2,LIANA_mouseconsensus; connectomeDB2020_lit
Cd55b,Adgre5,2,CellChatDB; LARIS_neurotransmitter
Cd99,Cd99,2,COMMOT_CellChat; CellChatDB
Cd99,Pilrb1,2,CellChatDB; LARIS_neurotransmitter
Cd99,Pilrb2,2,CellChatDB; LARIS_neurotransmitter
Cdh12,Itga1,2,CellChatDB; LARIS_neurotransmitter
Cdh12,Itgb1,2,CellChatDB; LARIS_neurotransmitter
Ceacam1,Cd1d1,2,CellChatDB; LARIS_neurotransmitter
Ceacam1,Cd1d2,2,CellChatDB; LARIS_neurotransmitter
Ceacam1,Cd209b,2,CellChatDB; LARIS_neurotransmitter
Ceacam1,Cd209c,2,CellChatDB; LARIS_neurotransmitter
Ceacam1,Cd209d,2,CellChatDB; LARIS_neurotransmitter
Ceacam1,Cd209e,2,CellChatDB; LARIS_neurotransmitter
Ceacam1,Cd8a,2,CellChatDB; LARIS_neurotransmitter
Ceacam1,Ceacam2,2,CellChatDB; LARIS_neurotransmitter
Ceacam1,Egfr,2,LIANA_mouseconsensus; stCASE
Ceacam1,Psg20,2,CellChatDB; LARIS_neurotransmitter
Ceacam2,Cd1d1,2,CellChatDB; LARIS_neurotransmitter
Ceacam2,Cd1d2,2,CellChatDB; LARIS_neurotransmitter
Ceacam2,Cd209a,2,CellChatDB; LARIS_neurotransmitter
Ceacam2,Cd209b,2,CellChatDB; LARIS_neurotransmitter
Ceacam2,Cd209c,2,CellChatDB; LARIS_neurotransmitter
Ceacam2,Cd209d,2,CellChatDB; LARIS_neurotransmitter
Ceacam2,Cd209e,2,CellChatDB; LARIS_neurotransmitter
Ceacam2,Cd8a,2,CellChatDB; LARIS_neurotransmitter
Ceacam2,Psg20,2,CellChatDB; LARIS_neurotransmitter
Ceacam2,Sele,2,CellChatDB; LARIS_neurotransmitter
Cfp,Ncr1,2,LIANA_mouseconsensus; connectomeDB2020_lit
Cgn,F11r,2,SpaCcLink; connectomeDB2020_lit
Cirbp,Trem1,2,LIANA_mouseconsensus; connectomeDB2020_lit
Cklf,Ccr4,2,LIANA_mouseconsensus; stCASE
Clec11a,Itga10,2,LIANA_mouseconsensus; connectomeDB2020_lit
Clec11a,Itga11,2,LIANA_mouseconsensus; connectomeDB2020_lit
Clec11a,Itgb1,2,LIANA_mouseconsensus; connectomeDB2020_lit
Clec1b,Klrb1a,2,LIANA_mouseconsensus; stCASE
Clec2d,Klrb1a,2,CellChatDB; LARIS_neurotransmitter
Clec2d,Klrb1c,2,CellChatDB; LARIS_neurotransmitter
Clec2d,Klrb1f,2,CellChatDB; LARIS_neurotransmitter
Clec2e,Klrb1,2,CellChatDB; LARIS_neurotransmitter
Clec2e,Klrb1a,2,CellChatDB; LARIS_neurotransmitter
Clec2e,Klrb1b,2,CellChatDB; LARIS_neurotransmitter
Clec2e,Klrb1c,2,CellChatDB; LARIS_neurotransmitter
Clec2e,Klrb1f,2,CellChatDB; LARIS_neurotransmitter
Clec2f,Klrb1,2,CellChatDB; LARIS_neurotransmitter
Clec2f,Klrb1b,2,CellChatDB; LARIS_neurotransmitter
Clec2f,Klrb1c,2,CellChatDB; LARIS_neurotransmitter
Clec2g,Klrb1a,2,CellChatDB; LARIS_neurotransmitter
Clec2g,Klrb1b,2,CellChatDB; LARIS_neurotransmitter
Clec2g,Klrb1c,2,CellChatDB; LARIS_neurotransmitter
Clec2h,Klrb1b,2,CellChatDB; LARIS_neurotransmitter
Clec2h,Klrb1c,2,CellChatDB; LARIS_neurotransmitter
Clec2h,Klrb1f,2,CellChatDB; LARIS_neurotransmitter
Clec2i,Klrb1a,2,CellChatDB; LARIS_neurotransmitter
Clec2i,Klrb1b,2,CellChatDB; LARIS_neurotransmitter
Clec2i,Klrb1c,2,CellChatDB; LARIS_neurotransmitter
Clec4g,Lag3,2,LIANA_mouseconsensus; connectomeDB2020_lit
Clu,Lrp8,2,CellTalkDB; SPIDER_internal
Cntf,Il6ra,2,LIANA_mouseconsensus; SpaCcLink
Cntn3,Ptprg,2,LIANA_mouseconsensus; stCASE
Col10a1,Itgb1,2,LIANA_mouseconsensus; stCASE
Col11a1,Itgb1,2,LIANA_mouseconsensus; stCASE
Col11a2,Itgb1,2,LIANA_mouseconsensus; stCASE
Col12a1,Itgb1,2,LIANA_mouseconsensus; stCASE
Col14a1,Itgb1,2,LIANA_mouseconsensus; stCASE
Col15a1,Itgb1,2,LIANA_mouseconsensus; stCASE
Col16a1,Itgb1,2,LIANA_mouseconsensus; stCASE
Col19a1,Itgb1,2,LIANA_mouseconsensus; stCASE
Col22a1,Itgb1,2,LIANA_mouseconsensus; stCASE
Col24a1,Itgb1,2,LIANA_mouseconsensus; stCASE
Col26a1,Itgb1,2,LIANA_mouseconsensus; stCASE
Col27a1,Itgb1,2,LIANA_mouseconsensus; stCASE
Col28a1,Itgb1,2,LIANA_mouseconsensus; stCASE
Col3a1,Adgrg1,2,CellChatDB; LARIS_neurotransmitter
Col4a1,Adgrg6,2,CellChatDB; LARIS_neurotransmitter
Col4a2,Adgrg6,2,CellChatDB; LARIS_neurotransmitter
Col4a3,Adgrg6,2,CellChatDB; LARIS_neurotransmitter
Col4a3,Itgb3,2,LIANA_mouseconsensus; stCASE
Col4a4,Adgrg6,2,CellChatDB; LARIS_neurotransmitter
Col4a5,Adgrg6,2,CellChatDB; LARIS_neurotransmitter
Col4a6,Adgrg6,2,CellChatDB; LARIS_neurotransmitter
Col5a1,Itgb1,2,LIANA_mouseconsensus; stCASE
Col5a2,Itgb1,2,LIANA_mouseconsensus; stCASE
Col5a3,Itgb1,2,LIANA_mouseconsensus; stCASE
Col7a1,Itgb1,2,LIANA_mouseconsensus; stCASE
Col8a1,Itgb1,2,LIANA_mouseconsensus; stCASE
Col8a2,Itgb1,2,LIANA_mouseconsensus; stCASE
Comp,Itga5,2,LIANA_mouseconsensus; connectomeDB2020_lit
Cort,Mrgprx2,2,LIANA_mouseconsensus; connectomeDB2020_lit
Cpamd8,Sctr,2,SpaCcLink; connectomeDB2020_lit
Crh,Mc2r,2,LIANA_mouseconsensus; SpaCcLink
Csf1,Csf2ra,2,LIANA_mouseconsensus; stCASE
Csf1,Csf3r,2,LIANA_mouseconsensus; stCASE
Csf2,Csf2rb2,2,SpaCcLink; stCASE
Csf3,Csf2ra,2,LIANA_mouseconsensus; stCASE
Csh1,Prlr,2,SpaCcLink; connectomeDB2020_lit
Cst3,Lrp2,2,CellTalkDB; SPIDER_internal
Ctsg,Fpr1,2,CellChatDB; LARIS_neurotransmitter
Cxcl11,Ccr3,2,SpaCcLink; connectomeDB2020_lit
Cxcl12,Cmklr1,2,CellTalkDB; SPIDER_internal
Cxcl12,Sdc4,2,LIANA_mouseconsensus; stCASE
Cxcl2,Xcr1,2,SpaCcLink; connectomeDB2020_lit
Cxcl6,Cxcr1,2,SpaCcLink; connectomeDB2020_lit
Cxcl6,Cxcr2,2,SpaCcLink; connectomeDB2020_lit
Cytl1,Ccr2,2,LIANA_mouseconsensus; connectomeDB2020_lit
Defb1,Ccr6,2,SpaCcLink; connectomeDB2020_lit
Defb103a,Ccr6,2,SpaCcLink; connectomeDB2020_lit
Defb103b,Ccr2,2,SpaCcLink; connectomeDB2020_lit
Defb103b,Ccr6,2,SpaCcLink; connectomeDB2020_lit
Defb14,Ccr2,2,SpaCcLink; stCASE
Defb14,Ccr6,2,SpaCcLink; stCASE
Defb4a,Ccr6,2,SpaCcLink; connectomeDB2020_lit
Defb4a,Tlr4,2,SpaCcLink; connectomeDB2020_lit
Defb4b,Ccr6,2,SpaCcLink; connectomeDB2020_lit
Dkk1,Lrp4,2,LIANA_mouseconsensus; connectomeDB2020_lit
Dkk2,Lrp5,2,LIANA_mouseconsensus; connectomeDB2020_lit
Dnajb11,Prtg,2,LIANA_mouseconsensus; connectomeDB2020_lit
Dsc3,Dsg2,2,connectomeDB2020_lit; stCASE
Ecm1,Itgb4,2,LIANA_mouseconsensus; connectomeDB2020_lit
Edil3,Itgav,2,LIANA_mouseconsensus; SpaCcLink
Efemp2,Aqp1,2,LIANA_mouseconsensus; SpaCcLink
Efnb2,Rhbdl2,2,LIANA_mouseconsensus; connectomeDB2020_lit
Efnb3,Rhbdl2,2,LIANA_mouseconsensus; connectomeDB2020_lit
Enam,Cd63,2,LIANA_mouseconsensus; connectomeDB2020_lit
Epo,Crlf3,2,LIANA_mouseconsensus; connectomeDB2020_lit
Ereg,Erbb3,2,LIANA_mouseconsensus; stCASE
F10,F3,2,LIANA_mouseconsensus; connectomeDB2020_lit
F11,Gp1ba,2,SpaCcLink; connectomeDB2020_lit
F11r,Jam3,2,COMMOT_CellChat; stCASE
F12,Gp1ba,2,SpaCcLink; connectomeDB2020_lit
F2,Gp1ba,2,SpaCcLink; connectomeDB2020_lit
F8,Asgr2,2,LIANA_mouseconsensus; connectomeDB2020_lit
Fam3c,Lifr,2,LIANA_mouseconsensus; connectomeDB2020_lit
Fcn2,Lrp1,2,SpaCcLink; connectomeDB2020_lit
Fga,Cdh5,2,LIANA_mouseconsensus; SpaCcLink
Fga,Itgav,2,SpaCcLink; connectomeDB2020_lit
Fgb,Itgav,2,SpaCcLink; connectomeDB2020_lit
Fgb,Itgb2,2,SpaCcLink; connectomeDB2020_lit
Fgb,Tlr4,2,LIANA_mouseconsensus; connectomeDB2020_lit
Fgf1,Cspg4,2,LIANA_mouseconsensus; connectomeDB2020_lit
Fgf2,Lyve1,2,CellTalkDB; SPIDER_internal
Fgf22,Fgfrl1,2,LIANA_mouseconsensus; connectomeDB2020_lit
Fgf3,Fgfrl1,2,LIANA_mouseconsensus; connectomeDB2020_lit
Fgf4,Fgfrl1,2,LIANA_mouseconsensus; connectomeDB2020_lit
Fgg,Tlr4,2,LIANA_mouseconsensus; connectomeDB2020_lit
Flrt1,Adgrl1,2,CellChatDB; LARIS_neurotransmitter
Flrt1,Adgrl2,2,CellChatDB; LARIS_neurotransmitter
Flrt1,Adgrl3,2,CellChatDB; LARIS_neurotransmitter
Flrt1,Unc5a,2,CellChatDB; LARIS_neurotransmitter
Flrt1,Unc5b,2,CellChatDB; LARIS_neurotransmitter
Flrt1,Unc5c,2,CellChatDB; LARIS_neurotransmitter
Flrt1,Unc5d,2,CellChatDB; LARIS_neurotransmitter
Flrt2,Adgrl1,2,CellChatDB; LARIS_neurotransmitter
Flrt2,Adgrl2,2,CellChatDB; LARIS_neurotransmitter
Flrt2,Adgrl3,2,CellChatDB; LARIS_neurotransmitter
Flrt2,Unc5a,2,CellChatDB; LARIS_neurotransmitter
Flrt2,Unc5b,2,CellChatDB; LARIS_neurotransmitter
Flrt2,Unc5c,2,CellChatDB; LARIS_neurotransmitter
Flrt2,Unc5d,2,CellChatDB; LARIS_neurotransmitter
Flrt3,Adgrl1,2,CellChatDB; LARIS_neurotransmitter
Flrt3,Adgrl2,2,CellChatDB; LARIS_neurotransmitter
Flrt3,Unc5a,2,CellChatDB; LARIS_neurotransmitter
Flrt3,Unc5b,2,CellChatDB; LARIS_neurotransmitter
Flrt3,Unc5c,2,CellChatDB; LARIS_neurotransmitter
Flrt3,Unc5d,2,CellChatDB; LARIS_neurotransmitter
Fn1,Flrt2,2,CellTalkDB; SPIDER_internal
Fndc5,Itgav,2,LIANA_mouseconsensus; connectomeDB2020_lit
Fndc5,Itgb5,2,LIANA_mouseconsensus; connectomeDB2020_lit
Fstl1,Dip2a,2,LIANA_mouseconsensus; connectomeDB2020_lit
Gast,Adgrg1,2,CellChatDB; LARIS_neurotransmitter
Gdf1,Acvr1,2,LIANA_mouseconsensus; connectomeDB2020_lit
Gdf1,Bmpr1a,2,LIANA_mouseconsensus; connectomeDB2020_lit
Gdf1,Bmpr2,2,LIANA_mouseconsensus; connectomeDB2020_lit
Gdf10,Acvr2b,2,LIANA_mouseconsensus; stCASE
Gdf9,Orai2,2,LIANA_mouseconsensus; SpaCcLink
Gdnf,Sorl1,2,CellTalkDB; SPIDER_internal
Gh1,Ghr,2,SpaCcLink; connectomeDB2020_lit
Gh1,Prlr,2,SpaCcLink; connectomeDB2020_lit
Gh2,Ghr,2,SpaCcLink; connectomeDB2020_lit
Ghrl,Ptger3,2,LIANA_mouseconsensus; stCASE
Ghrl,Tbxa2r,2,LIANA_mouseconsensus; stCASE
Gja1,Gja5,2,CellChatDB; LARIS_neurotransmitter
Gja1,Gja6,2,CellChatDB; LARIS_neurotransmitter
Gja3,Gja1,2,CellChatDB; LARIS_neurotransmitter
Gja3,Gja5,2,CellChatDB; LARIS_neurotransmitter
Gja3,Gja6,2,CellChatDB; LARIS_neurotransmitter
Gja3,Gjc1,2,CellChatDB; LARIS_neurotransmitter
Gja6,Gja5,2,CellChatDB; LARIS_neurotransmitter
Gjc1,Gja1,2,CellChatDB; LARIS_neurotransmitter
Gjc1,Gja5,2,CellChatDB; LARIS_neurotransmitter
Gjc1,Gja6,2,CellChatDB; LARIS_neurotransmitter
Gls,Gria1,2,CellChatDB; LARIS_neurotransmitter
Gls,Gria2,2,CellChatDB; LARIS_neurotransmitter
Gls,Gria3,2,CellChatDB; LARIS_neurotransmitter
Gls,Gria4,2,CellChatDB; LARIS_neurotransmitter
Gls,Grik1,2,CellChatDB; LARIS_neurotransmitter
Gls,Grik2,2,CellChatDB; LARIS_neurotransmitter
Gls,Grik3,2,CellChatDB; LARIS_neurotransmitter
Gls,Grik4,2,CellChatDB; LARIS_neurotransmitter
Gls,Grik5,2,CellChatDB; LARIS_neurotransmitter
Gls,Grin1,2,CellChatDB; LARIS_neurotransmitter
Gls,Grin2a,2,CellChatDB; LARIS_neurotransmitter
Gls,Grin2b,2,CellChatDB; LARIS_neurotransmitter
Gls,Grin2c,2,CellChatDB; LARIS_neurotransmitter
Gls,Grin2d,2,CellChatDB; LARIS_neurotransmitter
Gls,Grm1,2,CellChatDB; LARIS_neurotransmitter
Gls,Grm2,2,CellChatDB; LARIS_neurotransmitter
Gls,Grm3,2,CellChatDB; LARIS_neurotransmitter
Gls,Grm4,2,CellChatDB; LARIS_neurotransmitter
Gls,Grm5,2,CellChatDB; LARIS_neurotransmitter
Gls,Grm6,2,CellChatDB; LARIS_neurotransmitter
Gls,Grm7,2,CellChatDB; LARIS_neurotransmitter
Gls,Grm8,2,CellChatDB; LARIS_neurotransmitter
Gls2,Gria1,2,CellChatDB; LARIS_neurotransmitter
Gls2,Gria2,2,CellChatDB; LARIS_neurotransmitter
Gls2,Gria3,2,CellChatDB; LARIS_neurotransmitter
Gls2,Gria4,2,CellChatDB; LARIS_neurotransmitter
Gls2,Grik1,2,CellChatDB; LARIS_neurotransmitter
Gls2,Grik2,2,CellChatDB; LARIS_neurotransmitter
Gls2,Grik3,2,CellChatDB; LARIS_neurotransmitter
Gls2,Grik4,2,CellChatDB; LARIS_neurotransmitter
Gls2,Grik5,2,CellChatDB; LARIS_neurotransmitter
Gls2,Grin1,2,CellChatDB; LARIS_neurotransmitter
Gls2,Grin2a,2,CellChatDB; LARIS_neurotransmitter
Gls2,Grin2b,2,CellChatDB; LARIS_neurotransmitter
Gls2,Grin2c,2,CellChatDB; LARIS_neurotransmitter
Gls2,Grin2d,2,CellChatDB; LARIS_neurotransmitter
Gls2,Grm1,2,CellChatDB; LARIS_neurotransmitter
Gls2,Grm2,2,CellChatDB; LARIS_neurotransmitter
Gls2,Grm3,2,CellChatDB; LARIS_neurotransmitter
Gls2,Grm4,2,CellChatDB; LARIS_neurotransmitter
Gls2,Grm5,2,CellChatDB; LARIS_neurotransmitter
Gls2,Grm6,2,CellChatDB; LARIS_neurotransmitter
Gls2,Grm7,2,CellChatDB; LARIS_neurotransmitter
Gls2,Grm8,2,CellChatDB; LARIS_neurotransmitter
Gm13306,Ccr2,2,LIANA_mouseconsensus; stCASE
Gm13306,Ccr3,2,LIANA_mouseconsensus; stCASE
Gm7030,Cd8a,2,COMMOT_CellChat; LIANA_mouseconsensus
Gm7030,Cd8b1,2,COMMOT_CellChat; LIANA_mouseconsensus
Gnai2,Chrm1,2,LIANA_mouseconsensus; SpaCcLink
Gnas,Ptgir,2,SpaCcLink; stCASE
Gnb3,Tgfbr1,2,LIANA_mouseconsensus; SpaCcLink
Gnrh2,Gnrhr,2,SpaCcLink; connectomeDB2020_lit
Gstp1,Traf2,2,LIANA_mouseconsensus; SpaCcLink
Gstp2,Traf2,2,LIANA_mouseconsensus; SpaCcLink
Gzmb,Chrm3,2,SpaCcLink; connectomeDB2020_lit
Gzmb,Igf2r,2,SpaCcLink; connectomeDB2020_lit
H2-aa,Lag3,2,LIANA_mouseconsensus; stCASE
H2-ab1,Lag3,2,LIANA_mouseconsensus; stCASE
H2-bl,Kir3dl1,2,COMMOT_CellChat; SpaCcLink
H2-d,Klra,2,COMMOT_CellChat; CellChatDB
H2-k1,Kir3dl2,2,SpaCcLink; stCASE
H2-k1,Klra,2,COMMOT_CellChat; CellChatDB
H2-m3,Klrc1,2,LIANA_mouseconsensus; SpaCcLink
H2-t25,Cd8a,2,CellChatDB; LARIS_neurotransmitter
H2-t25,Cd8b1,2,CellChatDB; LARIS_neurotransmitter
H2-t26,Cd8a,2,CellChatDB; LARIS_neurotransmitter
H2-t26,Cd8b1,2,CellChatDB; LARIS_neurotransmitter
H2-t27,Cd8a,2,CellChatDB; LARIS_neurotransmitter
H2-t27,Cd8b1,2,CellChatDB; LARIS_neurotransmitter
H60a,Hcst,2,CellChatDB; LARIS_neurotransmitter
H60b,Hcst,2,CellChatDB; LARIS_neurotransmitter
H60c,Hcst,2,CellChatDB; LARIS_neurotransmitter
Hdc,Hrh1,2,LARIS_neurotransmitter; LIANA_mouseconsensus
Hdc,Hrh2,2,LARIS_neurotransmitter; LIANA_mouseconsensus
Hdc,Hrh3,2,LARIS_neurotransmitter; LIANA_mouseconsensus
Hdc,Hrh4,2,LARIS_neurotransmitter; LIANA_mouseconsensus
Hebp1,Fpr3,2,SpaCcLink; connectomeDB2020_lit
Hgf,Nrp2,2,CellTalkDB; SPIDER_internal
Hgf,St14,2,LIANA_mouseconsensus; connectomeDB2020_lit
Hla-a,Aplp2,2,SpaCcLink; connectomeDB2020_lit
Hla-a,Erbb2,2,SpaCcLink; connectomeDB2020_lit
Hla-a,Kir3dl1,2,SpaCcLink; connectomeDB2020_lit
Hla-a,Kir3dl2,2,SpaCcLink; connectomeDB2020_lit
Hla-b,Canx,2,SpaCcLink; connectomeDB2020_lit
Hla-b,Kir3dl1,2,SpaCcLink; connectomeDB2020_lit
Hla-b,Klrd1,2,SpaCcLink; connectomeDB2020_lit
Hla-e,Klrc1,2,SpaCcLink; connectomeDB2020_lit
Hla-e,Klrc2,2,SpaCcLink; connectomeDB2020_lit
Hla-e,Klrd1,2,SpaCcLink; connectomeDB2020_lit
Hla-g,Klrc1,2,SpaCcLink; connectomeDB2020_lit
Hla-g,Klrd1,2,SpaCcLink; connectomeDB2020_lit
Hmgb1,Sdc1,2,SpaCcLink; connectomeDB2020_lit
Hp,Cd22,2,LIANA_mouseconsensus; stCASE
Hsp90aa1,Erbb2,2,LIANA_mouseconsensus; stCASE
Hspg2,Fgfr1,2,LIANA_mouseconsensus; stCASE
Hspg2,Sdc1,2,LIANA_mouseconsensus; stCASE
Icam1,Il2rg,2,LIANA_mouseconsensus; SpaCcLink
Icam1,Muc1,2,CellTalkDB; SPIDER_internal
Icam3,Itgad,2,SpaCcLink; connectomeDB2020_lit
Icam3,Itgal,2,SpaCcLink; connectomeDB2020_lit
Icam3,Itgb2,2,SpaCcLink; connectomeDB2020_lit
Icam4,Rhag,2,LIANA_mouseconsensus; SpaCcLink
Ifna10,Ifnar1,2,SpaCcLink; connectomeDB2020_lit
Ifna10,Ifnar2,2,SpaCcLink; connectomeDB2020_lit
Ifna16,Ifnar1,2,SpaCcLink; connectomeDB2020_lit
Ifna16,Ifnar2,2,SpaCcLink; connectomeDB2020_lit
Ifna17,Ifnar1,2,SpaCcLink; connectomeDB2020_lit
Ifna17,Ifnar2,2,SpaCcLink; connectomeDB2020_lit
Ifna21,Ifnar1,2,SpaCcLink; connectomeDB2020_lit
Ifna21,Ifnar2,2,SpaCcLink; connectomeDB2020_lit
Ifna8,Ifnar1,2,SpaCcLink; connectomeDB2020_lit
Ifna8,Ifnar2,2,SpaCcLink; connectomeDB2020_lit
Ifnl1,Ifnlr1,2,SpaCcLink; connectomeDB2020_lit
Ifnl1,Il10rb,2,SpaCcLink; connectomeDB2020_lit
Ifnw1,Ifnar1,2,SpaCcLink; connectomeDB2020_lit
Ifnw1,Ifnar2,2,SpaCcLink; connectomeDB2020_lit
Igfbp3,Tmem219,2,CellChatDB; LARIS_neurotransmitter
Il12a,Il6st,2,LIANA_mouseconsensus; stCASE
Il13,Il4r,2,CellChatDB; connectomeDB2020_lit
Il16,Cd9,2,LIANA_mouseconsensus; stCASE
Il17a,Il17rd,2,CellTalkDB; SPIDER_internal
Il1f10,Il1rapl1,2,LIANA_mouseconsensus; stCASE
Il1f10,Il1rapl2,2,LIANA_mouseconsensus; stCASE
Il1f10,Sigirr,2,LIANA_mouseconsensus; stCASE
Il1f5,Il1rap,2,COMMOT_CellChat; LIANA_mouseconsensus
Il1f5,Il1rl2,2,COMMOT_CellChat; LIANA_mouseconsensus
Il1rapl1,Ptprf,2,LIANA_mouseconsensus; connectomeDB2020_lit
Il1rapl1,Ptprs,2,LIANA_mouseconsensus; connectomeDB2020_lit
Il34,Ptprz1,2,LIANA_mouseconsensus; connectomeDB2020_lit
Il4,Il4r,2,CellChatDB; connectomeDB2020_lit
Il5,Csf2rb2,2,SpaCcLink; stCASE
Il6,Il6r,2,CellChatDB; connectomeDB2020_lit
Iltifb,Il10ra,2,LIANA_mouseconsensus; SpaCcLink
Iltifb,Il22ra2,2,LIANA_mouseconsensus; SpaCcLink
Inha,Tgfbr3,2,LIANA_mouseconsensus; connectomeDB2020_lit
Inhbb,Cfc1,2,LIANA_mouseconsensus; connectomeDB2020_lit
Inhbc,Acvr1,2,LIANA_mouseconsensus; SpaCcLink
Ins,Igf1r,2,SpaCcLink; connectomeDB2020_lit
Ins,Insr,2,SpaCcLink; connectomeDB2020_lit
Ins2,Igf1r,2,LIANA_mouseconsensus; SpaCcLink
Itgav,Adgra2,2,CellChatDB; LARIS_neurotransmitter
Itgav,Adgrb1,2,CellChatDB; LARIS_neurotransmitter
Itgav,Adgre5,2,CellChatDB; LARIS_neurotransmitter
Itgav,Thy1,2,LIANA_mouseconsensus; connectomeDB2020_lit
Itgb1,Adgre5,2,CellChatDB; LARIS_neurotransmitter
Itgb2,Cd226,2,COMMOT_CellChat; LIANA_mouseconsensus
Itgb2,Thy1,2,LIANA_mouseconsensus; connectomeDB2020_lit
Itgb2l,Cd226,2,COMMOT_CellChat; stCASE
Itgb2l,Icam1,2,COMMOT_CellChat; stCASE
Itgb2l,Icam2,2,COMMOT_CellChat; stCASE
Itgb3,Adgra2,2,CellChatDB; LARIS_neurotransmitter
Itgb3,Adgre5,2,CellChatDB; LARIS_neurotransmitter
Itgb3bp,Itgb3,2,LIANA_mouseconsensus; SpaCcLink
Itgb3bp,Itgb5,2,LIANA_mouseconsensus; SpaCcLink
Itgb5,Adgrb1,2,CellChatDB; LARIS_neurotransmitter
Itih2,Fcer1a,2,LIANA_mouseconsensus; SpaCcLink
Izumo1,Izumo1r,2,CellTalkDB; SPIDER_internal
Jag1,Cd46,2,LIANA_mouseconsensus; connectomeDB2020_lit
Klk1,F2r,2,CellChatDB; LARIS_neurotransmitter
Klk14,F2r,2,CellChatDB; LARIS_neurotransmitter
Klk14,F2rl1,2,CellChatDB; LARIS_neurotransmitter
Klk1b8,Ntrk1,2,LIANA_mouseconsensus; stCASE
Klk4,F2r,2,CellChatDB; LARIS_neurotransmitter
Klk4,F2rl1,2,CellChatDB; LARIS_neurotransmitter
Klk5,F2rl1,2,CellChatDB; LARIS_neurotransmitter
Klk6,F2r,2,CellChatDB; LARIS_neurotransmitter
Klk6,F2rl1,2,CellChatDB; LARIS_neurotransmitter
Klk7,F2rl1,2,CellChatDB; LARIS_neurotransmitter
Klk8,F2r,2,CellChatDB; LARIS_neurotransmitter
Kng1,Gpr135,2,LIANA_mouseconsensus; connectomeDB2020_lit
Kng2,Cd93,2,LIANA_mouseconsensus; stCASE
Kng2,Gpr135,2,LIANA_mouseconsensus; stCASE
Kng2,Itgb2,2,LIANA_mouseconsensus; SpaCcLink
Kng2,Sdc2,2,LIANA_mouseconsensus; stCASE
L1cam,Alcam,2,connectomeDB2020_lit; stCASE
Lacrt,Sdc1,2,SpaCcLink; connectomeDB2020_lit
Lair1,Lilrb4a,2,CellChatDB; LARIS_neurotransmitter
Lama2,Adgrg6,2,CellChatDB; LARIS_neurotransmitter
Lcn2,Slc22a17,2,CellTalkDB; SPIDER_internal
Leap2,Ghsr,2,LIANA_mouseconsensus; connectomeDB2020_lit
Lep,Leprot,2,CellTalkDB; SPIDER_internal
Lgals1,Cd69,2,LIANA_mouseconsensus; connectomeDB2020_lit
Lgals1,Ptprc,2,LIANA_mouseconsensus; connectomeDB2020_lit
Lgals3,Eng,2,LIANA_mouseconsensus; stCASE
Lgals3,Mertk,2,CellTalkDB; SPIDER_internal
Lgals9,Bcr,2,CellChatDB; LARIS_neurotransmitter
Lgals9,Cd22,2,CellChatDB; LARIS_neurotransmitter
Lgals9,P4hb,2,CellChatDB; LARIS_neurotransmitter
Lgi1,Adam22,2,LIANA_mouseconsensus; connectomeDB2020_lit
Lgi1,Adam23,2,LIANA_mouseconsensus; connectomeDB2020_lit
Lgi1,Rtn4r,2,LIANA_mouseconsensus; connectomeDB2020_lit
Lgi2,Adam22,2,LIANA_mouseconsensus; connectomeDB2020_lit
Lgi2,Adam23,2,LIANA_mouseconsensus; connectomeDB2020_lit
Lgi3,Adam22,2,LIANA_mouseconsensus; connectomeDB2020_lit
Lgi3,Adam23,2,LIANA_mouseconsensus; connectomeDB2020_lit
Lgi3,Flot1,2,LIANA_mouseconsensus; connectomeDB2020_lit
Lgi3,Stx1a,2,LIANA_mouseconsensus; connectomeDB2020_lit
Lgi4,Adam22,2,LIANA_mouseconsensus; connectomeDB2020_lit
Lgi4,Adam23,2,LIANA_mouseconsensus; connectomeDB2020_lit
Lilrb4,Lair1,2,LIANA_mouseconsensus; connectomeDB2020_lit
Lipc,Scarb1,2,CellTalkDB; SPIDER_internal
Lnx2,Cxadr,2,CellTalkDB; SPIDER_internal
Lpar1,Adgre5,2,CellChatDB; LARIS_neurotransmitter
Lpar2,Adgre5,2,CellChatDB; LARIS_neurotransmitter
Lpar3,Adgre5,2,CellChatDB; LARIS_neurotransmitter
Lpl,Gpihbp1,2,SpaCcLink; connectomeDB2020_lit
Lrfn4,Ptprd,2,CellChatDB; LARIS_neurotransmitter
Lrfn4,Ptprf,2,CellChatDB; LARIS_neurotransmitter
Lrfn4,Ptprs,2,CellChatDB; LARIS_neurotransmitter
Lrfn5,Ptprd,2,CellChatDB; LARIS_neurotransmitter
Lrfn5,Ptprf,2,CellChatDB; LARIS_neurotransmitter
Lrfn5,Ptprs,2,CellChatDB; LARIS_neurotransmitter
Lrig1,Met,2,LIANA_mouseconsensus; stCASE
Lrpap1,Lrp2,2,LIANA_mouseconsensus; connectomeDB2020_lit
Lrpap1,Lrp8,2,LIANA_mouseconsensus; connectomeDB2020_lit
Lrpap1,Sorl1,2,LIANA_mouseconsensus; connectomeDB2020_lit
Lrrc4c,Ptprf,2,CellChatDB; LARIS_neurotransmitter
Lrrtm4,Ptprs,2,CellChatDB; LARIS_neurotransmitter
Ltf,Lrp11,2,LIANA_mouseconsensus; connectomeDB2020_lit
Mbl2,Calcr,2,LIANA_mouseconsensus; SpaCcLink
Mbl2,Cd93,2,LIANA_mouseconsensus; connectomeDB2020_lit
Mdk,Lrp2,2,LIANA_mouseconsensus; stCASE
Mepe,Phex,2,LIANA_mouseconsensus; connectomeDB2020_lit
Mia,Cdh7,2,LIANA_mouseconsensus; connectomeDB2020_lit
Mif,Egfr,2,LIANA_mouseconsensus; stCASE
Mmp1,Itga2,2,SpaCcLink; connectomeDB2020_lit
Mmp1a,Cd44,2,LIANA_mouseconsensus; SpaCcLink
Mmp1a,Itga2,2,LIANA_mouseconsensus; SpaCcLink
Mmp2,Fgfr1,2,LIANA_mouseconsensus; stCASE
Mmp2,Mmp14,2,CellChatDB; LARIS_neurotransmitter
Mmp9,Reck,2,LIANA_mouseconsensus; stCASE
Mmrn2,Cd248,2,LIANA_mouseconsensus; connectomeDB2020_lit
Mmrn2,Cd93,2,LIANA_mouseconsensus; connectomeDB2020_lit
Mmrn2,Clec14a,2,LIANA_mouseconsensus; connectomeDB2020_lit
Mrc1,Ptprc,2,LIANA_mouseconsensus; connectomeDB2020_lit
Msmp,Ccr2,2,LIANA_mouseconsensus; connectomeDB2020_lit
Muc2,Agr2,2,LIANA_mouseconsensus; connectomeDB2020_lit
Myl9,Cd69,2,LIANA_mouseconsensus; connectomeDB2020_lit
Ncam1,Fgfr2,2,LIANA_mouseconsensus; stCASE
Nectin2,Cd96,2,connectomeDB2020_lit; stCASE
Nectin3,Cadm1,2,connectomeDB2020_lit; stCASE
Nectin3,Cadm3,2,connectomeDB2020_lit; stCASE
Nectin3,Nectin1,2,COMMOT_CellChat; stCASE
Nectin4,Tigit,2,connectomeDB2020_lit; stCASE
Nell2,Robo3,2,LIANA_mouseconsensus; connectomeDB2020_lit
Nid1,Col13a1,2,SpaCcLink; connectomeDB2020_lit
Nodal,Tdgf1,2,LIANA_mouseconsensus; connectomeDB2020_lit
Npy,Mc4r,2,LIANA_mouseconsensus; stCASE
Npy,Prlhr,2,LIANA_mouseconsensus; connectomeDB2020_lit
Nrg1,Itga6,2,CellChatDB; LARIS_neurotransmitter
Nrg1,Itgb4,2,CellChatDB; LARIS_neurotransmitter
Nrg3,Egfr,2,LIANA_mouseconsensus; stCASE
Nrxn1,Adgrl1,2,CellChatDB; LARIS_neurotransmitter
Nrxn1,Clstn1,2,CellChatDB; LARIS_neurotransmitter
Nrxn1,Clstn2,2,CellChatDB; LARIS_neurotransmitter
Nrxn1,Clstn3,2,CellChatDB; LARIS_neurotransmitter
Nrxn1,Dag1,2,CellChatDB; LARIS_neurotransmitter
Nrxn1,Lrrtm1,2,CellChatDB; LARIS_neurotransmitter
Nrxn1,Lrrtm2,2,CellChatDB; LARIS_neurotransmitter
Nrxn1,Lrrtm3,2,CellChatDB; LARIS_neurotransmitter
Nrxn1,Lrrtm4,2,CellChatDB; LARIS_neurotransmitter
Nrxn2,Adgrl1,2,CellChatDB; LARIS_neurotransmitter
Nrxn2,Clstn1,2,CellChatDB; LARIS_neurotransmitter
Nrxn2,Clstn2,2,CellChatDB; LARIS_neurotransmitter
Nrxn2,Clstn3,2,CellChatDB; LARIS_neurotransmitter
Nrxn2,Dag1,2,CellChatDB; LARIS_neurotransmitter
Nrxn2,Lrrtm1,2,CellChatDB; LARIS_neurotransmitter
Nrxn2,Lrrtm2,2,CellChatDB; LARIS_neurotransmitter
Nrxn2,Lrrtm3,2,CellChatDB; LARIS_neurotransmitter
Nrxn2,Lrrtm4,2,CellChatDB; LARIS_neurotransmitter
Nrxn3,Adgrl1,2,CellChatDB; LARIS_neurotransmitter
Nrxn3,Lrrtm1,2,CellChatDB; LARIS_neurotransmitter
Nrxn3,Lrrtm2,2,CellChatDB; LARIS_neurotransmitter
Nrxn3,Lrrtm3,2,CellChatDB; LARIS_neurotransmitter
Nrxn3,Lrrtm4,2,CellChatDB; LARIS_neurotransmitter
Ntn4,Ntrk2,2,CellChatDB; LARIS_neurotransmitter
Ntn4,Unc5b,2,CellChatDB; LARIS_neurotransmitter
Ntn4,Unc5d,2,CellChatDB; LARIS_neurotransmitter
Ntrk3,Ptprf,2,LIANA_mouseconsensus; connectomeDB2020_lit
Ntrk3,Ptprs,2,LIANA_mouseconsensus; connectomeDB2020_lit
Pcdha4b,Pcdha4,2,CellChatDB; LARIS_neurotransmitter
Pcdhb10,Pcdhb11,2,CellChatDB; LARIS_neurotransmitter
Pcdhb10,Pcdhb6,2,CellChatDB; LARIS_neurotransmitter
Pcdhb10,Pcdhb8,2,CellChatDB; LARIS_neurotransmitter
Pcdhb11,Pcdhb6,2,CellChatDB; LARIS_neurotransmitter
Pcdhb11,Pcdhb8,2,CellChatDB; LARIS_neurotransmitter
Pcdhb12,Pcdhb10,2,CellChatDB; LARIS_neurotransmitter
Pcdhb12,Pcdhb11,2,CellChatDB; LARIS_neurotransmitter
Pcdhb12,Pcdhb6,2,CellChatDB; LARIS_neurotransmitter
Pcdhb12,Pcdhb8,2,CellChatDB; LARIS_neurotransmitter
Pcdhb19,Pcdhb21,2,CellChatDB; LARIS_neurotransmitter
Pcdhb4,Pcdhb10,2,CellChatDB; LARIS_neurotransmitter
Pcdhb4,Pcdhb11,2,CellChatDB; LARIS_neurotransmitter
Pcdhb4,Pcdhb12,2,CellChatDB; LARIS_neurotransmitter
Pcdhb4,Pcdhb6,2,CellChatDB; LARIS_neurotransmitter
Pcdhb4,Pcdhb8,2,CellChatDB; LARIS_neurotransmitter
Pcdhb5,Pcdhb9,2,CellChatDB; LARIS_neurotransmitter
Pcdhb7,Pcdhb5,2,CellChatDB; LARIS_neurotransmitter
Pcdhb7,Pcdhb9,2,CellChatDB; LARIS_neurotransmitter
Pcdhb8,Pcdhb6,2,CellChatDB; LARIS_neurotransmitter
Pdap1,Pdgfrb,2,LIANA_mouseconsensus; SpaCcLink
Pdgfb,Art1,2,LIANA_mouseconsensus; connectomeDB2020_lit
Pdgfc,Kdr,2,LIANA_mouseconsensus; SpaCcLink
Pecam1,Cd177,2,CellChatDB; LARIS_neurotransmitter
Pgf,Kdr,2,LIANA_mouseconsensus; stCASE
Pglyrp1,Trem1,2,LIANA_mouseconsensus; connectomeDB2020_lit
Pigf,Flt1,2,LIANA_mouseconsensus; SpaCcLink
Plau,St14,2,LIANA_mouseconsensus; connectomeDB2020_lit
Plg,F2rl2,2,LIANA_mouseconsensus; stCASE
Plg,F3,2,LIANA_mouseconsensus; connectomeDB2020_lit
Plg,Lrp2,2,CellTalkDB; SPIDER_internal
Postn,Ptk7,2,LIANA_mouseconsensus; connectomeDB2020_lit
Ppia,Bsg,2,CellChatDB; LARIS_neurotransmitter
Prnp,Adgrg6,2,CellChatDB; LARIS_neurotransmitter
Proc,F2r,2,CellChatDB; LARIS_neurotransmitter
Proc,Hsp90aa1,2,CellChatDB; LARIS_neurotransmitter
Proc,Tek,2,LIANA_mouseconsensus; connectomeDB2020_lit
Prss3l,F2r,2,CellChatDB; LARIS_neurotransmitter
Prss3l,F2rl1,2,CellChatDB; LARIS_neurotransmitter
Prss3l,F2rl2,2,CellChatDB; LARIS_neurotransmitter
Prss3l,F2rl3,2,CellChatDB; LARIS_neurotransmitter
Prss3l,Pard3,2,CellChatDB; LARIS_neurotransmitter
Ptdss1,Scarb1,2,LIANA_mouseconsensus; connectomeDB2020_lit
Ptn,Cdh10,2,LIANA_mouseconsensus; stCASE
Ptpn11,Ros1,2,CellTalkDB; SPIDER_internal
Ptpn6,Ros1,2,CellTalkDB; SPIDER_internal
Pyy,Fap,2,LIANA_mouseconsensus; connectomeDB2020_lit
Raet1a,Hcst,2,CellChatDB; LARIS_neurotransmitter
Raet1b,Hcst,2,CellChatDB; LARIS_neurotransmitter
Raet1c,Hcst,2,CellChatDB; LARIS_neurotransmitter
Raet1d,Hcst,2,CellChatDB; LARIS_neurotransmitter
Raet1e,Hcst,2,CellChatDB; LARIS_neurotransmitter
Rims1,Cacna1c,2,LIANA_mouseconsensus; SpaCcLink
Rims2,Abca1,2,LIANA_mouseconsensus; SpaCcLink
Rln2,Rxfp1,2,SpaCcLink; connectomeDB2020_lit
Rln2,Rxfp2,2,SpaCcLink; connectomeDB2020_lit
Rnase2,Tlr2,2,SpaCcLink; connectomeDB2020_lit
Rph3a,Nrxn1,2,SpaCcLink; connectomeDB2020_lit
Rspo1,Fzd8,2,LIANA_mouseconsensus; stCASE
Rspo3,Rnf43,2,LIANA_mouseconsensus; stCASE
Rspo4,Lrp5,2,LIANA_mouseconsensus; stCASE
Rtn2,Rtn4r,2,CellTalkDB; SPIDER_internal
Rtn3,Rtn4r,2,CellTalkDB; SPIDER_internal
Rtn4,Rtn4rl1,2,LIANA_mouseconsensus; connectomeDB2020_lit
Rtn4,Rtn4rl2,2,CellTalkDB; SPIDER_internal
Rtn4,Tnfrsf19,2,LIANA_mouseconsensus; connectomeDB2020_lit
Rtn4r,Adgrb1,2,CellChatDB; LARIS_neurotransmitter
S100a8,Ager,2,LIANA_mouseconsensus; stCASE
S100b,Alcam,2,CellTalkDB; SPIDER_internal
Saa2,Fpr1,2,LIANA_mouseconsensus; SpaCcLink
Scgb3a1,Marco,2,LIANA_mouseconsensus; connectomeDB2020_lit
Sdc1,Adgra2,2,CellChatDB; LARIS_neurotransmitter
Sdc2,Adgra2,2,CellChatDB; LARIS_neurotransmitter
Selenop,Lrp2,2,CellTalkDB; SPIDER_internal
Selenop,Lrp8,2,CellTalkDB; SPIDER_internal
Selplg,Vsir,2,CellTalkDB; SPIDER_internal
Sema4f,Nrp2,2,LIANA_mouseconsensus; stCASE
Sema6d,Nrcam,2,CellTalkDB; SPIDER_internal
Serpina1,Lrp1,2,SpaCcLink; connectomeDB2020_lit
Serpina1a,Lrp1,2,LIANA_mouseconsensus; SpaCcLink
Serpina1b,Lrp1,2,LIANA_mouseconsensus; SpaCcLink
Serpina1c,Lrp1,2,LIANA_mouseconsensus; SpaCcLink
Serpina1d,Lrp1,2,LIANA_mouseconsensus; SpaCcLink
Serpina1e,Lrp1,2,LIANA_mouseconsensus; SpaCcLink
Serpinc1,Sdc2,2,SpaCcLink; connectomeDB2020_lit
Serpine1,Lrp1b,2,CellTalkDB; SPIDER_internal
Serpinf1,Plxdc1,2,LIANA_mouseconsensus; connectomeDB2020_lit
Serpinf1,Plxdc2,2,LIANA_mouseconsensus; connectomeDB2020_lit
Serping1,Sele,2,SpaCcLink; connectomeDB2020_lit
Serping1,Selp,2,LIANA_mouseconsensus; connectomeDB2020_lit
Sertad1,Ar,2,LIANA_mouseconsensus; connectomeDB2020_lit
Sftpd,Adgre5,2,CellChatDB; LARIS_neurotransmitter
Sftpd,Lair1,2,LIANA_mouseconsensus; connectomeDB2020_lit
Shbg,Cldn4,2,LIANA_mouseconsensus; SpaCcLink
Shbg,Slc37a1,2,LIANA_mouseconsensus; SpaCcLink
Sirpa,Cd47,2,LIANA_mouseconsensus; connectomeDB2020_lit
Sirpb1a,Cd47,2,CellChatDB; LARIS_neurotransmitter
Sirpb1b,Cd47,2,CellChatDB; LARIS_neurotransmitter
Sirpb1c,Cd47,2,CellChatDB; LARIS_neurotransmitter
Slc10a4,Chrm1,2,CellChatDB; LARIS_neurotransmitter
Slc10a4,Chrm2,2,CellChatDB; LARIS_neurotransmitter
Slc10a4,Chrm3,2,CellChatDB; LARIS_neurotransmitter
Slc10a4,Chrm4,2,CellChatDB; LARIS_neurotransmitter
Slc10a4,Chrm5,2,CellChatDB; LARIS_neurotransmitter
Slc10a4,Chrna7,2,CellChatDB; LARIS_neurotransmitter
Slc18a1,Adra1a,2,CellChatDB; LARIS_neurotransmitter
Slc18a1,Adra1b,2,CellChatDB; LARIS_neurotransmitter
Slc18a1,Adra1d,2,CellChatDB; LARIS_neurotransmitter
Slc18a1,Adra2a,2,CellChatDB; LARIS_neurotransmitter
Slc18a1,Adra2b,2,CellChatDB; LARIS_neurotransmitter
Slc18a1,Adra2c,2,CellChatDB; LARIS_neurotransmitter
Slc18a1,Adrb1,2,CellChatDB; LARIS_neurotransmitter
Slc18a1,Adrb2,2,CellChatDB; LARIS_neurotransmitter
Slc18a1,Adrb3,2,CellChatDB; LARIS_neurotransmitter
Slc18a1,Drd1,2,CellChatDB; LARIS_neurotransmitter
Slc18a1,Drd2,2,CellChatDB; LARIS_neurotransmitter
Slc18a1,Drd3,2,CellChatDB; LARIS_neurotransmitter
Slc18a1,Drd4,2,CellChatDB; LARIS_neurotransmitter
Slc18a1,Drd5,2,CellChatDB; LARIS_neurotransmitter
Slc18a1,Htr1a,2,CellChatDB; LARIS_neurotransmitter
Slc18a1,Htr1b,2,CellChatDB; LARIS_neurotransmitter
Slc18a1,Htr1d,2,CellChatDB; LARIS_neurotransmitter
Slc18a1,Htr1e,2,CellChatDB; LARIS_neurotransmitter
Slc18a1,Htr1f,2,CellChatDB; LARIS_neurotransmitter
Slc18a1,Htr2a,2,CellChatDB; LARIS_neurotransmitter
Slc18a1,Htr2b,2,CellChatDB; LARIS_neurotransmitter
Slc18a1,Htr2c,2,CellChatDB; LARIS_neurotransmitter
Slc18a1,Htr4,2,CellChatDB; LARIS_neurotransmitter
Slc18a1,Htr5a,2,CellChatDB; LARIS_neurotransmitter
Slc18a1,Htr6,2,CellChatDB; LARIS_neurotransmitter
Slc18a1,Htr7,2,CellChatDB; LARIS_neurotransmitter
Slc18a2,Adra1a,2,CellChatDB; LARIS_neurotransmitter
Slc18a2,Adra1b,2,CellChatDB; LARIS_neurotransmitter
Slc18a2,Adra1d,2,CellChatDB; LARIS_neurotransmitter
Slc18a2,Adra2a,2,CellChatDB; LARIS_neurotransmitter
Slc18a2,Adra2b,2,CellChatDB; LARIS_neurotransmitter
Slc18a2,Adra2c,2,CellChatDB; LARIS_neurotransmitter
Slc18a2,Adrb1,2,CellChatDB; LARIS_neurotransmitter
Slc18a2,Adrb2,2,CellChatDB; LARIS_neurotransmitter
Slc18a2,Adrb3,2,CellChatDB; LARIS_neurotransmitter
Slc18a2,Drd1,2,CellChatDB; LARIS_neurotransmitter
Slc18a2,Drd2,2,CellChatDB; LARIS_neurotransmitter
Slc18a2,Drd3,2,CellChatDB; LARIS_neurotransmitter
Slc18a2,Drd4,2,CellChatDB; LARIS_neurotransmitter
Slc18a2,Drd5,2,CellChatDB; LARIS_neurotransmitter
Slc18a2,Htr1a,2,CellChatDB; LARIS_neurotransmitter
Slc18a2,Htr1b,2,CellChatDB; LARIS_neurotransmitter
Slc18a2,Htr1d,2,CellChatDB; LARIS_neurotransmitter
Slc18a2,Htr1e,2,CellChatDB; LARIS_neurotransmitter
Slc18a2,Htr1f,2,CellChatDB; LARIS_neurotransmitter
Slc18a2,Htr2a,2,CellChatDB; LARIS_neurotransmitter
Slc18a2,Htr2b,2,CellChatDB; LARIS_neurotransmitter
Slc18a2,Htr2c,2,CellChatDB; LARIS_neurotransmitter
Slc18a2,Htr4,2,CellChatDB; LARIS_neurotransmitter
Slc18a2,Htr5a,2,CellChatDB; LARIS_neurotransmitter
Slc18a2,Htr6,2,CellChatDB; LARIS_neurotransmitter
Slc18a2,Htr7,2,CellChatDB; LARIS_neurotransmitter
Slc18a3,Chrm1,2,CellChatDB; LARIS_neurotransmitter
Slc18a3,Chrm2,2,CellChatDB; LARIS_neurotransmitter
Slc18a3,Chrm3,2,CellChatDB; LARIS_neurotransmitter
Slc18a3,Chrm4,2,CellChatDB; LARIS_neurotransmitter
Slc18a3,Chrm5,2,CellChatDB; LARIS_neurotransmitter
Slc18a3,Chrna7,2,CellChatDB; LARIS_neurotransmitter
Slc29a1,Adora1,2,CellChatDB; LARIS_neurotransmitter
Slc29a1,Adora2a,2,CellChatDB; LARIS_neurotransmitter
Slc29a1,Adora2b,2,CellChatDB; LARIS_neurotransmitter
Slc29a1,Adora3,2,CellChatDB; LARIS_neurotransmitter
Slc29a2,Adora1,2,CellChatDB; LARIS_neurotransmitter
Slc29a2,Adora2a,2,CellChatDB; LARIS_neurotransmitter
Slc29a2,Adora2b,2,CellChatDB; LARIS_neurotransmitter
Slc29a2,Adora3,2,CellChatDB; LARIS_neurotransmitter
Slc29a3,Adora1,2,CellChatDB; LARIS_neurotransmitter
Slc29a3,Adora2a,2,CellChatDB; LARIS_neurotransmitter
Slc29a3,Adora2b,2,CellChatDB; LARIS_neurotransmitter
Slc29a3,Adora3,2,CellChatDB; LARIS_neurotransmitter
Slc29a4,Adora1,2,CellChatDB; LARIS_neurotransmitter
Slc29a4,Adora2a,2,CellChatDB; LARIS_neurotransmitter
Slc29a4,Adora2b,2,CellChatDB; LARIS_neurotransmitter
Slc29a4,Adora3,2,CellChatDB; LARIS_neurotransmitter
Slc32a1,Gabbr1,2,CellChatDB; LARIS_neurotransmitter
Slc32a1,Gabbr2,2,CellChatDB; LARIS_neurotransmitter
Slc5a7,Chrm1,2,CellChatDB; LARIS_neurotransmitter
Slc5a7,Chrm2,2,CellChatDB; LARIS_neurotransmitter
Slc5a7,Chrm3,2,CellChatDB; LARIS_neurotransmitter
Slc5a7,Chrm4,2,CellChatDB; LARIS_neurotransmitter
Slc5a7,Chrm5,2,CellChatDB; LARIS_neurotransmitter
Slc5a7,Chrna7,2,CellChatDB; LARIS_neurotransmitter
Slc6a1,Gabbr1,2,CellChatDB; LARIS_neurotransmitter
Slc6a1,Gabbr2,2,CellChatDB; LARIS_neurotransmitter
Slc6a11,Gabbr1,2,CellChatDB; LARIS_neurotransmitter
Slc6a11,Gabbr2,2,CellChatDB; LARIS_neurotransmitter
Slc6a12,Gabbr1,2,CellChatDB; LARIS_neurotransmitter
Slc6a12,Gabbr2,2,CellChatDB; LARIS_neurotransmitter
Slc6a13,Gabbr1,2,CellChatDB; LARIS_neurotransmitter
Slc6a13,Gabbr2,2,CellChatDB; LARIS_neurotransmitter
Slc6a2,Adra1a,2,CellChatDB; LARIS_neurotransmitter
Slc6a2,Adra1b,2,CellChatDB; LARIS_neurotransmitter
Slc6a2,Adra1d,2,CellChatDB; LARIS_neurotransmitter
Slc6a2,Adra2a,2,CellChatDB; LARIS_neurotransmitter
Slc6a2,Adra2b,2,CellChatDB; LARIS_neurotransmitter
Slc6a2,Adra2c,2,CellChatDB; LARIS_neurotransmitter
Slc6a2,Adrb1,2,CellChatDB; LARIS_neurotransmitter
Slc6a2,Adrb2,2,CellChatDB; LARIS_neurotransmitter
Slc6a2,Adrb3,2,CellChatDB; LARIS_neurotransmitter
Slc6a3,Drd1,2,CellChatDB; LARIS_neurotransmitter
Slc6a3,Drd2,2,CellChatDB; LARIS_neurotransmitter
Slc6a3,Drd3,2,CellChatDB; LARIS_neurotransmitter
Slc6a3,Drd4,2,CellChatDB; LARIS_neurotransmitter
Slc6a3,Drd5,2,CellChatDB; LARIS_neurotransmitter
Slc6a4,Htr1a,2,CellChatDB; LARIS_neurotransmitter
Slc6a4,Htr1b,2,CellChatDB; LARIS_neurotransmitter
Slc6a4,Htr1d,2,CellChatDB; LARIS_neurotransmitter
Slc6a4,Htr1e,2,CellChatDB; LARIS_neurotransmitter
Slc6a4,Htr1f,2,CellChatDB; LARIS_neurotransmitter
Slc6a4,Htr2a,2,CellChatDB; LARIS_neurotransmitter
Slc6a4,Htr2b,2,CellChatDB; LARIS_neurotransmitter
Slc6a4,Htr2c,2,CellChatDB; LARIS_neurotransmitter
Slc6a4,Htr4,2,CellChatDB; LARIS_neurotransmitter
Slc6a4,Htr5a,2,CellChatDB; LARIS_neurotransmitter
Slc6a4,Htr6,2,CellChatDB; LARIS_neurotransmitter
Slc6a4,Htr7,2,CellChatDB; LARIS_neurotransmitter
Slc6a5,Glra1,2,CellChatDB; LARIS_neurotransmitter
Slc6a5,Glra2,2,CellChatDB; LARIS_neurotransmitter
Slc6a5,Glrb,2,CellChatDB; LARIS_neurotransmitter
Slc6a6,Gabbr1,2,CellChatDB; LARIS_neurotransmitter
Slc6a6,Gabbr2,2,CellChatDB; LARIS_neurotransmitter
Slc6a8,Gabbr1,2,CellChatDB; LARIS_neurotransmitter
Slc6a8,Gabbr2,2,CellChatDB; LARIS_neurotransmitter
Slc6a9,Glra1,2,CellChatDB; LARIS_neurotransmitter
Slc6a9,Glra2,2,CellChatDB; LARIS_neurotransmitter
Slc6a9,Glrb,2,CellChatDB; LARIS_neurotransmitter
Slit2,App,2,LIANA_mouseconsensus; connectomeDB2020_lit
Slitrk3,Ptprs,2,LIANA_mouseconsensus; connectomeDB2020_lit
Slitrk4,Ptprs,2,CellChatDB; LARIS_neurotransmitter
Slitrk5,Ptprs,2,CellChatDB; LARIS_neurotransmitter
Slpi,Plscr1,2,LIANA_mouseconsensus; connectomeDB2020_lit
Snca,Lag3,2,LIANA_mouseconsensus; connectomeDB2020_lit
Sostdc1,Lrp4,2,LIANA_mouseconsensus; connectomeDB2020_lit
Sostdc1,Lrp5,2,LIANA_mouseconsensus; connectomeDB2020_lit
Spn,Siglec1,2,LIANA_mouseconsensus; connectomeDB2020_lit
Spon1,App,2,LIANA_mouseconsensus; connectomeDB2020_lit
Spon2,Itga4,2,LIANA_mouseconsensus; connectomeDB2020_lit
Spon2,Itga5,2,LIANA_mouseconsensus; connectomeDB2020_lit
Spon2,Itgb1,2,LIANA_mouseconsensus; connectomeDB2020_lit
Spx,Galr2,2,connectomeDB2020_lit; stCASE
Spx,Galr3,2,connectomeDB2020_lit; stCASE
Tac4,Tacr3,2,SpaCcLink; connectomeDB2020_lit
Tax1bp3,Adgrb1,2,CellChatDB; LARIS_neurotransmitter
Tax1bp3,Adgrb2,2,CellChatDB; LARIS_neurotransmitter
Tenm1,Adgrl1,2,CellChatDB; LARIS_neurotransmitter
Tenm1,Adgrl2,2,CellChatDB; LARIS_neurotransmitter
Tenm1,Adgrl3,2,CellChatDB; LARIS_neurotransmitter
Tenm2,Adgrl1,2,CellChatDB; LARIS_neurotransmitter
Tenm2,Adgrl2,2,CellChatDB; LARIS_neurotransmitter
Tenm2,Adgrl3,2,CellChatDB; LARIS_neurotransmitter
Tenm3,Adgrl1,2,CellChatDB; LARIS_neurotransmitter
Tenm3,Adgrl2,2,CellChatDB; LARIS_neurotransmitter
Tenm3,Adgrl3,2,CellChatDB; LARIS_neurotransmitter
Tenm4,Adgrl1,2,CellChatDB; LARIS_neurotransmitter
Tenm4,Adgrl2,2,CellChatDB; LARIS_neurotransmitter
Tenm4,Adgrl3,2,CellChatDB; LARIS_neurotransmitter
Tf,Tfrc,2,SpaCcLink; connectomeDB2020_lit
Tff2,Cxcr4,2,LIANA_mouseconsensus; connectomeDB2020_lit
Tff3,Ackr3,2,LIANA_mouseconsensus; connectomeDB2020_lit
Tff3,Cxcr4,2,LIANA_mouseconsensus; connectomeDB2020_lit
Tgfb1,Cxcr4,2,LIANA_mouseconsensus; stCASE
Tgfb1,Egfr,2,LIANA_mouseconsensus; stCASE
Tgfb1,Itgb3,2,LIANA_mouseconsensus; stCASE
Tgfb3,Itgb3,2,LIANA_mouseconsensus; stCASE
Tgfb3,Itgb6,2,LIANA_mouseconsensus; stCASE
Thy1,Adgre5,2,CellChatDB; LARIS_neurotransmitter
Tnf,Rhbdf2,2,CellTalkDB; SPIDER_internal
Tnfsf9,Tmem126a,2,CellTalkDB; SPIDER_internal
Tph1,Htr1a,2,LARIS_neurotransmitter; LIANA_mouseconsensus
Tph1,Htr1b,2,LARIS_neurotransmitter; LIANA_mouseconsensus
Tph1,Htr1d,2,LARIS_neurotransmitter; LIANA_mouseconsensus
Tph1,Htr1f,2,LARIS_neurotransmitter; LIANA_mouseconsensus
Tph1,Htr2a,2,LARIS_neurotransmitter; LIANA_mouseconsensus
Tph1,Htr2b,2,LARIS_neurotransmitter; LIANA_mouseconsensus
Tph1,Htr2c,2,LARIS_neurotransmitter; LIANA_mouseconsensus
Tph1,Htr4,2,LARIS_neurotransmitter; LIANA_mouseconsensus
Tph1,Htr5a,2,LARIS_neurotransmitter; LIANA_mouseconsensus
Tph1,Htr6,2,LARIS_neurotransmitter; LIANA_mouseconsensus
Tph1,Htr7,2,LARIS_neurotransmitter; LIANA_mouseconsensus
Tub,Mertk,2,CellChatDB; LARIS_neurotransmitter
Tulp1,Axl,2,CellChatDB; LARIS_neurotransmitter
Tulp1,Mertk,2,CellChatDB; LARIS_neurotransmitter
Tulp1,Tyro3,2,CellChatDB; LARIS_neurotransmitter
Tulp2,Tyro3,2,CellChatDB; LARIS_neurotransmitter
Ulbp2,Klrk1,2,SpaCcLink; connectomeDB2020_lit
Unc5a,Adgrl3,2,CellChatDB; LARIS_neurotransmitter
Vcan,Sell,2,LIANA_mouseconsensus; stCASE
Vegfb,Kdr,2,LIANA_mouseconsensus; stCASE
Wnt3a,Ptk7,2,CellTalkDB; SPIDER_internal
Wnt4,Musk,2,CellTalkDB; SPIDER_internal
Wnt5b,Lrp5,2,LIANA_mouseconsensus; stCASE
Wnt7a,Adgra2,2,CellTalkDB; SPIDER_internal
Wnt7a,Celsr3,2,CellTalkDB; SPIDER_internal
Wnt7a,Lrp4,2,CellTalkDB; SPIDER_internal
Wnt7b,Adgra2,2,CellTalkDB; SPIDER_internal
Wnt7b,Celsr3,2,CellTalkDB; SPIDER_internal
Wnt8a,Ptk7,2,CellTalkDB; SPIDER_internal
Wnt8b,Ptk7,2,CellTalkDB; SPIDER_internal
Xcl2,Xcr1,2,SpaCcLink; connectomeDB2020_lit
Ybx1,Notch1,2,LIANA_mouseconsensus; connectomeDB2020_lit
Zg16b,Cxcr4,2,SpaCcLink; connectomeDB2020_lit
Zg16b,Tlr2,2,SpaCcLink; connectomeDB2020_lit
Zg16b,Tlr4,2,SpaCcLink; connectomeDB2020_lit
Zg16b,Tlr5,2,SpaCcLink; connectomeDB2020_lit
Zg16b,Tlr6,2,SpaCcLink; connectomeDB2020_lit
Zp3,Chrna7,2,LIANA_mouseconsensus; connectomeDB2020_lit
12oxoltb4-ptgr1,Ltb4r1,1,CellChatDB
12oxoltb4-ptgr1,Ltb4r2,1,CellChatDB
22hc-cyp11a1,Nr1h4,1,CellChatDB
22hc-cyp3a4,Nr1h4,1,CellChatDB
2ag-dagla,Cnr1,1,CellChatDB
2ag-dagla,Cnr2,1,CellChatDB
2ag-dagla,Gpr55,1,CellChatDB
2ag-daglb,Cnr1,1,CellChatDB
2ag-daglb,Cnr2,1,CellChatDB
2ag-daglb,Gpr55,1,CellChatDB
5-ht-dopa-ddc,Drd1,1,CellChatDB
5-ht-dopa-ddc,Drd2,1,CellChatDB
5-ht-dopa-ddc,Drd3,1,CellChatDB
5-ht-dopa-ddc,Drd4,1,CellChatDB
5-ht-dopa-ddc,Drd5,1,CellChatDB
5-ht-dopa-ddc,Htr1a,1,CellChatDB
5-ht-dopa-ddc,Htr1b,1,CellChatDB
5-ht-dopa-ddc,Htr1d,1,CellChatDB
5-ht-dopa-ddc,Htr1f,1,CellChatDB
5-ht-dopa-ddc,Htr2a,1,CellChatDB
5-ht-dopa-ddc,Htr2b,1,CellChatDB
5-ht-dopa-ddc,Htr2c,1,CellChatDB
5-ht-dopa-ddc,Htr3a,1,CellChatDB
5-ht-dopa-ddc,Htr3b,1,CellChatDB
5-ht-dopa-ddc,Htr4,1,CellChatDB
5-ht-dopa-ddc,Htr5a,1,CellChatDB
5-ht-dopa-ddc,Htr6,1,CellChatDB
5-ht-dopa-ddc,Htr7,1,CellChatDB
5-ht-tph1,Complex,1,CellChatDB
5-ht-tph1,Htr1a,1,CellChatDB
5-ht-tph1,Htr1b,1,CellChatDB
5-ht-tph1,Htr1d,1,CellChatDB
5-ht-tph1,Htr1e,1,CellChatDB
5-ht-tph1,Htr1f,1,CellChatDB
5-ht-tph1,Htr2a,1,CellChatDB
5-ht-tph1,Htr2b,1,CellChatDB
5-ht-tph1,Htr2c,1,CellChatDB
5-ht-tph1,Htr3,1,CellChatDB
5-ht-tph1,Htr4,1,CellChatDB
5-ht-tph1,Htr5a,1,CellChatDB
5-ht-tph1,Htr6,1,CellChatDB
5-ht-tph1,Htr7,1,CellChatDB
5-ht-tph2,Complex,1,CellChatDB
5-ht-tph2,Htr1a,1,CellChatDB
5-ht-tph2,Htr1b,1,CellChatDB
5-ht-tph2,Htr1d,1,CellChatDB
5-ht-tph2,Htr1e,1,CellChatDB
5-ht-tph2,Htr1f,1,CellChatDB
5-ht-tph2,Htr2a,1,CellChatDB
5-ht-tph2,Htr2b,1,CellChatDB
5-ht-tph2,Htr2c,1,CellChatDB
5-ht-tph2,Htr3,1,CellChatDB
5-ht-tph2,Htr4,1,CellChatDB
5-ht-tph2,Htr5a,1,CellChatDB
5-ht-tph2,Htr6,1,CellChatDB
5-ht-tph2,Htr7,1,CellChatDB
5alphap-dhrs9,Pgr,1,CellChatDB
A,F11r,1,SpaCcLink
A,Mc3r,1,LIANA_mouseconsensus
A,Mc4r,1,LIANA_mouseconsensus
A,Mc5r,1,LIANA_mouseconsensus
A,Mgrn1,1,LIANA_mouseconsensus
Ach-chat,2b1de,1,CellChatDB
Ach-chat,2b1dg,1,CellChatDB
Ach-chat,A1,1,CellChatDB
Ach-chat,A3b4,1,CellChatDB
Ach-chat,A4b2,1,CellChatDB
Ach-chat,Chrm1,1,CellChatDB
Ach-chat,Chrm2,1,CellChatDB
Ach-chat,Chrm3,1,CellChatDB
Ach-chat,Chrm4,1,CellChatDB
Ach-chat,Chrm5,1,CellChatDB
Ach-chat,Chrn,1,CellChatDB
Ach-chat,Chrna7,1,CellChatDB
Activin ab,Acvr1b,1,CellChatDB
Activin ab,Acvr1c,1,CellChatDB
Activin ab,Acvr2a,1,CellChatDB
Activin ab,Acvr2b,1,CellChatDB
Actr2,Adrb2,1,LIANA_mouseconsensus
Actr2,Ldlr,1,LIANA_mouseconsensus
Actr2,Lrp2,1,LIANA_mouseconsensus
Acvrl1,Eng,1,stCASE
Acvrl1,Tgfbr1,1,stCASE
Adam10,Met,1,LIANA_mouseconsensus
Adam10,Nrcam,1,LIANA_mouseconsensus
Adam10,Trem2,1,LIANA_mouseconsensus
Adam10,Tspan12,1,LIANA_mouseconsensus
Adam17,Hbegf,1,stCASE
Adam17,Met,1,LIANA_mouseconsensus
Adam17,Tgfa,1,stCASE
Adcyap1,Adrb2,1,LIANA_mouseconsensus
Adcyap1,Gpr20,1,LIANA_mouseconsensus
Adcyap1,Gpr84,1,LIANA_mouseconsensus
Adcyap1,Pth1r,1,LIANA_mouseconsensus
Adcyap1,Tshr,1,LIANA_mouseconsensus
Adgrb1,Rtn4r,1,connectomeDB2020_lit
Adgrb1,Rtn4rl1,1,connectomeDB2020_lit
Adgrb1,Rtn4rl2,1,connectomeDB2020_lit
Adgre5,Cd55,1,connectomeDB2020_lit
Adgrv1,Ush2a,1,stCASE
Adipoq,Asgr2,1,LIANA_mouseconsensus
Adipoq,Cnr2,1,LIANA_mouseconsensus
Adipoq,Gpr152,1,LIANA_mouseconsensus
Adipoq,Prokr2,1,LIANA_mouseconsensus
Adm,Ackr3,1,LIANA_mouseconsensus
Adm,Adcyap1r1,1,LIANA_mouseconsensus
Adm,Adrb2,1,LIANA_mouseconsensus
Adm,Adrb3,1,LIANA_mouseconsensus
Adm,Dclk3,1,LIANA_mouseconsensus
Adm,Gpr20,1,LIANA_mouseconsensus
Adm,Gpr84,1,LIANA_mouseconsensus
Adm,Mrgpra6,1,stCASE
Adm,Mrgprb1,1,LIANA_mouseconsensus
Adm,Pth1r,1,LIANA_mouseconsensus
Adm,Tshr,1,LIANA_mouseconsensus
Adm,Vipr1,1,LIANA_mouseconsensus
Adm2,Adcyap1r1,1,LIANA_mouseconsensus
Adm2,Adrb2,1,LIANA_mouseconsensus
Adm2,Adrb3,1,LIANA_mouseconsensus
Adm2,Dclk3,1,LIANA_mouseconsensus
Adm2,Gpr20,1,LIANA_mouseconsensus
Adm2,Gpr84,1,LIANA_mouseconsensus
Adm2,Pth1r,1,LIANA_mouseconsensus
Adm2,Tshr,1,LIANA_mouseconsensus
Adm2,Vipr1,1,LIANA_mouseconsensus
Ado,Adora1,1,LIANA_mouseconsensus
Ado,Adora2a,1,LIANA_mouseconsensus
Ado,Adora2b,1,LIANA_mouseconsensus
Ado,Adora3,1,LIANA_mouseconsensus
Ado-nt5e,Adora1,1,CellChatDB
Ado-nt5e,Adora2a,1,CellChatDB
Ado-nt5e,Adora2b,1,CellChatDB
Ado-nt5e,Adora3,1,CellChatDB
Adora1,Grm1,1,stCASE
Adr-pnmt,Adra1a,1,CellChatDB
Adr-pnmt,Adra1b,1,CellChatDB
Adr-pnmt,Adra1d,1,CellChatDB
Adr-pnmt,Adra2a,1,CellChatDB
Adr-pnmt,Adra2b,1,CellChatDB
Adr-pnmt,Adra2c,1,CellChatDB
Adr-pnmt,Adrb1,1,CellChatDB
Adr-pnmt,Adrb2,1,CellChatDB
Adr-pnmt,Adrb3,1,CellChatDB
Adra1a,Cxcr4,1,stCASE
Adra1b,Cxcr4,1,stCASE
Adrb2,Cckbr,1,stCASE
Afdn,Epha7,1,connectomeDB2020_lit
Afdn,Ephb2,1,connectomeDB2020_lit
Afdn,Ephb3,1,connectomeDB2020_lit
Afdn,Ephb6,1,connectomeDB2020_lit
Afdn,F11r,1,connectomeDB2020_lit
Agrn,Itgb1,1,LIANA_mouseconsensus
Agrn,Lrp1,1,LIANA_mouseconsensus
Agrn,Lrp2,1,LIANA_mouseconsensus
Agrp,Mc1r,1,LIANA_mouseconsensus
Agrp,Sdc1,1,LIANA_mouseconsensus
Agt,Adra2a,1,LIANA_mouseconsensus
Agt,Agtr1,1,connectomeDB2020_lit
Agt,Enpep,1,LIANA_mouseconsensus
Agt,Grm7,1,LIANA_mouseconsensus
Agt,Mtnr1a,1,LIANA_mouseconsensus
Aimp1,Ntrk1,1,LIANA_mouseconsensus
Akr1c14,Ptgdr2,1,LARIS_neurotransmitter
Akr1c14,Ptgfr,1,LARIS_neurotransmitter
Akr1c18,Cysltr1,1,LARIS_neurotransmitter
Akr1c18,Cysltr2,1,LARIS_neurotransmitter
Akr1c20,Ptgdr2,1,LARIS_neurotransmitter
Akr1c20,Ptgfr,1,LARIS_neurotransmitter
Akr1c6,Cysltr1,1,LARIS_neurotransmitter
Akr1c6,Cysltr2,1,LARIS_neurotransmitter
Akr1cl,Ptgdr2,1,LARIS_neurotransmitter
Akr1cl,Ptgfr,1,LARIS_neurotransmitter
Akr1d1,Ar,1,LARIS_neurotransmitter
Alb,B2m,1,LIANA_mouseconsensus
Alb,Fcgrt,1,LIANA_mouseconsensus
Alcam,L1cam,1,connectomeDB2020_lit
Aldh1a1,Crabp2,1,LARIS_neurotransmitter
Aldh1a1,Rara,1,LARIS_neurotransmitter
Aldh1a1,Rarb,1,LARIS_neurotransmitter
Aldh1a1,Rarg,1,LARIS_neurotransmitter
Aldh1a1,Rorb,1,LARIS_neurotransmitter
Aldh1a1,Rxra,1,LARIS_neurotransmitter
Aldh1a1,Rxrb,1,LARIS_neurotransmitter
Aldh1a1,Rxrg,1,LARIS_neurotransmitter
Aldh1a2,Crabp2,1,LARIS_neurotransmitter
Aldh1a2,Rara,1,LARIS_neurotransmitter
Aldh1a2,Rarb,1,LARIS_neurotransmitter
Aldh1a2,Rarg,1,LARIS_neurotransmitter
Aldh1a2,Rorb,1,LARIS_neurotransmitter
Aldh1a2,Rxra,1,LARIS_neurotransmitter
Aldh1a2,Rxrb,1,LARIS_neurotransmitter
Aldh1a2,Rxrg,1,LARIS_neurotransmitter
Aldh1a3,Crabp2,1,LARIS_neurotransmitter
Aldh1a3,Rara,1,LARIS_neurotransmitter
Aldh1a3,Rarb,1,LARIS_neurotransmitter
Aldh1a3,Rarg,1,LARIS_neurotransmitter
Aldh1a3,Rorb,1,LARIS_neurotransmitter
Aldh1a3,Rxra,1,LARIS_neurotransmitter
Aldh1a3,Rxrb,1,LARIS_neurotransmitter
Aldh1a3,Rxrg,1,LARIS_neurotransmitter
Aldh1a7,Crabp2,1,LARIS_neurotransmitter
Aldh1a7,Rara,1,LARIS_neurotransmitter
Aldh1a7,Rarb,1,LARIS_neurotransmitter
Aldh1a7,Rarg,1,LARIS_neurotransmitter
Aldh1a7,Rorb,1,LARIS_neurotransmitter
Aldh1a7,Rxra,1,LARIS_neurotransmitter
Aldh1a7,Rxrb,1,LARIS_neurotransmitter
Aldh1a7,Rxrg,1,LARIS_neurotransmitter
Aldo-cyp11b2,Nr3c1,1,CellChatDB
Aldo-cyp11b2,Nr3c2,1,CellChatDB
Alkal1,Ltk,1,connectomeDB2020_lit
Alkal2,Ltk,1,connectomeDB2020_lit
Alox12,Fpr-rs3,1,LARIS_neurotransmitter
Alox12,Fpr-rs4,1,LARIS_neurotransmitter
Alox12,Fpr-rs6,1,LARIS_neurotransmitter
Alox12,Fpr-rs7,1,LARIS_neurotransmitter
Alox12,Fpr2,1,LARIS_neurotransmitter
Alox12,Fpr3,1,LARIS_neurotransmitter
Alox5,Cysltr1,1,LARIS_neurotransmitter
Alox5,Cysltr2,1,LARIS_neurotransmitter
Alox5,Fpr-rs3,1,LARIS_neurotransmitter
Alox5,Fpr-rs4,1,LARIS_neurotransmitter
Alox5,Fpr-rs6,1,LARIS_neurotransmitter
Alox5,Fpr-rs7,1,LARIS_neurotransmitter
Alox5,Fpr2,1,LARIS_neurotransmitter
Alox5,Fpr3,1,LARIS_neurotransmitter
Alox5ap,Cysltr1,1,LARIS_neurotransmitter
Alox5ap,Cysltr2,1,LARIS_neurotransmitter
Alox5ap,Fpr-rs3,1,LARIS_neurotransmitter
Alox5ap,Fpr-rs4,1,LARIS_neurotransmitter
Alox5ap,Fpr-rs6,1,LARIS_neurotransmitter
Alox5ap,Fpr-rs7,1,LARIS_neurotransmitter
Alox5ap,Fpr2,1,LARIS_neurotransmitter
Alox5ap,Fpr3,1,LARIS_neurotransmitter
Amely,Cd63,1,connectomeDB2020_lit
Amely,Lamp1,1,connectomeDB2020_lit
Amely,Lamp2,1,connectomeDB2020_lit
Amh,Complex:acvr1,1,stCASE
Amh,Complex:amhr2,1,stCASE
Amh,Grem2,1,LIANA_mouseconsensus
Androstenedione-cyp17a1,Ar,1,CellChatDB
Androsterone-hsd17b6,Nr1h4,1,CellChatDB
Angpt2,Complex:itga5,1,stCASE
Angptl1,Complex:itga1,1,stCASE
Angptl2,Complex:itga5,1,stCASE
Angptl2,Lilrb2,1,connectomeDB2020_lit
Angptl2,Tie1,1,LIANA_mouseconsensus
Angptl3,Complex:itgav,1,stCASE
Angptl4,Complex:itga5,1,stCASE
Angptl4,Complex:itgav,1,stCASE
Angptl4,Tie1,1,LIANA_mouseconsensus
Anos1,Fgfr1,1,connectomeDB2020_lit
Anos1,Sdc2,1,connectomeDB2020_lit
Anpep,Sele,1,connectomeDB2020_lit
Anxa1,Adra2a,1,LIANA_mouseconsensus
Anxa1,Complex,1,stCASE
Anxa1,Grm7,1,LIANA_mouseconsensus
Anxa1,Lxa4,1,CellChatDB
Anxa1,Mtnr1a,1,LIANA_mouseconsensus
Apln,Adra2a,1,LIANA_mouseconsensus
Apln,Mtnr1a,1,LIANA_mouseconsensus
Apoa1,Ldlr,1,LIANA_mouseconsensus
Apoa1,Lrp1,1,LIANA_mouseconsensus
Apoa2,Ldlr,1,LIANA_mouseconsensus
Apoa2,Lrp1,1,LIANA_mouseconsensus
Apoa2,Lrp2,1,LIANA_mouseconsensus
Apoa4,Ldlr,1,LIANA_mouseconsensus
Apoa4,Lrp1,1,LIANA_mouseconsensus
Apoa4,Lrp2,1,LIANA_mouseconsensus
Apob,Adrb2,1,LIANA_mouseconsensus
Apob,Calcr,1,LIANA_mouseconsensus
Apob,Gm5506,1,LIANA_mouseconsensus
Apob,Itgam,1,LIANA_mouseconsensus
Apob,Itgb2,1,LIANA_mouseconsensus
Apob,Lrp8,1,LIANA_mouseconsensus
Apob,Tlr6,1,LIANA_mouseconsensus
Apob,Vldlr,1,LIANA_mouseconsensus
Apoc2,Ldlr,1,LIANA_mouseconsensus
Apoc2,Lrp1,1,LIANA_mouseconsensus
Apoc2,Lrp2,1,LIANA_mouseconsensus
Apoc4,Vldlr,1,LIANA_mouseconsensus
Apoe,Chrna4,1,LIANA_mouseconsensus
Apoe,Lrp4,1,LIANA_mouseconsensus
Apoo,Il1rapl2,1,LIANA_mouseconsensus
App,Ager,1,LIANA_mouseconsensus
App,Aplp1,1,LIANA_mouseconsensus
App,Aplp2,1,LIANA_mouseconsensus
App,Grm7,1,LIANA_mouseconsensus
App,Mtnr1a,1,LIANA_mouseconsensus
App,Ptger2,1,LIANA_mouseconsensus
App,Rpsa,1,LIANA_mouseconsensus
Areg,Complex:egfr,1,stCASE
Aregb,Egfr,1,SpaCcLink
Arf6,Smap1,1,LIANA_mouseconsensus
Arpc5,Adrb2,1,LIANA_mouseconsensus
Arpc5,Ldlr,1,LIANA_mouseconsensus
Arpc5,Lrp2,1,LIANA_mouseconsensus
Artn,Complex:gfra1,1,stCASE
Artn,Complex:gfra3,1,stCASE
Asip,Atrn,1,connectomeDB2020_lit
Asip,F11r,1,connectomeDB2020_lit
Asip,Mc1r,1,connectomeDB2020_lit
Asip,Mc2r,1,connectomeDB2020_lit
Asip,Mc3r,1,connectomeDB2020_lit
Asip,Mc4r,1,connectomeDB2020_lit
Asip,Mc5r,1,connectomeDB2020_lit
Asmt,Mtnr1a,1,LARIS_neurotransmitter
Asmt,Mtnr1b,1,LARIS_neurotransmitter
Avp,Adcyap1r1,1,LIANA_mouseconsensus
Avp,Adrb2,1,LIANA_mouseconsensus
Avp,Adrb3,1,LIANA_mouseconsensus
Avp,Gpr20,1,LIANA_mouseconsensus
Avp,Gpr84,1,LIANA_mouseconsensus
Avp,Ldlr,1,LIANA_mouseconsensus
Avp,Lrp2,1,LIANA_mouseconsensus
Avp,Pth1r,1,LIANA_mouseconsensus
Avp,Ramp2,1,LIANA_mouseconsensus
Avp,Ramp3,1,LIANA_mouseconsensus
Avp,Tshr,1,LIANA_mouseconsensus
Avp,Vipr1,1,LIANA_mouseconsensus
Axl,Egfr,1,stCASE
B-endorphin-pomc,Oprd1,1,CellChatDB
B-endorphin-pomc,Oprk1,1,CellChatDB
B-endorphin-pomc,Oprm1,1,CellChatDB
B2m,Cd1a,1,connectomeDB2020_lit
B2m,Cd1b,1,connectomeDB2020_lit
B2m,Cd247,1,LIANA_mouseconsensus
B2m,Cd3d,1,LIANA_mouseconsensus
B2m,Cd3g,1,LIANA_mouseconsensus
B2m,Clec2m,1,stCASE
B2m,Gm11127,1,SpaCcLink
B2m,Gm7030,1,SpaCcLink
B2m,Hfe,1,LIANA_mouseconsensus
B2m,Hla-f,1,connectomeDB2020_lit
B2m,Klrc1,1,LIANA_mouseconsensus
B2m,Lilrb1,1,connectomeDB2020_lit
Bag6,Ncr3,1,connectomeDB2020_lit
Bcan,Egfr,1,LIANA_mouseconsensus
Bcan,Nrcam,1,LIANA_mouseconsensus
Bdnf,Drd4,1,LIANA_mouseconsensus
Bdnf,Erbb2,1,LIANA_mouseconsensus
Bdnf,Gpr152,1,LIANA_mouseconsensus
Bgn,Fgfr3,1,connectomeDB2020_lit
Bgn,Ly96,1,LIANA_mouseconsensus
Bgn,Tlr1,1,LIANA_mouseconsensus
Bmp1,Bmpr1a,1,LIANA_mouseconsensus
Bmp1,Bmpr1b,1,LIANA_mouseconsensus
Bmp1,Bmpr2,1,LIANA_mouseconsensus
Bmp10,Acvr2b,1,LIANA_mouseconsensus
Bmp10,Complex:acvrl1,1,stCASE
Bmp10,Ffar2,1,LIANA_mouseconsensus
Bmp10,Gpr152,1,LIANA_mouseconsensus
Bmp15,Actr2,1,LIANA_mouseconsensus
Bmp15,Complex:bmpr1b,1,stCASE
Bmp2,Actr2,1,LIANA_mouseconsensus
Bmp2,Complex:bmpr1a,1,stCASE
Bmp2,Complex:bmpr1b,1,stCASE
Bmp2,Gpc1,1,LIANA_mouseconsensus
Bmp2,Smo,1,LIANA_mouseconsensus
Bmp3,Acvr1b,1,LIANA_mouseconsensus
Bmp3,Bmpr1a,1,LIANA_mouseconsensus
Bmp3,Bmpr1b,1,LIANA_mouseconsensus
Bmp3,Bmpr2,1,LIANA_mouseconsensus
Bmp4,Complex:bmpr1a,1,stCASE
Bmp4,Complex:bmpr1b,1,stCASE
Bmp4,Grem2,1,LIANA_mouseconsensus
Bmp4,Lrp6,1,LIANA_mouseconsensus
Bmp5,Complex:acvr1,1,stCASE
Bmp5,Complex:bmpr1a,1,stCASE
Bmp5,Complex:bmpr1b,1,stCASE
Bmp5,Hjv,1,connectomeDB2020_lit
Bmp6,Complex:acvr1,1,stCASE
Bmp6,Complex:bmpr1a,1,stCASE
Bmp6,Complex:bmpr1b,1,stCASE
Bmp7,Actr2,1,LIANA_mouseconsensus
Bmp7,Acvr1b,1,LIANA_mouseconsensus
Bmp7,Complex:acvr1,1,stCASE
Bmp7,Complex:bmpr1a,1,stCASE
Bmp7,Complex:bmpr1b,1,stCASE
Bmp7,Hjv,1,connectomeDB2020_lit
Bmp7,Ptprk,1,LIANA_mouseconsensus
Bmp8a,Complex:acvr1,1,stCASE
Bmp8a,Complex:bmpr1a,1,stCASE
Bmp8a,Complex:bmpr1b,1,stCASE
Bpi,Slamf9,1,LIANA_mouseconsensus
Bst2,Lilra4,1,connectomeDB2020_lit
Bst2,Pirb,1,stCASE
Btc,Complex:egfr,1,stCASE
Btc,Complex:erbb2,1,stCASE
Btla,Cd247,1,LIANA_mouseconsensus
Btla,Tnfrsf10b,1,stCASE
Btn1a1,Negr1,1,LIANA_mouseconsensus
Btn1a1,Tarm1,1,LIANA_mouseconsensus
C1qa,Cd33,1,connectomeDB2020_lit
C1qa,Cspg4,1,connectomeDB2020_lit
C1qb,C1qbp,1,LIANA_mouseconsensus
C1qb,Cd33,1,connectomeDB2020_lit
C3,Adra2a,1,LIANA_mouseconsensus
C3,Complex:itgam,1,stCASE
C3,Complex:itgax,1,stCASE
C3,Cr1,1,connectomeDB2020_lit
C3,Grm7,1,LIANA_mouseconsensus
C3,Itgb2l,1,stCASE
C3,Mtnr1a,1,LIANA_mouseconsensus
C4a,Cr1,1,connectomeDB2020_lit
C4a,Cr2,1,LIANA_mouseconsensus
C4b,Cr1,1,connectomeDB2020_lit
C4b,Cr1l,1,stCASE
C4b,Nrp1,1,LIANA_mouseconsensus
C5,C5ar1,1,connectomeDB2020_lit
C5,C5ar2,1,connectomeDB2020_lit
C5orf55,Traf2,1,SpaCcLink
C920025e04rik,Cd8a,1,LIANA_mouseconsensus
C920025e04rik,Cd8b1,1,LIANA_mouseconsensus
Cadm1,Cadm3,1,connectomeDB2020_lit
Cadm3,Nectin1,1,connectomeDB2020_lit
Calca,Adcyap1r1,1,LIANA_mouseconsensus
Calca,Adrb2,1,LIANA_mouseconsensus
Calca,Adrb3,1,LIANA_mouseconsensus
Calca,Gpr20,1,LIANA_mouseconsensus
Calca,Gpr84,1,LIANA_mouseconsensus
Calca,Pth1r,1,LIANA_mouseconsensus
Calca,Tshr,1,LIANA_mouseconsensus
Calca,Vipr1,1,LIANA_mouseconsensus
Calcitriol-cyp27b1,Vdr,1,CellChatDB
Camp,Egfr,1,LIANA_mouseconsensus
Camp,Igf1r,1,LIANA_mouseconsensus
Cbr1,Ptgfr,1,LARIS_neurotransmitter
Cbr1b,Ptgfr,1,LARIS_neurotransmitter
Ccl11,Dpp4,1,LIANA_mouseconsensus
Ccl12,Ackr1,1,stCASE
Ccl12,Mmp14,1,stCASE
Ccl13,Ackr4,1,connectomeDB2020_lit
Ccl13,Ccr1,1,SpaCcLink
Ccl16,Hrh4,1,connectomeDB2020_lit
Ccl18,Ccr3,1,connectomeDB2020_lit
Ccl18,Ccr8,1,connectomeDB2020_lit
Ccl18,Pitpnm3,1,connectomeDB2020_lit
Ccl2,Ccr8,1,stCASE
Ccl2,Ccr9,1,LIANA_mouseconsensus
Ccl20,Adra2a,1,LIANA_mouseconsensus
Ccl20,Grm7,1,LIANA_mouseconsensus
Ccl20,Mtnr1a,1,LIANA_mouseconsensus
Ccl21,Ccr10,1,connectomeDB2020_lit
Ccl21b,Adra2a,1,LIANA_mouseconsensus
Ccl21b,Ccr10,1,LIANA_mouseconsensus
Ccl21b,Grm7,1,LIANA_mouseconsensus
Ccl21b,Mtnr1a,1,LIANA_mouseconsensus
Ccl21c,Ackr4,1,COMMOT_CellChat
Ccl21d,Ackr2,1,stCASE
Ccl25,Adra2a,1,LIANA_mouseconsensus
Ccl25,Grm7,1,LIANA_mouseconsensus
Ccl25,Mtnr1a,1,LIANA_mouseconsensus
Ccl27b,Adra2a,1,LIANA_mouseconsensus
Ccl27b,Grm7,1,LIANA_mouseconsensus
Ccl27b,Mtnr1a,1,LIANA_mouseconsensus
Ccl28,Adra2a,1,LIANA_mouseconsensus
Ccl28,Grm7,1,LIANA_mouseconsensus
Ccl28,Mtnr1a,1,LIANA_mouseconsensus
Ccl3,Ackr1,1,stCASE
Ccl3,Ccr8,1,stCASE
Ccl3l1,Ackr2,1,connectomeDB2020_lit
Ccl4,Cnr2,1,LIANA_mouseconsensus
Ccl4,Gpr152,1,LIANA_mouseconsensus
Ccl4,Gprc5d,1,LIANA_mouseconsensus
Ccl4l1,Ccr1,1,connectomeDB2020_lit
Ccl4l1,Ccr3,1,connectomeDB2020_lit
Ccl4l1,Ccr5,1,connectomeDB2020_lit
Ccl5,Adra2a,1,LIANA_mouseconsensus
Ccl5,Dpp4,1,LIANA_mouseconsensus
Ccl5,Grm7,1,LIANA_mouseconsensus
Ccl5,Mtnr1a,1,LIANA_mouseconsensus
Ccl9,Ackr2,1,stCASE
Ccl9,Ccr3,1,stCASE
Ccl9,Fpr2,1,stCASE
Ccn1,Itgb2l,1,stCASE
Ccn2,Erbb4,1,stCASE
Ccn2,Itgb2,1,connectomeDB2020_lit
Ccn2,Itgb2l,1,stCASE
Ccn4,Itga5,1,connectomeDB2020_lit
Ccn4,Itgb1,1,connectomeDB2020_lit
Cd14,Itgb2l,1,stCASE
Cd14,Ripk1,1,LIANA_mouseconsensus
Cd14,Tlr1,1,LIANA_mouseconsensus
Cd160,Tnfrsf10b,1,stCASE
Cd19,Cd81,1,stCASE
Cd1d,Lilrb2,1,connectomeDB2020_lit
Cd2,Cd53,1,stCASE
Cd209,Icam3,1,connectomeDB2020_lit
Cd209b,Ceacam1,1,stCASE
Cd209e,Ceacam1,1,LIANA_mouseconsensus
Cd209e,Ceacam2,1,LIANA_mouseconsensus
Cd24,Selp,1,connectomeDB2020_lit
Cd244,Cd48,1,connectomeDB2020_lit
Cd244a,Cd48,1,stCASE
Cd300lb,Tyrobp,1,stCASE
Cd34,Sele,1,connectomeDB2020_lit
Cd3d,Cd3e,1,stCASE
Cd4,Ccr5,1,stCASE
Cd4,Cxcr4,1,stCASE
Cd40,Traf2,1,stCASE
Cd40lg,Cd53,1,LIANA_mouseconsensus
Cd40lg,Cd9,1,LIANA_mouseconsensus
Cd40lg,Complex:itga2b,1,stCASE
Cd40lg,Complex:itga5,1,stCASE
Cd40lg,Complex:itgam,1,stCASE
Cd40lg,Itgb2l,1,stCASE
Cd44,Sele,1,connectomeDB2020_lit
Cd47,Gm9733,1,stCASE
Cd47,Sirpg,1,connectomeDB2020_lit
Cd52,Siglec10,1,connectomeDB2020_lit
Cd55b,Cr1l,1,stCASE
Cd58,Cd2,1,connectomeDB2020_lit
Cd59,Cd2,1,connectomeDB2020_lit
Cd59b,Cd2,1,LIANA_mouseconsensus
Cd59b,Stab1,1,LIANA_mouseconsensus
Cd69,Klrb1a,1,stCASE
Cd70,Tnfrsf13b,1,LIANA_mouseconsensus
Cd70,Tnfrsf17,1,LIANA_mouseconsensus
Cd72,Cd5,1,LIANA_mouseconsensus
Cd74,Cxcr4,1,stCASE
Cd80,Ngfr,1,stCASE
Cd81,Kit,1,stCASE
Cd84,Cd84,1,connectomeDB2020_lit
Cd9,Cd36,1,stCASE
Cd9,Kit,1,stCASE
Cd9,L1cam,1,connectomeDB2020_lit
Cd99,Pilrb,1,connectomeDB2020_lit
Cdh1,Cdh2,1,LIANA_mouseconsensus
Cdh1,Complex:itga2,1,stCASE
Cdh1,Complex:itgae,1,stCASE
Cdh1,Erbb3,1,LIANA_mouseconsensus
Cdh1,Lrp5,1,LIANA_mouseconsensus
Cdh15,Cdon,1,stCASE
Cdh2,Cdon,1,stCASE
Cdh3,Cdh3,1,CellChatDB
Ceacam1,Cd209,1,connectomeDB2020_lit
Ceacam1,Ceacam1,1,CellChatDB
Ceacam1,Sele,1,connectomeDB2020_lit
Ceacam2,Ceacam2,1,CellChatDB
Ceacam2,Egfr,1,LIANA_mouseconsensus
Ceacam2,Havcr2,1,LIANA_mouseconsensus
Ceacam5,Cd1d,1,connectomeDB2020_lit
Ceacam5,Cd8a,1,connectomeDB2020_lit
Ceacam6,Ceacam8,1,connectomeDB2020_lit
Ceacam8,Ceacam1,1,connectomeDB2020_lit
Cel,Rora,1,LARIS_neurotransmitter
Cel,Rorc,1,LARIS_neurotransmitter
Cer1,Mrc2,1,LIANA_mouseconsensus
Cers1,Acvr2a,1,stCASE
Cers1,Acvr2b,1,stCASE
Cers1,Complex:acvr1b,1,stCASE
Cers1,Complex:acvr1c,1,stCASE
Cfc1,Acvr1b,1,LIANA_mouseconsensus
Cfc1,Acvr2a,1,LIANA_mouseconsensus
Cga,Adcyap1r1,1,LIANA_mouseconsensus
Cga,Adrb2,1,LIANA_mouseconsensus
Cga,Adrb3,1,LIANA_mouseconsensus
Cga,Gpr20,1,LIANA_mouseconsensus
Cga,Gpr84,1,LIANA_mouseconsensus
Cga,Pth1r,1,LIANA_mouseconsensus
Cga,Ramp2,1,LIANA_mouseconsensus
Cga,Ramp3,1,LIANA_mouseconsensus
Cga,Vipr1,1,LIANA_mouseconsensus
Cgb,Lhcgr,1,SpaCcLink
Cgb3,Lhcgr,1,connectomeDB2020_lit
Cgn,Ocln,1,LIANA_mouseconsensus
Cgn,Tgfbr1,1,LIANA_mouseconsensus
Cgn,Tgfbr2,1,LIANA_mouseconsensus
Chad,Complex:itga2,1,stCASE
Chat,Chrm1,1,LARIS_neurotransmitter
Chat,Chrm2,1,LARIS_neurotransmitter
Chat,Chrm3,1,LARIS_neurotransmitter
Chat,Chrm4,1,LARIS_neurotransmitter
Chat,Chrm5,1,LARIS_neurotransmitter
Chat,Chrna1,1,LARIS_neurotransmitter
Chat,Chrna3,1,LARIS_neurotransmitter
Chat,Chrna4,1,LARIS_neurotransmitter
Chat,Chrna7,1,LARIS_neurotransmitter
Chat,Chrnb1,1,LARIS_neurotransmitter
Chat,Chrnb2,1,LARIS_neurotransmitter
Chat,Chrnb4,1,LARIS_neurotransmitter
Chat,Chrnd,1,LARIS_neurotransmitter
Cholesterol-cel,Rora,1,CellChatDB
Cholesterol-cel,Rorc,1,CellChatDB
Cholesterol-dhcr24,Rora,1,CellChatDB
Cholesterol-dhcr24,Rorc,1,CellChatDB
Cholesterol-dhcr7,Rora,1,CellChatDB
Cholesterol-dhcr7,Rorc,1,CellChatDB
Cholesterol-lipa,Rora,1,CellChatDB
Cholesterol-lipa,Rorc,1,CellChatDB
Chrng,Ptgdr2,1,LARIS_neurotransmitter
Chrng,Ptgfr,1,LARIS_neurotransmitter
Cklf,Lrp6,1,LIANA_mouseconsensus
Clcf1,Complex:cntfr,1,stCASE
Clcf1,Complex:il6st,1,stCASE
Clcf1,Sorl1,1,LIANA_mouseconsensus
Cldn1,Cldn1,1,CellChatDB
Cldn2,Cldn2,1,CellChatDB
Cldn3,Cldn3,1,CellChatDB
Clec1b,Klrb1b,1,LIANA_mouseconsensus
Clec1b,Klrb1c,1,LIANA_mouseconsensus
Clec1b,Pdpn,1,LIANA_mouseconsensus
Clec2a,Klrf2,1,connectomeDB2020_lit
Clec2b,Klrf1,1,connectomeDB2020_lit
Clec2l,Klrb1a,1,stCASE
Clec3a,Clec10a,1,LIANA_mouseconsensus
Clec3a,Mgl2,1,LIANA_mouseconsensus
Cntf,Complex:cntfr,1,stCASE
Cntf,Crlf1,1,LIANA_mouseconsensus
Cntf,Egfr,1,LIANA_mouseconsensus
Cntf,Il6r,1,connectomeDB2020_lit
Cntn2,Complex:cntn2,1,stCASE
Cntn4,Aplp1,1,LIANA_mouseconsensus
Cntn6,Ptprg,1,LIANA_mouseconsensus
Cntnap1,Cntn1,1,stCASE
Col10a1,Complex:gm42957,1,stCASE
Col10a1,Complex:itga1,1,stCASE
Col10a1,Complex:itga11,1,stCASE
Col10a1,Complex:itga2,1,stCASE
Col10a1,Itga1,1,LIANA_mouseconsensus
Col10a1,Itga10,1,LIANA_mouseconsensus
Col10a1,Itga11,1,LIANA_mouseconsensus
Col10a1,Itga2,1,LIANA_mouseconsensus
Col11a1,Complex:gm42957,1,stCASE
Col11a1,Complex:itga1,1,stCASE
Col11a1,Complex:itga11,1,stCASE
Col11a1,Complex:itga2,1,stCASE
Col11a1,Itga1,1,LIANA_mouseconsensus
Col11a1,Itga10,1,LIANA_mouseconsensus
Col11a1,Itga11,1,LIANA_mouseconsensus
Col11a1,Itga2,1,LIANA_mouseconsensus
Col11a2,Complex:gm42957,1,stCASE
Col11a2,Complex:itga1,1,stCASE
Col11a2,Complex:itga11,1,stCASE
Col11a2,Complex:itga2,1,stCASE
Col11a2,Itga1,1,LIANA_mouseconsensus
Col11a2,Itga10,1,LIANA_mouseconsensus
Col11a2,Itga11,1,LIANA_mouseconsensus
Col11a2,Itga2,1,LIANA_mouseconsensus
Col12a1,Complex:gm42957,1,stCASE
Col12a1,Complex:itga1,1,stCASE
Col12a1,Complex:itga11,1,stCASE
Col12a1,Complex:itga2,1,stCASE
Col12a1,Itga1,1,LIANA_mouseconsensus
Col12a1,Itga10,1,LIANA_mouseconsensus
Col12a1,Itga11,1,LIANA_mouseconsensus
Col12a1,Itga2,1,LIANA_mouseconsensus
Col13a1,Itga1,1,LIANA_mouseconsensus
Col13a1,Itga10,1,LIANA_mouseconsensus
Col13a1,Itga11,1,LIANA_mouseconsensus
Col13a1,Itga2,1,LIANA_mouseconsensus
Col13a1,Itgb1,1,LIANA_mouseconsensus
Col14a1,Complex:gm42957,1,stCASE
Col14a1,Complex:itga1,1,stCASE
Col14a1,Complex:itga11,1,stCASE
Col14a1,Complex:itga2,1,stCASE
Col14a1,Itga1,1,LIANA_mouseconsensus
Col14a1,Itga10,1,LIANA_mouseconsensus
Col14a1,Itga11,1,LIANA_mouseconsensus
Col14a1,Itga2,1,LIANA_mouseconsensus
Col15a1,Complex:gm42957,1,stCASE
Col15a1,Complex:itga1,1,stCASE
Col15a1,Complex:itga11,1,stCASE
Col15a1,Complex:itga2,1,stCASE
Col15a1,Itga1,1,LIANA_mouseconsensus
Col15a1,Itga10,1,LIANA_mouseconsensus
Col15a1,Itga11,1,LIANA_mouseconsensus
Col15a1,Itga2,1,LIANA_mouseconsensus
Col16a1,Complex:gm42957,1,stCASE
Col16a1,Complex:itga1,1,stCASE
Col16a1,Complex:itga11,1,stCASE
Col16a1,Complex:itga2,1,stCASE
Col16a1,Itga1,1,LIANA_mouseconsensus
Col16a1,Itga10,1,LIANA_mouseconsensus
Col16a1,Itga11,1,LIANA_mouseconsensus
Col16a1,Itga2,1,LIANA_mouseconsensus
Col17a1,Complex:gm42957,1,stCASE
Col17a1,Complex:itga1,1,stCASE
Col17a1,Complex:itga11,1,stCASE
Col17a1,Complex:itga2,1,stCASE
Col17a1,Itgb1,1,stCASE
Col18a1,Complex:gm42957,1,stCASE
Col18a1,Complex:itga1,1,stCASE
Col18a1,Complex:itga11,1,stCASE
Col18a1,Complex:itga2,1,stCASE
Col18a1,Itga1,1,LIANA_mouseconsensus
Col18a1,Itga10,1,LIANA_mouseconsensus
Col18a1,Itga11,1,LIANA_mouseconsensus
Col18a1,Itga2,1,LIANA_mouseconsensus
Col18a1,Itga3,1,LIANA_mouseconsensus
Col18a1,Itgb3,1,LIANA_mouseconsensus
Col19a1,Complex:gm42957,1,stCASE
Col19a1,Complex:itga1,1,stCASE
Col19a1,Complex:itga11,1,stCASE
Col19a1,Complex:itga2,1,stCASE
Col19a1,Itga1,1,LIANA_mouseconsensus
Col19a1,Itga10,1,LIANA_mouseconsensus
Col19a1,Itga11,1,LIANA_mouseconsensus
Col19a1,Itga2,1,LIANA_mouseconsensus
Col1a1,Complex:gm42957,1,stCASE
Col1a1,Complex:itga1,1,stCASE
Col1a1,Complex:itga11,1,stCASE
Col1a1,Complex:itga2,1,stCASE
Col1a1,Complex:itga3,1,stCASE
Col1a1,Complex:itga9,1,stCASE
Col1a1,Complex:itgav,1,stCASE
Col1a1,Flt4,1,LIANA_mouseconsensus
Col1a1,Tmprss6,1,SpaCcLink
Col1a2,Complex:gm42957,1,stCASE
Col1a2,Complex:itga1,1,stCASE
Col1a2,Complex:itga11,1,stCASE
Col1a2,Complex:itga2,1,stCASE
Col1a2,Complex:itga3,1,stCASE
Col1a2,Complex:itga9,1,stCASE
Col1a2,Complex:itgav,1,stCASE
Col1a2,Ddr1,1,stCASE
Col1a2,Ddr2,1,stCASE
Col1a2,Flt4,1,LIANA_mouseconsensus
Col20a1,Itga1,1,LIANA_mouseconsensus
Col20a1,Itga10,1,LIANA_mouseconsensus
Col20a1,Itga11,1,LIANA_mouseconsensus
Col20a1,Itga2,1,LIANA_mouseconsensus
Col20a1,Itgb1,1,LIANA_mouseconsensus
Col22a1,Complex:gm42957,1,stCASE
Col22a1,Complex:itga1,1,stCASE
Col22a1,Complex:itga11,1,stCASE
Col22a1,Complex:itga2,1,stCASE
Col22a1,Itga1,1,LIANA_mouseconsensus
Col22a1,Itga10,1,LIANA_mouseconsensus
Col22a1,Itga11,1,LIANA_mouseconsensus
Col22a1,Itga2,1,LIANA_mouseconsensus
Col24a1,Complex:gm42957,1,stCASE
Col24a1,Complex:itga1,1,stCASE
Col24a1,Complex:itga11,1,stCASE
Col24a1,Complex:itga2,1,stCASE
Col24a1,Itga1,1,LIANA_mouseconsensus
Col24a1,Itga10,1,LIANA_mouseconsensus
Col24a1,Itga11,1,LIANA_mouseconsensus
Col24a1,Itga2,1,LIANA_mouseconsensus
Col26a1,Complex:gm42957,1,stCASE
Col26a1,Complex:itga1,1,stCASE
Col26a1,Complex:itga11,1,stCASE
Col26a1,Complex:itga2,1,stCASE
Col26a1,Itga1,1,LIANA_mouseconsensus
Col26a1,Itga10,1,LIANA_mouseconsensus
Col26a1,Itga11,1,LIANA_mouseconsensus
Col26a1,Itga2,1,LIANA_mouseconsensus
Col27a1,Complex:gm42957,1,stCASE
Col27a1,Complex:itga1,1,stCASE
Col27a1,Complex:itga11,1,stCASE
Col27a1,Complex:itga2,1,stCASE
Col27a1,Itga1,1,LIANA_mouseconsensus
Col27a1,Itga10,1,LIANA_mouseconsensus
Col27a1,Itga11,1,LIANA_mouseconsensus
Col27a1,Itga2,1,LIANA_mouseconsensus
Col28a1,Complex:gm42957,1,stCASE
Col28a1,Complex:itga1,1,stCASE
Col28a1,Complex:itga11,1,stCASE
Col28a1,Complex:itga2,1,stCASE
Col28a1,Itga1,1,LIANA_mouseconsensus
Col28a1,Itga10,1,LIANA_mouseconsensus
Col28a1,Itga11,1,LIANA_mouseconsensus
Col28a1,Itga2,1,LIANA_mouseconsensus
Col2a1,Complex:gm42957,1,stCASE
Col2a1,Complex:itga1,1,stCASE
Col2a1,Complex:itga11,1,stCASE
Col2a1,Complex:itga2,1,stCASE
Col2a1,Complex:itga3,1,stCASE
Col2a1,Complex:itga9,1,stCASE
Col2a1,Complex:itgav,1,stCASE
Col2a1,Tnfrsf10a,1,connectomeDB2020_lit
Col3a1,Complex:gm42957,1,stCASE
Col3a1,Complex:itga1,1,stCASE
Col3a1,Complex:itga11,1,stCASE
Col3a1,Complex:itga2,1,stCASE
Col3a1,Itga1,1,LIANA_mouseconsensus
Col3a1,Itga10,1,LIANA_mouseconsensus
Col3a1,Itga11,1,LIANA_mouseconsensus
Col3a1,Itga2,1,LIANA_mouseconsensus
Col4a1,Cd47,1,LIANA_mouseconsensus
Col4a1,Complex:gm42957,1,stCASE
Col4a1,Complex:itga1,1,stCASE
Col4a1,Complex:itga11,1,stCASE
Col4a1,Complex:itga2,1,stCASE
Col4a1,Complex:itga3,1,stCASE
Col4a1,Complex:itga9,1,stCASE
Col4a1,Complex:itgav,1,stCASE
Col4a1,Ddr1,1,stCASE
Col4a2,Complex:gm42957,1,stCASE
Col4a2,Complex:itga1,1,stCASE
Col4a2,Complex:itga11,1,stCASE
Col4a2,Complex:itga2,1,stCASE
Col4a2,Complex:itga3,1,stCASE
Col4a2,Complex:itga9,1,stCASE
Col4a2,Complex:itgav,1,stCASE
Col4a2,Ddr1,1,stCASE
Col4a2,Itgb3,1,LIANA_mouseconsensus
Col4a2,Itgb5,1,LIANA_mouseconsensus
Col4a3,Complex:gm42957,1,stCASE
Col4a3,Complex:itga1,1,stCASE
Col4a3,Complex:itga11,1,stCASE
Col4a3,Complex:itga2,1,stCASE
Col4a3,Complex:itga3,1,stCASE
Col4a3,Complex:itga9,1,stCASE
Col4a3,Complex:itgav,1,stCASE
Col4a3,Ddr1,1,stCASE
Col4a4,Cd47,1,LIANA_mouseconsensus
Col4a4,Complex:gm42957,1,stCASE
Col4a4,Complex:itga1,1,stCASE
Col4a4,Complex:itga11,1,stCASE
Col4a4,Complex:itga2,1,stCASE
Col4a4,Complex:itga3,1,stCASE
Col4a4,Complex:itga9,1,stCASE
Col4a4,Complex:itgav,1,stCASE
Col4a4,Ddr1,1,stCASE
Col4a4,Itgb3,1,LIANA_mouseconsensus
Col4a5,Cd47,1,LIANA_mouseconsensus
Col4a5,Complex:gm42957,1,stCASE
Col4a5,Complex:itga1,1,stCASE
Col4a5,Complex:itga11,1,stCASE
Col4a5,Complex:itga2,1,stCASE
Col4a5,Complex:itga3,1,stCASE
Col4a5,Complex:itga9,1,stCASE
Col4a5,Complex:itgav,1,stCASE
Col4a5,Ddr1,1,stCASE
Col4a6,Cd47,1,LIANA_mouseconsensus
Col4a6,Complex:gm42957,1,stCASE
Col4a6,Complex:itga1,1,stCASE
Col4a6,Complex:itga11,1,stCASE
Col4a6,Complex:itga2,1,stCASE
Col4a6,Complex:itga3,1,stCASE
Col4a6,Complex:itga9,1,stCASE
Col4a6,Complex:itgav,1,stCASE
Col4a6,Ddr1,1,stCASE
Col5a1,Complex:gm42957,1,stCASE
Col5a1,Complex:itga1,1,stCASE
Col5a1,Complex:itga11,1,stCASE
Col5a1,Complex:itga2,1,stCASE
Col5a1,Ddr1,1,stCASE
Col5a1,Itga1,1,LIANA_mouseconsensus
Col5a1,Itga10,1,LIANA_mouseconsensus
Col5a1,Itga11,1,LIANA_mouseconsensus
Col5a1,Itga2,1,LIANA_mouseconsensus
Col5a2,Complex:gm42957,1,stCASE
Col5a2,Complex:itga1,1,stCASE
Col5a2,Complex:itga11,1,stCASE
Col5a2,Complex:itga2,1,stCASE
Col5a2,Itga1,1,LIANA_mouseconsensus
Col5a2,Itga10,1,LIANA_mouseconsensus
Col5a2,Itga11,1,LIANA_mouseconsensus
Col5a2,Itga2,1,LIANA_mouseconsensus
Col5a3,Complex:gm42957,1,stCASE
Col5a3,Complex:itga1,1,stCASE
Col5a3,Complex:itga11,1,stCASE
Col5a3,Complex:itga2,1,stCASE
Col5a3,Ddr1,1,stCASE
Col5a3,Itga1,1,LIANA_mouseconsensus
Col5a3,Itga10,1,LIANA_mouseconsensus
Col5a3,Itga11,1,LIANA_mouseconsensus
Col5a3,Itga2,1,LIANA_mouseconsensus
Col6a1,Complex:gm42957,1,stCASE
Col6a1,Complex:itga1,1,stCASE
Col6a1,Complex:itga11,1,stCASE
Col6a1,Complex:itga2,1,stCASE
Col6a1,Complex:itga3,1,stCASE
Col6a1,Complex:itga9,1,stCASE
Col6a1,Complex:itgav,1,stCASE
Col6a1,Ddr1,1,stCASE
Col6a1,Itga6,1,LIANA_mouseconsensus
Col6a2,Complex:gm42957,1,stCASE
Col6a2,Complex:itga1,1,stCASE
Col6a2,Complex:itga11,1,stCASE
Col6a2,Complex:itga2,1,stCASE
Col6a2,Complex:itga3,1,stCASE
Col6a2,Complex:itga9,1,stCASE
Col6a2,Complex:itgav,1,stCASE
Col6a2,Ddr1,1,stCASE
Col6a3,Complex:gm42957,1,stCASE
Col6a3,Complex:itga1,1,stCASE
Col6a3,Complex:itga11,1,stCASE
Col6a3,Complex:itga2,1,stCASE
Col6a3,Complex:itga3,1,stCASE
Col6a3,Complex:itga9,1,stCASE
Col6a3,Complex:itgav,1,stCASE
Col6a3,Ddr1,1,stCASE
Col6a5,Complex:gm42957,1,stCASE
Col6a5,Complex:itga1,1,stCASE
Col6a5,Complex:itga11,1,stCASE
Col6a5,Complex:itga2,1,stCASE
Col6a5,Complex:itga3,1,stCASE
Col6a5,Complex:itga9,1,stCASE
Col6a5,Complex:itgav,1,stCASE
Col6a5,Ddr1,1,stCASE
Col6a6,Complex:gm42957,1,stCASE
Col6a6,Complex:itga1,1,stCASE
Col6a6,Complex:itga11,1,stCASE
Col6a6,Complex:itga2,1,stCASE
Col6a6,Complex:itga3,1,stCASE
Col6a6,Complex:itga9,1,stCASE
Col6a6,Complex:itgav,1,stCASE
Col6a6,Ddr1,1,stCASE
Col7a1,Complex:gm42957,1,stCASE
Col7a1,Complex:itga1,1,stCASE
Col7a1,Complex:itga11,1,stCASE
Col7a1,Complex:itga2,1,stCASE
Col7a1,Itga1,1,LIANA_mouseconsensus
Col7a1,Itga10,1,LIANA_mouseconsensus
Col7a1,Itga11,1,LIANA_mouseconsensus
Col7a1,Itga2,1,LIANA_mouseconsensus
Col8a1,Complex:gm42957,1,stCASE
Col8a1,Complex:itga1,1,stCASE
Col8a1,Complex:itga11,1,stCASE
Col8a1,Complex:itga2,1,stCASE
Col8a1,Ddr1,1,stCASE
Col8a1,Itga10,1,LIANA_mouseconsensus
Col8a1,Itga11,1,LIANA_mouseconsensus
Col8a2,Complex:gm42957,1,stCASE
Col8a2,Complex:itga1,1,stCASE
Col8a2,Complex:itga11,1,stCASE
Col8a2,Complex:itga2,1,stCASE
Col8a2,Itga1,1,LIANA_mouseconsensus
Col8a2,Itga10,1,LIANA_mouseconsensus
Col8a2,Itga11,1,LIANA_mouseconsensus
Col8a2,Itga2,1,LIANA_mouseconsensus
Col8a2,Slc4a11,1,LIANA_mouseconsensus
Col9a1,Complex:gm42957,1,stCASE
Col9a1,Complex:itga1,1,stCASE
Col9a1,Complex:itga11,1,stCASE
Col9a1,Complex:itga2,1,stCASE
Col9a1,Complex:itga3,1,stCASE
Col9a1,Complex:itga9,1,stCASE
Col9a1,Complex:itgav,1,stCASE
Col9a2,Complex:gm42957,1,stCASE
Col9a2,Complex:itga1,1,stCASE
Col9a2,Complex:itga11,1,stCASE
Col9a2,Complex:itga2,1,stCASE
Col9a2,Complex:itga3,1,stCASE
Col9a2,Complex:itga9,1,stCASE
Col9a2,Complex:itgav,1,stCASE
Col9a3,Complex:gm42957,1,stCASE
Col9a3,Complex:itga1,1,stCASE
Col9a3,Complex:itga11,1,stCASE
Col9a3,Complex:itga2,1,stCASE
Col9a3,Complex:itga3,1,stCASE
Col9a3,Complex:itga9,1,stCASE
Col9a3,Complex:itgav,1,stCASE
Comp,Complex:itga3,1,stCASE
Comp,Complex:itgav,1,stCASE
Complex:ebi3,Complex:il12rb2,1,stCASE
Complex:ebi3,Complex:il27ra,1,stCASE
Complex:ebi3,Il6st,1,stCASE
Complex:il12a,Complex:il12rb1,1,stCASE
Complex:il12a,Complex:il12rb2,1,stCASE
Complex:il12a,Il12rb2,1,stCASE
Complex:il12a,Il27ra,1,stCASE
Complex:il12b,Complex:il12rb1,1,stCASE
Complex:il12b,Complex:il23r,1,stCASE
Complex:il12b,Il12rb1,1,stCASE
Complex:il12b,Il23r,1,stCASE
Complex:il27,Complex:il27ra,1,stCASE
Complex:il27,Il6st,1,stCASE
Complex:inha,Acvr2a,1,stCASE
Complex:inha,Acvr2b,1,stCASE
Complex:inhba,Acvr2a,1,stCASE
Complex:inhba,Acvr2b,1,stCASE
Complex:inhba,Complex:acvr1b,1,stCASE
Complex:inhba,Complex:acvr1c,1,stCASE
Complex:lama1,Complex:itga6,1,stCASE
Complex:lama1,Itgb1,1,stCASE
Complex:lama3,Complex:itga6,1,stCASE
Complex:lama3,Itgb4,1,stCASE
Complex:npnt,Complex:itga8,1,stCASE
Complex:npnt,Itgb1,1,stCASE
Copa,Cd74,1,LIANA_mouseconsensus
Copa,Mtnr1b,1,LIANA_mouseconsensus
Copa,Ntrk1,1,LIANA_mouseconsensus
Copa,P2ry6,1,LIANA_mouseconsensus
Cort,Adra2a,1,LIANA_mouseconsensus
Cort,Grm7,1,LIANA_mouseconsensus
Cort,Mrgpra6,1,stCASE
Cort,Mrgprb1,1,LIANA_mouseconsensus
Cort,Mtnr1a,1,LIANA_mouseconsensus
Cort-cyp11b1,Nr3c1,1,CellChatDB
Cort-cyp11b1,Nr3c2,1,CellChatDB
Cr2,Cd19,1,stCASE
Cr2,Cd81,1,stCASE
Crh,Adcyap1r1,1,LIANA_mouseconsensus
Crh,Adrb2,1,LIANA_mouseconsensus
Crh,Adrb3,1,LIANA_mouseconsensus
Crh,Gpr20,1,LIANA_mouseconsensus
Crh,Gpr84,1,LIANA_mouseconsensus
Crh,Pth1r,1,LIANA_mouseconsensus
Crh,Ramp2,1,LIANA_mouseconsensus
Crh,Ramp3,1,LIANA_mouseconsensus
Crh,Tshr,1,LIANA_mouseconsensus
Crh,Vipr1,1,LIANA_mouseconsensus
Crlf1,Il6st,1,LIANA_mouseconsensus
Crlf2,Crlf2,1,LIANA_mouseconsensus
Crlf2,Il7r,1,LIANA_mouseconsensus
Crlf2,Tslp,1,LIANA_mouseconsensus
Csf1,Celsr3,1,LIANA_mouseconsensus
Csf1,Sirpa,1,LIANA_mouseconsensus
Csf2,Complex:csf2ra,1,stCASE
Csf2,Itga9,1,LIANA_mouseconsensus
Csf2,Itgb1,1,LIANA_mouseconsensus
Csh2,Prlr,1,SpaCcLink
Cshl1,Prlr,1,SpaCcLink
Cspg4,Complex:itga3,1,stCASE
Ctf1,Complex:il6st,1,stCASE
Ctgf,Erbb4,1,SpaCcLink
Ctgf,Itga5,1,SpaCcLink
Ctgf,Itgam,1,SpaCcLink
Ctgf,Itgb2,1,SpaCcLink
Ctgf,Lrp1,1,SpaCcLink
Ctgf,Lrp6,1,SpaCcLink
Ctgf,Ntrk1,1,SpaCcLink
Cxadr,Cxadr,1,connectomeDB2020_lit
Cxadr,Jaml,1,connectomeDB2020_lit
Cxcl1,Adra2a,1,LIANA_mouseconsensus
Cxcl1,Dpp4,1,LIANA_mouseconsensus
Cxcl1,Grm7,1,LIANA_mouseconsensus
Cxcl1,Mtnr1a,1,LIANA_mouseconsensus
Cxcl10,Adra2a,1,LIANA_mouseconsensus
Cxcl10,Grm7,1,LIANA_mouseconsensus
Cxcl10,Mtnr1a,1,LIANA_mouseconsensus
Cxcl11,Ccr5,1,stCASE
Cxcl12,Adra2a,1,LIANA_mouseconsensus
Cxcl12,Ccr4,1,LIANA_mouseconsensus
Cxcl12,Grm7,1,LIANA_mouseconsensus
Cxcl12,Mtnr1a,1,LIANA_mouseconsensus
Cxcl13,Adra2a,1,LIANA_mouseconsensus
Cxcl13,Grm7,1,LIANA_mouseconsensus
Cxcl13,Mtnr1a,1,LIANA_mouseconsensus
Cxcl13,Oprd1,1,LIANA_mouseconsensus
Cxcl16,Adra2a,1,LIANA_mouseconsensus
Cxcl16,Grm7,1,LIANA_mouseconsensus
Cxcl16,Mtnr1a,1,LIANA_mouseconsensus
Cxcl2,Adra2a,1,LIANA_mouseconsensus
Cxcl2,Grm7,1,LIANA_mouseconsensus
Cxcl2,Mtnr1a,1,LIANA_mouseconsensus
Cxcl5,Adra2a,1,LIANA_mouseconsensus
Cxcl5,Grm7,1,LIANA_mouseconsensus
Cxcl5,Mtnr1a,1,LIANA_mouseconsensus
Cxcl8,Ackr1,1,connectomeDB2020_lit
Cxcl8,Cxcr1,1,connectomeDB2020_lit
Cxcl8,Cxcr2,1,connectomeDB2020_lit
Cxcl8,Sdc1,1,connectomeDB2020_lit
Cxcl8,Sdc2,1,connectomeDB2020_lit
Cxcr4,Ccr5,1,stCASE
Cyp11a1,Nr1h4,1,LARIS_neurotransmitter
Cyp11a1,Nr1i2,1,LARIS_neurotransmitter
Cyp11b1,Nr3c1,1,LARIS_neurotransmitter
Cyp11b1,Nr3c2,1,LARIS_neurotransmitter
Cyp11b2,Nr3c1,1,LARIS_neurotransmitter
Cyp11b2,Nr3c2,1,LARIS_neurotransmitter
Cyp17a1,Ar,1,LARIS_neurotransmitter
Cyp19a1,Esr1,1,LARIS_neurotransmitter
Cyp19a1,Esr2,1,LARIS_neurotransmitter
Cyp19a1,Gper1,1,LARIS_neurotransmitter
Cyp19a1,Nr1i2,1,LARIS_neurotransmitter
Cyp21a1,Nr3c2,1,LARIS_neurotransmitter
Cyp27b1,Vdr,1,LARIS_neurotransmitter
Cyp3a13,Nr1h4,1,LARIS_neurotransmitter
Cyr61,Itga5,1,SpaCcLink
Cyr61,Itgam,1,SpaCcLink
Cyr61,Itgav,1,SpaCcLink
Cyr61,Itgb2,1,SpaCcLink
Cyr61,Itgb3,1,SpaCcLink
Cyr61,Itgb5,1,SpaCcLink
Dag1,Lama4,1,connectomeDB2020_lit
Dagla,Cnr1,1,LARIS_neurotransmitter
Dagla,Cnr2,1,LARIS_neurotransmitter
Dagla,Gpr55,1,LARIS_neurotransmitter
Daglb,Cnr1,1,LARIS_neurotransmitter
Daglb,Cnr2,1,LARIS_neurotransmitter
Daglb,Gpr55,1,LARIS_neurotransmitter
Dbh,Adra1a,1,LARIS_neurotransmitter
Dbh,Adra1b,1,LARIS_neurotransmitter
Dbh,Adra1d,1,LARIS_neurotransmitter
Dbh,Adra2a,1,LARIS_neurotransmitter
Dbh,Adra2b,1,LARIS_neurotransmitter
Dbh,Adra2c,1,LARIS_neurotransmitter
Dbh,Adrb1,1,LARIS_neurotransmitter
Dbh,Adrb2,1,LARIS_neurotransmitter
Dbh,Adrb3,1,LARIS_neurotransmitter
Dcc,Adora2b,1,stCASE
Dcn,Kdr,1,stCASE
Ddc,Drd1,1,LARIS_neurotransmitter
Ddc,Drd2,1,LARIS_neurotransmitter
Ddc,Drd3,1,LARIS_neurotransmitter
Ddc,Drd4,1,LARIS_neurotransmitter
Ddc,Drd5,1,LARIS_neurotransmitter
Ddc,Htr1a,1,LARIS_neurotransmitter
Ddc,Htr1b,1,LARIS_neurotransmitter
Ddc,Htr1d,1,LARIS_neurotransmitter
Ddc,Htr1f,1,LARIS_neurotransmitter
Ddc,Htr2a,1,LARIS_neurotransmitter
Ddc,Htr2b,1,LARIS_neurotransmitter
Ddc,Htr2c,1,LARIS_neurotransmitter
Ddc,Htr3a,1,LARIS_neurotransmitter
Ddc,Htr3b,1,LARIS_neurotransmitter
Ddc,Htr4,1,LARIS_neurotransmitter
Ddc,Htr5a,1,LARIS_neurotransmitter
Ddc,Htr6,1,LARIS_neurotransmitter
Ddc,Htr7,1,LARIS_neurotransmitter
Defb106a,Ccr2,1,connectomeDB2020_lit
Desmosterol-dhcr7,Nr1h2,1,CellChatDB
Desmosterol-dhcr7,Nr1h3,1,CellChatDB
Dhcr24,Rora,1,LARIS_neurotransmitter
Dhcr24,Rorc,1,LARIS_neurotransmitter
Dhcr7,Nr1h2,1,LARIS_neurotransmitter
Dhcr7,Nr1h3,1,LARIS_neurotransmitter
Dhcr7,Rora,1,LARIS_neurotransmitter
Dhcr7,Rorc,1,LARIS_neurotransmitter
Dhea-sts,Esr1,1,CellChatDB
Dhea-sts,Nr1i2,1,CellChatDB
Dhea-sts,Ppara,1,CellChatDB
Dheas-sult1e1,Ppara,1,CellChatDB
Dheas-sult1e1,Ppard,1,CellChatDB
Dheas-sult1e1,Pparg,1,CellChatDB
Dheas-sult2a1,Ppara,1,CellChatDB
Dheas-sult2a1,Ppard,1,CellChatDB
Dheas-sult2a1,Pparg,1,CellChatDB
Dheas-sult2b,Ppara,1,CellChatDB
Dheas-sult2b,Ppard,1,CellChatDB
Dheas-sult2b,Pparg,1,CellChatDB
Dhh,Complex:ptch1,1,stCASE
Dhh,Complex:ptch2,1,stCASE
Dhrs9,Pgr,1,LARIS_neurotransmitter
Dht-srd5a1,Ar,1,CellChatDB
Dht-srd5a2,Ar,1,CellChatDB
Dht-srd5a3,Ar,1,CellChatDB
Dio3,Thra,1,LARIS_neurotransmitter
Dio3,Thrb,1,LARIS_neurotransmitter
Dkk4,Lrp5,1,LIANA_mouseconsensus
Dmp1,Complex:itgav,1,stCASE
Doc-cyp21a2,Nr3c2,1,CellChatDB
Dopa-ddc,Drd1,1,CellChatDB
Dopa-ddc,Drd2,1,CellChatDB
Dopa-ddc,Drd3,1,CellChatDB
Dopa-ddc,Drd4,1,CellChatDB
Dopa-ddc,Drd5,1,CellChatDB
Dpep1,Cysltr1,1,LARIS_neurotransmitter
Dpep1,Cysltr2,1,LARIS_neurotransmitter
Dpep2,Cysltr1,1,LARIS_neurotransmitter
Dpep2,Cysltr2,1,LARIS_neurotransmitter
Dpep3,Cysltr1,1,LARIS_neurotransmitter
Dpep3,Cysltr2,1,LARIS_neurotransmitter
Dsc1,Dsg1,1,connectomeDB2020_lit
Dsc2,Dsg1,1,connectomeDB2020_lit
Dsc3,Dsg1,1,connectomeDB2020_lit
Dsc3,Dsg1c,1,stCASE
Dsg1,Dsc3,1,connectomeDB2020_lit
Dsg1a,Dsc3,1,LIANA_mouseconsensus
Dsg1b,Dsc3,1,LIANA_mouseconsensus
Dspp,Complex:itgav,1,stCASE
E2-cyp19a1,Esr1,1,CellChatDB
E2-cyp19a1,Esr2,1,CellChatDB
E2-cyp19a1,Gper1,1,CellChatDB
E2-cyp19a1,Nr1i2,1,CellChatDB
E2-hsd17b1,Esr1,1,CellChatDB
E2-hsd17b1,Esr2,1,CellChatDB
E2-hsd17b1,Gper1,1,CellChatDB
E2-hsd17b1,Nr1i2,1,CellChatDB
Ear11,Tlr2,1,LIANA_mouseconsensus
Ear5,Tlr2,1,LIANA_mouseconsensus
Ebi3,Complex:il27ra,1,stCASE
Ebi3,Il12rb2,1,LIANA_mouseconsensus
Edil3,Complex:itgav,1,stCASE
Edil3,Itgb5,1,LIANA_mouseconsensus
Efemp2,Lingo1,1,stCASE
Efemp2,Plscr4,1,LIANA_mouseconsensus
Efna1,Ephb6,1,LIANA_mouseconsensus
Efna3,Ephb6,1,LIANA_mouseconsensus
Egf,Adrb2,1,LIANA_mouseconsensus
Egf,Axl,1,LIANA_mouseconsensus
Egf,Complex:egfr,1,stCASE
Egf,Fshr,1,LIANA_mouseconsensus
Egf,Ldlr,1,LIANA_mouseconsensus
Egf,Lrp2,1,LIANA_mouseconsensus
Egf,Pld2,1,LIANA_mouseconsensus
Egf,Rhbdl2,1,LIANA_mouseconsensus
Egf,Tnfrsf11b,1,LIANA_mouseconsensus
Epcam,Epcam,1,connectomeDB2020_lit
Epgn,Erbb4,1,stCASE
Epha2,Egfr,1,stCASE
Epha4,Efnb1,1,connectomeDB2020_lit
Epha4,Fgfr3,1,stCASE
Ephb1,Nrcam,1,stCASE
Ephb2,Nrcam,1,stCASE
Ephb4,Sdc3,1,stCASE
Erbb2,Egfr,1,stCASE
Erbb2,Erbb3,1,stCASE
Erbb2,Erbb4,1,stCASE
Erbb2,Plxnb1,1,stCASE
Erbb2,Ptpre,1,stCASE
Ereg,Complex:egfr,1,stCASE
Ereg,Complex:erbb2,1,stCASE
Etv5,Erbb2,1,LIANA_mouseconsensus
F10,Itgam,1,LIANA_mouseconsensus
F11,Gp1bb,1,LIANA_mouseconsensus
F11,Gp5,1,LIANA_mouseconsensus
F11,Gp9,1,LIANA_mouseconsensus
F11r,Complex:itgal,1,stCASE
F11r,Itgb2l,1,stCASE
F12,Cd93,1,LIANA_mouseconsensus
F12,Gp1bb,1,LIANA_mouseconsensus
F12,Gp5,1,LIANA_mouseconsensus
F12,Gp9,1,LIANA_mouseconsensus
F2,Gp1bb,1,LIANA_mouseconsensus
F8,Lrp2,1,LIANA_mouseconsensus
F8,Lrp4,1,LIANA_mouseconsensus
Fabp5,Rxra,1,LIANA_mouseconsensus
Fadd,Abca1,1,LIANA_mouseconsensus
Fadd,Traf2,1,LIANA_mouseconsensus
Fam3b,Lrp5,1,LIANA_mouseconsensus
Fam3c,Ffar2,1,LIANA_mouseconsensus
Fam3c,Glra2,1,LIANA_mouseconsensus
Fam3c,Lamp1,1,LIANA_mouseconsensus
Fam3c,Pdcd1,1,LIANA_mouseconsensus
Fam3d,Fpr1,1,connectomeDB2020_lit
Fam3d,Fpr2,1,connectomeDB2020_lit
Farp2,Plxna1,1,LIANA_mouseconsensus
Farp2,Plxna2,1,LIANA_mouseconsensus
Farp2,Plxna3,1,LIANA_mouseconsensus
Farp2,Plxna4,1,LIANA_mouseconsensus
Fasl,Tnfrsf1a,1,LIANA_mouseconsensus
Faslg,Fas,1,connectomeDB2020_lit
Faslg,Tnfrsf6b,1,connectomeDB2020_lit
Fbn1,Itgb6,1,LIANA_mouseconsensus
Fcer2,Cr2,1,connectomeDB2020_lit
Fcer2a,Complex:itgam,1,stCASE
Fcer2a,Complex:itgav,1,stCASE
Fcer2a,Complex:itgax,1,stCASE
Fcer2a,Itgb2l,1,stCASE
Fcnb,Lrp1,1,SpaCcLink
Fdx1,Nr1i2,1,LARIS_neurotransmitter
Fdx2,Nr1i2,1,LARIS_neurotransmitter
Fdxr,Nr3c2,1,LARIS_neurotransmitter
Fga,Itgad,1,LIANA_mouseconsensus
Fga,Plaur,1,LIANA_mouseconsensus
Fgb,Cdh5,1,LIANA_mouseconsensus
Fgb,Itgb3,1,LIANA_mouseconsensus
Fgf1,Egfr,1,LIANA_mouseconsensus
Fgf1,Fgfrl1,1,LIANA_mouseconsensus
Fgf1,Itgb3,1,LIANA_mouseconsensus
Fgf1,Tgfbr3,1,LIANA_mouseconsensus
Fgf13,Egfr,1,LIANA_mouseconsensus
Fgf19,Fgfr1,1,connectomeDB2020_lit
Fgf19,Fgfr2,1,connectomeDB2020_lit
Fgf19,Fgfr3,1,connectomeDB2020_lit
Fgf19,Fgfr4,1,connectomeDB2020_lit
Fgf19,Klb,1,connectomeDB2020_lit
Fgf23,Phex,1,LIANA_mouseconsensus
Fgf6,Sdc4,1,LIANA_mouseconsensus
Fgfr1,Itgb4,1,stCASE
Fgfr3,Epha4,1,LIANA_mouseconsensus
Fgfr4,Epha4,1,LIANA_mouseconsensus
Fgfr4,Ptprr,1,LIANA_mouseconsensus
Fgfr4,Tnfrsf10b,1,LIANA_mouseconsensus
Fgfrl1,Fgfr1,1,stCASE
Fgg,Itgb3,1,LIANA_mouseconsensus
Figf,Flt4,1,SpaCcLink
Figf,Itga9,1,SpaCcLink
Figf,Kdr,1,SpaCcLink
Flrt1,Flrt1,1,CellChatDB
Flrt2,Flrt2,1,CellChatDB
Flrt3,Flrt3,1,CellChatDB
Flt1,Nrp1,1,stCASE
Flt3lg,Flt3,1,connectomeDB2020_lit
Fn1,C5ar1,1,LIANA_mouseconsensus
Fn1,Complex:itga2b,1,stCASE
Fn1,Complex:itga3,1,stCASE
Fn1,Complex:itga4,1,stCASE
Fn1,Complex:itga5,1,stCASE
Fn1,Complex:itga8,1,stCASE
Fn1,Complex:itgav,1,stCASE
Fn1,Dpp4,1,LIANA_mouseconsensus
Fn1,Flt4,1,LIANA_mouseconsensus
Fn1,Il17rc,1,LIANA_mouseconsensus
Fn1,Itga6,1,LIANA_mouseconsensus
Fn1,Robo4,1,LIANA_mouseconsensus
Fn1,Tmprss6,1,SpaCcLink
Fras1,Complex:itga8,1,stCASE
Frem1,Complex:itga8,1,stCASE
Frem2,Complex:itga8,1,stCASE
Frs3,Fgfr1,1,LIANA_mouseconsensus
Fshb,Adcyap1r1,1,LIANA_mouseconsensus
Fshb,Adrb2,1,LIANA_mouseconsensus
Fshb,Adrb3,1,LIANA_mouseconsensus
Fshb,Gpr20,1,LIANA_mouseconsensus
Fshb,Gpr84,1,LIANA_mouseconsensus
Fshb,Pth1r,1,LIANA_mouseconsensus
Fshb,Ramp2,1,LIANA_mouseconsensus
Fshb,Ramp3,1,LIANA_mouseconsensus
Fshb,Tshr,1,LIANA_mouseconsensus
Fshb,Vipr1,1,LIANA_mouseconsensus
Fst,Bmpr1b,1,LIANA_mouseconsensus
Fst,Bmpr2,1,LIANA_mouseconsensus
Fstl5,Ceacam19,1,LIANA_mouseconsensus
Fstl5,Chl1,1,LIANA_mouseconsensus
Fstl5,Cntn5,1,LIANA_mouseconsensus
Fstl5,Gp6,1,LIANA_mouseconsensus
Fstl5,Il6ra,1,LIANA_mouseconsensus
Fstl5,Sdk2,1,LIANA_mouseconsensus
Fzd5,Lrp6,1,stCASE
Fzd8,Ckap4,1,connectomeDB2020_lit
Gaba-gad1,A1b2,1,CellChatDB
Gaba-gad1,A1b2d,1,CellChatDB
Gaba-gad1,A1b2g2,1,CellChatDB
Gaba-gad1,A1b3,1,CellChatDB
Gaba-gad1,A1b3g2,1,CellChatDB
Gaba-gad1,A2b3g2,1,CellChatDB
Gaba-gad1,A3b3e,1,CellChatDB
Gaba-gad1,A3b3g2,1,CellChatDB
Gaba-gad1,A3b3q,1,CellChatDB
Gaba-gad1,A4b2d,1,CellChatDB
Gaba-gad1,A4b3d,1,CellChatDB
Gaba-gad1,A4b3g2,1,CellChatDB
Gaba-gad1,A5b3g2,1,CellChatDB
Gaba-gad1,A6b3d,1,CellChatDB
Gaba-gad1,A6b3g2,1,CellChatDB
Gaba-gad1,Gabbr1,1,CellChatDB
Gaba-gad1,Gabbr2,1,CellChatDB
Gaba-gad1,Gabr,1,CellChatDB
Gaba-gad2,A1b2,1,CellChatDB
Gaba-gad2,A1b2d,1,CellChatDB
Gaba-gad2,A1b2g2,1,CellChatDB
Gaba-gad2,A1b3,1,CellChatDB
Gaba-gad2,A1b3g2,1,CellChatDB
Gaba-gad2,A2b3g2,1,CellChatDB
Gaba-gad2,A3b3e,1,CellChatDB
Gaba-gad2,A3b3g2,1,CellChatDB
Gaba-gad2,A3b3q,1,CellChatDB
Gaba-gad2,A4b2d,1,CellChatDB
Gaba-gad2,A4b3d,1,CellChatDB
Gaba-gad2,A4b3g2,1,CellChatDB
Gaba-gad2,A5b3g2,1,CellChatDB
Gaba-gad2,A6b3d,1,CellChatDB
Gaba-gad2,A6b3g2,1,CellChatDB
Gaba-gad2,Gabbr1,1,CellChatDB
Gaba-gad2,Gabbr2,1,CellChatDB
Gaba-gad2,Gabr,1,CellChatDB
Gad1,Gabbr1,1,LARIS_neurotransmitter
Gad1,Gabbr2,1,LARIS_neurotransmitter
Gad1,Gabra1,1,LARIS_neurotransmitter
Gad1,Gabra2,1,LARIS_neurotransmitter
Gad1,Gabra3,1,LARIS_neurotransmitter
Gad1,Gabra4,1,LARIS_neurotransmitter
Gad1,Gabra5,1,LARIS_neurotransmitter
Gad1,Gabra6,1,LARIS_neurotransmitter
Gad1,Gabrb2,1,LARIS_neurotransmitter
Gad1,Gabrb3,1,LARIS_neurotransmitter
Gad1,Gabrd,1,LARIS_neurotransmitter
Gad1,Gabre,1,LARIS_neurotransmitter
Gad1,Gabrg2,1,LARIS_neurotransmitter
Gad1,Gabrq,1,LARIS_neurotransmitter
Gad1,Grm4,1,LIANA_mouseconsensus
Gad2,Gabbr1,1,LARIS_neurotransmitter
Gad2,Gabbr2,1,LARIS_neurotransmitter
Gad2,Gabra1,1,LARIS_neurotransmitter
Gad2,Gabra2,1,LARIS_neurotransmitter
Gad2,Gabra3,1,LARIS_neurotransmitter
Gad2,Gabra4,1,LARIS_neurotransmitter
Gad2,Gabra5,1,LARIS_neurotransmitter
Gad2,Gabra6,1,LARIS_neurotransmitter
Gad2,Gabrb2,1,LARIS_neurotransmitter
Gad2,Gabrb3,1,LARIS_neurotransmitter
Gad2,Gabrd,1,LARIS_neurotransmitter
Gad2,Gabre,1,LARIS_neurotransmitter
Gad2,Gabrg2,1,LARIS_neurotransmitter
Gad2,Gabrq,1,LARIS_neurotransmitter
Gal,Adra2a,1,LIANA_mouseconsensus
Gal,Grm7,1,LIANA_mouseconsensus
Gal,Mtnr1a,1,LIANA_mouseconsensus
Gast,Gpr152,1,LIANA_mouseconsensus
Gdf1,Actr2,1,LIANA_mouseconsensus
Gdf1,Htr4,1,LIANA_mouseconsensus
Gdf10,Bmpr2,1,LIANA_mouseconsensus
Gdf10,Complex:acvr1b,1,stCASE
Gdf11,Actr2,1,LIANA_mouseconsensus
Gdf11,Antxr1,1,LIANA_mouseconsensus
Gdf11,Bmpr1a,1,LIANA_mouseconsensus
Gdf11,Bmpr1b,1,LIANA_mouseconsensus
Gdf11,Bmpr2,1,LIANA_mouseconsensus
Gdf11,Complex:acvr1b,1,stCASE
Gdf11,Complex:acvr2a,1,stCASE
Gdf11,Complex:acvr2b,1,stCASE
Gdf2,Complex:acvr2a,1,stCASE
Gdf2,Complex:acvr2b,1,stCASE
Gdf2,Complex:acvrl1,1,stCASE
Gdf3,Complex:acvr1b,1,stCASE
Gdf3,Complex:acvr1c,1,stCASE
Gdf3,Tdgf1,1,connectomeDB2020_lit
Gdf5,Complex:bmpr1a,1,stCASE
Gdf5,Complex:bmpr1b,1,stCASE
Gdf6,Complex:bmpr1a,1,stCASE
Gdf6,Complex:bmpr1b,1,stCASE
Gdf7,Complex:bmpr1a,1,stCASE
Gdf7,Complex:bmpr1b,1,stCASE
Gdf9,Complex:acvr1b,1,stCASE
Gdf9,Complex:bmpr2,1,stCASE
Gdnf,Complex:gfra1,1,stCASE
Gdnf,Ednrb,1,LIANA_mouseconsensus
Ggt1,Cysltr1,1,LARIS_neurotransmitter
Ggt1,Cysltr2,1,LARIS_neurotransmitter
Ggt5,Cysltr1,1,LARIS_neurotransmitter
Ggt5,Cysltr2,1,LARIS_neurotransmitter
Ghrh,Adcyap1r1,1,LIANA_mouseconsensus
Ghrh,Adrb2,1,LIANA_mouseconsensus
Ghrh,Adrb3,1,LIANA_mouseconsensus
Ghrh,Dpp4,1,LIANA_mouseconsensus
Ghrh,Gpr20,1,LIANA_mouseconsensus
Ghrh,Gpr84,1,LIANA_mouseconsensus
Ghrh,Pth1r,1,LIANA_mouseconsensus
Ghrh,Ramp2,1,LIANA_mouseconsensus
Ghrh,Ramp3,1,LIANA_mouseconsensus
Ghrh,Tshr,1,LIANA_mouseconsensus
Ghrl,Mlnr,1,connectomeDB2020_lit
Ghrl,Ptgir,1,LIANA_mouseconsensus
Gip,Adcyap1r1,1,LIANA_mouseconsensus
Gip,Adrb2,1,LIANA_mouseconsensus
Gip,Adrb3,1,LIANA_mouseconsensus
Gip,Fap,1,LIANA_mouseconsensus
Gip,Gpr20,1,LIANA_mouseconsensus
Gip,Gpr84,1,LIANA_mouseconsensus
Gip,Insr,1,LIANA_mouseconsensus
Gip,Pth1r,1,LIANA_mouseconsensus
Gip,Ramp2,1,LIANA_mouseconsensus
Gip,Ramp3,1,LIANA_mouseconsensus
Gip,Tshr,1,LIANA_mouseconsensus
Gip,Vipr1,1,LIANA_mouseconsensus
Gja1,Gja1,1,CellChatDB
Gja3,Gja3,1,CellChatDB
Gja5,Gja5,1,CellChatDB
Gja6,Gja6,1,CellChatDB
Gjc1,Gjc1,1,CellChatDB
Glg1,Sele,1,connectomeDB2020_lit
Glu-nrxn1,Grid2,1,CellChatDB
Glu-slc17a6,Gria1,1,CellChatDB
Glu-slc17a6,Gria2,1,CellChatDB
Glu-slc17a6,Gria3,1,CellChatDB
Glu-slc17a6,Gria4,1,CellChatDB
Glu-slc17a6,Grik1,1,CellChatDB
Glu-slc17a6,Grik2,1,CellChatDB
Glu-slc17a6,Grik3,1,CellChatDB
Glu-slc17a6,Grik4,1,CellChatDB
Glu-slc17a6,Grik5,1,CellChatDB
Glu-slc17a6,Grin1,1,CellChatDB
Glu-slc17a6,Grin2a,1,CellChatDB
Glu-slc17a6,Grin2b,1,CellChatDB
Glu-slc17a6,Grin2c,1,CellChatDB
Glu-slc17a6,Grin2d,1,CellChatDB
Glu-slc17a6,Grm1,1,CellChatDB
Glu-slc17a6,Grm2,1,CellChatDB
Glu-slc17a6,Grm3,1,CellChatDB
Glu-slc17a6,Grm4,1,CellChatDB
Glu-slc17a6,Grm5,1,CellChatDB
Glu-slc17a6,Grm6,1,CellChatDB
Glu-slc17a6,Grm7,1,CellChatDB
Glu-slc17a6,Grm8,1,CellChatDB
Glu-slc17a7,Gria1,1,CellChatDB
Glu-slc17a7,Gria2,1,CellChatDB
Glu-slc17a7,Gria3,1,CellChatDB
Glu-slc17a7,Gria4,1,CellChatDB
Glu-slc17a7,Grik1,1,CellChatDB
Glu-slc17a7,Grik2,1,CellChatDB
Glu-slc17a7,Grik3,1,CellChatDB
Glu-slc17a7,Grik4,1,CellChatDB
Glu-slc17a7,Grik5,1,CellChatDB
Glu-slc17a7,Grin1,1,CellChatDB
Glu-slc17a7,Grin2a,1,CellChatDB
Glu-slc17a7,Grin2b,1,CellChatDB
Glu-slc17a7,Grin2c,1,CellChatDB
Glu-slc17a7,Grin2d,1,CellChatDB
Glu-slc17a7,Grm1,1,CellChatDB
Glu-slc17a7,Grm2,1,CellChatDB
Glu-slc17a7,Grm3,1,CellChatDB
Glu-slc17a7,Grm4,1,CellChatDB
Glu-slc17a7,Grm5,1,CellChatDB
Glu-slc17a7,Grm6,1,CellChatDB
Glu-slc17a7,Grm7,1,CellChatDB
Glu-slc17a7,Grm8,1,CellChatDB
Glu-slc17a8,Gria1,1,CellChatDB
Glu-slc17a8,Gria2,1,CellChatDB
Glu-slc17a8,Gria3,1,CellChatDB
Glu-slc17a8,Gria4,1,CellChatDB
Glu-slc17a8,Grik1,1,CellChatDB
Glu-slc17a8,Grik2,1,CellChatDB
Glu-slc17a8,Grik3,1,CellChatDB
Glu-slc17a8,Grik4,1,CellChatDB
Glu-slc17a8,Grik5,1,CellChatDB
Glu-slc17a8,Grin1,1,CellChatDB
Glu-slc17a8,Grin2a,1,CellChatDB
Glu-slc17a8,Grin2b,1,CellChatDB
Glu-slc17a8,Grin2c,1,CellChatDB
Glu-slc17a8,Grin2d,1,CellChatDB
Glu-slc17a8,Grm1,1,CellChatDB
Glu-slc17a8,Grm2,1,CellChatDB
Glu-slc17a8,Grm3,1,CellChatDB
Glu-slc17a8,Grm4,1,CellChatDB
Glu-slc17a8,Grm5,1,CellChatDB
Glu-slc17a8,Grm6,1,CellChatDB
Glu-slc17a8,Grm7,1,CellChatDB
Glu-slc17a8,Grm8,1,CellChatDB
Glu-slc1a1,Gria1,1,CellChatDB
Glu-slc1a1,Gria2,1,CellChatDB
Glu-slc1a1,Gria3,1,CellChatDB
Glu-slc1a1,Gria4,1,CellChatDB
Glu-slc1a1,Grik1,1,CellChatDB
Glu-slc1a1,Grik2,1,CellChatDB
Glu-slc1a1,Grik3,1,CellChatDB
Glu-slc1a1,Grik4,1,CellChatDB
Glu-slc1a1,Grik5,1,CellChatDB
Glu-slc1a1,Grin1,1,CellChatDB
Glu-slc1a1,Grin2a,1,CellChatDB
Glu-slc1a1,Grin2b,1,CellChatDB
Glu-slc1a1,Grin2c,1,CellChatDB
Glu-slc1a1,Grin2d,1,CellChatDB
Glu-slc1a1,Grm1,1,CellChatDB
Glu-slc1a1,Grm2,1,CellChatDB
Glu-slc1a1,Grm3,1,CellChatDB
Glu-slc1a1,Grm4,1,CellChatDB
Glu-slc1a1,Grm5,1,CellChatDB
Glu-slc1a1,Grm6,1,CellChatDB
Glu-slc1a1,Grm7,1,CellChatDB
Glu-slc1a1,Grm8,1,CellChatDB
Glu-slc1a2,Gria1,1,CellChatDB
Glu-slc1a2,Gria2,1,CellChatDB
Glu-slc1a2,Gria3,1,CellChatDB
Glu-slc1a2,Gria4,1,CellChatDB
Glu-slc1a2,Grik1,1,CellChatDB
Glu-slc1a2,Grik2,1,CellChatDB
Glu-slc1a2,Grik3,1,CellChatDB
Glu-slc1a2,Grik4,1,CellChatDB
Glu-slc1a2,Grik5,1,CellChatDB
Glu-slc1a2,Grin1,1,CellChatDB
Glu-slc1a2,Grin2a,1,CellChatDB
Glu-slc1a2,Grin2b,1,CellChatDB
Glu-slc1a2,Grin2c,1,CellChatDB
Glu-slc1a2,Grin2d,1,CellChatDB
Glu-slc1a2,Grm1,1,CellChatDB
Glu-slc1a2,Grm2,1,CellChatDB
Glu-slc1a2,Grm3,1,CellChatDB
Glu-slc1a2,Grm4,1,CellChatDB
Glu-slc1a2,Grm5,1,CellChatDB
Glu-slc1a2,Grm6,1,CellChatDB
Glu-slc1a2,Grm7,1,CellChatDB
Glu-slc1a2,Grm8,1,CellChatDB
Glu-slc1a3,Gria1,1,CellChatDB
Glu-slc1a3,Gria2,1,CellChatDB
Glu-slc1a3,Gria3,1,CellChatDB
Glu-slc1a3,Gria4,1,CellChatDB
Glu-slc1a3,Grik1,1,CellChatDB
Glu-slc1a3,Grik2,1,CellChatDB
Glu-slc1a3,Grik3,1,CellChatDB
Glu-slc1a3,Grik4,1,CellChatDB
Glu-slc1a3,Grik5,1,CellChatDB
Glu-slc1a3,Grin1,1,CellChatDB
Glu-slc1a3,Grin2a,1,CellChatDB
Glu-slc1a3,Grin2b,1,CellChatDB
Glu-slc1a3,Grin2c,1,CellChatDB
Glu-slc1a3,Grin2d,1,CellChatDB
Glu-slc1a3,Grm1,1,CellChatDB
Glu-slc1a3,Grm2,1,CellChatDB
Glu-slc1a3,Grm3,1,CellChatDB
Glu-slc1a3,Grm4,1,CellChatDB
Glu-slc1a3,Grm5,1,CellChatDB
Glu-slc1a3,Grm6,1,CellChatDB
Glu-slc1a3,Grm7,1,CellChatDB
Glu-slc1a3,Grm8,1,CellChatDB
Glu-slc1a6,Gria1,1,CellChatDB
Glu-slc1a6,Gria2,1,CellChatDB
Glu-slc1a6,Gria3,1,CellChatDB
Glu-slc1a6,Gria4,1,CellChatDB
Glu-slc1a6,Grik1,1,CellChatDB
Glu-slc1a6,Grik2,1,CellChatDB
Glu-slc1a6,Grik3,1,CellChatDB
Glu-slc1a6,Grik4,1,CellChatDB
Glu-slc1a6,Grik5,1,CellChatDB
Glu-slc1a6,Grin1,1,CellChatDB
Glu-slc1a6,Grin2a,1,CellChatDB
Glu-slc1a6,Grin2b,1,CellChatDB
Glu-slc1a6,Grin2c,1,CellChatDB
Glu-slc1a6,Grin2d,1,CellChatDB
Glu-slc1a6,Grm1,1,CellChatDB
Glu-slc1a6,Grm2,1,CellChatDB
Glu-slc1a6,Grm3,1,CellChatDB
Glu-slc1a6,Grm4,1,CellChatDB
Glu-slc1a6,Grm5,1,CellChatDB
Glu-slc1a6,Grm6,1,CellChatDB
Glu-slc1a6,Grm7,1,CellChatDB
Glu-slc1a6,Grm8,1,CellChatDB
Glu-slc1a7,Gria1,1,CellChatDB
Glu-slc1a7,Gria2,1,CellChatDB
Glu-slc1a7,Gria3,1,CellChatDB
Glu-slc1a7,Gria4,1,CellChatDB
Glu-slc1a7,Grik1,1,CellChatDB
Glu-slc1a7,Grik2,1,CellChatDB
Glu-slc1a7,Grik3,1,CellChatDB
Glu-slc1a7,Grik4,1,CellChatDB
Glu-slc1a7,Grik5,1,CellChatDB
Glu-slc1a7,Grin1,1,CellChatDB
Glu-slc1a7,Grin2a,1,CellChatDB
Glu-slc1a7,Grin2b,1,CellChatDB
Glu-slc1a7,Grin2c,1,CellChatDB
Glu-slc1a7,Grin2d,1,CellChatDB
Glu-slc1a7,Grm1,1,CellChatDB
Glu-slc1a7,Grm2,1,CellChatDB
Glu-slc1a7,Grm3,1,CellChatDB
Glu-slc1a7,Grm4,1,CellChatDB
Glu-slc1a7,Grm5,1,CellChatDB
Glu-slc1a7,Grm6,1,CellChatDB
Glu-slc1a7,Grm7,1,CellChatDB
Glu-slc1a7,Grm8,1,CellChatDB
Gly-shmt1,Glra1,1,CellChatDB
Gly-shmt1,Glra2,1,CellChatDB
Gly-shmt1,Glrb,1,CellChatDB
Gly-shmt2,Glra1,1,CellChatDB
Gly-shmt2,Glra2,1,CellChatDB
Gly-shmt2,Glrb,1,CellChatDB
Gm10334,F2r,1,COMMOT_CellChat
Gm10334,F2rl1,1,COMMOT_CellChat
Gm10334,F2rl2,1,COMMOT_CellChat
Gm10334,F2rl3,1,COMMOT_CellChat
Gm10334,Pard3,1,COMMOT_CellChat
Gm10499,Aplp2,1,SpaCcLink
Gm10499,Erbb2,1,SpaCcLink
Gm10499,Kir3dl1,1,SpaCcLink
Gm10499,Kir3dl2,1,SpaCcLink
Gm10591,Ackr2,1,SpaCcLink
Gm10591,Ccr7,1,SpaCcLink
Gm10591,Cxcr3,1,SpaCcLink
Gm11127,Kir3dl2,1,stCASE
Gm12169,Cd300lb,1,stCASE
Gm12169,Timd4,1,stCASE
Gm13304,Ackr2,1,SpaCcLink
Gm13304,Ccr7,1,SpaCcLink
Gm13304,Cxcr3,1,SpaCcLink
Gm13305,Cd40,1,LIANA_mouseconsensus
Gm13306,Adra2a,1,LIANA_mouseconsensus
Gm13306,Grm7,1,LIANA_mouseconsensus
Gm13306,Mtnr1a,1,LIANA_mouseconsensus
Gm2002,Cd40,1,LIANA_mouseconsensus
Gm2023,Ackr2,1,LIANA_mouseconsensus
Gm2023,Ackr4,1,LIANA_mouseconsensus
Gm2023,Adra2a,1,LIANA_mouseconsensus
Gm2023,Ccr10,1,LIANA_mouseconsensus
Gm2023,Ccr7,1,LIANA_mouseconsensus
Gm2023,Ccrl2,1,LIANA_mouseconsensus
Gm2023,Cxcr3,1,LIANA_mouseconsensus
Gm2023,Grm7,1,LIANA_mouseconsensus
Gm2023,Mtnr1a,1,LIANA_mouseconsensus
Gm21541,Ackr2,1,SpaCcLink
Gm21541,Ccr7,1,SpaCcLink
Gm21541,Cxcr3,1,SpaCcLink
Gm21983,Cdh7,1,stCASE
Gm2506,Ackr2,1,LIANA_mouseconsensus
Gm2506,Adra2a,1,LIANA_mouseconsensus
Gm2506,Ccr10,1,LIANA_mouseconsensus
Gm2506,Ccr2,1,LIANA_mouseconsensus
Gm2506,Ccr3,1,LIANA_mouseconsensus
Gm2506,Grm7,1,LIANA_mouseconsensus
Gm2506,Mtnr1a,1,LIANA_mouseconsensus
Gm28040,Kiss1r,1,stCASE
Gm3934,Egfr,1,LIANA_mouseconsensus
Gm3934,Traf2,1,LIANA_mouseconsensus
Gm5849,Ager,1,stCASE
Gm5849,Tlr4,1,stCASE
Gm8909,Aplp2,1,SpaCcLink
Gm8909,Cd8a,1,COMMOT_CellChat
Gm8909,Cd8b1,1,COMMOT_CellChat
Gm8909,Erbb2,1,SpaCcLink
Gm8909,Kir3dl1,1,SpaCcLink
Gm8909,Kir3dl2,1,SpaCcLink
Gnai2,Adcy7,1,LIANA_mouseconsensus
Gnai2,Adcy8,1,LIANA_mouseconsensus
Gnai2,Adcy9,1,LIANA_mouseconsensus
Gnai2,Cxcr3,1,LIANA_mouseconsensus
Gnai2,Ednrb,1,LIANA_mouseconsensus
Gnai2,Ptpru,1,LIANA_mouseconsensus
Gnai2,S1pr1,1,LIANA_mouseconsensus
Gnai2,S1pr3,1,LIANA_mouseconsensus
Gnai2,S1pr4,1,LIANA_mouseconsensus
Gnai2,S1pr5,1,LIANA_mouseconsensus
Gnai2,Unc5b,1,LIANA_mouseconsensus
Gnas,Adcy1,1,LIANA_mouseconsensus
Gnas,Adcy7,1,LIANA_mouseconsensus
Gnas,Adcy8,1,LIANA_mouseconsensus
Gnas,Adcy9,1,LIANA_mouseconsensus
Gnas,Glp1r,1,LIANA_mouseconsensus
Gnb3,Gabbr2,1,LIANA_mouseconsensus
Gp1ba,Complex:itgam,1,stCASE
Gp1ba,Itgb2l,1,stCASE
Gp1ba,Selp,1,stCASE
Gp49a,Lair1,1,LIANA_mouseconsensus
Gpc3,Flt1,1,LIANA_mouseconsensus
Gpc3,Lrp1,1,LIANA_mouseconsensus
Gpc3,Lrp2,1,LIANA_mouseconsensus
Gpc3,Tnfrsf11b,1,LIANA_mouseconsensus
Gpc3,Unc5c,1,LIANA_mouseconsensus
Gpc3,Unc5d,1,LIANA_mouseconsensus
Gpc3,Vsig10l,1,LIANA_mouseconsensus
Gpha2,Epha6,1,LIANA_mouseconsensus
Gpi,Amfr,1,connectomeDB2020_lit
Gpi1,Ntrk1,1,LIANA_mouseconsensus
Gpr26,Htr1a,1,stCASE
Grn,Cd209a,1,LIANA_mouseconsensus
Grn,Egfr,1,LIANA_mouseconsensus
Grn,Ntrk1,1,LIANA_mouseconsensus
Grp,Fap,1,LIANA_mouseconsensus
Gstm7,Ryr2,1,LIANA_mouseconsensus
Gsto1,Ryr1,1,LIANA_mouseconsensus
Gstp1,Egfr,1,LIANA_mouseconsensus
Gstp2,Egfr,1,LIANA_mouseconsensus
Gstp3,Traf2,1,SpaCcLink
Guca2b,Gucy2d,1,connectomeDB2020_lit
Gzme,Chrm3,1,SpaCcLink
Gzme,Igf2r,1,SpaCcLink
H2-bl,Aplp2,1,SpaCcLink
H2-bl,Erbb2,1,SpaCcLink
H2-bl,Kir3dl2,1,SpaCcLink
H2-d1,Aplp2,1,SpaCcLink
H2-d1,Clec2m,1,stCASE
H2-d1,Complex:klrd1,1,stCASE
H2-d1,Erbb2,1,SpaCcLink
H2-d1,Kir3dl2,1,SpaCcLink
H2-d1,Klrk1,1,stCASE
H2-ea,Cd53,1,stCASE
H2-ea,Cd63,1,stCASE
H2-ea,Cd82,1,stCASE
H2-ea,Lag3,1,stCASE
H2-ea-ps,Cd4,1,LIANA_mouseconsensus
H2-ea-ps,Lag3,1,LIANA_mouseconsensus
H2-eb1,Lag3,1,LIANA_mouseconsensus
H2-eb2,Cd4,1,stCASE
H2-eb2,Cd53,1,stCASE
H2-eb2,Lag3,1,stCASE
H2-k1,Cd3d,1,LIANA_mouseconsensus
H2-k1,Cd3g,1,LIANA_mouseconsensus
H2-k1,Klrd1,1,stCASE
H2-m3,Cd4,1,LIANA_mouseconsensus
H2-m3,Clec2m,1,stCASE
H2-m3,Kir3dl2,1,stCASE
H2-q1,Aplp2,1,SpaCcLink
H2-q1,Erbb2,1,SpaCcLink
H2-q1,Kir3dl2,1,SpaCcLink
H2-q10,Aplp2,1,SpaCcLink
H2-q10,Erbb2,1,SpaCcLink
H2-q10,Kir3dl2,1,SpaCcLink
H2-q2,Aplp2,1,SpaCcLink
H2-q2,Erbb2,1,SpaCcLink
H2-q2,Kir3dl2,1,SpaCcLink
H2-q4,Aplp2,1,SpaCcLink
H2-q4,Erbb2,1,SpaCcLink
H2-q4,Kir3dl2,1,SpaCcLink
H2-q6,Aplp2,1,SpaCcLink
H2-q6,Erbb2,1,SpaCcLink
H2-q6,Kir3dl2,1,SpaCcLink
H2-q7,Aplp2,1,SpaCcLink
H2-q7,Erbb2,1,SpaCcLink
H2-q7,Kir3dl2,1,SpaCcLink
H2-t-ps,Klrc1,1,SpaCcLink
H2-t-ps,Klrc2,1,SpaCcLink
H2-t-ps,Klrd1,1,SpaCcLink
H60a,Nkg2d,1,CellChatDB
H60b,Klrk1,1,LARIS_neurotransmitter
H60b,Nkg2d,1,CellChatDB
H60c,Klrk1,1,LARIS_neurotransmitter
H60c,Nkg2d,1,CellChatDB
Hapln1,Ager,1,LIANA_mouseconsensus
Hapln1,Igdcc4,1,LIANA_mouseconsensus
Hapln1,Il1rl1,1,LIANA_mouseconsensus
Hapln1,Prtg,1,LIANA_mouseconsensus
Hapln1,Tnfrsf11b,1,LIANA_mouseconsensus
Hapln1,Treml2,1,LIANA_mouseconsensus
Havcr1,Cd300lb,1,connectomeDB2020_lit
Havcr1,Havcr1,1,connectomeDB2020_lit
Hbegf,Complex:egfr,1,stCASE
Hbegf,Complex:erbb2,1,stCASE
Hbegf,Prlr,1,LIANA_mouseconsensus
Hc,Adra2a,1,LIANA_mouseconsensus
Hc,Grm7,1,LIANA_mouseconsensus
Hc,Mtnr1a,1,LIANA_mouseconsensus
Hebp1,Adra2a,1,LIANA_mouseconsensus
Hebp1,Grm7,1,LIANA_mouseconsensus
Hebp1,Mtnr1a,1,LIANA_mouseconsensus
Hhla2,Tmigd2,1,connectomeDB2020_lit
Hist-hdc,Hrh1,1,CellChatDB
Hist-hdc,Hrh2,1,CellChatDB
Hist-hdc,Hrh3,1,CellChatDB
Hist-hdc,Hrh4,1,CellChatDB
Hla-a,Lilrb1,1,connectomeDB2020_lit
Hla-a,Lilrb2,1,connectomeDB2020_lit
Hla-b,Kir2dl3,1,connectomeDB2020_lit
Hla-b,Kir3dl2,1,connectomeDB2020_lit
Hla-b,Lilrb1,1,connectomeDB2020_lit
Hla-b,Lilrb2,1,connectomeDB2020_lit
Hla-c,Kir2dl1,1,connectomeDB2020_lit
Hla-c,Kir2dl3,1,connectomeDB2020_lit
Hla-c,Kir2ds4,1,connectomeDB2020_lit
Hla-c,Lilra3,1,connectomeDB2020_lit
Hla-c,Lilrb1,1,connectomeDB2020_lit
Hla-c,Lilrb2,1,connectomeDB2020_lit
Hla-e,Klrk1,1,connectomeDB2020_lit
Hla-f,Kir3dl1,1,connectomeDB2020_lit
Hla-f,Kir3dl2,1,connectomeDB2020_lit
Hla-f,Lilrb1,1,connectomeDB2020_lit
Hla-f,Lilrb2,1,connectomeDB2020_lit
Hla-g,Kir2dl4,1,connectomeDB2020_lit
Hla-g,Lilrb1,1,connectomeDB2020_lit
Hla-g,Lilrb2,1,connectomeDB2020_lit
Hp,Asgr1,1,LIANA_mouseconsensus
Hp,Asgr2,1,LIANA_mouseconsensus
Hp,Itgb2l,1,stCASE
Hp,Tlr4,1,LIANA_mouseconsensus
Hras,Agtr1,1,connectomeDB2020_lit
Hras,Agtr1a,1,LIANA_mouseconsensus
Hras,Agtr1b,1,SpaCcLink
Hrg,Fcgr1,1,SpaCcLink
Hrg,Fcgr1a,1,connectomeDB2020_lit
Hsd17b1,Esr1,1,LARIS_neurotransmitter
Hsd17b1,Esr2,1,LARIS_neurotransmitter
Hsd17b1,Gper1,1,LARIS_neurotransmitter
Hsd17b1,Nr1i2,1,LARIS_neurotransmitter
Hsd17b12,Ar,1,LARIS_neurotransmitter
Hsd17b3,Ar,1,LARIS_neurotransmitter
Hsd17b6,Nr1h4,1,LARIS_neurotransmitter
Hsd3b1,Catsper1,1,LARIS_neurotransmitter
Hsd3b1,Catsper2,1,LARIS_neurotransmitter
Hsd3b1,Catsper3,1,LARIS_neurotransmitter
Hsd3b1,Catsper4,1,LARIS_neurotransmitter
Hsd3b1,Catsperb,1,LARIS_neurotransmitter
Hsd3b1,Catsperd,1,LARIS_neurotransmitter
Hsd3b1,Chrne,1,LARIS_neurotransmitter
Hsp90aa1,Itgb3,1,LIANA_mouseconsensus
Hsp90aa1,Tgfbr1,1,stCASE
Hsp90ab1,Erbb2,1,stCASE
Hsp90b1,Asgr1,1,LIANA_mouseconsensus
Hsp90b1,Erbb2,1,LIANA_mouseconsensus
Hsp90b1,Tlr1,1,LIANA_mouseconsensus
Hsp90b1,Tlr7,1,LIANA_mouseconsensus
Hspa1a,Grin2d,1,LIANA_mouseconsensus
Hspa1a,Tlr4,1,LIANA_mouseconsensus
Hspa4,Tlr4,1,LIANA_mouseconsensus
Hspa8,Adrb2,1,LIANA_mouseconsensus
Hspa8,Ldlr,1,LIANA_mouseconsensus
Hspa8,Lrp2,1,LIANA_mouseconsensus
Hspg2,Lrp1,1,LIANA_mouseconsensus
Hspg2,Lrp2,1,LIANA_mouseconsensus
Htr1b,Htr1a,1,stCASE
Htr1d,Htr1a,1,stCASE
Iapp,Adcyap1r1,1,LIANA_mouseconsensus
Iapp,Adrb2,1,LIANA_mouseconsensus
Iapp,Adrb3,1,LIANA_mouseconsensus
Iapp,Gpr20,1,LIANA_mouseconsensus
Iapp,Gpr84,1,LIANA_mouseconsensus
Iapp,Pth1r,1,LIANA_mouseconsensus
Iapp,Tshr,1,LIANA_mouseconsensus
Iapp,Vipr1,1,LIANA_mouseconsensus
Ibsp,Complex:itgav,1,stCASE
Icam1,Cav1,1,LIANA_mouseconsensus
Icam1,Complex:itgal,1,stCASE
Icam1,Complex:itgam,1,stCASE
Icam1,Complex:itgax,1,stCASE
Icam1,Gm20489,1,stCASE
Icam2,Complex:itgal,1,stCASE
Icam2,Complex:itgam,1,stCASE
Icam3,Cd209,1,connectomeDB2020_lit
Icam3,Clec4m,1,connectomeDB2020_lit
Icam4,Itgb2l,1,stCASE
Icam5,Cd209b,1,stCASE
Icam5,Itgb2l,1,stCASE
Icos,Icoslg,1,connectomeDB2020_lit
Icoslg,Cd28,1,connectomeDB2020_lit
Icoslg,Ctla4,1,connectomeDB2020_lit
Icoslg,Icos,1,connectomeDB2020_lit
Ifna,Ifnar1,1,COMMOT_CellChat
Ifna,Ifnar2,1,COMMOT_CellChat
Ifna15,Complex:ifnar1,1,stCASE
Ifna15,Cr2,1,stCASE
Ifnb1,Complex:ifnar1,1,stCASE
Ifne,Complex:ifnar1,1,stCASE
Ifng,Complex:ifngr1,1,stCASE
Ifng,Mpl,1,LIANA_mouseconsensus
Ifnk,Complex:ifnar1,1,stCASE
Ifnl2,Complex:ifnlr1,1,stCASE
Ifnl2,Gm21970,1,stCASE
Ifnl4,Ifnlr1,1,connectomeDB2020_lit
Ifnl4,Il10rb,1,connectomeDB2020_lit
Igf1,Complex:itga6,1,stCASE
Igf1,Complex:itgav,1,stCASE
Igf1,Igf2r,1,LIANA_mouseconsensus
Igf1r,Adrb2,1,stCASE
Igf1r,Cdh1,1,stCASE
Igf1r,Egfr,1,stCASE
Igf1r,Ghr,1,stCASE
Igf1r,Gm9733,1,stCASE
Igf1r,Insr,1,stCASE
Igf1r,Pth1r,1,stCASE
Igf2,Complex:itga6,1,stCASE
Igf2,Complex:itgav,1,stCASE
Igf2,Gpr152,1,LIANA_mouseconsensus
Igfbpl1,Dcc,1,LIANA_mouseconsensus
Igfl1,Igflr1,1,connectomeDB2020_lit
Igfl2,Igflr1,1,connectomeDB2020_lit
Igsf1,Acvr1b,1,LIANA_mouseconsensus
Igsf10,Cd200r2,1,LIANA_mouseconsensus
Igsf10,Cd200r4,1,LIANA_mouseconsensus
Igsf10,Mag,1,LIANA_mouseconsensus
Igsf10,Slamf9,1,LIANA_mouseconsensus
Igsf11,Vsir,1,connectomeDB2020_lit
Ihh,Complex:ptch1,1,stCASE
Ihh,Complex:ptch2,1,stCASE
Il10,Cd27,1,LIANA_mouseconsensus
Il10,Cd70,1,LIANA_mouseconsensus
Il10,Complex:il10ra,1,stCASE
Il10,Gm21970,1,stCASE
Il10,Ifnlr1,1,LIANA_mouseconsensus
Il11,Complex:il11ra1,1,stCASE
Il11,Gm13305,1,SpaCcLink
Il11,Il11r complex 1,1,CellChatDB
Il11,Il11r complex 2,1,CellChatDB
Il11,Il11ra,1,connectomeDB2020_lit
Il11,Il6ra,1,LIANA_mouseconsensus
Il11ra1,Cd40,1,LIANA_mouseconsensus
Il11ra2,Cd40,1,LIANA_mouseconsensus
Il12a,Complex:il12rb2,1,stCASE
Il12a,Il27ra,1,LIANA_mouseconsensus
Il12ab,Il12rb1,1,CellChatDB
Il12ab,Il12rb2,1,CellChatDB
Il12b,Boc,1,LIANA_mouseconsensus
Il12b,Complex:il12rb1,1,stCASE
Il13,Complex:il13ra1,1,stCASE
Il13,Complex:il13ra2,1,stCASE
Il13,Complex:il4ra,1,stCASE
Il13,Gm20489,1,stCASE
Il13,Il13,1,LIANA_mouseconsensus
Il13,Tmem219,1,LIANA_mouseconsensus
Il15,Complex:il15ra,1,stCASE
Il15,Gm20489,1,stCASE
Il15ra,Axl,1,LIANA_mouseconsensus
Il16,Ccr5,1,LIANA_mouseconsensus
Il16,Grin2a,1,LIANA_mouseconsensus
Il16,Grin2b,1,LIANA_mouseconsensus
Il17a,Complex:il17ra,1,stCASE
Il17af,Il17ra,1,CellChatDB
Il17af,Il17rc,1,CellChatDB
Il17c,Complex:il17ra,1,stCASE
Il17f,Complex:il17ra,1,stCASE
Il18,Complex:il18r1,1,stCASE
Il18,Il18,1,LIANA_mouseconsensus
Il19,Complex:il20ra,1,stCASE
Il1a,Complex:il1r1,1,stCASE
Il1b,Complex:il1r1,1,stCASE
Il1b,Sigirr,1,LIANA_mouseconsensus
Il1f10,Complex:il1rl2,1,stCASE
Il1f8,Il1f5,1,CellTalkDB
Il1f9,Ifnar1,1,LIANA_mouseconsensus
Il1f9,Ifnar2,1,LIANA_mouseconsensus
Il1rapl1,Ptprd,1,connectomeDB2020_lit
Il2,Complex:il2ra,1,stCASE
Il2,Complex:il2rb,1,stCASE
Il2,Gm20489,1,stCASE
Il2,Il20ra,1,LIANA_mouseconsensus
Il2,Il20rb,1,LIANA_mouseconsensus
Il20,Complex:il20ra,1,stCASE
Il20,Complex:il20rb,1,stCASE
Il20,Complex:il22ra1,1,stCASE
Il21,Complex:il21r,1,stCASE
Il21,Gm20489,1,stCASE
Il21,Il4ra,1,LIANA_mouseconsensus
Il22,Complex:gm21970,1,stCASE
Il22,Complex:il20rb,1,stCASE
Il22,Complex:il22ra1,1,stCASE
Il22,Gm21970,1,stCASE
Il22,Il20ra,1,LIANA_mouseconsensus
Il22,Il21r,1,LIANA_mouseconsensus
Il23 complex,Il12rb1,1,CellChatDB
Il23 complex,Il23r,1,CellChatDB
Il23a,Complex:il12rb1,1,stCASE
Il23a,Complex:il23r,1,stCASE
Il23a,Gp6,1,LIANA_mouseconsensus
Il23a,Il12rb2,1,LIANA_mouseconsensus
Il24,Complex:il20ra,1,stCASE
Il24,Complex:il20rb,1,stCASE
Il24,Complex:il22ra1,1,stCASE
Il24,Il10rb,1,LIANA_mouseconsensus
Il24,Notch2,1,LIANA_mouseconsensus
Il25,Complex:il17ra,1,stCASE
Il26,Il20ra,1,connectomeDB2020_lit
Il26,Il20rb,1,connectomeDB2020_lit
Il27,Complex:il12rb2,1,stCASE
Il27,Complex:il27ra,1,stCASE
Il27,Il12rb2,1,LIANA_mouseconsensus
Il27 complex,Il27ra,1,CellChatDB
Il27 complex,Il6st,1,CellChatDB
Il3,Complex:csf2rb2,1,stCASE
Il3,Complex:il3ra,1,stCASE
Il31,Complex:il31ra,1,stCASE
Il32,Itgb3,1,connectomeDB2020_lit
Il33,Complex:il1rap,1,stCASE
Il33,Complex:il1rl1,1,stCASE
Il36a,Complex:il1rap,1,stCASE
Il36a,Complex:il1rl2,1,stCASE
Il36b,Complex:il1rap,1,stCASE
Il36b,Complex:il1rl2,1,stCASE
Il36b,Il36rn,1,SPIDER_internal
Il36g,Complex:il1rap,1,stCASE
Il36g,Complex:il1rl2,1,stCASE
Il36g,Ifnar1,1,stCASE
Il36g,Ifnar2,1,stCASE
Il36rn,Complex:il1rl2,1,stCASE
Il36rn,Il1rap,1,stCASE
Il36rn,Il1rl2,1,connectomeDB2020_lit
Il4,Complex:gm20489,1,stCASE
Il4,Complex:il13ra2,1,stCASE
Il4,Complex:il4ra,1,stCASE
Il4,Gm20489,1,stCASE
Il4,Il13,1,LIANA_mouseconsensus
Il4,Il21r,1,LIANA_mouseconsensus
Il5,Complex:csf2rb2,1,stCASE
Il5,Complex:il5ra,1,stCASE
Il5,Csf2ra,1,LIANA_mouseconsensus
Il6,Complex:il6ra,1,stCASE
Il6,F3,1,LIANA_mouseconsensus
Il6,Fcgr4,1,LIANA_mouseconsensus
Il6,Hrh1,1,LIANA_mouseconsensus
Il6,Musk,1,LIANA_mouseconsensus
Il6st,Erbb2,1,stCASE
Il6st,Erbb3,1,stCASE
Il7,Complex:gm20489,1,stCASE
Il7,Complex:il7r,1,stCASE
Il7,Gm20489,1,stCASE
Il7r,Crlf2,1,stCASE
Il8,Cxcr1,1,SpaCcLink
Il8,Cxcr2,1,SpaCcLink
Il8,Sdc1,1,SpaCcLink
Il8,Sdc2,1,SpaCcLink
Il9,Complex:gm20489,1,stCASE
Il9,Complex:il9r,1,stCASE
Il9,Gm20489,1,stCASE
Iltifb,Il10rb,1,SpaCcLink
Iltifb,Il20ra,1,LIANA_mouseconsensus
Iltifb,Il21r,1,LIANA_mouseconsensus
Iltifb,Il22ra1,1,SpaCcLink
Impg2,Prlr,1,LIANA_mouseconsensus
Inha,Acvr1,1,LIANA_mouseconsensus
Inhba,Actr2,1,LIANA_mouseconsensus
Inhba,Complex:acvr1b,1,stCASE
Inhbb,Cfc1b,1,connectomeDB2020_lit
Inhbb,Complex:acvr1b,1,stCASE
Inhbb,Complex:acvr1c,1,stCASE
Inhbc,Complex:acvr1b,1,stCASE
Inhbc,Complex:acvr1c,1,stCASE
Inhbe,Complex:acvr1b,1,stCASE
Inhbe,Complex:acvr1c,1,stCASE
Inhibin a,Acvr2a,1,CellChatDB
Inhibin b,Acvr2b,1,CellChatDB
Ins,Lrp2,1,connectomeDB2020_lit
Ins1,Igf1r,1,stCASE
Ins1,Lrp2,1,stCASE
Ins2,Lrp2,1,LIANA_mouseconsensus
Insl3,Adcyap1r1,1,LIANA_mouseconsensus
Insl3,Adrb2,1,LIANA_mouseconsensus
Insl3,Adrb3,1,LIANA_mouseconsensus
Insl3,Gpr20,1,LIANA_mouseconsensus
Insl3,Gpr84,1,LIANA_mouseconsensus
Insl3,Pth1r,1,LIANA_mouseconsensus
Insl3,Ramp2,1,LIANA_mouseconsensus
Insl3,Ramp3,1,LIANA_mouseconsensus
Insl3,Tshr,1,LIANA_mouseconsensus
Insl3,Vipr1,1,LIANA_mouseconsensus
Insl5,Adra2a,1,LIANA_mouseconsensus
Insl5,Grm7,1,LIANA_mouseconsensus
Insl5,Mtnr1a,1,LIANA_mouseconsensus
Irak4,Tlr4,1,LIANA_mouseconsensus
Irak4,Tlr6,1,LIANA_mouseconsensus
Irak4,Tlr7,1,LIANA_mouseconsensus
Itga2b,Eng,1,stCASE
Itga3,Cd151,1,stCASE
Itga4,Cd81,1,stCASE
Itga4,Cd82,1,stCASE
Itga5,Cd9,1,stCASE
Itga5,Eng,1,stCASE
Itga6,Cd151,1,stCASE
Itga6,Cd36,1,stCASE
Itga6,Cd63,1,stCASE
Itga6,Cd82,1,stCASE
Itgal,Cd226,1,COMMOT_CellChat
Itgal,Icam1,1,COMMOT_CellChat
Itgal,Icam2,1,COMMOT_CellChat
Itgb1,Cd151,1,stCASE
Itgb1,Cd81,1,stCASE
Itgb1,Eng,1,stCASE
Itgb2,Icam1,1,COMMOT_CellChat
Itgb2,Icam2,1,COMMOT_CellChat
Itgb4,Egfr,1,stCASE
Jam2,Complex:itga3,1,stCASE
Jam2,Complex:itgav,1,stCASE
Jam3,Complex:itgam,1,stCASE
Jaml,Cxadr,1,connectomeDB2020_lit
Kal1,Fgfr1,1,SpaCcLink
Kal1,Sdc2,1,SpaCcLink
Kir3ds1,Hla-f,1,connectomeDB2020_lit
Kit,Epor,1,stCASE
Kit,Il7r,1,stCASE
Kitl,Lrrn3,1,LIANA_mouseconsensus
Kitlg,Kit,1,connectomeDB2020_lit
Kl,Fgfr1,1,LIANA_mouseconsensus
Klb,Fgfr1,1,stCASE
Klk1b8,Epor,1,LIANA_mouseconsensus
Klk1b8,Ngfr,1,stCASE
Klk3,Epor,1,SpaCcLink
Klrb1,Clec2d,1,connectomeDB2020_lit
Klrf1,Clec2b,1,connectomeDB2020_lit
Kmt2e,Ncr2,1,connectomeDB2020_lit
Kng1,Adra2a,1,LIANA_mouseconsensus
Kng1,Cd93,1,LIANA_mouseconsensus
Kng1,Grm7,1,LIANA_mouseconsensus
Kng1,Itgam,1,LIANA_mouseconsensus
Kng1,Mtnr1a,1,LIANA_mouseconsensus
Kng1,Sdc2,1,LIANA_mouseconsensus
Kng2,Adra2a,1,LIANA_mouseconsensus
Kng2,Grm7,1,LIANA_mouseconsensus
Kng2,Itgam,1,LIANA_mouseconsensus
Kng2,Itgb2l,1,stCASE
Kng2,Mtnr1a,1,LIANA_mouseconsensus
Kremen1,Lrp6,1,stCASE
Krtap4-12,Aqp1,1,SpaCcLink
Krtap4-12,Cldn2,1,SpaCcLink
Krtap4-12,Cntfr,1,SpaCcLink
Krtap4-12,Pdgfrb,1,SpaCcLink
L1cam,Complex:itga4,1,stCASE
L1cam,Complex:itgav,1,stCASE
L1cam,Fgfr1,1,stCASE
L1cam,Fgfr2,1,LIANA_mouseconsensus
L1cam,Plxna1,1,stCASE
Lama1,Complex:itga1,1,stCASE
Lama1,Complex:itga2,1,stCASE
Lama1,Complex:itga3,1,stCASE
Lama1,Complex:itga6,1,stCASE
Lama1,Complex:itga7,1,stCASE
Lama1,Complex:itga9,1,stCASE
Lama1,Complex:itgav,1,stCASE
Lama1,Gpc1,1,LIANA_mouseconsensus
Lama1,Sdc2,1,LIANA_mouseconsensus
Lama1,Sdc4,1,LIANA_mouseconsensus
Lama1,Tmprss6,1,SpaCcLink
Lama2,Complex:itga1,1,stCASE
Lama2,Complex:itga2,1,stCASE
Lama2,Complex:itga3,1,stCASE
Lama2,Complex:itga6,1,stCASE
Lama2,Complex:itga7,1,stCASE
Lama2,Complex:itga9,1,stCASE
Lama2,Complex:itgav,1,stCASE
Lama3,Complex:itga1,1,stCASE
Lama3,Complex:itga2,1,stCASE
Lama3,Complex:itga3,1,stCASE
Lama3,Complex:itga6,1,stCASE
Lama3,Complex:itga7,1,stCASE
Lama3,Complex:itga9,1,stCASE
Lama3,Complex:itgav,1,stCASE
Lama4,Complex:itga1,1,stCASE
Lama4,Complex:itga2,1,stCASE
Lama4,Complex:itga3,1,stCASE
Lama4,Complex:itga6,1,stCASE
Lama4,Complex:itga7,1,stCASE
Lama4,Complex:itga9,1,stCASE
Lama4,Complex:itgav,1,stCASE
Lama5,Cd151,1,stCASE
Lama5,Complex:itga1,1,stCASE
Lama5,Complex:itga2,1,stCASE
Lama5,Complex:itga3,1,stCASE
Lama5,Complex:itga6,1,stCASE
Lama5,Complex:itga7,1,stCASE
Lama5,Complex:itga9,1,stCASE
Lama5,Complex:itgav,1,stCASE
Lama5,Sdc1,1,LIANA_mouseconsensus
Lamb1,Cd151,1,stCASE
Lamb1,Complex:itga1,1,stCASE
Lamb1,Complex:itga2,1,stCASE
Lamb1,Complex:itga3,1,stCASE
Lamb1,Complex:itga6,1,stCASE
Lamb1,Complex:itga7,1,stCASE
Lamb1,Complex:itga9,1,stCASE
Lamb1,Complex:itgav,1,stCASE
Lamb2,Complex:itga1,1,stCASE
Lamb2,Complex:itga2,1,stCASE
Lamb2,Complex:itga3,1,stCASE
Lamb2,Complex:itga6,1,stCASE
Lamb2,Complex:itga7,1,stCASE
Lamb2,Complex:itga9,1,stCASE
Lamb2,Complex:itgav,1,stCASE
Lamb3,Cd151,1,LIANA_mouseconsensus
Lamb3,Complex:itga1,1,stCASE
Lamb3,Complex:itga2,1,stCASE
Lamb3,Complex:itga3,1,stCASE
Lamb3,Complex:itga6,1,stCASE
Lamb3,Complex:itga7,1,stCASE
Lamb3,Complex:itga9,1,stCASE
Lamb3,Complex:itgav,1,stCASE
Lamc1,Complex:itga1,1,stCASE
Lamc1,Complex:itga2,1,stCASE
Lamc1,Complex:itga3,1,stCASE
Lamc1,Complex:itga6,1,stCASE
Lamc1,Complex:itga7,1,stCASE
Lamc1,Complex:itga9,1,stCASE
Lamc1,Complex:itgav,1,stCASE
Lamc2,Cd151,1,LIANA_mouseconsensus
Lamc2,Complex:itga1,1,stCASE
Lamc2,Complex:itga2,1,stCASE
Lamc2,Complex:itga3,1,stCASE
Lamc2,Complex:itga6,1,stCASE
Lamc2,Complex:itga7,1,stCASE
Lamc2,Complex:itga9,1,stCASE
Lamc2,Complex:itgav,1,stCASE
Lamc3,Complex:itga1,1,stCASE
Lamc3,Complex:itga2,1,stCASE
Lamc3,Complex:itga3,1,stCASE
Lamc3,Complex:itga6,1,stCASE
Lamc3,Complex:itga7,1,stCASE
Lamc3,Complex:itga9,1,stCASE
Lamc3,Complex:itgav,1,stCASE
Lck,Cd8 receptor,1,CellChatDB
Lck,Complex:cd8a,1,stCASE
Lcn1,Lmbr1l,1,connectomeDB2020_lit
Lcn2,Fcgr3,1,LIANA_mouseconsensus
Lep,Islr2,1,LIANA_mouseconsensus
Lgals3,Mcam,1,LIANA_mouseconsensus
Lgals9,Cd45,1,CellChatDB
Lgi1,Adam11,1,connectomeDB2020_lit
Lgi2,Adam11,1,connectomeDB2020_lit
Lgi4,Adam11,1,connectomeDB2020_lit
Lhb,Adcyap1r1,1,LIANA_mouseconsensus
Lhb,Adrb2,1,LIANA_mouseconsensus
Lhb,Adrb3,1,LIANA_mouseconsensus
Lhb,Gpr20,1,LIANA_mouseconsensus
Lhb,Gpr84,1,LIANA_mouseconsensus
Lhb,Pth1r,1,LIANA_mouseconsensus
Lhb,Ramp2,1,LIANA_mouseconsensus
Lhb,Ramp3,1,LIANA_mouseconsensus
Lhb,Tshr,1,LIANA_mouseconsensus
Lhb,Vipr1,1,LIANA_mouseconsensus
Lif,Complex:il6st,1,stCASE
Lifr,Il6st,1,stCASE
Lin7c,Kcnj4,1,LIANA_mouseconsensus
Lipa,Rora,1,LARIS_neurotransmitter
Lipa,Rorc,1,LARIS_neurotransmitter
Loc100861969,Cd40,1,LIANA_mouseconsensus
Loc100861978,Ackr2,1,LIANA_mouseconsensus
Loc100861978,Adra2a,1,LIANA_mouseconsensus
Loc100861978,Ccr10,1,LIANA_mouseconsensus
Loc100861978,Ccr2,1,LIANA_mouseconsensus
Loc100861978,Ccr3,1,LIANA_mouseconsensus
Loc100861978,Grm7,1,LIANA_mouseconsensus
Loc100861978,Mtnr1a,1,LIANA_mouseconsensus
Lpa,Lrp2,1,connectomeDB2020_lit
Lpl,Cd44,1,LIANA_mouseconsensus
Lrfn3,Lrfn3,1,connectomeDB2020_lit
Lrfn5,Lrfn5,1,connectomeDB2020_lit
Lrig2,Egfr,1,LIANA_mouseconsensus
Lsamp,Negr1,1,stCASE
Lta,Ripk1,1,LIANA_mouseconsensus
Lta,Tnfrsf10b,1,stCASE
Lta1b2,Ltbr,1,CellChatDB
Lta4h,Ltb4r1,1,LARIS_neurotransmitter
Lta4h,Ltb4r2,1,LARIS_neurotransmitter
Ltb4-lta4h,Ltb4r1,1,CellChatDB
Ltb4-lta4h,Ltb4r2,1,CellChatDB
Ltbr,Traf2,1,stCASE
Ltc4-ltc4s,Cysltr1,1,CellChatDB
Ltc4-ltc4s,Cysltr2,1,CellChatDB
Ltc4s,Cysltr1,1,LARIS_neurotransmitter
Ltc4s,Cysltr2,1,LARIS_neurotransmitter
Ltc4s,Fpr-rs3,1,LARIS_neurotransmitter
Ltc4s,Fpr-rs4,1,LARIS_neurotransmitter
Ltc4s,Fpr-rs6,1,LARIS_neurotransmitter
Ltc4s,Fpr-rs7,1,LARIS_neurotransmitter
Ltc4s,Fpr2,1,LARIS_neurotransmitter
Ltc4s,Fpr3,1,LARIS_neurotransmitter
Ltd4-ggt1,Cysltr1,1,CellChatDB
Ltd4-ggt1,Cysltr2,1,CellChatDB
Lte4-dpep1,Cysltr1,1,CellChatDB
Lte4-dpep1,Cysltr2,1,CellChatDB
Lte4-dpep2,Cysltr1,1,CellChatDB
Lte4-dpep2,Cysltr2,1,CellChatDB
Lte4-dpep3,Cysltr1,1,CellChatDB
Lte4-dpep3,Cysltr2,1,CellChatDB
Ltf,Ager,1,LIANA_mouseconsensus
Ltf,Boc,1,LIANA_mouseconsensus
Ltf,Igdcc4,1,LIANA_mouseconsensus
Ltf,Il1rl1,1,LIANA_mouseconsensus
Ltf,Tfrc,1,LIANA_mouseconsensus
Ltf,Tnfrsf11b,1,LIANA_mouseconsensus
Ltf,Treml2,1,LIANA_mouseconsensus
Lum,Itgb1,1,LIANA_mouseconsensus
Lxa4-alox12,Fpr-rs3,1,CellChatDB
Lxa4-alox12,Fpr-rs4,1,CellChatDB
Lxa4-alox12,Fpr-rs6,1,CellChatDB
Lxa4-alox12,Fpr-rs7,1,CellChatDB
Lxa4-alox12,Fpr2,1,CellChatDB
Lxa4-alox12,Fpr3,1,CellChatDB
Lxa4-alox5,Fpr-rs3,1,CellChatDB
Lxa4-alox5,Fpr-rs4,1,CellChatDB
Lxa4-alox5,Fpr-rs6,1,CellChatDB
Lxa4-alox5,Fpr-rs7,1,CellChatDB
Lxa4-alox5,Fpr2,1,CellChatDB
Lxa4-alox5,Fpr3,1,CellChatDB
Ly9,Ly9,1,connectomeDB2020_lit
Lyz1,Itgal,1,LIANA_mouseconsensus
Lyz2,Itgal,1,LIANA_mouseconsensus
Madcam1,Complex:itga4,1,stCASE
Mbl2,C1qb,1,LIANA_mouseconsensus
Mbl2,Lrp1,1,LIANA_mouseconsensus
Mcam,Mcam,1,connectomeDB2020_lit
Mdk,Complex:itga4,1,stCASE
Mdk,Complex:itga6,1,stCASE
Mdk,Gpc2,1,LIANA_mouseconsensus
Mdk,Sorl1,1,LIANA_mouseconsensus
Megf10,Abca1,1,LIANA_mouseconsensus
Melatonin-asmt,Mtnr1a,1,CellChatDB
Melatonin-asmt,Mtnr1b,1,CellChatDB
Meltf,Plg,1,connectomeDB2020_lit
Met,Cdh1,1,stCASE
Met,Egfr,1,stCASE
Met,Itgb4,1,stCASE
Met,Mst1r,1,stCASE
Met,Plxnb1,1,stCASE
Met,Plxnb3,1,stCASE
Mfge8,Complex:itgav,1,stCASE
Mia,Itga4,1,LIANA_mouseconsensus
Mia,Itga5,1,LIANA_mouseconsensus
Mia,Itgb1,1,LIANA_mouseconsensus
Mica,Klrk1,1,connectomeDB2020_lit
Micb,Klrk1,1,connectomeDB2020_lit
Mif,Complex:cd44,1,stCASE
Mif,Complex:cd74,1,stCASE
Mif,Tnfrsf14,1,LIANA_mouseconsensus
Mill1,Klrk1,1,stCASE
Mllt4,Epha7,1,SpaCcLink
Mllt4,Ephb2,1,SpaCcLink
Mllt4,Ephb3,1,SpaCcLink
Mllt4,Ephb6,1,SpaCcLink
Mllt4,F11r,1,SpaCcLink
Mllt4,Nrxn2,1,SpaCcLink
Mllt4,Nrxn3,1,SpaCcLink
Mln,Mlnr,1,connectomeDB2020_lit
Mmp1,Cd44,1,SpaCcLink
Mmp14,Cd44,1,stCASE
Mmp1b,Cd44,1,SpaCcLink
Mmp1b,Itga2,1,SpaCcLink
Mmp2,Ccr2,1,LIANA_mouseconsensus
Mmp2,Complex:itgav,1,stCASE
Mmp2,Egfr,1,stCASE
Mmp2,Pecam1,1,LIANA_mouseconsensus
Mmp7,Sdc1,1,LIANA_mouseconsensus
Mmp9,Ifnar1,1,LIANA_mouseconsensus
Mmp9,Itgam,1,LIANA_mouseconsensus
Mpzl3,Mpzl2,1,stCASE
Mstn,Complex:acvr1b,1,stCASE
Mstn,Complex:acvr2a,1,stCASE
Mstn,Complex:tgfbr1,1,stCASE
Muc1,Siglec9,1,connectomeDB2020_lit
Muc7,Sell,1,connectomeDB2020_lit
Mug2,Sctr,1,stCASE
Nampt,Adora2a,1,LIANA_mouseconsensus
Nampt,Complex:itga5,1,stCASE
Ncam1,Cacna1c,1,LIANA_mouseconsensus
Ncam1,Ptpra,1,LIANA_mouseconsensus
Ncan,Cdh2,1,LIANA_mouseconsensus
Ncan,Sdc3,1,LIANA_mouseconsensus
Ncr3lg1,Ncr3,1,connectomeDB2020_lit
Ne-dbh,Adra1a,1,CellChatDB
Ne-dbh,Adra1b,1,CellChatDB
Ne-dbh,Adra1d,1,CellChatDB
Ne-dbh,Adra2a,1,CellChatDB
Ne-dbh,Adra2b,1,CellChatDB
Ne-dbh,Adra2c,1,CellChatDB
Ne-dbh,Adrb1,1,CellChatDB
Ne-dbh,Adrb2,1,CellChatDB
Ne-dbh,Adrb3,1,CellChatDB
Nectin1,Nectin1,1,connectomeDB2020_lit
Nectin2,Nectin2,1,connectomeDB2020_lit
Nectin2,Nectin3,1,connectomeDB2020_lit
Nectin2,Pvrig,1,connectomeDB2020_lit
Nectin3,Nectin3,1,connectomeDB2020_lit
Nectin4,Nectin4,1,connectomeDB2020_lit
Nfasc,Complex:cntn1,1,stCASE
Nfasc,Nrcam,1,stCASE
Ngf,Erbb2,1,LIANA_mouseconsensus
Ngf,Kidins220,1,LIANA_mouseconsensus
Ngf,Maged1,1,LIANA_mouseconsensus
Nid1,Itga3,1,LIANA_mouseconsensus
Nid1,Itgb1,1,LIANA_mouseconsensus
Nlgn4x,Nrxn1,1,connectomeDB2020_lit
Nms,Adra2a,1,LIANA_mouseconsensus
Nms,Grm7,1,LIANA_mouseconsensus
Nms,Mtnr1a,1,LIANA_mouseconsensus
Nmu,Adra2a,1,LIANA_mouseconsensus
Nmu,Grm7,1,LIANA_mouseconsensus
Nmu,Mtnr1a,1,LIANA_mouseconsensus
Nodal,Complex:acvr1b,1,stCASE
Nodal,Complex:acvr1c,1,stCASE
Nov,Notch1,1,SpaCcLink
Npb,Adra2a,1,LIANA_mouseconsensus
Npb,Grm7,1,LIANA_mouseconsensus
Npb,Mtnr1a,1,LIANA_mouseconsensus
Npb,Npbwr2,1,connectomeDB2020_lit
Npnt complex 1,Itga8,1,CellChatDB
Npnt complex 1,Itgb1,1,CellChatDB
Npnt complex 2,Itga8,1,CellChatDB
Npnt complex 2,Itgb1,1,CellChatDB
Nps,Adcyap1r1,1,LIANA_mouseconsensus
Nps,Adrb2,1,LIANA_mouseconsensus
Nps,Adrb3,1,LIANA_mouseconsensus
Nps,Gpr20,1,LIANA_mouseconsensus
Nps,Gpr84,1,LIANA_mouseconsensus
Nps,Pth1r,1,LIANA_mouseconsensus
Nps,Ramp2,1,LIANA_mouseconsensus
Nps,Ramp3,1,LIANA_mouseconsensus
Nps,Tshr,1,LIANA_mouseconsensus
Nps,Vipr1,1,LIANA_mouseconsensus
Nptn,Epor,1,stCASE
Npw,Adra2a,1,LIANA_mouseconsensus
Npw,Grm7,1,LIANA_mouseconsensus
Npw,Mtnr1a,1,LIANA_mouseconsensus
Npw,Npbwr2,1,connectomeDB2020_lit
Npy,Adra2a,1,LIANA_mouseconsensus
Npy,Adrb1,1,LIANA_mouseconsensus
Npy,Adrb2,1,LIANA_mouseconsensus
Npy,Grm7,1,LIANA_mouseconsensus
Npy,Mtnr1a,1,LIANA_mouseconsensus
Nr0b2,Fgfrl1,1,LIANA_mouseconsensus
Nrg1,Complex:erbb2,1,stCASE
Nrg1,Complex:itgav,1,stCASE
Nrg2,Complex:erbb2,1,stCASE
Nrg2,Lrrtm2,1,LIANA_mouseconsensus
Nrg2,Mog,1,LIANA_mouseconsensus
Nrg2,Nrp2,1,LIANA_mouseconsensus
Nrg3,Complex:erbb2,1,stCASE
Nrg4,Complex:erbb2,1,stCASE
Nrg4,Egfr,1,LIANA_mouseconsensus
Nrp1,Kdr,1,stCASE
Nrtn,Complex:gfra1,1,stCASE
Nrtn,Complex:gfra2,1,stCASE
Nrxn1,Grid2,1,LARIS_neurotransmitter
Nt5e,Adora1,1,LARIS_neurotransmitter
Nt5e,Adora2a,1,LARIS_neurotransmitter
Nt5e,Adora2b,1,LARIS_neurotransmitter
Nt5e,Adora3,1,LARIS_neurotransmitter
Ntf4,Bex3,1,connectomeDB2020_lit
Ntf4,Ngfr,1,connectomeDB2020_lit
Ntf4,Ntrk1,1,connectomeDB2020_lit
Ntf4,Ntrk2,1,connectomeDB2020_lit
Ntm,Negr1,1,stCASE
Ntrk3,Ptprd,1,connectomeDB2020_lit
Nucb2,Erap1,1,LIANA_mouseconsensus
Oit1,Fpr1,1,LIANA_mouseconsensus
Oit1,Fpr2,1,LIANA_mouseconsensus
Oprm1,Wls,1,stCASE
Osm,Complex:il6st,1,stCASE
P4hb,Mttp,1,LIANA_mouseconsensus
Pam,Dpp4,1,LIANA_mouseconsensus
Pam,Fap,1,LIANA_mouseconsensus
Pcdha1,Pcdha1,1,CellChatDB
Pcdha10,Pcdha10,1,CellChatDB
Pcdha11,Pcdha11,1,CellChatDB
Pcdha12,Pcdha12,1,CellChatDB
Pcdha2,Pcdha2,1,CellChatDB
Pcdha3,Pcdha3,1,CellChatDB
Pcdha4,Pcdha4,1,CellChatDB
Pcdha4b,Pcdha4b,1,CellChatDB
Pcdha5,Pcdha5,1,CellChatDB
Pcdha6,Pcdha6,1,CellChatDB
Pcdha7,Pcdha7,1,CellChatDB
Pcdha8,Pcdha8,1,CellChatDB
Pcdha9,Pcdha9,1,CellChatDB
Pcdhac1,Pcdhac1,1,CellChatDB
Pcdhac2,Pcdhac2,1,CellChatDB
Pcdhb1,Pcdhb1,1,CellChatDB
Pcdhb10,Pcdhb10,1,CellChatDB
Pcdhb11,Pcdhb11,1,CellChatDB
Pcdhb12,Pcdhb12,1,CellChatDB
Pcdhb13,Pcdhb13,1,CellChatDB
Pcdhb15,Pcdhb15,1,CellChatDB
Pcdhb16,Pcdhb16,1,CellChatDB
Pcdhb17,Pcdhb17,1,CellChatDB
Pcdhb18,Pcdhb18,1,CellChatDB
Pcdhb19,Pcdhb19,1,CellChatDB
Pcdhb2,Pcdhb2,1,CellChatDB
Pcdhb20,Pcdhb20,1,CellChatDB
Pcdhb21,Pcdhb21,1,CellChatDB
Pcdhb22,Pcdhb22,1,CellChatDB
Pcdhb3,Pcdhb3,1,CellChatDB
Pcdhb4,Pcdhb4,1,CellChatDB
Pcdhb5,Pcdhb5,1,CellChatDB
Pcdhb6,Pcdhb6,1,CellChatDB
Pcdhb7,Pcdhb7,1,CellChatDB
Pcdhb8,Pcdhb8,1,CellChatDB
Pcdhb9,Pcdhb9,1,CellChatDB
Pcdhga1,Pcdhga1,1,CellChatDB
Pcdhga10,Pcdhga10,1,CellChatDB
Pcdhga11,Pcdhga11,1,CellChatDB
Pcdhga12,Pcdhga12,1,CellChatDB
Pcdhga2,Pcdhga2,1,CellChatDB
Pcdhga3,Pcdhga3,1,CellChatDB
Pcdhga4,Pcdhga4,1,CellChatDB
Pcdhga5,Pcdhga5,1,CellChatDB
Pcdhga6,Pcdhga6,1,CellChatDB
Pcdhga7,Pcdhga7,1,CellChatDB
Pcdhga8,Pcdhga8,1,CellChatDB
Pcdhga9,Pcdhga9,1,CellChatDB
Pcdhgb1,Pcdhgb1,1,CellChatDB
Pcdhgb2,Pcdhgb2,1,CellChatDB
Pcdhgb4,Pcdhgb4,1,CellChatDB
Pcdhgb5,Pcdhgb5,1,CellChatDB
Pcdhgb6,Pcdhgb6,1,CellChatDB
Pcdhgb7,Pcdhgb7,1,CellChatDB
Pcdhgb8,Pcdhgb8,1,CellChatDB
Pcdhgc3,Pcdhgc3,1,CellChatDB
Pcdhgc4,Pcdhgc4,1,CellChatDB
Pcdhgc5,Pcdhgc5,1,CellChatDB
Pcna,Ncr2,1,connectomeDB2020_lit
Pcsk1n,Gpr171,1,LIANA_mouseconsensus
Pcsk9,Cd36,1,LIANA_mouseconsensus
Pcsk9,Cd81,1,LIANA_mouseconsensus
Pdgfb,Itgav,1,LIANA_mouseconsensus
Pdgfb,S1pr1,1,LIANA_mouseconsensus
Pdgfc,Flt1,1,LIANA_mouseconsensus
Pdx1,Slc2a2,1,LIANA_mouseconsensus
Pdyn,Adra2a,1,LIANA_mouseconsensus
Pdyn,Grm7,1,LIANA_mouseconsensus
Pdyn,Mtnr1a,1,LIANA_mouseconsensus
Penk,Adra2a,1,LIANA_mouseconsensus
Penk,Grm7,1,LIANA_mouseconsensus
Penk,Mrgpra6,1,stCASE
Penk,Mrgprb2,1,LIANA_mouseconsensus
Penk,Mrgprx1,1,connectomeDB2020_lit
Penk,Mtnr1a,1,LIANA_mouseconsensus
Pf4,Ackr1,1,stCASE
Pf4,Adra2a,1,LIANA_mouseconsensus
Pf4,Grm7,1,LIANA_mouseconsensus
Pf4,Mtnr1a,1,LIANA_mouseconsensus
Pf4v1,Cxcr3,1,connectomeDB2020_lit
Pgd2-akr1c3,Ptgdr2,1,CellChatDB
Pgd2-akr1c3,Ptgfr,1,CellChatDB
Pgd2-ptgds,Ptgdr,1,CellChatDB
Pgd2-ptgds,Ptgdr2,1,CellChatDB
Pge2-ptges,Ptger1,1,CellChatDB
Pge2-ptges,Ptger2,1,CellChatDB
Pge2-ptges,Ptger3,1,CellChatDB
Pge2-ptges,Ptger4,1,CellChatDB
Pge2-ptges2,Ptger1,1,CellChatDB
Pge2-ptges2,Ptger2,1,CellChatDB
Pge2-ptges2,Ptger3,1,CellChatDB
Pge2-ptges2,Ptger4,1,CellChatDB
Pge2-ptges3,Ptger1,1,CellChatDB
Pge2-ptges3,Ptger2,1,CellChatDB
Pge2-ptges3,Ptger3,1,CellChatDB
Pge2-ptges3,Ptger4,1,CellChatDB
Pgf,Complex:flt1,1,stCASE
Pgf2a-cbr1,Ptgfr,1,CellChatDB
Pgf2a-prxl2b,Ptgfr,1,CellChatDB
Pgi2-ptgis,Ptgir,1,CellChatDB
Pi16,Mfap3l,1,LIANA_mouseconsensus
Pi16,Tnfrsf21,1,LIANA_mouseconsensus
Piga,Pigr,1,LIANA_mouseconsensus
Pip,Aqp5,1,LIANA_mouseconsensus
Pirb,Lair1,1,stCASE
Pkm,Cd44,1,LIANA_mouseconsensus
Pla2g2a,Itga4,1,connectomeDB2020_lit
Pla2g2a,Itga5,1,connectomeDB2020_lit
Pla2g2a,Itgav,1,connectomeDB2020_lit
Pla2g2a,Itgb1,1,connectomeDB2020_lit
Pla2g2a,Itgb3,1,connectomeDB2020_lit
Plau,Itga3,1,LIANA_mouseconsensus
Plau,Itga5,1,LIANA_mouseconsensus
Plau,Itgam,1,LIANA_mouseconsensus
Plau,Itgb1,1,LIANA_mouseconsensus
Plau,Itgb5,1,LIANA_mouseconsensus
Plau,Vldlr,1,LIANA_mouseconsensus
Plaur,Lrp1b,1,stCASE
Plg,Flt1,1,LIANA_mouseconsensus
Plg,Itgam,1,LIANA_mouseconsensus
Plxna1,Notch1,1,stCASE
Pmch,Adra2a,1,LIANA_mouseconsensus
Pmch,Grm7,1,LIANA_mouseconsensus
Pmch,Mchr2,1,connectomeDB2020_lit
Pmch,Mtnr1a,1,LIANA_mouseconsensus
Pnmt,Adra1a,1,LARIS_neurotransmitter
Pnmt,Adra1b,1,LARIS_neurotransmitter
Pnmt,Adra1d,1,LARIS_neurotransmitter
Pnmt,Adra2a,1,LARIS_neurotransmitter
Pnmt,Adra2b,1,LARIS_neurotransmitter
Pnmt,Adra2c,1,LARIS_neurotransmitter
Pnmt,Adrb1,1,LARIS_neurotransmitter
Pnmt,Adrb2,1,LARIS_neurotransmitter
Pnmt,Adrb3,1,LARIS_neurotransmitter
Pnoc,Adra2a,1,LIANA_mouseconsensus
Pnoc,Grm7,1,LIANA_mouseconsensus
Pnoc,Mtnr1a,1,LIANA_mouseconsensus
Pomc,Adcyap1r1,1,LIANA_mouseconsensus
Pomc,Adra2a,1,LIANA_mouseconsensus
Pomc,Adrb2,1,LIANA_mouseconsensus
Pomc,Adrb3,1,LIANA_mouseconsensus
Pomc,Gpr20,1,LIANA_mouseconsensus
Pomc,Gpr84,1,LIANA_mouseconsensus
Pomc,Grm7,1,LIANA_mouseconsensus
Pomc,Mrap,1,LIANA_mouseconsensus
Pomc,Mtnr1a,1,LIANA_mouseconsensus
Pomc,Pth1r,1,LIANA_mouseconsensus
Pomc,Ramp2,1,LIANA_mouseconsensus
Pomc,Ramp3,1,LIANA_mouseconsensus
Pomc,Tshr,1,LIANA_mouseconsensus
Pomc,Vipr1,1,LIANA_mouseconsensus
Postn,Complex:itgav,1,stCASE
Ppbp,Ackr1,1,stCASE
Ppy,Adra2a,1,LIANA_mouseconsensus
Ppy,Grm7,1,LIANA_mouseconsensus
Ppy,Mtnr1a,1,LIANA_mouseconsensus
Pregnenolone-cyp11a1,Nr1i2,1,CellChatDB
Prg4,Tlr2,1,connectomeDB2020_lit
Prg4,Tlr4,1,connectomeDB2020_lit
Prl,Erbb2,1,LIANA_mouseconsensus
Prn,Rpsa,1,LIANA_mouseconsensus
Proc,Itgam,1,LIANA_mouseconsensus
Procr,F2r,1,stCASE
Progesterone-hsd3b1,Catsper1,1,CellChatDB
Progesterone-hsd3b1,Catsper2,1,CellChatDB
Progesterone-hsd3b1,Catsper3,1,CellChatDB
Progesterone-hsd3b1,Catsper4,1,CellChatDB
Progesterone-hsd3b1,Catsperb,1,CellChatDB
Progesterone-hsd3b1,Catsperd,1,CellChatDB
Prxl2b,Ptgfr,1,LARIS_neurotransmitter
Psap,Ar,1,LIANA_mouseconsensus
Psap,Cd1b,1,connectomeDB2020_lit
Psap,Celsr1,1,LIANA_mouseconsensus
Psap,Sort1,1,LIANA_mouseconsensus
Psen1,Cd44,1,LIANA_mouseconsensus
Pspn,Complex:gfra4,1,stCASE
Pspn,Gfra2,1,LIANA_mouseconsensus
Pspn,Gfra3,1,LIANA_mouseconsensus
Pspn,Sdc3,1,LIANA_mouseconsensus
Ptgds,Ptgdr,1,LARIS_neurotransmitter
Ptgds,Ptgdr2,1,LARIS_neurotransmitter
Ptges,Ptger1,1,LARIS_neurotransmitter
Ptges,Ptger2,1,LARIS_neurotransmitter
Ptges,Ptger3,1,LARIS_neurotransmitter
Ptges,Ptger4,1,LARIS_neurotransmitter
Ptges2,Ptger1,1,LARIS_neurotransmitter
Ptges2,Ptger2,1,LARIS_neurotransmitter
Ptges2,Ptger3,1,LARIS_neurotransmitter
Ptges2,Ptger4,1,LARIS_neurotransmitter
Ptges3,Ptger1,1,LARIS_neurotransmitter
Ptges3,Ptger2,1,LARIS_neurotransmitter
Ptges3,Ptger3,1,LARIS_neurotransmitter
Ptges3,Ptger4,1,LARIS_neurotransmitter
Ptgis,Ptgir,1,LARIS_neurotransmitter
Ptgr1,Ltb4r1,1,LARIS_neurotransmitter
Ptgr1,Ltb4r2,1,LARIS_neurotransmitter
Ptgs2,Alox5,1,LIANA_mouseconsensus
Ptgs2,Gpr44,1,LIANA_mouseconsensus
Ptgs2,Ptgdr2,1,connectomeDB2020_lit
Pth,Adcyap1r1,1,LIANA_mouseconsensus
Pth,Adrb2,1,LIANA_mouseconsensus
Pth,Adrb3,1,LIANA_mouseconsensus
Pth,Gpr20,1,LIANA_mouseconsensus
Pth,Gpr84,1,LIANA_mouseconsensus
Pth,Ramp2,1,LIANA_mouseconsensus
Pth,Ramp3,1,LIANA_mouseconsensus
Pth,Tshr,1,LIANA_mouseconsensus
Pth,Vipr1,1,LIANA_mouseconsensus
Pth2,Adcyap1r1,1,LIANA_mouseconsensus
Pth2,Adrb2,1,LIANA_mouseconsensus
Pth2,Adrb3,1,LIANA_mouseconsensus
Pth2,Gpr20,1,LIANA_mouseconsensus
Pth2,Gpr84,1,LIANA_mouseconsensus
Pth2,Ramp2,1,LIANA_mouseconsensus
Pth2,Ramp3,1,LIANA_mouseconsensus
Pth2,Tshr,1,LIANA_mouseconsensus
Pth2,Vipr1,1,LIANA_mouseconsensus
Pthlh,Adcyap1r1,1,LIANA_mouseconsensus
Pthlh,Adrb2,1,LIANA_mouseconsensus
Pthlh,Adrb3,1,LIANA_mouseconsensus
Pthlh,Gpr20,1,LIANA_mouseconsensus
Pthlh,Gpr84,1,LIANA_mouseconsensus
Pthlh,Prlhr,1,LIANA_mouseconsensus
Pthlh,Ramp2,1,LIANA_mouseconsensus
Pthlh,Ramp3,1,LIANA_mouseconsensus
Pthlh,Tshr,1,LIANA_mouseconsensus
Pthlh,Vipr1,1,LIANA_mouseconsensus
Ptn,Complex:itgav,1,stCASE
Ptpn6,Cd300lf,1,LIANA_mouseconsensus
Ptpn6,Clec12a,1,LIANA_mouseconsensus
Ptpn6,Egfr,1,LIANA_mouseconsensus
Ptprb,Tek,1,stCASE
Ptprg,Erbb2,1,stCASE
Ptprg,Insr,1,stCASE
Ptprg,Pdgfra,1,stCASE
Ptprj,Egfr,1,stCASE
Ptprk,Ptprk,1,connectomeDB2020_lit
Ptpro,Epha4,1,stCASE
Ptprs,Egfr,1,stCASE
Ptprz1,L1cam,1,connectomeDB2020_lit
Ptprz1,Ncam1,1,connectomeDB2020_lit
Pvr,Cd96,1,connectomeDB2020_lit
Pvr,Nectin3,1,connectomeDB2020_lit
Pvr,Pvrig,1,connectomeDB2020_lit
Pyy,Adra2a,1,LIANA_mouseconsensus
Pyy,Grm7,1,LIANA_mouseconsensus
Pyy,Mtnr1a,1,LIANA_mouseconsensus
Qdpr,Dysf,1,LIANA_mouseconsensus
Ra-aldh1a1,Crabp2,1,CellChatDB
Ra-aldh1a1,Rara,1,CellChatDB
Ra-aldh1a1,Rarb,1,CellChatDB
Ra-aldh1a1,Rarg,1,CellChatDB
Ra-aldh1a1,Rorb,1,CellChatDB
Ra-aldh1a1,Rxra,1,CellChatDB
Ra-aldh1a1,Rxrb,1,CellChatDB
Ra-aldh1a1,Rxrg,1,CellChatDB
Ra-aldh1a2,Crabp2,1,CellChatDB
Ra-aldh1a2,Rara,1,CellChatDB
Ra-aldh1a2,Rarb,1,CellChatDB
Ra-aldh1a2,Rarg,1,CellChatDB
Ra-aldh1a2,Rorb,1,CellChatDB
Ra-aldh1a2,Rxra,1,CellChatDB
Ra-aldh1a2,Rxrb,1,CellChatDB
Ra-aldh1a2,Rxrg,1,CellChatDB
Ra-aldh1a3,Crabp2,1,CellChatDB
Ra-aldh1a3,Rara,1,CellChatDB
Ra-aldh1a3,Rarb,1,CellChatDB
Ra-aldh1a3,Rarg,1,CellChatDB
Ra-aldh1a3,Rorb,1,CellChatDB
Ra-aldh1a3,Rxra,1,CellChatDB
Ra-aldh1a3,Rxrb,1,CellChatDB
Ra-aldh1a3,Rxrg,1,CellChatDB
Raet1a,Nkg2d,1,CellChatDB
Raet1b,Klrk1,1,LARIS_neurotransmitter
Raet1b,Nkg2d,1,CellChatDB
Raet1c,Klrk1,1,LARIS_neurotransmitter
Raet1c,Nkg2d,1,CellChatDB
Raet1d,Klrk1,1,LARIS_neurotransmitter
Raet1d,Nkg2d,1,CellChatDB
Raet1e,Nkg2d,1,CellChatDB
Raet1g,Klrk1,1,connectomeDB2020_lit
Raet1l,Klrk1,1,connectomeDB2020_lit
Rarres1,Nrp2,1,LIANA_mouseconsensus
Rarres2,Cmklr2,1,CellChatDB
Reln,Complex:itga3,1,stCASE
Ren,Atp6ap2,1,connectomeDB2020_lit
Ren1,Atp6ap2,1,LIANA_mouseconsensus
Ret,Gfra1,1,stCASE
Ret,Gfra4,1,stCASE
Retn,Gpr25,1,LIANA_mouseconsensus
Rgma,Bmpr1b,1,LIANA_mouseconsensus
Rgma,Bmpr2,1,LIANA_mouseconsensus
Rgma,Hfe,1,LIANA_mouseconsensus
Rgma,Tfr2,1,LIANA_mouseconsensus
Rgmb,Bmpr1b,1,LIANA_mouseconsensus
Rgmb,Bmpr2,1,LIANA_mouseconsensus
Rims1,Slc17a7,1,LIANA_mouseconsensus
Rims1,Slc18a2,1,LIANA_mouseconsensus
Rims1,Slc18a3,1,LIANA_mouseconsensus
Rln2,Rxfp3,1,connectomeDB2020_lit
Rln3,Adcyap1r1,1,LIANA_mouseconsensus
Rln3,Adra2a,1,LIANA_mouseconsensus
Rln3,Adrb2,1,LIANA_mouseconsensus
Rln3,Adrb3,1,LIANA_mouseconsensus
Rln3,Gpr20,1,LIANA_mouseconsensus
Rln3,Gpr84,1,LIANA_mouseconsensus
Rln3,Grm7,1,LIANA_mouseconsensus
Rln3,Mtnr1a,1,LIANA_mouseconsensus
Rln3,Pth1r,1,LIANA_mouseconsensus
Rln3,Ramp2,1,LIANA_mouseconsensus
Rln3,Ramp3,1,LIANA_mouseconsensus
Rln3,Tshr,1,LIANA_mouseconsensus
Rln3,Vipr1,1,LIANA_mouseconsensus
Rnase2a,Tlr2,1,SpaCcLink
Rnase2b,Tlr2,1,SpaCcLink
Robo1,Robo1,1,connectomeDB2020_lit
Robo2,Robo2,1,connectomeDB2020_lit
Ror2,Bmpr1b,1,stCASE
Ror2,Fzd2,1,stCASE
Ror2,Fzd5,1,stCASE
Rspo1,Rnf43,1,LIANA_mouseconsensus
Rspo3,Znrf3,1,LIANA_mouseconsensus
Rspo4,Complex:lgr5,1,stCASE
Rspo4,Lrp6,1,LIANA_mouseconsensus
Rspo4,Rnf43,1,LIANA_mouseconsensus
Rspo4,Znrf3,1,LIANA_mouseconsensus
Rtn4,Gjb2,1,LIANA_mouseconsensus
S100a1,Ager,1,LIANA_mouseconsensus
S100a1,Trpm3,1,LIANA_mouseconsensus
S100a10,Cftr,1,LIANA_mouseconsensus
S100a10,Htr1b,1,LIANA_mouseconsensus
S100a4,Ccr5,1,LIANA_mouseconsensus
S100a4,Erbb3,1,LIANA_mouseconsensus
S100a8,Cd36,1,LIANA_mouseconsensus
S100a8,Cd68,1,LIANA_mouseconsensus
S100a8,Cd69,1,LIANA_mouseconsensus
S100a8,Itgb2,1,LIANA_mouseconsensus
S100a9,Cd36,1,LIANA_mouseconsensus
S100a9,Cd68,1,LIANA_mouseconsensus
S100a9,Itgb2,1,LIANA_mouseconsensus
S100b,Ager,1,LIANA_mouseconsensus
S1pr1,Htr1a,1,stCASE
S1pr3,Htr1a,1,stCASE
Saa1,Adra2a,1,LIANA_mouseconsensus
Saa1,Grm7,1,LIANA_mouseconsensus
Saa1,Mtnr1a,1,LIANA_mouseconsensus
Saa1,Scarb1,1,LIANA_mouseconsensus
Saa1,Tlr2,1,LIANA_mouseconsensus
Saa2,Adra2a,1,LIANA_mouseconsensus
Saa2,Cd36,1,LIANA_mouseconsensus
Saa2,Grm7,1,LIANA_mouseconsensus
Saa2,Mtnr1a,1,LIANA_mouseconsensus
Saa2,Scarb1,1,LIANA_mouseconsensus
Saa2,Tlr2,1,LIANA_mouseconsensus
Scel,Eng,1,LIANA_mouseconsensus
Scgb1a1,Lmbr1l,1,LIANA_mouseconsensus
Scgb3a1,Notch3,1,LIANA_mouseconsensus
Scube2,Kdr,1,LIANA_mouseconsensus
Sectm1,Cd7,1,connectomeDB2020_lit
Sectm1a,Cd7,1,LIANA_mouseconsensus
Sectm1b,Cd7,1,stCASE
Sele,Ceacam2,1,LIANA_mouseconsensus
Sele,Selplg,1,stCASE
Sell,Podxl2,1,stCASE
Selplg,Esam,1,LIANA_mouseconsensus
Selplg,Itgam,1,LIANA_mouseconsensus
Selplg,Itgb2,1,LIANA_mouseconsensus
Selplg,Siglec5,1,connectomeDB2020_lit
Sema3a,Complex:nrp1,1,stCASE
Sema3b,Complex:nrp1,1,stCASE
Sema3b,Complex:nrp2,1,stCASE
Sema3c,Complex:nrp1,1,stCASE
Sema3c,Complex:nrp2,1,stCASE
Sema3d,Complex:nrp1,1,stCASE
Sema3d,Complex:nrp2,1,stCASE
Sema3d,Plxnd1,1,LIANA_mouseconsensus
Sema3e,Nrp2,1,LIANA_mouseconsensus
Sema3f,Complex:nrp2,1,stCASE
Sema3g,Complex:nrp2,1,stCASE
Sema3g,Fcgr3,1,LIANA_mouseconsensus
Sema3g,Gp6,1,LIANA_mouseconsensus
Sema4a,Complex:nrp1,1,stCASE
Sema4a,Lilrb2,1,connectomeDB2020_lit
Sema4d,Complex:met,1,stCASE
Sema5a,Complex:met,1,stCASE
Sema6d,Complex:kdr,1,stCASE
Sema6d,Complex:plxna1,1,stCASE
Sema7a,Complex:itgb1,1,stCASE
Serpina7,Slc16a2,1,LIANA_mouseconsensus
Serpinc1,Gpc1,1,LIANA_mouseconsensus
Serpine1,Itgb5,1,LIANA_mouseconsensus
Sftpa1,Cd93,1,stCASE
Sftpa2,Cd93,1,connectomeDB2020_lit
Sftpd,Gm9733,1,stCASE
Shank1,Abca1,1,SpaCcLink
Shank1,Adgrl1,1,connectomeDB2020_lit
Shank2,Cftr,1,LIANA_mouseconsensus
Shh,Complex:ptch1,1,stCASE
Shh,Complex:ptch2,1,stCASE
Shh,Scube2,1,LIANA_mouseconsensus
Shmt1,Glra1,1,LARIS_neurotransmitter
Shmt1,Glra2,1,LARIS_neurotransmitter
Shmt1,Glrb,1,LARIS_neurotransmitter
Shmt2,Glra1,1,LARIS_neurotransmitter
Shmt2,Glra2,1,LARIS_neurotransmitter
Shmt2,Glrb,1,LARIS_neurotransmitter
Siglece,Muc1,1,stCASE
Sirpb2,Cd47,1,connectomeDB2020_lit
Sirpg,Cd47,1,connectomeDB2020_lit
Slamf1,Slamf1,1,connectomeDB2020_lit
Slamf6,Slamf6,1,connectomeDB2020_lit
Slamf7,Slamf7,1,connectomeDB2020_lit
Slc10a4,2b1de,1,CellChatDB
Slc10a4,2b1dg,1,CellChatDB
Slc10a4,A1,1,CellChatDB
Slc10a4,A3b4,1,CellChatDB
Slc10a4,A4b2,1,CellChatDB
Slc10a4,Chrn,1,CellChatDB
Slc10a4,Chrna1,1,LARIS_neurotransmitter
Slc10a4,Chrna3,1,LARIS_neurotransmitter
Slc10a4,Chrna4,1,LARIS_neurotransmitter
Slc10a4,Chrnb1,1,LARIS_neurotransmitter
Slc10a4,Chrnb2,1,LARIS_neurotransmitter
Slc10a4,Chrnb4,1,LARIS_neurotransmitter
Slc10a4,Chrnd,1,LARIS_neurotransmitter
Slc17a6,Gria1,1,LARIS_neurotransmitter
Slc17a6,Gria2,1,LARIS_neurotransmitter
Slc17a6,Gria3,1,LARIS_neurotransmitter
Slc17a6,Gria4,1,LARIS_neurotransmitter
Slc17a6,Grik1,1,LARIS_neurotransmitter
Slc17a6,Grik2,1,LARIS_neurotransmitter
Slc17a6,Grik3,1,LARIS_neurotransmitter
Slc17a6,Grik4,1,LARIS_neurotransmitter
Slc17a6,Grik5,1,LARIS_neurotransmitter
Slc17a6,Grin1,1,LARIS_neurotransmitter
Slc17a6,Grin2a,1,LARIS_neurotransmitter
Slc17a6,Grin2b,1,LARIS_neurotransmitter
Slc17a6,Grin2c,1,LARIS_neurotransmitter
Slc17a6,Grin2d,1,LARIS_neurotransmitter
Slc17a6,Grm1,1,LARIS_neurotransmitter
Slc17a6,Grm2,1,LARIS_neurotransmitter
Slc17a6,Grm3,1,LARIS_neurotransmitter
Slc17a6,Grm4,1,LARIS_neurotransmitter
Slc17a6,Grm5,1,LARIS_neurotransmitter
Slc17a6,Grm6,1,LARIS_neurotransmitter
Slc17a6,Grm7,1,LARIS_neurotransmitter
Slc17a6,Grm8,1,LARIS_neurotransmitter
Slc17a7,Gria1,1,LARIS_neurotransmitter
Slc17a7,Gria2,1,LARIS_neurotransmitter
Slc17a7,Gria3,1,LARIS_neurotransmitter
Slc17a7,Gria4,1,LARIS_neurotransmitter
Slc17a7,Grik1,1,LARIS_neurotransmitter
Slc17a7,Grik2,1,LARIS_neurotransmitter
Slc17a7,Grik3,1,LARIS_neurotransmitter
Slc17a7,Grik4,1,LARIS_neurotransmitter
Slc17a7,Grik5,1,LARIS_neurotransmitter
Slc17a7,Grin1,1,LARIS_neurotransmitter
Slc17a7,Grin2a,1,LARIS_neurotransmitter
Slc17a7,Grin2b,1,LARIS_neurotransmitter
Slc17a7,Grin2c,1,LARIS_neurotransmitter
Slc17a7,Grin2d,1,LARIS_neurotransmitter
Slc17a7,Grm1,1,LARIS_neurotransmitter
Slc17a7,Grm2,1,LARIS_neurotransmitter
Slc17a7,Grm3,1,LARIS_neurotransmitter
Slc17a7,Grm4,1,LARIS_neurotransmitter
Slc17a7,Grm5,1,LARIS_neurotransmitter
Slc17a7,Grm6,1,LARIS_neurotransmitter
Slc17a7,Grm7,1,LARIS_neurotransmitter
Slc17a7,Grm8,1,LARIS_neurotransmitter
Slc17a8,Gria1,1,LARIS_neurotransmitter
Slc17a8,Gria2,1,LARIS_neurotransmitter
Slc17a8,Gria3,1,LARIS_neurotransmitter
Slc17a8,Gria4,1,LARIS_neurotransmitter
Slc17a8,Grik1,1,LARIS_neurotransmitter
Slc17a8,Grik2,1,LARIS_neurotransmitter
Slc17a8,Grik3,1,LARIS_neurotransmitter
Slc17a8,Grik4,1,LARIS_neurotransmitter
Slc17a8,Grik5,1,LARIS_neurotransmitter
Slc17a8,Grin1,1,LARIS_neurotransmitter
Slc17a8,Grin2a,1,LARIS_neurotransmitter
Slc17a8,Grin2b,1,LARIS_neurotransmitter
Slc17a8,Grin2c,1,LARIS_neurotransmitter
Slc17a8,Grin2d,1,LARIS_neurotransmitter
Slc17a8,Grm1,1,LARIS_neurotransmitter
Slc17a8,Grm2,1,LARIS_neurotransmitter
Slc17a8,Grm3,1,LARIS_neurotransmitter
Slc17a8,Grm4,1,LARIS_neurotransmitter
Slc17a8,Grm5,1,LARIS_neurotransmitter
Slc17a8,Grm6,1,LARIS_neurotransmitter
Slc17a8,Grm7,1,LARIS_neurotransmitter
Slc17a8,Grm8,1,LARIS_neurotransmitter
Slc18a1,Complex,1,CellChatDB
Slc18a1,Htr3,1,CellChatDB
Slc18a1,Htr3a,1,LARIS_neurotransmitter
Slc18a1,Htr3b,1,LARIS_neurotransmitter
Slc18a2,Complex,1,CellChatDB
Slc18a2,Htr3,1,CellChatDB
Slc18a2,Htr3a,1,LARIS_neurotransmitter
Slc18a2,Htr3b,1,LARIS_neurotransmitter
Slc18a3,2b1de,1,CellChatDB
Slc18a3,2b1dg,1,CellChatDB
Slc18a3,A1,1,CellChatDB
Slc18a3,A3b4,1,CellChatDB
Slc18a3,A4b2,1,CellChatDB
Slc18a3,Chrn,1,CellChatDB
Slc18a3,Chrna1,1,LARIS_neurotransmitter
Slc18a3,Chrna3,1,LARIS_neurotransmitter
Slc18a3,Chrna4,1,LARIS_neurotransmitter
Slc18a3,Chrnb1,1,LARIS_neurotransmitter
Slc18a3,Chrnb2,1,LARIS_neurotransmitter
Slc18a3,Chrnb4,1,LARIS_neurotransmitter
Slc18a3,Chrnd,1,LARIS_neurotransmitter
Slc1a1,Gria1,1,LARIS_neurotransmitter
Slc1a1,Gria2,1,LARIS_neurotransmitter
Slc1a1,Gria3,1,LARIS_neurotransmitter
Slc1a1,Gria4,1,LARIS_neurotransmitter
Slc1a1,Grik1,1,LARIS_neurotransmitter
Slc1a1,Grik2,1,LARIS_neurotransmitter
Slc1a1,Grik3,1,LARIS_neurotransmitter
Slc1a1,Grik4,1,LARIS_neurotransmitter
Slc1a1,Grik5,1,LARIS_neurotransmitter
Slc1a1,Grin1,1,LARIS_neurotransmitter
Slc1a1,Grin2a,1,LARIS_neurotransmitter
Slc1a1,Grin2b,1,LARIS_neurotransmitter
Slc1a1,Grin2c,1,LARIS_neurotransmitter
Slc1a1,Grin2d,1,LARIS_neurotransmitter
Slc1a1,Grm1,1,LARIS_neurotransmitter
Slc1a1,Grm2,1,LARIS_neurotransmitter
Slc1a1,Grm3,1,LARIS_neurotransmitter
Slc1a1,Grm4,1,LARIS_neurotransmitter
Slc1a1,Grm5,1,LARIS_neurotransmitter
Slc1a1,Grm6,1,LARIS_neurotransmitter
Slc1a1,Grm7,1,LARIS_neurotransmitter
Slc1a1,Grm8,1,LARIS_neurotransmitter
Slc1a2,Gria1,1,LARIS_neurotransmitter
Slc1a2,Gria2,1,LARIS_neurotransmitter
Slc1a2,Gria3,1,LARIS_neurotransmitter
Slc1a2,Gria4,1,LARIS_neurotransmitter
Slc1a2,Grik1,1,LARIS_neurotransmitter
Slc1a2,Grik2,1,LARIS_neurotransmitter
Slc1a2,Grik3,1,LARIS_neurotransmitter
Slc1a2,Grik4,1,LARIS_neurotransmitter
Slc1a2,Grik5,1,LARIS_neurotransmitter
Slc1a2,Grin1,1,LARIS_neurotransmitter
Slc1a2,Grin2a,1,LARIS_neurotransmitter
Slc1a2,Grin2b,1,LARIS_neurotransmitter
Slc1a2,Grin2c,1,LARIS_neurotransmitter
Slc1a2,Grin2d,1,LARIS_neurotransmitter
Slc1a2,Grm1,1,LARIS_neurotransmitter
Slc1a2,Grm2,1,LARIS_neurotransmitter
Slc1a2,Grm3,1,LARIS_neurotransmitter
Slc1a2,Grm4,1,LARIS_neurotransmitter
Slc1a2,Grm5,1,LARIS_neurotransmitter
Slc1a2,Grm6,1,LARIS_neurotransmitter
Slc1a2,Grm7,1,LARIS_neurotransmitter
Slc1a2,Grm8,1,LARIS_neurotransmitter
Slc1a3,Gria1,1,LARIS_neurotransmitter
Slc1a3,Gria2,1,LARIS_neurotransmitter
Slc1a3,Gria3,1,LARIS_neurotransmitter
Slc1a3,Gria4,1,LARIS_neurotransmitter
Slc1a3,Grik1,1,LARIS_neurotransmitter
Slc1a3,Grik2,1,LARIS_neurotransmitter
Slc1a3,Grik3,1,LARIS_neurotransmitter
Slc1a3,Grik4,1,LARIS_neurotransmitter
Slc1a3,Grik5,1,LARIS_neurotransmitter
Slc1a3,Grin1,1,LARIS_neurotransmitter
Slc1a3,Grin2a,1,LARIS_neurotransmitter
Slc1a3,Grin2b,1,LARIS_neurotransmitter
Slc1a3,Grin2c,1,LARIS_neurotransmitter
Slc1a3,Grin2d,1,LARIS_neurotransmitter
Slc1a3,Grm1,1,LARIS_neurotransmitter
Slc1a3,Grm2,1,LARIS_neurotransmitter
Slc1a3,Grm3,1,LARIS_neurotransmitter
Slc1a3,Grm4,1,LARIS_neurotransmitter
Slc1a3,Grm5,1,LARIS_neurotransmitter
Slc1a3,Grm6,1,LARIS_neurotransmitter
Slc1a3,Grm7,1,LARIS_neurotransmitter
Slc1a3,Grm8,1,LARIS_neurotransmitter
Slc1a6,Gria1,1,LARIS_neurotransmitter
Slc1a6,Gria2,1,LARIS_neurotransmitter
Slc1a6,Gria3,1,LARIS_neurotransmitter
Slc1a6,Gria4,1,LARIS_neurotransmitter
Slc1a6,Grik1,1,LARIS_neurotransmitter
Slc1a6,Grik2,1,LARIS_neurotransmitter
Slc1a6,Grik3,1,LARIS_neurotransmitter
Slc1a6,Grik4,1,LARIS_neurotransmitter
Slc1a6,Grik5,1,LARIS_neurotransmitter
Slc1a6,Grin1,1,LARIS_neurotransmitter
Slc1a6,Grin2a,1,LARIS_neurotransmitter
Slc1a6,Grin2b,1,LARIS_neurotransmitter
Slc1a6,Grin2c,1,LARIS_neurotransmitter
Slc1a6,Grin2d,1,LARIS_neurotransmitter
Slc1a6,Grm1,1,LARIS_neurotransmitter
Slc1a6,Grm2,1,LARIS_neurotransmitter
Slc1a6,Grm3,1,LARIS_neurotransmitter
Slc1a6,Grm4,1,LARIS_neurotransmitter
Slc1a6,Grm5,1,LARIS_neurotransmitter
Slc1a6,Grm6,1,LARIS_neurotransmitter
Slc1a6,Grm7,1,LARIS_neurotransmitter
Slc1a6,Grm8,1,LARIS_neurotransmitter
Slc1a7,Gria1,1,LARIS_neurotransmitter
Slc1a7,Gria2,1,LARIS_neurotransmitter
Slc1a7,Gria3,1,LARIS_neurotransmitter
Slc1a7,Gria4,1,LARIS_neurotransmitter
Slc1a7,Grik1,1,LARIS_neurotransmitter
Slc1a7,Grik2,1,LARIS_neurotransmitter
Slc1a7,Grik3,1,LARIS_neurotransmitter
Slc1a7,Grik4,1,LARIS_neurotransmitter
Slc1a7,Grik5,1,LARIS_neurotransmitter
Slc1a7,Grin1,1,LARIS_neurotransmitter
Slc1a7,Grin2a,1,LARIS_neurotransmitter
Slc1a7,Grin2b,1,LARIS_neurotransmitter
Slc1a7,Grin2c,1,LARIS_neurotransmitter
Slc1a7,Grin2d,1,LARIS_neurotransmitter
Slc1a7,Grm1,1,LARIS_neurotransmitter
Slc1a7,Grm2,1,LARIS_neurotransmitter
Slc1a7,Grm3,1,LARIS_neurotransmitter
Slc1a7,Grm4,1,LARIS_neurotransmitter
Slc1a7,Grm5,1,LARIS_neurotransmitter
Slc1a7,Grm6,1,LARIS_neurotransmitter
Slc1a7,Grm7,1,LARIS_neurotransmitter
Slc1a7,Grm8,1,LARIS_neurotransmitter
Slc32a1,A1b2,1,CellChatDB
Slc32a1,A1b2d,1,CellChatDB
Slc32a1,A1b2g2,1,CellChatDB
Slc32a1,A1b3,1,CellChatDB
Slc32a1,A1b3g2,1,CellChatDB
Slc32a1,A2b3g2,1,CellChatDB
Slc32a1,A3b3e,1,CellChatDB
Slc32a1,A3b3g2,1,CellChatDB
Slc32a1,A3b3q,1,CellChatDB
Slc32a1,A4b2d,1,CellChatDB
Slc32a1,A4b3d,1,CellChatDB
Slc32a1,A4b3g2,1,CellChatDB
Slc32a1,A5b3g2,1,CellChatDB
Slc32a1,A6b3d,1,CellChatDB
Slc32a1,A6b3g2,1,CellChatDB
Slc32a1,Gabr,1,CellChatDB
Slc32a1,Gabra1,1,LARIS_neurotransmitter
Slc32a1,Gabra2,1,LARIS_neurotransmitter
Slc32a1,Gabra3,1,LARIS_neurotransmitter
Slc32a1,Gabra4,1,LARIS_neurotransmitter
Slc32a1,Gabra5,1,LARIS_neurotransmitter
Slc32a1,Gabra6,1,LARIS_neurotransmitter
Slc32a1,Gabrb2,1,LARIS_neurotransmitter
Slc32a1,Gabrb3,1,LARIS_neurotransmitter
Slc32a1,Gabrd,1,LARIS_neurotransmitter
Slc32a1,Gabre,1,LARIS_neurotransmitter
Slc32a1,Gabrg2,1,LARIS_neurotransmitter
Slc32a1,Gabrq,1,LARIS_neurotransmitter
Slc5a7,2b1de,1,CellChatDB
Slc5a7,2b1dg,1,CellChatDB
Slc5a7,A1,1,CellChatDB
Slc5a7,A3b4,1,CellChatDB
Slc5a7,A4b2,1,CellChatDB
Slc5a7,Chrn,1,CellChatDB
Slc5a7,Chrna1,1,LARIS_neurotransmitter
Slc5a7,Chrna3,1,LARIS_neurotransmitter
Slc5a7,Chrna4,1,LARIS_neurotransmitter
Slc5a7,Chrnb1,1,LARIS_neurotransmitter
Slc5a7,Chrnb2,1,LARIS_neurotransmitter
Slc5a7,Chrnb4,1,LARIS_neurotransmitter
Slc5a7,Chrnd,1,LARIS_neurotransmitter
Slc6a1,A1b2,1,CellChatDB
Slc6a1,A1b2d,1,CellChatDB
Slc6a1,A1b2g2,1,CellChatDB
Slc6a1,A1b3,1,CellChatDB
Slc6a1,A1b3g2,1,CellChatDB
Slc6a1,A2b3g2,1,CellChatDB
Slc6a1,A3b3e,1,CellChatDB
Slc6a1,A3b3g2,1,CellChatDB
Slc6a1,A3b3q,1,CellChatDB
Slc6a1,A4b2d,1,CellChatDB
Slc6a1,A4b3d,1,CellChatDB
Slc6a1,A4b3g2,1,CellChatDB
Slc6a1,A5b3g2,1,CellChatDB
Slc6a1,A6b3d,1,CellChatDB
Slc6a1,A6b3g2,1,CellChatDB
Slc6a1,Gabr,1,CellChatDB
Slc6a1,Gabra1,1,LARIS_neurotransmitter
Slc6a1,Gabra2,1,LARIS_neurotransmitter
Slc6a1,Gabra3,1,LARIS_neurotransmitter
Slc6a1,Gabra4,1,LARIS_neurotransmitter
Slc6a1,Gabra5,1,LARIS_neurotransmitter
Slc6a1,Gabra6,1,LARIS_neurotransmitter
Slc6a1,Gabrb2,1,LARIS_neurotransmitter
Slc6a1,Gabrb3,1,LARIS_neurotransmitter
Slc6a1,Gabrd,1,LARIS_neurotransmitter
Slc6a1,Gabre,1,LARIS_neurotransmitter
Slc6a1,Gabrg2,1,LARIS_neurotransmitter
Slc6a1,Gabrq,1,LARIS_neurotransmitter
Slc6a11,A1b2,1,CellChatDB
Slc6a11,A1b2d,1,CellChatDB
Slc6a11,A1b2g2,1,CellChatDB
Slc6a11,A1b3,1,CellChatDB
Slc6a11,A1b3g2,1,CellChatDB
Slc6a11,A2b3g2,1,CellChatDB
Slc6a11,A3b3e,1,CellChatDB
Slc6a11,A3b3g2,1,CellChatDB
Slc6a11,A3b3q,1,CellChatDB
Slc6a11,A4b2d,1,CellChatDB
Slc6a11,A4b3d,1,CellChatDB
Slc6a11,A4b3g2,1,CellChatDB
Slc6a11,A5b3g2,1,CellChatDB
Slc6a11,A6b3d,1,CellChatDB
Slc6a11,A6b3g2,1,CellChatDB
Slc6a11,Gabr,1,CellChatDB
Slc6a11,Gabra1,1,LARIS_neurotransmitter
Slc6a11,Gabra2,1,LARIS_neurotransmitter
Slc6a11,Gabra3,1,LARIS_neurotransmitter
Slc6a11,Gabra4,1,LARIS_neurotransmitter
Slc6a11,Gabra5,1,LARIS_neurotransmitter
Slc6a11,Gabra6,1,LARIS_neurotransmitter
Slc6a11,Gabrb2,1,LARIS_neurotransmitter
Slc6a11,Gabrb3,1,LARIS_neurotransmitter
Slc6a11,Gabrd,1,LARIS_neurotransmitter
Slc6a11,Gabre,1,LARIS_neurotransmitter
Slc6a11,Gabrg2,1,LARIS_neurotransmitter
Slc6a11,Gabrq,1,LARIS_neurotransmitter
Slc6a12,A1b2,1,CellChatDB
Slc6a12,A1b2d,1,CellChatDB
Slc6a12,A1b2g2,1,CellChatDB
Slc6a12,A1b3,1,CellChatDB
Slc6a12,A1b3g2,1,CellChatDB
Slc6a12,A2b3g2,1,CellChatDB
Slc6a12,A3b3e,1,CellChatDB
Slc6a12,A3b3g2,1,CellChatDB
Slc6a12,A3b3q,1,CellChatDB
Slc6a12,A4b2d,1,CellChatDB
Slc6a12,A4b3d,1,CellChatDB
Slc6a12,A4b3g2,1,CellChatDB
Slc6a12,A5b3g2,1,CellChatDB
Slc6a12,A6b3d,1,CellChatDB
Slc6a12,A6b3g2,1,CellChatDB
Slc6a12,Gabr,1,CellChatDB
Slc6a12,Gabra1,1,LARIS_neurotransmitter
Slc6a12,Gabra2,1,LARIS_neurotransmitter
Slc6a12,Gabra3,1,LARIS_neurotransmitter
Slc6a12,Gabra4,1,LARIS_neurotransmitter
Slc6a12,Gabra5,1,LARIS_neurotransmitter
Slc6a12,Gabra6,1,LARIS_neurotransmitter
Slc6a12,Gabrb2,1,LARIS_neurotransmitter
Slc6a12,Gabrb3,1,LARIS_neurotransmitter
Slc6a12,Gabrd,1,LARIS_neurotransmitter
Slc6a12,Gabre,1,LARIS_neurotransmitter
Slc6a12,Gabrg2,1,LARIS_neurotransmitter
Slc6a12,Gabrq,1,LARIS_neurotransmitter
Slc6a13,A1b2,1,CellChatDB
Slc6a13,A1b2d,1,CellChatDB
Slc6a13,A1b2g2,1,CellChatDB
Slc6a13,A1b3,1,CellChatDB
Slc6a13,A1b3g2,1,CellChatDB
Slc6a13,A2b3g2,1,CellChatDB
Slc6a13,A3b3e,1,CellChatDB
Slc6a13,A3b3g2,1,CellChatDB
Slc6a13,A3b3q,1,CellChatDB
Slc6a13,A4b2d,1,CellChatDB
Slc6a13,A4b3d,1,CellChatDB
Slc6a13,A4b3g2,1,CellChatDB
Slc6a13,A5b3g2,1,CellChatDB
Slc6a13,A6b3d,1,CellChatDB
Slc6a13,A6b3g2,1,CellChatDB
Slc6a13,Gabr,1,CellChatDB
Slc6a13,Gabra1,1,LARIS_neurotransmitter
Slc6a13,Gabra2,1,LARIS_neurotransmitter
Slc6a13,Gabra3,1,LARIS_neurotransmitter
Slc6a13,Gabra4,1,LARIS_neurotransmitter
Slc6a13,Gabra5,1,LARIS_neurotransmitter
Slc6a13,Gabra6,1,LARIS_neurotransmitter
Slc6a13,Gabrb2,1,LARIS_neurotransmitter
Slc6a13,Gabrb3,1,LARIS_neurotransmitter
Slc6a13,Gabrd,1,LARIS_neurotransmitter
Slc6a13,Gabre,1,LARIS_neurotransmitter
Slc6a13,Gabrg2,1,LARIS_neurotransmitter
Slc6a13,Gabrq,1,LARIS_neurotransmitter
Slc6a4,Complex,1,CellChatDB
Slc6a4,Htr3,1,CellChatDB
Slc6a4,Htr3a,1,LARIS_neurotransmitter
Slc6a4,Htr3b,1,LARIS_neurotransmitter
Slc6a6,A1b2,1,CellChatDB
Slc6a6,A1b2d,1,CellChatDB
Slc6a6,A1b2g2,1,CellChatDB
Slc6a6,A1b3,1,CellChatDB
Slc6a6,A1b3g2,1,CellChatDB
Slc6a6,A2b3g2,1,CellChatDB
Slc6a6,A3b3e,1,CellChatDB
Slc6a6,A3b3g2,1,CellChatDB
Slc6a6,A3b3q,1,CellChatDB
Slc6a6,A4b2d,1,CellChatDB
Slc6a6,A4b3d,1,CellChatDB
Slc6a6,A4b3g2,1,CellChatDB
Slc6a6,A5b3g2,1,CellChatDB
Slc6a6,A6b3d,1,CellChatDB
Slc6a6,A6b3g2,1,CellChatDB
Slc6a6,Gabr,1,CellChatDB
Slc6a6,Gabra1,1,LARIS_neurotransmitter
Slc6a6,Gabra2,1,LARIS_neurotransmitter
Slc6a6,Gabra3,1,LARIS_neurotransmitter
Slc6a6,Gabra4,1,LARIS_neurotransmitter
Slc6a6,Gabra5,1,LARIS_neurotransmitter
Slc6a6,Gabra6,1,LARIS_neurotransmitter
Slc6a6,Gabrb2,1,LARIS_neurotransmitter
Slc6a6,Gabrb3,1,LARIS_neurotransmitter
Slc6a6,Gabrd,1,LARIS_neurotransmitter
Slc6a6,Gabre,1,LARIS_neurotransmitter
Slc6a6,Gabrg2,1,LARIS_neurotransmitter
Slc6a6,Gabrq,1,LARIS_neurotransmitter
Slc6a8,A1b2,1,CellChatDB
Slc6a8,A1b2d,1,CellChatDB
Slc6a8,A1b2g2,1,CellChatDB
Slc6a8,A1b3,1,CellChatDB
Slc6a8,A1b3g2,1,CellChatDB
Slc6a8,A2b3g2,1,CellChatDB
Slc6a8,A3b3e,1,CellChatDB
Slc6a8,A3b3g2,1,CellChatDB
Slc6a8,A3b3q,1,CellChatDB
Slc6a8,A4b2d,1,CellChatDB
Slc6a8,A4b3d,1,CellChatDB
Slc6a8,A4b3g2,1,CellChatDB
Slc6a8,A5b3g2,1,CellChatDB
Slc6a8,A6b3d,1,CellChatDB
Slc6a8,A6b3g2,1,CellChatDB
Slc6a8,Gabr,1,CellChatDB
Slc6a8,Gabra1,1,LARIS_neurotransmitter
Slc6a8,Gabra2,1,LARIS_neurotransmitter
Slc6a8,Gabra3,1,LARIS_neurotransmitter
Slc6a8,Gabra4,1,LARIS_neurotransmitter
Slc6a8,Gabra5,1,LARIS_neurotransmitter
Slc6a8,Gabra6,1,LARIS_neurotransmitter
Slc6a8,Gabrb2,1,LARIS_neurotransmitter
Slc6a8,Gabrb3,1,LARIS_neurotransmitter
Slc6a8,Gabrd,1,LARIS_neurotransmitter
Slc6a8,Gabre,1,LARIS_neurotransmitter
Slc6a8,Gabrg2,1,LARIS_neurotransmitter
Slc6a8,Gabrq,1,LARIS_neurotransmitter
Slc6a8,Lifr,1,LIANA_mouseconsensus
Slit2,Dcc,1,LIANA_mouseconsensus
Slitrk1,Enpep,1,LIANA_mouseconsensus
Slitrk1,Tnfrsf11b,1,LIANA_mouseconsensus
Slitrk5,Ptprd,1,connectomeDB2020_lit
Slpi,Cd4,1,LIANA_mouseconsensus
Snx14,Htr6,1,LIANA_mouseconsensus
Socs2,Epor,1,LIANA_mouseconsensus
Sorbs1,Insr,1,SpaCcLink
Sorbs1,Itga1,1,LIANA_mouseconsensus
Sorbs1,Itgb5,1,LIANA_mouseconsensus
Sorl1,Cntfr,1,stCASE
Sparc,Eng,1,LIANA_mouseconsensus
Sparc,Fgfr1,1,LIANA_mouseconsensus
Spink3,Egfr,1,LIANA_mouseconsensus
Spink3,Nrsn1,1,LIANA_mouseconsensus
Spon2,Itgb2l,1,stCASE
Spp1,Ccr8,1,LIANA_mouseconsensus
Spp1,Complex:itga4,1,stCASE
Spp1,Complex:itga5,1,stCASE
Spp1,Complex:itga8,1,stCASE
Spp1,Complex:itga9,1,stCASE
Spp1,Complex:itgav,1,stCASE
Spp1,Ptger4,1,LIANA_mouseconsensus
Sptan1,Ptpra,1,LIANA_mouseconsensus
Sptbn2,Ptpra,1,LIANA_mouseconsensus
Srd5a1,Ar,1,LARIS_neurotransmitter
Srd5a2,Ar,1,LARIS_neurotransmitter
Srd5a3,Ar,1,LARIS_neurotransmitter
Srgn,Cd44,1,stCASE
Sst,Adra2a,1,LIANA_mouseconsensus
Sst,Grm7,1,LIANA_mouseconsensus
Sst,Mtnr1a,1,LIANA_mouseconsensus
St6gal1,Egfr,1,LIANA_mouseconsensus
Sult1a1,Ppara,1,LARIS_neurotransmitter
Sult1a1,Ppard,1,LARIS_neurotransmitter
Sult1a1,Pparg,1,LARIS_neurotransmitter
Sult1e1,Ppara,1,LARIS_neurotransmitter
Sult1e1,Ppard,1,LARIS_neurotransmitter
Sult1e1,Pparg,1,LARIS_neurotransmitter
Sult2a1,Ppara,1,LARIS_neurotransmitter
Sult2a1,Ppard,1,LARIS_neurotransmitter
Sult2a1,Pparg,1,LARIS_neurotransmitter
T3-dio3,Thra,1,CellChatDB
T3-dio3,Thrb,1,CellChatDB
Tac1,Dpp4,1,LIANA_mouseconsensus
Tac1,Fap,1,LIANA_mouseconsensus
Tac1,Mrgpra6,1,stCASE
Tac3,Tacr1,1,connectomeDB2020_lit
Tac3,Tacr2,1,connectomeDB2020_lit
Tac3,Tacr3,1,connectomeDB2020_lit
Tbc1d24,Cdon,1,SpaCcLink
Tbc1d24,Neo1,1,SpaCcLink
Tbxas1,Tbxa2r,1,LARIS_neurotransmitter
Tcn1,Cd320,1,connectomeDB2020_lit
Tcn2,Cnr1,1,LIANA_mouseconsensus
Testosterone-akr1d1,Ar,1,CellChatDB
Testosterone-hsd17b12,Ar,1,CellChatDB
Testosterone-hsd17b3,Ar,1,CellChatDB
Tf,Tfr2,1,connectomeDB2020_lit
Tff1,Muc5ac,1,LIANA_mouseconsensus
Tfpi,Sdc4,1,LIANA_mouseconsensus
Tg,Thra,1,LARIS_neurotransmitter
Tg,Thrb,1,LARIS_neurotransmitter
Tg,Tpo,1,LIANA_mouseconsensus
Tgfa,Complex:egfr,1,stCASE
Tgfb1,Cav1,1,LIANA_mouseconsensus
Tgfb1,Complex,1,stCASE
Tgfb1,Itgb5,1,LIANA_mouseconsensus
Tgfb1,Lpp,1,LIANA_mouseconsensus
Tgfb1,R2,1,CellChatDB
Tgfb1,Tgfbr,1,CellChatDB
Tgfb2,Complex,1,stCASE
Tgfb2,R2,1,CellChatDB
Tgfb2,Tgfbr,1,CellChatDB
Tgfb3,Complex,1,stCASE
Tgfb3,Itgb1,1,LIANA_mouseconsensus
Tgfb3,Itgb5,1,LIANA_mouseconsensus
Tgfb3,R2,1,CellChatDB
Tgfb3,Tgfbr,1,CellChatDB
Tgfbi,Complex:itga3,1,stCASE
Tgfbi,Itgb1,1,stCASE
Tgfbr1,Eng,1,stCASE
Tgfbr2,Eng,1,stCASE
Tgfbr2,Tgfbr1,1,stCASE
Tgfbr2,Tgfbr3,1,stCASE
Tgm2,Itga4,1,LIANA_mouseconsensus
Tgm2,Itga9,1,LIANA_mouseconsensus
Tgm2,Tbxa2r,1,LIANA_mouseconsensus
Tgs1,Rxra,1,LIANA_mouseconsensus
Thbs1,Complex:itga3,1,stCASE
Thbs1,Complex:itgav,1,stCASE
Thbs1,Scarb1,1,LIANA_mouseconsensus
Thbs2,Complex:itga3,1,stCASE
Thbs2,Complex:itgav,1,stCASE
Thbs2,Notch4,1,LIANA_mouseconsensus
Thbs3,Complex:itga3,1,stCASE
Thbs3,Complex:itgav,1,stCASE
Thbs4,Complex:itga3,1,stCASE
Thbs4,Complex:itgav,1,stCASE
Thy1,Complex:itgam,1,stCASE
Thy1,Complex:itgav,1,stCASE
Thy1,Complex:itgax,1,stCASE
Thy1,Itgb2l,1,stCASE
Timd4,Havcr1,1,connectomeDB2020_lit
Timp1,Fgfr2,1,LIANA_mouseconsensus
Timp2,Cd44,1,LIANA_mouseconsensus
Timp3,Cd44,1,LIANA_mouseconsensus
Timp3,Ddr1,1,LIANA_mouseconsensus
Timp3,Met,1,LIANA_mouseconsensus
Tln1,Itgb3,1,LIANA_mouseconsensus
Tln1,Itgb5,1,LIANA_mouseconsensus
Tlr6,Cd36,1,stCASE
Tnc,Complex:itga2b,1,stCASE
Tnc,Complex:itga8,1,stCASE
Tnc,Complex:itga9,1,stCASE
Tnc,Complex:itgav,1,stCASE
Tnf,Celsr2,1,LIANA_mouseconsensus
Tnf,Fas,1,LIANA_mouseconsensus
Tnf,Ffar2,1,LIANA_mouseconsensus
Tnf,Flt4,1,LIANA_mouseconsensus
Tnf,Icos,1,LIANA_mouseconsensus
Tnf,Ltbr,1,stCASE
Tnf,Notch1,1,LIANA_mouseconsensus
Tnf,Ptprs,1,LIANA_mouseconsensus
Tnf,Sema4c,1,LIANA_mouseconsensus
Tnf,Tradd,1,LIANA_mouseconsensus
Tnf,Trpm2,1,LIANA_mouseconsensus
Tnfrsf10b,Tnfrsf26,1,stCASE
Tnfrsf10b,Traf5,1,stCASE
Tnfrsf14,Btla,1,connectomeDB2020_lit
Tnfrsf14,Cd160,1,connectomeDB2020_lit
Tnfrsf1a,Traf2,1,stCASE
Tnfrsf1b,Traf2,1,stCASE
Tnfsf10,Ccr6,1,LIANA_mouseconsensus
Tnfsf10,Ripk1,1,LIANA_mouseconsensus
Tnfsf10,Tnfrsf10a,1,connectomeDB2020_lit
Tnfsf10,Tnfrsf10c,1,connectomeDB2020_lit
Tnfsf10,Tnfrsf10d,1,connectomeDB2020_lit
Tnfsf10,Tnfrsf26,1,stCASE
Tnfsf12,Tnfrsf8,1,LIANA_mouseconsensus
Tnfsf13,Tnfrsf10b,1,stCASE
Tnfsf13b,Cd40,1,LIANA_mouseconsensus
Tnfsf13b,Tfrc,1,LIANA_mouseconsensus
Tnfsf14,Tnfrsf10b,1,stCASE
Tnfsf14,Tnfrsf6b,1,connectomeDB2020_lit
Tnfsf15,Tnfrsf6b,1,connectomeDB2020_lit
Tnn,Complex:itga2b,1,stCASE
Tnn,Complex:itga8,1,stCASE
Tnn,Complex:itga9,1,stCASE
Tnn,Complex:itgav,1,stCASE
Tnr,Complex:itga2b,1,stCASE
Tnr,Complex:itga8,1,stCASE
Tnr,Complex:itga9,1,stCASE
Tnr,Complex:itgav,1,stCASE
Tnxb,Complex:itga2b,1,stCASE
Tnxb,Complex:itga8,1,stCASE
Tnxb,Complex:itga9,1,stCASE
Tnxb,Complex:itgav,1,stCASE
Tor2a,Atp5f1b,1,connectomeDB2020_lit
Tph1,Htr1e,1,LARIS_neurotransmitter
Tph1,Htr3a,1,LARIS_neurotransmitter
Tph1,Htr3b,1,LARIS_neurotransmitter
Tph2,Htr1a,1,LARIS_neurotransmitter
Tph2,Htr1b,1,LARIS_neurotransmitter
Tph2,Htr1d,1,LARIS_neurotransmitter
Tph2,Htr1e,1,LARIS_neurotransmitter
Tph2,Htr1f,1,LARIS_neurotransmitter
Tph2,Htr2a,1,LARIS_neurotransmitter
Tph2,Htr2b,1,LARIS_neurotransmitter
Tph2,Htr2c,1,LARIS_neurotransmitter
Tph2,Htr3a,1,LARIS_neurotransmitter
Tph2,Htr3b,1,LARIS_neurotransmitter
Tph2,Htr4,1,LARIS_neurotransmitter
Tph2,Htr5a,1,LARIS_neurotransmitter
Tph2,Htr6,1,LARIS_neurotransmitter
Tph2,Htr7,1,LARIS_neurotransmitter
Tpsb2,F2rl1,1,LIANA_mouseconsensus
Trf,Adrb2,1,LIANA_mouseconsensus
Trf,Hfe,1,LIANA_mouseconsensus
Trf,Ldlr,1,LIANA_mouseconsensus
Trf,Lrp2,1,LIANA_mouseconsensus
Tshb,Adcyap1r1,1,LIANA_mouseconsensus
Tshb,Adrb2,1,LIANA_mouseconsensus
Tshb,Adrb3,1,LIANA_mouseconsensus
Tshb,Gpr20,1,LIANA_mouseconsensus
Tshb,Gpr84,1,LIANA_mouseconsensus
Tshb,Pth1r,1,LIANA_mouseconsensus
Tshb,Ramp2,1,LIANA_mouseconsensus
Tshb,Ramp3,1,LIANA_mouseconsensus
Tshb,Vipr1,1,LIANA_mouseconsensus
Tslp,Complex:crlf2,1,stCASE
Tslp,Complex:il7r,1,stCASE
Tslp,Tslp,1,LIANA_mouseconsensus
Tspan1,Itgb1,1,stCASE
Ttr,Ngfr,1,LIANA_mouseconsensus
Txa2-tbxas1,Tbxa2r,1,CellChatDB
Txlna,Stx1a,1,LIANA_mouseconsensus
Txlna,Stx3,1,LIANA_mouseconsensus
Txlna,Stx4a,1,LIANA_mouseconsensus
Tyrobp,Trem1,1,stCASE
Ubash3b,Esr1,1,LARIS_neurotransmitter
Ubash3b,Nr1i2,1,LARIS_neurotransmitter
Ubash3b,Ppara,1,LARIS_neurotransmitter
Ucn2,Gm21970,1,stCASE
Ucn3,Gm21970,1,stCASE
Ulbp1,Complex:klrk1,1,stCASE
Ulbp3,Klrk1,1,connectomeDB2020_lit
Vcam1,Complex:itga4,1,stCASE
Vcam1,Complex:itga9,1,stCASE
Vcam1,Complex:itgad,1,stCASE
Vcam1,Itgb2l,1,stCASE
Vcan,Selplg,1,stCASE
Vcan,Tlr1,1,LIANA_mouseconsensus
Vcl,Itgb5,1,LIANA_mouseconsensus
Vegfa,Cd44,1,LIANA_mouseconsensus
Vegfa,Complex:flt1,1,stCASE
Vegfa,Egfr,1,LIANA_mouseconsensus
Vegfa,Grin2b,1,LIANA_mouseconsensus
Vegfa,Itga9,1,LIANA_mouseconsensus
Vegfa,Itgb1,1,LIANA_mouseconsensus
Vegfa,Ret,1,LIANA_mouseconsensus
Vegfa,Sirpa,1,LIANA_mouseconsensus
Vegfa,Tyro3,1,LIANA_mouseconsensus
Vegfb,Adrb2,1,LIANA_mouseconsensus
Vegfb,Complex:flt1,1,stCASE
Vegfb,Ret,1,LIANA_mouseconsensus
Vegfc,Complex:flt4,1,stCASE
Vegfc,Flt1,1,LIANA_mouseconsensus
Vegfc,Lyve1,1,LIANA_mouseconsensus
Vegfd,Complex:flt4,1,stCASE
Vgf,Ntrk1,1,LIANA_mouseconsensus
Vip,Adrb1,1,LIANA_mouseconsensus
Vip,Adrb2,1,LIANA_mouseconsensus
Vip,Adrb3,1,LIANA_mouseconsensus
Vip,Avpr1a,1,LIANA_mouseconsensus
Vip,Gpr20,1,LIANA_mouseconsensus
Vip,Gpr84,1,LIANA_mouseconsensus
Vip,Pth1r,1,LIANA_mouseconsensus
Vip,Tshr,1,LIANA_mouseconsensus
Vtn,Cd47,1,LIANA_mouseconsensus
Vtn,Complex:itga2b,1,stCASE
Vtn,Complex:itga8,1,stCASE
Vtn,Complex:itgav,1,stCASE
Vtn,Itga3,1,LIANA_mouseconsensus
Vtn,Kdr,1,LIANA_mouseconsensus
Vwf,Complex:gp1ba,1,stCASE
Vwf,Complex:itga2b,1,stCASE
Vwf,Complex:itgav,1,stCASE
Vwf,Gp complex,1,CellChatDB
Vwf,Itga9,1,LIANA_mouseconsensus
Vwf,Itgb1,1,LIANA_mouseconsensus
Vwf,Scara5,1,LIANA_mouseconsensus
Vwf,Selp,1,LIANA_mouseconsensus
Vwf,Sirpa,1,LIANA_mouseconsensus
Wfikkn2,Igdcc3,1,LIANA_mouseconsensus
Wfikkn2,Igdcc4,1,LIANA_mouseconsensus
Wfikkn2,Prtg,1,LIANA_mouseconsensus
Wif1,Ryk,1,LIANA_mouseconsensus
Wnt1,Cd36,1,LIANA_mouseconsensus
Wnt1,Complex:fzd1,1,stCASE
Wnt1,Complex:fzd10,1,stCASE
Wnt1,Complex:fzd2,1,stCASE
Wnt1,Complex:fzd3,1,stCASE
Wnt1,Complex:fzd4,1,stCASE
Wnt1,Complex:fzd5,1,stCASE
Wnt1,Complex:fzd6,1,stCASE
Wnt1,Complex:fzd7,1,stCASE
Wnt1,Complex:fzd8,1,stCASE
Wnt1,Complex:fzd9,1,stCASE
Wnt1,Jag1,1,stCASE
Wnt1,Notch1,1,stCASE
Wnt10a,Complex:fzd1,1,stCASE
Wnt10a,Complex:fzd10,1,stCASE
Wnt10a,Complex:fzd2,1,stCASE
Wnt10a,Complex:fzd3,1,stCASE
Wnt10a,Complex:fzd4,1,stCASE
Wnt10a,Complex:fzd5,1,stCASE
Wnt10a,Complex:fzd6,1,stCASE
Wnt10a,Complex:fzd7,1,stCASE
Wnt10a,Complex:fzd8,1,stCASE
Wnt10a,Complex:fzd9,1,stCASE
Wnt10b,Complex:fzd1,1,stCASE
Wnt10b,Complex:fzd10,1,stCASE
Wnt10b,Complex:fzd2,1,stCASE
Wnt10b,Complex:fzd3,1,stCASE
Wnt10b,Complex:fzd4,1,stCASE
Wnt10b,Complex:fzd5,1,stCASE
Wnt10b,Complex:fzd6,1,stCASE
Wnt10b,Complex:fzd7,1,stCASE
Wnt10b,Complex:fzd8,1,stCASE
Wnt10b,Complex:fzd9,1,stCASE
Wnt11,Klrg2,1,LIANA_mouseconsensus
Wnt16,Complex:fzd1,1,stCASE
Wnt16,Complex:fzd10,1,stCASE
Wnt16,Complex:fzd2,1,stCASE
Wnt16,Complex:fzd3,1,stCASE
Wnt16,Complex:fzd4,1,stCASE
Wnt16,Complex:fzd5,1,stCASE
Wnt16,Complex:fzd6,1,stCASE
Wnt16,Complex:fzd7,1,stCASE
Wnt16,Complex:fzd8,1,stCASE
Wnt16,Complex:fzd9,1,stCASE
Wnt2,Complex:fzd1,1,stCASE
Wnt2,Complex:fzd10,1,stCASE
Wnt2,Complex:fzd2,1,stCASE
Wnt2,Complex:fzd3,1,stCASE
Wnt2,Complex:fzd4,1,stCASE
Wnt2,Complex:fzd5,1,stCASE
Wnt2,Complex:fzd6,1,stCASE
Wnt2,Complex:fzd7,1,stCASE
Wnt2,Complex:fzd8,1,stCASE
Wnt2,Complex:fzd9,1,stCASE
Wnt2b,Complex:fzd1,1,stCASE
Wnt2b,Complex:fzd10,1,stCASE
Wnt2b,Complex:fzd2,1,stCASE
Wnt2b,Complex:fzd3,1,stCASE
Wnt2b,Complex:fzd4,1,stCASE
Wnt2b,Complex:fzd5,1,stCASE
Wnt2b,Complex:fzd6,1,stCASE
Wnt2b,Complex:fzd7,1,stCASE
Wnt2b,Complex:fzd8,1,stCASE
Wnt2b,Complex:fzd9,1,stCASE
Wnt3,Complex:fzd1,1,stCASE
Wnt3,Complex:fzd10,1,stCASE
Wnt3,Complex:fzd2,1,stCASE
Wnt3,Complex:fzd3,1,stCASE
Wnt3,Complex:fzd4,1,stCASE
Wnt3,Complex:fzd5,1,stCASE
Wnt3,Complex:fzd6,1,stCASE
Wnt3,Complex:fzd7,1,stCASE
Wnt3,Complex:fzd8,1,stCASE
Wnt3,Complex:fzd9,1,stCASE
Wnt3a,Atp6ap2,1,LIANA_mouseconsensus
Wnt3a,Complex:fzd1,1,stCASE
Wnt3a,Complex:fzd10,1,stCASE
Wnt3a,Complex:fzd2,1,stCASE
Wnt3a,Complex:fzd3,1,stCASE
Wnt3a,Complex:fzd4,1,stCASE
Wnt3a,Complex:fzd5,1,stCASE
Wnt3a,Complex:fzd6,1,stCASE
Wnt3a,Complex:fzd7,1,stCASE
Wnt3a,Complex:fzd8,1,stCASE
Wnt3a,Complex:fzd9,1,stCASE
Wnt3a,Lgr5,1,LIANA_mouseconsensus
Wnt3a,Ror1,1,LIANA_mouseconsensus
Wnt4,Complex:fzd1,1,stCASE
Wnt4,Complex:fzd10,1,stCASE
Wnt4,Complex:fzd2,1,stCASE
Wnt4,Complex:fzd3,1,stCASE
Wnt4,Complex:fzd4,1,stCASE
Wnt4,Complex:fzd5,1,stCASE
Wnt4,Complex:fzd6,1,stCASE
Wnt4,Complex:fzd7,1,stCASE
Wnt4,Complex:fzd8,1,stCASE
Wnt4,Complex:fzd9,1,stCASE
Wnt4,Notch1,1,LIANA_mouseconsensus
Wnt4,Smo,1,LIANA_mouseconsensus
Wnt5a,Adrb2,1,LIANA_mouseconsensus
Wnt5a,Antxr1,1,LIANA_mouseconsensus
Wnt5a,Epha7,1,LIANA_mouseconsensus
Wnt5a,Ldlr,1,LIANA_mouseconsensus
Wnt5a,Lrp2,1,LIANA_mouseconsensus
Wnt5a,Ptk7,1,LIANA_mouseconsensus
Wnt5a,Ptprk,1,LIANA_mouseconsensus
Wnt5a,Vangl2,1,LIANA_mouseconsensus
Wnt5b,Complex:fzd9,1,stCASE
Wnt5b,Klrg2,1,LIANA_mouseconsensus
Wnt6,Complex:fzd1,1,stCASE
Wnt6,Complex:fzd10,1,stCASE
Wnt6,Complex:fzd2,1,stCASE
Wnt6,Complex:fzd3,1,stCASE
Wnt6,Complex:fzd4,1,stCASE
Wnt6,Complex:fzd5,1,stCASE
Wnt6,Complex:fzd6,1,stCASE
Wnt6,Complex:fzd7,1,stCASE
Wnt6,Complex:fzd8,1,stCASE
Wnt6,Complex:fzd9,1,stCASE
Wnt7a,Complex:fzd1,1,stCASE
Wnt7a,Complex:fzd10,1,stCASE
Wnt7a,Complex:fzd2,1,stCASE
Wnt7a,Complex:fzd3,1,stCASE
Wnt7a,Complex:fzd4,1,stCASE
Wnt7a,Complex:fzd5,1,stCASE
Wnt7a,Complex:fzd6,1,stCASE
Wnt7a,Complex:fzd7,1,stCASE
Wnt7a,Complex:fzd8,1,stCASE
Wnt7a,Complex:fzd9,1,stCASE
Wnt7a,Ldlr,1,LIANA_mouseconsensus
Wnt7b,Complex:fzd1,1,stCASE
Wnt7b,Complex:fzd10,1,stCASE
Wnt7b,Complex:fzd2,1,stCASE
Wnt7b,Complex:fzd3,1,stCASE
Wnt7b,Complex:fzd4,1,stCASE
Wnt7b,Complex:fzd5,1,stCASE
Wnt7b,Complex:fzd6,1,stCASE
Wnt7b,Complex:fzd7,1,stCASE
Wnt7b,Complex:fzd8,1,stCASE
Wnt7b,Complex:fzd9,1,stCASE
Wnt7b,Tmed5,1,LIANA_mouseconsensus
Wnt8a,Complex:fzd1,1,stCASE
Wnt8a,Complex:fzd10,1,stCASE
Wnt8a,Complex:fzd2,1,stCASE
Wnt8a,Complex:fzd3,1,stCASE
Wnt8a,Complex:fzd4,1,stCASE
Wnt8a,Complex:fzd5,1,stCASE
Wnt8a,Complex:fzd6,1,stCASE
Wnt8a,Complex:fzd7,1,stCASE
Wnt8a,Complex:fzd8,1,stCASE
Wnt8a,Complex:fzd9,1,stCASE
Wnt8b,Complex:fzd1,1,stCASE
Wnt8b,Complex:fzd10,1,stCASE
Wnt8b,Complex:fzd2,1,stCASE
Wnt8b,Complex:fzd3,1,stCASE
Wnt8b,Complex:fzd4,1,stCASE
Wnt8b,Complex:fzd5,1,stCASE
Wnt8b,Complex:fzd6,1,stCASE
Wnt8b,Complex:fzd7,1,stCASE
Wnt8b,Complex:fzd8,1,stCASE
Wnt8b,Complex:fzd9,1,stCASE
Wnt9a,Complex:fzd1,1,stCASE
Wnt9a,Complex:fzd10,1,stCASE
Wnt9a,Complex:fzd2,1,stCASE
Wnt9a,Complex:fzd3,1,stCASE
Wnt9a,Complex:fzd4,1,stCASE
Wnt9a,Complex:fzd5,1,stCASE
Wnt9a,Complex:fzd6,1,stCASE
Wnt9a,Complex:fzd7,1,stCASE
Wnt9a,Complex:fzd8,1,stCASE
Wnt9a,Complex:fzd9,1,stCASE
Wnt9b,Complex:fzd1,1,stCASE
Wnt9b,Complex:fzd10,1,stCASE
Wnt9b,Complex:fzd2,1,stCASE
Wnt9b,Complex:fzd3,1,stCASE
Wnt9b,Complex:fzd4,1,stCASE
Wnt9b,Complex:fzd5,1,stCASE
Wnt9b,Complex:fzd6,1,stCASE
Wnt9b,Complex:fzd7,1,stCASE
Wnt9b,Complex:fzd8,1,stCASE
Wnt9b,Complex:fzd9,1,stCASE
Yars,Cxcr1,1,SpaCcLink
